OBJECTID;UIDENTSTLAE;ULAND;UREGBEZ;UKREIS;UGEMEINDE;UJAHR;UMONAT;USTUNDE;UWOCHENTAG;UKATEGORIE;UART;UTYP1;ULICHTVERH;IstRad;IstPKW;IstFuss;IstKrad;IstGkfz;IstSonstige;LINREFX;LINREFY;XGCSWGS84;YGCSWGS84;STRZUSTAND
8620;08200218222700476190;08;2;22;000;2020;02;07;3;3;5;3;0;1;1;0;0;0;0;463242,785400000400000;5480784,014299999900000;8,492577166000046;49,478587380000079;0
8624;08200226111500610070;08;1;11;000;2020;02;18;4;3;0;4;0;0;0;1;0;0;1;513641,458399999890000;5402391,452800000100000;9,185668016000022;48,774376935000078;0
8632;08200226111230516220;08;1;11;000;2020;02;18;4;3;6;4;2;0;1;1;0;0;0;512483,160799999720000;5399537,792099999300000;9,169816438000055;48,748729861000072;1
8634;08200218118200500580;08;1;18;011;2020;02;08;3;3;5;3;0;1;1;0;0;0;0;504755,073599999770000;5407908,876100000000000;9,064783301000034;48,824142641000037;1
8637;08200218116500531970;08;1;16;020;2020;02;10;3;3;0;7;0;0;0;1;0;1;0;527167,642199999650000;5381089,513000000300000;9,368364193000048;48,582302484000081;0
8642;08200217436300518730;08;4;36;078;2020;02;19;2;3;0;1;2;1;0;0;0;0;0;560420,658999999990000;5294540,448999999100000;9,806887573000040;47,801383947000033;1
8647;08200217421200473180;08;4;21;000;2020;02;21;2;3;6;2;2;0;1;1;0;0;0;574270,997600000350000;5361836,188300000500000;10,003541478000045;48,405304504000071;1
8651;08200217311300473350;08;3;11;000;2020;02;21;2;3;5;7;2;1;0;0;1;0;0;412853,661700000060000;5315327,243599999700000;7,832071361000033;47,985308147000069;1
8656;08200227116010526050;08;1;16;019;2020;02;13;5;1;0;7;0;0;1;1;0;0;0;524997,157999999820000;5399247,702999999700000;9,340032408000070;48,745743676000075;1
8672;08200304237100537820;08;2;37;028;2020;03;06;4;3;6;5;2;0;1;1;0;0;0;458574,258999999610000;5367616,229000000300000;8,439657723000039;48,460316993000049;1
8675;08200306121300563410;08;1;21;000;2020;03;05;6;2;5;3;2;1;1;0;0;0;0;512553,363199999560000;5445219,574799999600000;9,172179868000058;49,159665690000054;1
8680;08200304212010539690;08;2;12;000;2020;03;15;4;3;5;3;0;1;1;0;0;0;0;452760,417700000110000;5429434,073300000300000;8,353934699000035;49,015987285000051;0
8682;08200305436400563130;08;4;36;082;2020;03;05;5;2;5;2;2;1;1;0;0;0;0;547221,780899999660000;5294146,941299999100000;9,630592911000065;47,798947215000055;1
8685;08200305436200541150;08;4;36;064;2020;03;07;5;2;4;2;0;1;1;0;0;0;0;546336,000099999830000;5291662,182000000000000;9,618499751000059;47,776656213000081;1
8688;08200304121200580510;08;1;21;000;2020;03;14;4;3;6;3;0;0;1;1;0;0;0;516635,841099999850000;5442296,186799999300000;9,228053340000031;49,133271827000044;0
8699;08200304111500538960;08;1;11;000;2020;03;08;4;3;5;3;0;1;1;0;0;0;0;515658,686300000180000;5403519,879599999600000;9,213166430000058;48,784480651000081;0
8700;08200303437000543280;08;4;35;036;2020;03;19;3;2;6;6;2;1;0;1;0;0;0;519169,217600000090000;5283026,827500000600000;9,255499503000067;47,700340733000075;0
8709;08200303426010536560;08;4;26;070;2020;03;11;3;3;5;3;0;1;1;0;0;0;0;565305,515499999750000;5340999,804400000700000;9,879190715000050;48,218860814000038;0
8713;08200303325102562430;08;3;25;070;2020;03;15;3;3;6;4;0;0;1;1;0;0;0;461631,527999999930000;5349844,109400000400000;8,482632547000037;48,300628995000068;0
8728;08200303311010536690;08;3;15;003;2020;03;08;3;3;0;7;0;1;0;0;0;0;0;412134,315200000070000;5311275,306800000400000;7,823261159000026;47,948761189000038;0
8740;08200303212010682550;08;2;12;000;2020;03;19;3;3;6;2;2;0;1;1;0;0;0;456121,394100000150000;5428902,125600000800000;8,399955377000026;49,011450559000082;1
8745;08200303136100569510;08;1;36;082;2020;03;18;3;3;1;5;0;1;0;0;0;0;1;587061,303000000310000;5415356,878599999500000;10,187577491000070;48,885046493000061;0
8750;08200303119500555180;08;1;19;085;2020;03;06;3;3;5;2;0;1;0;0;0;1;0;528660,706299999730000;5413758,735200000900000;9,390879332000054;48,876122809000037;1
8752;08200305317100541220;08;3;17;089;2020;03;09;5;3;6;4;0;0;1;1;0;0;0;430440,418100000360000;5379489,572699999400000;8,057170473000042;48,564637960000027;1
8765;08200303111500604820;08;1;11;000;2020;03;06;3;2;6;4;2;0;1;1;0;0;0;513616,168499999680000;5402390,242100000400000;9,185323768000046;48,774366597000039;1
8767;08200305311010542350;08;3;15;109;2020;03;17;5;2;6;4;1;0;1;1;0;0;0;422238,851099999620000;5315027,442500000800000;7,957882407000056;47,983821152000075;1
8772;08200302436400556070;08;4;36;008;2020;03;04;2;3;3;6;2;1;1;0;0;0;0;547910,811900000090000;5309549,187899999300000;9,641501304000030;47,937467722000065;0
8779;08200302421300572040;08;4;25;039;2020;03;08;2;3;0;3;0;1;1;0;0;0;0;565822,997200000100000;5353166,253100000300000;9,888051200000064;48,328252778000035;0
8784;08200302416010535250;08;4;15;061;2020;03;16;2;3;5;3;0;1;1;0;0;0;0;516336,321000000460000;5373338,183000000200000;9,221200458000055;48,512945657000046;1
8790;08200302336400545420;08;3;36;091;2020;03;22;2;2;5;2;2;1;0;0;1;0;0;395455,701700000090000;5271952,110400000600000;7,609419366000054;47,592548412000042;1
8791;08200302335200565960;08;3;35;055;2020;03;17;2;3;6;5;0;0;1;1;0;0;0;495145,285699999890000;5285584,553999999500000;8,935264480000058;47,723620419000042;0
8798;08200302231000583360;08;2;31;000;2020;03;19;2;3;8;4;2;0;1;1;0;0;0;480552,550999999980000;5416748,794999999900000;8,734628509000061;48,903377936000027;1
8807;08200302221011536490;08;2;26;076;2020;03;18;2;2;5;3;2;1;0;0;0;0;1;475343,349899999800000;5466855,967800000700000;8,660483425000052;49,353919442000063;1
8813;08200306118000561030;08;1;18;011;2020;03;10;6;2;6;2;0;0;1;1;0;0;0;505031,315799999980000;5407929,044700000400000;9,068547080000030;48,824321899000040;0
8818;08200305226500549540;08;2;26;085;2020;03;14;5;3;6;4;0;0;1;1;0;0;0;490968,467500000260000;5455633,075300000600000;8,875890615000060;49,253399879000028;0
8823;08200306135010553390;08;1;35;019;2020;03;18;6;2;6;4;2;0;1;1;0;0;0;583124,733300000430000;5392487,101399999100000;10,129266423000047;48,679891585000064;1
8825;08200302119400554050;08;1;19;091;2020;03;10;2;3;8;1;0;1;0;0;0;0;0;526492,389200000090000;5404623,806299999400000;9,360717650000026;48,794044212000074;0
8839;08200302111500537450;08;1;11;000;2020;03;18;2;2;6;4;1;0;1;1;0;0;0;515052,035699999890000;5395560,901399999900000;9,204617060000032;48,712897033000047;1
8848;08200301335100566450;08;3;35;066;2020;03;14;1;2;2;6;0;1;0;0;0;0;0;509183,843100000170000;5281716,922499999400000;9,122380995000071;47,688773821000041;0
8849;08200305225200563810;08;2;25;060;2020;03;16;5;3;5;3;0;1;0;0;0;0;1;515094,999099999670000;5486647,561499999800000;9,208609846000059;49,532253840000067;1
8875;08200229436500613270;08;4;36;064;2020;02;17;7;2;0;2;1;1;1;0;0;0;0;542577,310499999670000;5292560,713899999900000;9,568418990000055;47,784999763000030;0
8876;08200229436200532400;08;4;36;064;2020;02;17;7;2;3;6;0;1;0;0;0;0;0;545246,371700000020000;5292297,754699999500000;9,604022308000026;47,782451932000072;0
8878;08200229426010510420;08;4;26;021;2020;02;14;7;3;5;3;0;0;1;1;0;0;0;558897,109799999740000;5326899,247300000900000;9,790972863000036;48,092638397000030;0
8881;08200229415400524970;08;4;15;061;2020;02;03;7;3;0;1;2;1;0;0;0;0;0;513518,359600000080000;5371653,462700000000000;9,182989764000070;48,497856324000054;1
8886;08200229326300526790;08;3;26;031;2020;02;20;7;3;6;6;2;0;1;1;0;0;0;459001,605999999680000;5333085,441999999800000;8,448793114000068;48,149696082000048;1
8906;08200229221200525750;08;2;21;000;2020;02;02;7;3;0;7;2;1;0;0;0;0;0;476208,156499999580000;5471658,411800000800000;8,672104175000072;49,397151217000044;1
8919;08200305127100542110;08;1;27;063;2020;03;06;5;3;5;3;1;1;0;0;0;0;1;566051,794200000350000;5434290,597899999500000;9,904110436000053;49,057941800000037;0
8921;08200229111500511390;08;1;11;000;2020;02;11;7;2;6;2;0;0;1;1;0;0;0;507576,197900000030000;5397444,867699999400000;9,103025541000022;48,729980922000038;0
8938;08200304317500545220;08;3;17;096;2020;03;07;4;3;0;6;0;1;0;0;0;0;0;421515,827200000170000;5368816,458699999400000;7,938232790000029;48,467581183000050;0
8939;08200228336200522030;08;3;36;105;2020;02;18;6;2;5;3;2;1;1;0;0;0;0;399096,018000000160000;5267497,766000000800000;7,658850162000022;47,553056560000073;0
8941;08200305121500564960;08;1;25;102;2020;03;13;5;3;6;1;0;0;1;1;0;0;0;523696,350999999790000;5444892,755000000800000;9,324994050000043;49,156396854000036;1
8944;08200228335100527570;08;3;35;043;2020;02;16;6;3;3;6;0;1;0;0;0;0;0;513132,557500000110000;5280471,127900000700000;9,174962618000052;47,677496420000068;0
8946;08200228327200528960;08;3;27;010;2020;02;13;6;3;6;4;0;0;1;1;0;0;0;480332,688000000080000;5329441,369999999200000;8,735744308000051;48,117928322000068;0
8959;08200228231202526780;08;2;36;072;2020;02;15;6;3;6;4;0;0;1;1;0;0;0;466855,146200000310000;5410603,971999999100000;8,548222494000072;48,847520454000062;0
8966;08200228215102512470;08;2;15;099;2020;02;21;6;3;3;6;2;1;0;0;0;0;1;461875,203999999910000;5443068,912000000500000;8,477300293000042;49,139264901000047;0
8967;08200228212102531330;08;2;12;000;2020;02;11;6;3;0;2;0;1;0;0;0;0;1;457033,865899999630000;5428290,946599999400000;8,412497518000066;49,006017137000072;0
8972;08200305118000552730;08;1;18;048;2020;03;12;5;2;6;4;0;0;1;1;0;0;0;514766,553000000310000;5415177,104199999900000;9,201441667000040;48,889368727000033;1
8988;08200306111500564970;08;1;11;000;2020;03;09;6;3;6;4;0;0;1;1;0;0;0;515882,428899999710000;5405560,543899999900000;9,216291181000031;48,802832540000054;0
8992;08200228118000522750;08;1;18;079;2020;02;17;6;2;4;6;0;1;0;0;0;0;0;510218,615100000050000;5421755,966399999300000;9,139564843000073;48,948641994000070;0
9002;08200228115400525000;08;1;15;045;2020;02;11;6;3;5;3;0;1;1;0;0;0;0;500098,521999999880000;5395264,212999999500000;9,001339240000050;48,710409680000055;0
9004;08200228111500679630;08;1;11;000;2020;02;16;6;2;6;4;0;0;1;1;0;0;0;518444,047899999660000;5400475,563999999300000;9,250947535000023;48,757017961000031;0
9010;08200227436500527350;08;4;36;081;2020;02;18;5;2;6;4;2;0;1;1;0;0;0;563738,646700000390000;5284083,830199999700000;9,849659829000075;47,706990119000068;1
9012;08200305116200561830;08;1;16;077;2020;03;19;5;3;0;7;2;1;0;0;0;0;0;514165,950000000190000;5391712,808000000200000;9,192439717000070;48,678300180000065;1
9020;08200306311010563250;08;3;11;000;2020;03;22;6;3;5;3;2;1;1;0;0;0;0;415041,140999999830000;5319873,847999999300000;7,860481107000055;48,026500972000065;1
9023;08200227417100502730;08;4;17;044;2020;02;10;5;3;6;7;0;0;1;1;0;0;0;497462,400200000030000;5336678,598200000800000;8,965860730000031;48,183340037000050;2
9028;08200305116010558350;08;1;16;070;2020;03;07;5;3;3;6;0;1;0;0;0;0;1;539861,140599999580000;5384573,067299999300000;9,540802149000058;48,612960841000074;0
9030;08200227335400605680;08;3;35;099;2020;02;18;5;3;4;6;1;1;1;0;0;0;0;495401,659400000240000;5300601,327500000600000;8,938523970000063;47,858735880000040;2
9037;08200305115400563360;08;1;15;045;2020;03;18;5;3;6;4;2;0;1;1;0;0;0;495538,888000000270000;5393598,812999999200000;8,939376755000069;48,695411663000073;1
9058;08200227311010503130;08;3;36;084;2020;02;10;5;3;6;7;0;0;1;1;0;0;0;405312,866799999960000;5277458,615700000900000;7,739308256000072;47,643597163000038;0
9066;08200227226700504250;08;2;26;041;2020;02;08;5;3;0;4;0;0;0;1;1;0;0;477618,914599999790000;5465852,911499999500000;8,691873297000029;49,344984795000073;0
9068;08200304311500547960;08;3;15;113;2020;03;09;4;3;6;6;0;0;1;1;0;0;0;441166,876899999570000;5306908,105000000400000;8,212628199000051;47,912797407000028;0
9071;08200304311400564720;08;3;15;074;2020;03;12;4;3;5;2;0;1;1;0;0;0;0;397246,225899999960000;5296293,074999999300000;7,627492654000037;47,811783596000055;0
9077;08200304426010543000;08;4;25;141;2020;03;05;4;2;6;4;2;0;1;1;0;0;0;565198,679800000040000;5362850,660900000500000;9,881131111000059;48,415433964000044;0
9078;08200306317300541600;08;3;17;026;2020;03;10;6;2;5;3;0;1;1;0;0;0;0;411678,483500000090000;5346735,799900000900000;7,809814804000041;48,267668651000065;1
9081;08200304311010554420;08;3;15;073;2020;03;11;4;3;2;6;0;1;1;0;0;0;0;412570,146999999880000;5313915,607999999100000;7,828559872000028;47,972571317000074;0
9089;08200316116100571140;08;1;16;056;2020;03;18;2;3;0;7;0;1;0;1;0;0;0;529876,852300000380000;5396337,180700000400000;9,406197552000037;48,719346200000075;0
9091;08200313316100591640;08;3;16;011;2020;03;15;6;3;0;1;0;1;0;0;0;0;0;416729,489199999720000;5329518,380200000500000;7,881242724000060;48,113479395000070;0
9092;08200313311300680410;08;3;15;064;2020;03;07;6;3;6;4;0;1;0;1;0;0;0;421995,257699999960000;5312901,923900000800000;7,955004353000049;47,964670902000080;0
9098;08200313231000564150;08;2;37;028;2020;03;15;6;2;4;6;0;1;0;1;0;0;0;457677,682599999940000;5368192,638399999600000;8,427472555000065;48,465442695000036;0
9118;08200313119300571740;08;1;19;089;2020;03;08;6;3;0;1;0;1;0;0;0;0;0;536253,702499999660000;5410163,369100000700000;9,494111775000022;48,843383174000053;0
9127;08200313117400560810;08;1;17;038;2020;03;15;6;3;5;3;0;1;1;0;0;0;0;547348,704900000240000;5397705,563799999700000;9,643884461000027;48,730573259000039;0
9128;08200315119200563750;08;1;19;020;2020;03;13;1;3;6;7;0;1;0;1;0;0;0;519763,231999999840000;5405794,825999999400000;9,269151728000054;48,804828821000058;0
9135;08200313111500561510;08;1;11;000;2020;03;17;6;2;6;4;0;0;1;1;0;0;0;509472,265999999830000;5402898,898000000000000;9,128934807000064;48,779019326000025;0
9144;08200312335300559100;08;3;35;075;2020;03;18;5;3;5;3;1;1;1;0;0;0;0;488608,440299999900000;5290088,783700000500000;8,847980746000076;47,764065219000031;0
9147;08200315118600593450;08;1;18;073;2020;03;16;1;2;4;6;0;1;0;0;0;0;0;497410,023599999960000;5424069,488800000400000;8,964611585000057;48,969532704000073;0
9150;08200312216100587850;08;2;16;009;2020;03;07;5;3;5;3;0;1;1;0;0;0;0;446415,700000000190000;5420914,552400000400000;8,268291649000048;48,938836469000080;0
9163;08200312118500584260;08;1;18;070;2020;03;17;5;3;5;3;0;1;1;0;0;0;0;520172,328999999910000;5423853,945000000300000;9,275614410000060;48,967269938000072;1
9168;08200312118400570670;08;1;18;048;2020;03;09;5;3;3;3;0;1;1;0;0;0;0;514461,588000000450000;5416659,524399999500000;9,197333918000027;48,902711365000073;0
9170;08200316111370568160;08;1;11;000;2020;03;10;2;3;0;7;0;1;0;0;0;0;0;507204,372000000440000;5407365,403599999800000;9,098143046000075;48,819230044000051;0
9196;08200311335100569060;08;3;35;043;2020;03;15;4;3;0;4;0;0;0;1;0;0;1;513467,976700000460000;5279360,947599999600000;9,179397085000062;47,667500496000059;0
9202;08200311311010565850;08;3;11;000;2020;03;21;4;3;0;7;2;1;0;0;0;0;0;410576,134100000370000;5320849,280600000200000;7,800403386000028;48,034665598000061;0
9211;08200311216100554900;08;2;16;039;2020;03;17;4;3;0;1;0;1;0;0;0;0;0;444141,362599999640000;5413820,569199999800000;8,238208395000072;48,874825152000028;0
9214;08200311211000554540;08;2;16;049;2020;03;06;4;2;5;2;2;1;1;0;0;0;0;435022,838000000450000;5399101,310200000200000;8,116195759000050;48,741539161000048;1
9238;08200311111320553280;08;1;11;000;2020;03;11;4;3;5;3;0;1;1;0;0;0;0;516077,939299999740000;5404969,947499999800000;9,218930551000028;48,797514589000059;0
9242;08200310436100575890;08;4;36;055;2020;03;10;3;3;6;2;0;0;1;1;0;0;0;576478,847199999730000;5298009,524900000500000;10,021917320000057;47,830884349000030;1
9246;08200310426010575040;08;4;26;134;2020;03;10;3;2;6;4;0;0;1;1;0;0;0;558750,881099999880000;5335824,186200000300000;9,790240282000070;48,172941743000081;1
9254;08200315436300577560;08;4;36;006;2020;03;12;1;2;0;1;0;1;0;0;0;0;0;556874,201100000180000;5281590,400800000900000;9,757837847000076;47,685198062000040;0
9283;08200314311010563650;08;3;36;091;2020;03;13;7;3;8;7;0;1;0;0;0;0;0;395450,472799999640000;5271953,853199999800000;7,609349420000058;47,592563246000054;0
9288;08200310212502553030;08;2;12;000;2020;03;15;3;3;5;3;0;1;1;0;0;0;0;454644,256299999540000;5428265,242599999500000;8,379827734000060;49,005614939000054;1
9329;08200315335100592130;08;3;35;002;2020;03;14;1;3;0;7;0;1;0;0;0;0;0;503687,172299999740000;5285448,936300000200000;9,049165710000068;47,722407908000037;0
9330;08200310111310571450;08;1;11;000;2020;03;07;3;3;5;2;0;1;1;0;0;0;0;515732,498399999920000;5405406,662499999600000;9,214243506000059;48,801452057000063;0
9333;08200309436000568610;08;4;36;064;2020;03;07;2;2;6;4;0;0;0;1;0;1;0;546533,423000000420000;5291049,371999999500000;9,621069165000051;47,771128524000062;1
9337;08200309417300551740;08;4;17;008;2020;03;06;2;3;6;4;0;0;1;1;0;0;0;494189,438699999820000;5351061,540899999400000;8,921630946000050;48,312718824000058;1
9344;08200309317500547500;08;3;17;096;2020;03;09;2;3;0;7;0;1;0;0;0;0;0;422555,925300000240000;5368693,436200000300000;7,952323993000050;48,466603540000051;1
9352;08200309231000556060;08;2;35;046;2020;03;05;2;3;6;1;2;0;1;1;0;0;0;477367,459999999960000;5370407,928999999500000;8,693706114000065;48,486388910000073;1
9357;08200309216100549200;08;2;16;043;2020;03;16;2;3;2;2;0;0;1;1;0;0;1;442734,774500000290000;5410386,170199999600000;8,219507882000073;48,843804410000075;0
9370;08200309211000565440;08;2;16;002;2020;03;16;2;2;3;2;0;1;1;0;0;0;0;444446,303500000390000;5421959,570599999300000;8,241258931000061;48,948062597000046;0
9381;08200309118500612020;08;1;18;078;2020;03;13;2;3;6;4;0;0;1;1;0;0;0;514810,330299999560000;5420442,256400000300000;9,202229939000063;48,936731395000038;0
9395;08200309111500548360;08;1;11;000;2020;03;11;2;3;6;4;0;0;1;1;0;0;0;518137,913900000040000;5403854,796499999200000;9,246931381000024;48,787426159000063;0
9403;08200308435100777280;08;4;35;016;2020;03;16;1;3;4;6;0;1;1;0;0;0;0;530352,216699999760000;5281950,022099999700000;9,404475554000044;47,690223565000053;0
9414;08200315212010686760;08;2;15;102;2020;03;15;1;3;5;3;0;1;1;0;0;0;0;459870,781399999750000;5432319,456700000900000;8,450887921000060;49,042445235000059;0
9421;08200308311100589070;08;3;15;133;2020;03;16;1;2;4;2;0;1;0;0;1;0;0;397173,077999999750000;5328903,229699999100000;7,618718082000044;48,105088826000042;0
9423;08200308231000546410;08;2;37;054;2020;03;12;1;2;0;7;0;1;0;0;0;0;0;461988,244199999610000;5374734,514399999800000;8,485186855000052;48,524569005000046;0
9430;08200315436500589320;08;4;36;081;2020;03;11;1;2;3;6;0;1;1;0;0;0;0;565127,723100000060000;5291659,995300000500000;9,869308583000077;47,775010951000070;0
9431;08200308215302545520;08;2;15;094;2020;03;09;1;3;1;7;0;1;1;0;0;0;0;486275,596900000240000;5439067,666300000600000;8,811967834000029;49,104301985000063;0
9432;08200308215202545300;08;2;15;064;2020;03;14;1;3;0;1;0;1;0;0;0;0;0;477630,328099999580000;5451331,356000000600000;8,692842716000030;49,214363113000047;0
9438;08200308118400572630;08;1;18;048;2020;03;15;1;2;6;7;0;0;1;1;0;0;0;514201,918399999850000;5416371,434299999800000;9,193780629000059;48,900125796000054;0
9450;08200315417200581640;08;4;17;002;2020;03;17;1;3;5;3;0;1;1;0;0;0;0;488950,247999999670000;5347398,000800000500000;8,851064248000057;48,279689234000045;0
9467;08200313417200574460;08;4;17;002;2020;03;12;6;2;0;1;0;1;0;0;0;0;0;489050,923600000330000;5345585,941199999300000;8,852468150000050;48,263388372000065;0
9473;08200307221011547030;08;2;22;000;2020;03;09;7;1;6;4;0;0;0;1;0;0;1;465761,476400000040000;5475678,308299999700000;8,527787104000026;49,432810904000064;0
9481;08200307118600545670;08;1;18;076;2020;03;16;7;3;6;4;0;0;0;1;0;0;1;501362,152099999600000;5427461,626399999500000;9,018623277000074;49,000051078000070;0
9494;08200306436100568200;08;4;36;055;2020;03;19;6;3;5;3;2;1;1;0;0;0;0;576221,456199999900000;5297650,217700000900000;10,018415356000048;47,827682570000036;1
9497;08200315317200615700;08;3;17;096;2020;03;17;1;3;5;3;0;1;1;0;0;0;0;420788,359500000250000;5374987,043700000300000;7,927222625000070;48,522993351000025;0
9498;08200306435200542450;08;4;35;034;2020;03;10;6;3;6;4;0;0;0;1;0;1;0;528878,006000000050000;5285457,661000000300000;9,385062968000057;47,721850926000059;0
9507;08200313335300598820;08;3;35;075;2020;03;13;6;3;6;4;0;0;1;1;0;0;0;487950,186099999580000;5289041,926300000400000;8,839225464000037;47,754634117000080;0
9512;08200325311010608060;08;3;15;098;2020;03;07;4;3;5;3;0;1;1;0;0;0;0;406778,335900000300000;5312066,225500000600000;7,751377073000072;47,955118365000033;0
9523;08200318212010589990;08;2;12;000;2020;03;17;4;3;5;3;0;1;1;0;0;0;0;455980,905899999660000;5428228,963400000700000;8,398107288000063;49,005385387000047;0
9544;08200324416200589630;08;4;16;015;2020;03;18;3;3;6;4;1;0;1;1;0;0;0;506290,105200000110000;5366551,663599999600000;9,085068718000059;48,452072301000044;0
9548;08200319226500591120;08;2;26;085;2020;03;18;5;3;4;6;0;1;1;0;0;0;0;490149,130300000310000;5449193,740399999500000;8,864789624000025;49,195463873000051;0
9549;08200322317200601420;08;3;17;141;2020;03;15;1;3;0;1;0;1;0;0;0;0;0;419876,493300000210000;5378137,590900000200000;7,914269481000076;48,551215927000044;0
9559;08200323436000590340;08;4;36;064;2020;03;08;2;3;5;2;0;1;0;0;0;0;1;545414,878999999720000;5292209,242000000600000;9,606262429000026;47,781643722000069;0
9560;08200317216200572000;08;2;16;008;2020;03;17;3;3;5;2;1;1;1;0;0;0;0;440836,654099999930000;5391386,519500000400000;8,196371204000059;48,672722497000052;0
9564;08200318111500573650;08;1;11;000;2020;03;10;4;3;6;4;0;0;1;1;0;0;0;512333,200199999850000;5399517,122099999300000;9,167775818000052;48,748546902000044;0
9599;08200317212010590140;08;2;12;000;2020;03;17;3;3;5;3;0;1;0;0;1;0;0;457267,384600000460000;5428210,493899999200000;8,415698857000052;49,005309667000063;0
9611;08200328425000614440;08;4;25;033;2020;03;15;7;3;5;3;0;1;0;0;0;0;0;556514,557000000030000;5347670,684000000400000;9,761742834000074;48,279716112000074;0
9615;08200317211021570030;08;2;11;000;2020;03;15;3;3;5;2;0;1;1;0;0;0;0;442377,725999999790000;5403166,635999999900000;8,215655642000058;48,778831168000067;0
9616;08200328416200610510;08;4;16;041;2020;03;15;7;2;3;2;0;1;1;0;0;0;0;504736,465200000440000;5379046,959300000200000;9,064198809000061;48,564498373000049;0
9619;08200328416200598920;08;4;16;041;2020;03;18;7;3;8;7;1;1;0;0;0;0;0;504366,781000000420000;5372576,080000000100000;9,059120235000023;48,506286823000039;0
9620;08200402211021617950;08;2;11;000;2020;04;12;5;2;8;1;0;1;0;0;0;0;0;442360,881099999880000;5403180,510500000800000;8,215424429000052;48,778954411000029;0
9632;08200326317500613120;08;3;17;096;2020;03;14;5;3;0;7;0;1;0;0;0;0;0;421692,106300000100000;5369702,420900000300000;7,940451224000071;48,475572304000082;0
9633;08200328335300778180;08;3;35;100;2020;03;16;7;3;0;1;0;1;0;0;0;0;0;487754,628899999890000;5286642,637199999800000;8,836683792000031;47,733042699000066;0
9637;08200317127202594600;08;1;27;014;2020;03;13;3;3;5;3;0;1;1;0;0;0;0;577084,122999999670000;5442474,809000000400000;10,056656234000059;49,130268496000042;0
9638;08200328335010613520;08;3;35;026;2020;03;18;7;3;8;7;0;1;0;0;0;0;0;480883,111999999730000;5283195,005999999100000;8,745190599000068;47,701855482000042;0
9653;08200317121500605750;08;1;25;005;2020;03;16;3;3;3;6;0;1;1;0;0;0;0;516525,086699999870000;5450755,273499999200000;9,226882524000075;49,209366649000060;0
9656;08200319212010599440;08;2;36;033;2020;03;15;5;2;2;6;0;1;0;0;0;0;0;480359,837799999860000;5430430,096500000000000;8,731338547000064;49,026442999000039;0
9658;08200318336300573010;08;3;36;107;2020;03;14;4;3;8;1;0;1;0;0;0;0;0;406617,892799999560000;5290563,409199999600000;7,753872863000026;47,761671314000068;0
9661;08200320311010598800;08;3;36;050;2020;03;07;6;3;2;6;0;1;1;0;0;0;0;399780,013899999670000;5274337,553400000600000;7,666376804000038;47,614689151000050;0
9662;08200325317300591860;08;3;17;026;2020;03;15;4;3;3;5;0;1;0;0;0;0;0;416461,353400000370000;5343860,109300000600000;7,874821309000026;48,242450630000064;0
9673;08200401226500617820;08;2;26;013;2020;04;16;4;3;5;3;0;1;1;0;0;0;0;499072,535699999890000;5478329,143500000200000;8,987202110000055;49,457618324000066;0
9687;08200317119300571120;08;1;19;067;2020;03;11;3;2;3;2;0;1;1;0;0;0;0;539143,261199999600000;5405774,362999999900000;9,533073756000022;48,803726352000069;0
9691;08200319317500589480;08;3;17;096;2020;03;16;5;3;5;3;0;1;0;0;0;0;1;421835,777200000360000;5368846,241599999400000;7,942554875000042;48,467888924000079;0
9692;08200323121600686060;08;1;25;107;2020;03;04;2;2;5;3;2;1;1;0;0;0;0;535106,560999999750000;5438127,607000000800000;9,480890721000037;49,094997202000059;0
9698;08200317118400584480;08;1;18;048;2020;03;15;3;2;3;2;0;1;1;0;0;0;0;514745,247000000440000;5416647,153000000900000;9,201204082000061;48,902593388000071;0
9706;08200402127100629710;08;1;27;052;2020;04;19;5;3;0;7;1;1;0;0;0;0;0;539981,891499999910000;5435925,330700000700000;9,547452328000077;49,074890056000072;0
9711;08200331435200613340;08;4;35;066;2020;03;17;3;3;5;3;0;1;1;0;0;0;0;518431,574000000020000;5286955,153699999700000;9,245834023000043;47,735707508000075;0
9714;08200330435100612600;08;4;35;016;2020;03;11;2;2;0;1;0;1;0;0;0;0;0;536805,526999999770000;5281745,047000000300000;9,490452516000062;47,688043982000067;0
9719;08200318111500573820;08;1;11;000;2020;03;08;4;2;5;2;0;1;1;0;0;0;0;507764,733400000260000;5397438,357400000100000;9,105589229000032;48,729920035000077;0
9724;08200327116010607460;08;1;16;033;2020;03;15;6;3;4;2;0;1;1;0;0;0;0;531016,954900000240000;5389451,952299999100000;9,421180782000022;48,657351953000045;0
9738;08200326212102604260;08;2;12;000;2020;03;13;5;3;6;4;0;0;1;1;0;0;0;459266,365799999800000;5428071,746099999200000;8,443044306000047;49,004196776000072;0
9748;08200319135100577500;08;1;35;016;2020;03;14;5;3;5;3;0;1;1;0;0;0;0;591170,140800000170000;5386899,225199999300000;10,237308882000036;48,628510799000026;0
9750;08200324221011606310;08;2;26;105;2020;03;12;3;3;5;3;0;1;1;0;0;0;0;471060,771800000220000;5479353,999299999300000;8,600603694000029;49,466147953000075;0
9751;08200317116010605280;08;1;16;073;2020;03;16;3;2;4;6;0;1;1;0;0;0;0;522923,140599999580000;5387842,318399999300000;9,311187347000043;48,643221054000037;0
9755;08200322222401609660;08;2;26;038;2020;03;09;1;3;4;6;0;1;0;0;0;0;0;471471,263100000100000;5480514,948599999800000;8,606185122000056;49,476609727000039;0
9757;08200327216100596100;08;2;16;043;2020;03;17;6;3;5;3;0;1;1;0;0;0;0;441683,408900000150000;5413620,595300000200000;8,204719015000023;48,872800080000047;0