OBJECTID;UIDENTSTLAE;ULAND;UREGBEZ;UKREIS;UGEMEINDE;UJAHR;UMONAT;USTUNDE;UWOCHENTAG;UKATEGORIE;UART;UTYP1;ULICHTVERH;IstRad;IstPKW;IstFuss;IstKrad;IstGkfz;IstSonstige;LINREFX;LINREFY;XGCSWGS84;YGCSWGS84;STRZUSTAND
9758;08200402317500630520;08;3;17;096;2020;04;08;5;2;8;7;0;1;0;0;0;0;0;425341,682300000450000;5371433,562300000300000;7,989514503000066;48,491587925000033;0
9759;08200320317100586990;08;3;17;098;2020;03;16;6;3;0;1;0;1;0;0;0;0;0;437152,244099999780000;5370849,909399999300000;8,149435856000025;48,487629984000080;0
9791;08200319119010593850;08;1;19;008;2020;03;09;5;2;6;7;0;0;1;1;0;0;0;531891,408699999560000;5421404,746400000500000;9,435536325000044;48,944744711000055;0
9794;08200318211022592110;08;2;11;000;2020;03;13;4;3;3;6;0;1;0;0;0;0;1;442367,763000000270000;5399772,107000000800000;8,215995476000046;48,748295970000072;0
9795;08200327118000605490;08;1;18;049;2020;03;06;6;3;5;3;0;1;1;0;0;0;0;518585,468999999580000;5421041,314999999500000;9,253804999000067;48,942018406000045;0
9803;08200319231000608400;08;2;31;000;2020;03;00;5;3;5;3;2;1;1;0;0;0;0;477800,701000000350000;5415670,373500000700000;8,697137083000030;48,893584317000034;0
9805;08200330316200611920;08;3;16;010;2020;03;08;2;3;5;3;0;1;1;0;0;0;0;430245,446999999690000;5335404,563899999500000;8,061840491000055;48,168054261000066;0
9809;08200319317000584750;08;3;17;031;2020;03;13;5;2;5;3;0;1;0;0;1;0;0;414218,070899999700000;5360593,382899999600000;7,841208920000042;48,392664325000055;0
9815;08200326335300602110;08;3;35;075;2020;03;18;5;3;0;7;0;1;0;0;0;0;0;489095,594700000250000;5290159,242900000900000;8,854479984000022;47,764707604000080;0
9818;08200320119010577700;08;1;19;085;2020;03;06;6;3;3;2;0;1;1;0;0;0;0;529404,766699999570000;5414109,386099999800000;9,401051907000067;48,879242276000070;0
9819;08200324336300591280;08;3;36;107;2020;03;13;3;2;4;6;0;1;1;0;0;0;0;409052,305200000290000;5286076,961400000400000;7,787288772000068;47,721661212000072;0
9821;08200328116200606050;08;1;16;015;2020;03;11;7;3;5;3;0;1;1;0;0;0;0;522535,926199999640000;5394681,251399999500000;9,306303614000058;48,704758172000027;0
9824;08200322317200586650;08;3;17;153;2020;03;16;1;3;9;1;0;1;0;0;1;0;0;422735,759100000370000;5387006,035700000800000;7,951358178000021;48,631344202000037;0
9826;08200320337010578100;08;3;37;096;2020;03;08;6;3;5;3;0;1;1;0;0;0;0;421090,136500000020000;5267735,860600000200000;7,951081355000042;47,558244173000048;0
9830;08200328116100615140;08;1;16;058;2020;03;17;7;3;3;6;0;1;1;0;0;0;0;534287,817200000400000;5395240,886099999800000;9,466074786000036;48,709257179000076;0
9838;08200320115200593100;08;1;15;021;2020;03;14;6;3;5;3;0;1;1;0;0;0;0;489614,115699999970000;5382527,468900000700000;8,859141264000073;48,595741746000044;0
9840;08200316436100584600;08;4;36;010;2020;03;15;2;3;4;6;0;1;0;0;0;0;0;566637,518899999560000;5305972,822499999800000;9,891662239000027;47,903619797000033;0
9848;08200402311010774000;08;3;11;000;2020;04;07;5;1;5;2;0;1;0;0;0;1;0;411025,202600000430000;5318481,879699999500000;7,806917752000061;48,013433100000043;0
9849;08200320317000602480;08;3;17;121;2020;03;15;6;2;4;1;0;1;0;0;0;0;1;421529,800999999980000;5341463,949999999300000;7,943519408000043;48,221544196000082;0
9861;08200319426300577540;08;4;26;124;2020;03;14;5;2;7;7;0;1;0;1;0;0;0;543919,269199999980000;5337690,733699999700000;9,590950619000068;48,190932293000060;0
9870;08200320216200600220;08;2;16;041;2020;03;11;6;3;6;6;0;1;0;1;0;0;0;435298,613400000150000;5391640,720599999700000;8,121115840000073;48,674459764000062;0
9872;08200316435100585040;08;4;35;057;2020;03;17;2;3;4;2;0;1;1;0;0;0;0;544092,755900000220000;5280372,998199999300000;9,587415147000058;47,675243236000028;0
9876;08200319317600579680;08;3;17;011;2020;03;13;5;3;0;6;0;1;1;0;0;0;0;425633,299999999810000;5353346,097100000800000;7,996666983000068;48,328922925000029;0
9878;08200316435100580310;08;4;35;035;2020;03;14;2;3;0;3;0;1;1;0;0;0;0;542575,546099999920000;5283361,202400000800000;9,567495104000045;47,702230509000060;0
9881;08200318211000573370;08;2;16;063;2020;03;15;4;2;5;3;0;1;1;0;0;0;0;427300,867800000120000;5401007,496799999800000;8,010842277000052;48,757831333000070;0
9895;08200327311010596460;08;3;36;069;2020;03;10;6;2;3;6;0;1;1;0;0;0;0;403906,061499999840000;5267255,882200000800000;7,722818216000064;47,551610341000071;0
9896;08200401111250618410;08;1;11;000;2020;04;19;4;3;4;6;0;1;0;0;0;0;0;518481,425800000320000;5402834,480100000300000;9,251562064000041;48,778237412000067;0
9915;08200331327100608420;08;3;27;057;2020;03;18;3;3;6;3;0;0;1;1;0;0;0;489237,576600000260000;5309193,950999999400000;8,855901090000032;47,935972770000035;0
9916;08200319231000600290;08;2;36;076;2020;03;11;5;2;5;3;0;1;1;0;0;0;0;470734,013799999840000;5423632,941099999500000;8,600157576000072;48,964918171000079;0
9918;08200318435200577860;08;4;35;052;2020;03;14;4;3;5;3;0;1;1;0;0;0;0;523283,146999999880000;5289652,107000000800000;9,310686138000051;47,759816367000042;0
9924;08200401311400617340;08;3;15;074;2020;04;06;4;3;5;3;2;1;1;0;0;0;0;397929,667100000200000;5295900,161599999300000;7,636711379000076;47,808358136000038;0
9927;08200316336400595140;08;3;36;091;2020;03;21;2;2;8;1;2;1;0;0;0;0;0;396088,222000000070000;5275506,905500000300000;7,616987355000049;47,624626108000029;0
9933;08200327127202605120;08;1;27;014;2020;03;16;6;3;2;1;0;1;1;0;0;0;0;578617,573800000360000;5442535,158900000200000;10,077684425000029;49,130617000000029;0
9935;08200320311010581840;08;3;11;000;2020;03;15;6;3;0;4;0;0;0;1;0;0;1;404067,270800000060000;5316925,972400000300000;7,713988812000025;47,998431121000067;0
9941;08200317335200606410;08;3;35;055;2020;03;19;3;3;5;3;2;1;1;0;0;0;0;495111,779000000100000;5285625,977800000500000;8,934817218000035;47,723992881000072;0
9943;08200401226300618150;08;2;26;056;2020;04;16;4;3;5;2;0;1;1;0;0;0;0;485795,544700000440000;5471515,665599999900000;8,804240223000022;49,396166433000076;0
9945;08200319426010585180;08;4;26;021;2020;03;16;5;3;0;7;0;1;0;0;0;0;0;559683,684399999680000;5324243,669199999400000;9,801164241000038;48,068675149000057;0
9946;08200323317000606900;08;3;17;089;2020;03;07;2;2;4;2;0;1;1;0;0;0;0;430676,282999999820000;5376441,959000000700000;8,060874474000059;48,537250470000060;0
9951;08200321311010601910;08;3;36;084;2020;03;11;7;2;6;4;0;0;1;1;0;0;0;405302,162700000220000;5277444,344900000800000;7,739168864000021;47,643467223000073;0
9953;08200318226600573230;08;2;26;082;2020;03;12;4;3;5;2;0;1;1;0;0;0;0;475390,749499999920000;5479897,066099999500000;8,660327642000027;49,471223595000026;0
9954;08200327119400594910;08;1;19;090;2020;03;13;6;2;4;3;0;1;1;0;0;0;0;534106,595700000410000;5406301,159800000500000;9,464528063000046;48,808762010000066;0
9955;08200402212702629560;08;2;15;017;2020;04;19;5;3;0;1;0;1;0;0;0;0;0;454845,863400000150000;5419074,189799999800000;8,383604049000041;48,922954820000029;0
9964;08200410215302683580;08;2;15;059;2020;04;13;6;3;0;7;0;1;1;0;0;0;0;485111,986999999730000;5433963,554999999700000;8,796213757000032;49,058361231000049;0
9970;08200410126100628550;08;1;26;047;2020;04;15;6;3;0;1;0;1;0;0;0;0;0;550119,766099999660000;5454520,863600000700000;9,688570681000044;49,241409877000081;0
9976;08200412336100673830;08;3;36;084;2020;04;16;1;3;0;6;0;1;1;0;0;0;0;405596,048799999990000;5278088,439999999500000;7,742941736000034;47,649304159000053;0
9977;08200410117300639750;08;1;17;026;2020;04;17;6;3;5;3;0;1;1;0;0;0;0;546322,246199999940000;5393199,269899999700000;9,629420955000057;48,690113921000034;0
9979;08200410116010646300;08;1;16;015;2020;04;16;6;2;3;6;0;1;1;0;0;0;0;522471,411799999890000;5393045,270500000600000;9,305337741000074;48,690043276000040;0
9992;08200409335200627190;08;3;35;061;2020;04;19;5;2;0;1;0;1;0;0;0;0;0;491854,286999999550000;5278823,426000000900000;8,891506752000055;47,662752981000040;0
9994;08200409317300655270;08;3;17;065;2020;04;07;5;3;0;3;0;1;1;0;0;0;0;412541,542000000370000;5353416,448000000800000;7,820058366000069;48,327879589000077;0
9997;08200409317200639790;08;3;17;153;2020;04;14;5;2;0;7;0;1;0;0;0;0;0;424745,810600000430000;5392905,407299999100000;7,977561665000053;48,684652529000061;0
9998;08200409317100634740;08;3;17;001;2020;04;13;5;3;5;7;0;1;1;0;0;0;0;432528,383000000380000;5385014,165999999300000;8,084570246000055;48,614560538000035;0
10002;08200409317000647530;08;3;17;153;2020;04;09;5;1;5;3;0;1;1;0;0;0;0;421301,403900000270000;5389318,677400000400000;7,931455051000057;48,651966647000052;0
10004;08200413216100633020;08;2;16;043;2020;04;14;2;3;0;7;0;1;0;0;0;0;0;441767,502199999990000;5414594,325500000300000;8,205727040000056;48,881566632000045;0
10006;08200409311100634500;08;3;15;072;2020;04;10;5;2;0;2;0;1;0;0;0;0;0;402426,568500000050000;5318914,542199999100000;7,691548110000042;48,016069661000074;0
10017;08200411327100629750;08;3;27;038;2020;04;16;7;3;4;2;0;1;1;0;0;0;0;499622,517300000410000;5315436,347899999500000;8,994940365000048;47,992227424000077;0
10018;08200409221200627110;08;2;21;000;2020;04;22;5;3;5;2;2;1;1;0;0;0;0;476045,174899999980000;5472989,662799999100000;8,669777734000036;49,409119209000039;0
10019;08200409216200627890;08;2;16;063;2020;04;18;5;3;4;2;0;1;1;0;0;0;0;429973,148599999960000;5401451,217700000900000;8,047120970000037;48,762128812000071;0
10020;08200409216100628100;08;2;16;043;2020;04;12;5;3;5;3;0;1;1;0;0;0;0;442093,826299999840000;5412102,950500000300000;8,210530222000045;48,859187373000054;0
10030;08200409119010633900;08;1;19;061;2020;04;11;5;2;5;3;0;1;0;0;1;0;0;539220,781000000420000;5412121,381999999300000;9,534736684000052;48,860815996000042;0
10033;08200412119200631790;08;1;19;093;2020;04;19;1;3;5;3;0;1;1;0;0;0;0;523907,667999999600000;5406247,743000000700000;9,325619528000061;48,808757555000057;0
10039;08200409111230631800;08;1;11;000;2020;04;08;5;3;8;1;0;1;0;0;0;0;0;515851,476700000460000;5394177,947699999400000;9,215431457000022;48,700436152000066;0
10040;08200411317100630690;08;3;17;089;2020;04;16;7;3;4;6;0;1;0;0;0;0;0;429310,085699999700000;5376359,137599999100000;8,042383375000043;48,536353036000037;0
10041;08200408437200634170;08;4;37;104;2020;04;14;4;3;5;3;0;1;1;0;0;0;0;516826,703099999580000;5326347,644700000100000;9,225966754000069;48,090175640000041;0
10044;08200408436200643420;08;4;36;064;2020;04;18;4;3;5;3;0;1;1;0;0;0;0;538931,872499999590000;5292976,142599999900000;9,519790806000060;47,788968119000060;0
10047;08200408421300626940;08;4;25;028;2020;04;18;4;3;0;7;0;1;0;0;0;0;0;579485,924399999900000;5340329,429700000200000;10,069940635000023;48,211212411000076;0
10048;08200413115200631840;08;1;15;037;2020;04;12;2;2;0;1;0;1;0;0;0;0;0;492164,303700000050000;5386668,605900000800000;8,893649945000050;48,633033379000040;0
10049;08200408415300634020;08;4;15;073;2020;04;16;4;2;0;1;0;1;0;0;0;0;0;522792,615399999540000;5347767,732100000600000;9,307231902000069;48,282701670000051;0
10052;08200408335300643470;08;3;35;100;2020;04;18;4;3;5;3;0;1;1;0;0;0;0;488520,077499999660000;5285759,620200000700000;8,846915805000037;47,725111754000068;0
10054;08200412119100652910;08;1;19;069;2020;04;10;1;3;4;6;0;1;0;0;0;0;0;532930,279299999590000;5430729,697599999600000;9,450479081000026;49,028571559000056;0
10059;08200413336400641860;08;3;36;006;2020;04;18;2;3;6;6;0;0;1;1;0;0;0;392173,644600000230000;5289523,652300000200000;7,561439621000034;47,750064760000043;0
10061;08200411237100641190;08;2;37;028;2020;04;18;7;2;3;2;0;1;0;0;1;0;0;459565,830099999900000;5366302,669900000100000;8,453196400000024;48,448564651000027;0
10073;08200408216100644810;08;2;16;043;2020;04;14;4;3;0;3;0;1;1;0;0;0;0;436551,661700000060000;5410462,868899999200000;8,135233274000029;48,843893046000062;0
10075;08200408216100632060;08;2;16;043;2020;04;20;4;3;6;2;1;0;1;1;0;0;0;440603,184799999930000;5411547,853599999100000;8,190290041000026;48,854053374000046;0
10076;08200408216100625760;08;2;16;043;2020;04;17;4;3;6;4;0;0;0;1;1;0;0;442256,208999999800000;5412175,849600000300000;8,212733580000077;48,859858236000036;0
10085;08200408121400655310;08;1;25;013;2020;04;14;4;3;2;6;0;1;0;0;0;0;1;504907,350300000050000;5436299,950799999800000;9,067200057000036;49,079538646000060;0
10089;08200414311010646910;08;3;11;000;2020;04;14;3;3;5;3;0;1;0;0;0;0;0;412490,836099999960000;5315358,822100000500000;7,827203417000021;47,985542667000061;0
10092;08200413135100632040;08;1;35;016;2020;04;13;2;2;0;1;0;1;0;0;0;0;0;591570,963999999690000;5386356,804999999700000;10,242627498000047;48,623573666000027;0
10094;08200408119300644610;08;1;19;076;2020;04;15;4;3;5;3;0;1;1;0;0;0;0;542004,189199999910000;5406419,540799999600000;9,572099452000032;48,809343272000035;0
10096;08200413235200634230;08;2;35;046;2020;04;12;2;3;5;3;0;1;1;0;0;0;0;482092,588800000030000;5378824,478499999300000;8,757290709000074;48,562258963000033;0
10109;08200408111500625350;08;1;11;000;2020;04;20;4;3;5;2;2;1;1;0;0;0;0;516642,755800000390000;5405830,086999999400000;9,226656361000039;48,805237417000058;0
10123;08200412116500640520;08;1;16;046;2020;04;14;1;3;0;1;0;1;0;0;0;0;0;527924,542100000200000;5377831,300100000600000;9,378407967000044;48,552957994000053;0
10125;08200407335300626040;08;3;35;075;2020;04;13;3;2;0;7;0;1;0;0;0;0;0;490562,593200000000000;5292236,523399999400000;8,874011985000038;47,783421131000068;0
10126;08200407335200655000;08;3;35;063;2020;04;19;3;3;0;1;0;1;0;0;0;0;0;497968,435300000010000;5288173,731399999900000;8,972897868000075;47,746931870000026;0
10128;08200413436500655350;08;4;36;018;2020;04;16;2;3;5;3;0;1;1;0;0;0;0;552164,429200000130000;5284038,687200000500000;9,695378842000025;47,707622604000051;0
10131;08200407335000634830;08;3;35;075;2020;04;12;3;2;5;3;0;1;0;0;0;1;0;490883,831899999640000;5289796,650100000200000;8,878351674000044;47,761472936000075;0
10132;08200412436400637790;08;4;36;064;2020;04;10;1;3;0;7;0;1;0;0;0;0;0;546106,563099999910000;5292380,292400000600000;9,615513633000035;47,783133524000050;0
10134;08200407325202628640;08;3;25;049;2020;04;08;3;3;0;1;0;1;0;0;0;0;0;472272,115799999800000;5334668,372999999700000;8,627101728000071;48,164654438000071;0
10136;08200407317300623390;08;3;17;065;2020;04;07;3;3;3;6;1;1;0;0;0;0;1;419156,990000000220000;5354510,184000000400000;7,909082998000031;48,338598646000037;0
10138;08200412116100631130;08;1;16;037;2020;04;15;1;3;2;6;0;1;1;0;0;0;0;534675,483500000090000;5402384,511900000300000;9,471945420000054;48,773497779000081;0
10140;08200407311010687910;08;3;11;000;2020;04;20;3;3;4;6;2;1;0;0;0;0;0;413683,819500000220000;5316746,507999999400000;7,842909309000049;47,998187519000055;0
10144;08200413327200655340;08;3;27;046;2020;04;16;2;3;0;1;0;1;0;0;0;0;0;482724,199000000020000;5323073,482999999100000;8,768134722000070;48,060706007000078;0
10147;08200407226600624050;08;2;26;082;2020;04;17;3;3;0;7;0;1;0;0;0;0;0;480633,902900000100000;5479452,976700000500000;8,732717736000041;49,467418980000048;0
10151;08200407211000639280;08;2;16;005;2020;04;14;3;1;5;3;0;1;0;0;0;1;0;445834,123100000430000;5416123,875900000300000;8,260986730000070;48,895693702000074;0
10155;08200407127100640360;08;1;27;076;2020;04;13;3;3;4;6;0;1;0;0;0;0;0;553263,590699999590000;5440185,977299999400000;9,729860196000061;49,112207709000074;0
10163;08200407119300629640;08;1;19;067;2020;04;09;3;3;5;3;0;1;1;0;0;0;0;538750,631400000300000;5406856,292799999900000;9,527829096000062;48,813483492000046;0
10165;08200407119200640480;08;1;19;093;2020;04;15;3;3;0;1;0;1;0;0;0;0;0;524565,691599999550000;5405484,361400000800000;9,334535892000076;48,801864687000034;0
10171;08200411119500651920;08;1;19;079;2020;04;19;7;3;3;6;0;1;1;0;0;0;1;525759,014600000340000;5415554,839800000200000;9,351419604000057;48,892407253000044;0
10180;08200406437000622410;08;4;37;104;2020;04;12;2;2;5;3;0;1;1;0;0;0;0;515092,174200000240000;5325995,338500000500000;9,202661373000069;48,087049386000047;0
10183;08200412231000652770;08;2;36;062;2020;04;12;1;2;5;3;0;1;1;0;0;0;0;485275,127999999560000;5407418,382999999400000;8,799405976000060;48,819573897000055;0
10185;08200413225200657410;08;2;25;014;2020;04;18;2;3;0;7;0;1;1;0;0;0;0;524098,177299999630000;5485582,134199999300000;9,332965064000064;49,522379503000082;0
10186;08200406436500622920;08;4;35;016;2020;04;18;2;2;5;3;0;1;1;0;0;0;0;536209,438799999650000;5277903,830800000600000;9,482191166000064;47,653516751000041;0
10187;08200406436000637860;08;4;36;039;2020;04;16;2;2;8;7;0;0;1;1;0;0;0;548778,901499999690000;5288157,475800000100000;9,650712504000069;47,744944098000076;0
10191;08200412115100641770;08;1;15;013;2020;04;12;1;2;5;2;0;1;0;0;1;0;0;495179,795800000430000;5389672,574999999300000;8,934542736000026;48,660088099000063;0
10192;08200406426010631280;08;4;26;045;2020;04;16;2;2;2;6;0;1;1;0;0;0;0;532671,341400000270000;5327447,706000000200000;9,438824610000040;48,099457263000033;0
10194;08200406417200623110;08;4;17;054;2020;04;14;2;2;4;6;0;1;1;0;0;0;0;477302,376299999650000;5345461,448400000100000;8,694172355000035;48,261956301000055;0
10198;08200406335400622560;08;3;35;098;2020;04;18;2;3;5;2;0;1;0;0;0;0;1;501890,563099999910000;5295137,016899999200000;9,025251415000071;47,809584708000045;0
10211;08200406215102623440;08;2;15;102;2020;04;14;2;3;8;1;0;1;0;0;0;0;0;455939,592600000090000;5437244,290799999600000;8,396561937000058;49,086475722000046;0
10214;08200406212010626130;08;2;15;047;2020;04;15;2;2;5;3;0;1;1;0;0;0;0;458371,984000000170000;5414742,140000000600000;8,432177947000071;48,884233819000031;0
10215;08200406212010624510;08;2;15;108;2020;04;13;2;3;5;3;0;1;1;0;0;0;0;446392,847000000070000;5424411,095000000700000;8,267519271000026;48,970285722000028;0
10223;08200412425000631780;08;4;25;020;2020;04;14;1;3;0;1;0;1;0;0;0;0;0;557948,577999999750000;5362925,100999999800000;9,783169620000024;48,416812155000059;1
10225;08200406119400622580;08;1;19;079;2020;04;13;2;2;0;1;0;1;0;0;0;0;0;522402,558400000450000;5415551,585799999500000;9,305629411000041;48,892508427000053;0
10229;08200413116100653630;08;1;16;004;2020;04;13;2;3;5;3;0;1;1;0;0;0;0;528110,566999999810000;5396288,541999999400000;9,382180879000032;48,718990805000033;0
10240;08200413337010647990;08;3;37;126;2020;04;17;2;3;0;7;0;1;0;0;0;0;0;440067,105000000450000;5274597,628300000000000;8,202368289000049;47,622008671000060;1
10243;08200405435200621870;08;4;35;018;2020;04;17;1;3;0;1;0;1;0;0;0;0;0;524667,064100000080000;5282043,276100000400000;9,328721560000076;47,691304658000035;0
10244;08200405435100634710;08;4;35;016;2020;04;21;1;3;0;7;2;1;0;0;0;0;0;536563,037200000140000;5279216,616100000200000;9,487009598000043;47,665308517000028;0
10246;08200405426100621260;08;4;26;038;2020;04;16;1;2;0;7;0;1;0;0;0;0;0;562588,222900000400000;5312830,161800000800000;9,838482501000044;47,965718576000029;0
10247;08200405426100621140;08;4;26;021;2020;04;16;1;3;5;3;0;1;1;0;0;0;0;559329,842100000010000;5327945,079099999700000;9,796929159000058;48,102006724000034;0
10248;08200405417010624450;08;4;17;002;2020;04;15;1;3;0;7;0;1;0;0;0;0;0;490301,306400000120000;5344026,358599999900000;8,869351968000046;48,249377561000074;0
10252;08200405415100620570;08;4;15;078;2020;04;12;1;3;0;6;0;1;1;0;0;0;0;529767,461299999620000;5371573,458499999700000;9,402934090000031;48,496576795000067;0
10253;08200412215402642560;08;2;15;009;2020;04;16;1;3;0;7;0;1;0;1;0;0;0;468778,670400000180000;5442463,918999999800000;8,571992186000045;49,134212566000031;0
10257;08200405335100621180;08;3;35;043;2020;04;13;1;3;0;1;0;1;0;0;0;0;0;509045,725100000390000;5287318,650499999500000;9,120656775000043;47,739177977000054;0
10258;08200405327100629300;08;3;27;004;2020;04;16;1;3;5;3;0;1;0;0;1;0;0;494721,350599999540000;5322942,387399999400000;8,929154529000073;48,059738631000073;0
10264;08200410436300633170;08;4;36;081;2020;04;15;6;3;0;7;0;1;0;0;0;0;0;558989,998300000090000;5278726,052300000600000;9,785640854000064;47,659238277000043;0
10265;08200405317600621790;08;3;17;040;2020;04;14;1;3;8;7;0;1;0;0;0;0;0;432148,894399999640000;5348184,424300000100000;8,085391246000029;48,283223958000065;0
10266;08200405317200621380;08;3;17;153;2020;04;14;1;3;5;3;0;1;1;0;0;0;0;425794,837799999860000;5392279,523000000000000;7,991924278000056;48,679148473000055;0
10273;08200413136100638300;08;1;36;045;2020;04;17;2;2;0;1;0;1;0;0;0;0;0;603682,043600000440000;5401540,722999999300000;10,410737689000030;48,758238238000047;0
10283;08200405136300622100;08;1;36;065;2020;04;18;1;3;5;3;0;1;1;0;0;0;0;558697,171699999830000;5402908,011600000800000;9,798937286000069;48,776404326000034;0
10284;08200410435200774180;08;4;35;036;2020;04;15;6;3;0;1;0;1;0;0;0;0;0;518036,200400000440000;5284234,740700000900000;9,240448049000065;47,711241649000044;0
10288;08200410417200627710;08;4;17;057;2020;04;15;6;3;8;1;0;1;0;0;0;0;0;482109,847400000320000;5337643,378900000800000;8,759277586000053;48,191773106000028;0
10291;08200405126100635950;08;1;26;046;2020;04;13;1;2;3;2;0;1;0;0;1;0;0;556296,478799999690000;5458378,107699999600000;9,773964146000026;49,275566515000037;0
10292;08200412212102641490;08;2;15;101;2020;04;14;1;3;0;1;0;1;0;0;0;0;0;467332,527700000440000;5423834,469499999700000;8,553670471000032;48,966560569000080;0
10295;08200405119300622050;08;1;19;001;2020;04;17;1;3;0;1;0;1;0;0;0;0;0;552474,815299999900000;5412404,797399999600000;9,715465843000061;48,862385744000051;0
10298;08200405118600620620;08;1;18;050;2020;04;17;1;3;5;3;0;1;1;0;0;0;0;505886,274699999950000;5416670,082599999400000;9,080320837000045;48,902947201000075;0
10306;08200413416200632980;08;4;16;041;2020;04;17;2;3;0;7;0;1;0;0;0;0;0;502314,234100000000000;5371715,676400000200000;9,031326797000077;48,498557209000069;0
10307;08200411436400630080;08;4;36;009;2020;04;19;7;3;8;7;0;1;0;0;0;0;0;555805,388700000010000;5308092,756400000300000;9,747008283000071;47,923725849000050;0
10312;08200414111500645450;08;1;11;000;2020;04;12;3;3;5;3;0;1;1;0;0;0;0;518294,491999999620000;5406284,142999999200000;9,249171248000039;48,809275604000049;0
10326;08200413335300631960;08;3;35;100;2020;04;13;2;3;0;1;0;1;0;0;0;0;0;488012,680900000040000;5286904,174599999600000;8,840118208000035;47,735400746000039;0
10328;08200404311010624570;08;3;36;084;2020;04;14;7;3;5;3;0;1;0;0;1;0;0;405685,055999999870000;5277164,720000000700000;7,744325825000033;47,641007739000031;0
10330;08200410335100647440;08;3;35;043;2020;04;17;6;3;0;1;0;1;0;0;0;0;0;512683,589100000450000;5279799,956399999600000;9,168961627000044;47,671466412000029;0
10332;08200404231202620990;08;2;36;070;2020;04;13;7;3;2;6;0;1;1;0;0;0;0;470345,125000000000000;5416157,489800000600000;8,595388328000070;48,897654216000035;0
10333;08200410335100629380;08;3;35;043;2020;04;14;6;3;0;1;0;1;0;0;0;0;0;513794,193599999880000;5279996,679500000600000;9,183762438000031;47,673213719000046;0
10335;08200412415400640920;08;4;15;061;2020;04;12;1;3;5;2;0;1;1;0;0;0;0;514567,968799999920000;5371710,425799999400000;9,197199584000032;48,498345321000045;0
10336;08200404216300633230;08;2;16;029;2020;04;16;7;3;5;2;0;1;0;0;1;0;0;454759,362999999900000;5402517,426999999200000;8,384252197000023;48,774014918000034;0
10337;08200410335100628300;08;3;35;043;2020;04;15;6;3;0;1;0;1;0;0;0;0;0;510902,839100000450000;5282017,511700000600000;9,145295235000049;47,691451700000073;0
10346;08200413317100632420;08;3;17;118;2020;04;12;2;3;0;1;0;1;0;0;0;0;0;437040,116600000300000;5385215,072300000100000;8,145745926000075;48,616838003000055;0
10354;08200410311400649850;08;3;15;050;2020;04;16;6;3;0;7;0;1;0;0;0;0;1;399414,506000000050000;5303333,753000000500000;7,654809933000024;47,875456751000058;0
10356;08200414226600643710;08;2;26;107;2020;04;17;3;3;4;2;0;1;1;0;0;0;0;475077,358000000010000;5484229,333300000100000;8,655728925000062;49,510178195000037;0
10359;08200410231000645490;08;2;36;044;2020;04;14;6;3;0;1;0;1;0;0;0;0;0;480951,700000000190000;5407447,566999999800000;8,740507974000025;48,819718902000034;0
10363;08200404111230634610;08;1;11;000;2020;04;10;7;3;6;6;0;1;0;1;0;0;0;508280,428000000310000;5397427,332000000400000;9,112601700000027;48,729814211000075;0
10369;08200410231000645120;08;2;36;044;2020;04;11;6;2;3;6;0;1;1;0;0;0;0;481718,226700000460000;5407229,458799999200000;8,750959863000048;48,817779872000074;0
10370;08200403426010618950;08;4;26;134;2020;04;13;6;2;6;7;0;0;1;1;0;0;0;559455,014999999660000;5335876,390000000600000;9,799717725000051;48,173345874000063;0
10373;08200410226700638610;08;2;26;060;2020;04;18;6;3;3;2;0;1;1;0;0;0;0;477816,150600000280000;5463275,120400000400000;8,694732082000030;49,321804856000028;0
10378;08200413117010632010;08;1;17;024;2020;04;12;2;3;0;7;0;1;0;0;0;0;0;563000,477199999620000;5388994,376399999500000;9,855379316000040;48,650829467000051;0
10385;08200403216200619800;08;2;16;041;2020;04;15;6;2;2;6;0;1;0;0;0;0;0;430603,783499999900000;5393038,076400000600000;8,057116803000042;48,686524685000052;0
10391;08200403121200381250;08;1;21;000;2020;04;21;6;3;0;2;2;1;0;0;0;0;0;516267,271999999880000;5444543,958000000600000;9,223091576000059;49,153501125000048;0
10393;08200412128100630370;08;1;28;126;2020;04;15;1;3;3;2;0;1;0;0;0;0;0;565293,829499999990000;5481330,954399999200000;9,901412831000073;49,481107772000030;0
10403;08200402335400618540;08;3;35;079;2020;04;14;5;3;0;1;0;1;0;0;0;0;0;504602,992399999870000;5300350,679600000400000;9,061535552000066;47,856480666000039;0
10407;08200410215402635440;08;2;15;009;2020;04;18;6;2;0;1;0;1;0;0;0;0;0;469252,970999999900000;5439969,219399999800000;8,578684251000027;49,111796213000048;0
10408;08200424235200680960;08;2;35;046;2020;04;08;6;3;6;4;0;0;1;1;0;0;0;479573,431200000460000;5379348,645400000700000;8,723121790000050;48,566897438000069;0
10409;08200422317100668340;08;3;17;089;2020;04;09;4;3;8;7;0;1;0;0;0;0;0;428769,338399999770000;5378883,565500000500000;8,034627262000072;48,558999227000072;0
10414;08200426126100661990;08;1;26;047;2020;04;16;1;3;3;2;0;1;0;0;1;0;0;551284,261699999680000;5453968,046099999900000;9,704497123000067;49,236341067000069;0
10418;08200422231202673170;08;2;36;043;2020;04;11;4;2;0;7;0;1;0;0;0;0;0;469018,237599999640000;5411519,359300000600000;8,577636162000033;48,855866674000026;0
10427;08200427119400663450;08;1;19;091;2020;04;06;2;3;0;1;0;1;0;0;0;0;0;525978,018000000160000;5405258,526900000900000;9,353754311000046;48,799775713000031;0