OBJECTID;UIDENTSTLAE;ULAND;UREGBEZ;UKREIS;UGEMEINDE;UJAHR;UMONAT;USTUNDE;UWOCHENTAG;UKATEGORIE;UART;UTYP1;ULICHTVERH;IstRad;IstPKW;IstFuss;IstKrad;IstGkfz;IstSonstige;LINREFX;LINREFY;XGCSWGS84;YGCSWGS84;STRZUSTAND
10434;08200425435200659740;08;4;35;067;2020;04;18;7;2;5;3;0;1;1;0;0;0;0;528282,482300000270000;5291248,604800000800000;9,377498933000027;47,773980668000036;0
10435;08200428436200668210;08;4;36;064;2020;04;14;3;3;5;7;0;1;0;0;0;0;1;542772,473899999630000;5292563,664699999600000;9,571024634000025;47,785013379000077;0
10438;08200425215502661240;08;2;15;029;2020;04;16;7;2;0;7;0;1;0;0;0;0;0;467480,525500000450000;5448261,975500000600000;8,553728328000034;49,186299283000039;0
10445;08200422212702650530;08;2;15;096;2020;04;05;4;3;5;2;1;1;1;0;0;0;0;463944,316999999810000;5418317,102000000000000;8,507867915000077;48,916741391000073;0
10448;08200422135200653340;08;1;35;019;2020;04;14;4;2;0;1;0;1;0;0;0;0;0;585293,566999999810000;5389931,194199999800000;10,158197256000051;48,656610441000055;0
10449;08200423335300656330;08;3;35;075;2020;04;07;5;3;5;3;0;1;1;0;0;0;0;492974,887199999760000;5287163,966700000700000;8,906297699000049;47,737811366000074;0
10463;08200422118000664210;08;1;18;047;2020;04;17;4;2;5;3;0;1;1;0;0;0;0;506800,274000000210000;5426377,096799999500000;9,092954799000040;48,990259116000061;0
10465;08200422116400674330;08;1;16;070;2020;04;15;4;2;4;6;0;1;0;0;0;0;1;543260,228000000120000;5384351,347200000700000;9,586892543000033;48,610740527000075;0
10471;08200422111250675020;08;1;11;000;2020;04;21;4;3;0;1;1;1;0;0;0;0;0;516121,277999999930000;5403857,846100000700000;9,219477041000062;48,787509140000054;0
10472;08200422111140666500;08;1;11;000;2020;04;18;4;3;5;2;0;1;1;0;0;0;0;509419,840699999590000;5398271,722799999600000;9,128115306000041;48,737394178000045;0
10473;08200423326400675890;08;3;26;065;2020;04;16;5;2;2;2;0;1;1;0;0;0;0;456156,129099999550000;5324383,282400000800000;8,411433526000053;48,071216956000058;0
10477;08200423317200688300;08;3;17;141;2020;04;17;5;3;0;7;0;1;0;0;0;0;0;415228,872000000440000;5375830,995999999300000;7,851773116000061;48,529858141000034;0
10478;08200421435200675100;08;4;35;059;2020;04;14;3;3;5;3;0;1;1;0;0;0;0;512684,384600000460000;5290685,473799999800000;9,169289222000032;47,769409800000062;0
10481;08200421421300651580;08;4;25;141;2020;04;18;3;3;5;3;0;1;1;0;0;0;0;566416,376000000160000;5363178,191999999800000;9,897637519000057;48,418253060000040;0
10487;08200421416010654450;08;4;16;023;2020;04;18;3;3;5;3;0;1;1;0;0;0;0;508239,401399999860000;5370137,995999999300000;9,111502027000029;48,484313998000061;0
10489;08200421416000655780;08;4;16;025;2020;04;16;3;3;0;7;0;1;0;0;0;0;0;502746,149199999870000;5360406,633899999800000;9,037099266000041;48,396813879000035;0
10490;08200427311010682670;08;3;11;000;2020;04;17;2;3;0;6;0;1;0;0;0;0;0;411917,109400000420000;5315230,353000000100000;7,819542377000062;47,984308294000073;0
10493;08200424311010676930;08;3;16;011;2020;04;23;6;2;6;7;2;0;1;1;0;0;0;415881,076299999840000;5330002,399399999500000;7,869750905000046;48,117721753000069;0
10498;08200421335300653770;08;3;35;022;2020;04;13;3;2;4;2;0;1;1;0;0;0;0;482760,315000000410000;5299382,544999999900000;8,769569080000053;47,847555200000045;0
10503;08200421326200673290;08;3;26;074;2020;04;06;3;3;5;2;1;1;1;0;0;0;0;465965,327999999750000;5323782,047100000100000;8,543156544000055;48,066406791000077;0
10512;08200425325102679210;08;3;25;012;2020;04;18;7;2;0;1;0;1;0;0;0;0;0;470260,494400000200000;5355779,103099999900000;8,598564880000026;48,354487417000030;0
10532;08200425311010661040;08;3;11;000;2020;04;17;7;3;2;6;0;1;0;1;0;0;0;412969,374900000170000;5315344,500499999200000;7,833618310000077;47,985479135000048;0
10541;08200421118500685690;08;1;18;078;2020;04;12;3;3;6;7;0;0;1;1;0;0;0;513551,532700000330000;5420855,566199999300000;9,185055335000072;48,940478246000055;0
10542;08200426335300672990;08;3;35;075;2020;04;13;1;3;5;3;0;1;1;0;0;0;0;490883,637199999760000;5289788,151100000400000;8,878349254000057;47,761396463000040;0
10546;08200420436100670400;08;4;36;055;2020;04;15;2;3;5;3;0;1;1;0;0;0;0;576325,096099999730000;5298217,092700000900000;10,019899810000027;47,832769901000063;0
10550;08200426436000678730;08;4;36;012;2020;04;12;1;3;6;4;0;0;1;1;0;0;0;548046,889000000430000;5301120,710999999200000;9,642384412000070;47,861628392000057;0
10554;08200423212010676740;08;2;12;000;2020;04;12;5;3;5;3;0;1;1;0;0;0;0;452559,030399999580000;5431601,003499999600000;8,350927171000024;49,035463366000045;0
10559;08200420335100670550;08;3;35;043;2020;04;17;2;3;8;1;0;1;0;0;0;0;0;513725,690100000240000;5279784,365399999500000;9,182843185000024;47,671304847000044;0
10565;08200424416000656630;08;4;16;025;2020;04;13;6;3;3;2;0;1;0;0;0;0;1;504931,591900000350000;5362701,833799999200000;9,066650594000066;48,417449431000080;0
10566;08200420311300649800;08;3;11;000;2020;04;15;2;2;0;7;0;1;0;1;0;0;0;412836,271999999880000;5315339,410000000100000;7,831835886000022;47,985415218000071;0
10567;08200423136010667820;08;1;36;010;2020;04;21;5;2;6;6;2;0;0;1;0;0;1;597798,090699999590000;5413203,930900000000000;10,333480817000066;48,864083145000052;0
10570;08200420311010677530;08;3;11;000;2020;04;20;2;3;5;3;0;1;1;0;0;0;0;412850,394199999980000;5318103,802500000200000;7,831463658000075;48,010283732000062;0
10572;08200423136010662310;08;1;36;034;2020;04;17;5;2;4;1;0;1;1;0;0;0;0;565424,150399999690000;5408132,858799999600000;9,891320743000051;48,822729981000066;0
10573;08200420226700775640;08;2;26;040;2020;04;12;2;3;5;3;0;1;1;0;0;0;0;475047,826999999580000;5495445,350999999800000;8,654610172000048;49,611060304000034;0
10582;08200420221200656070;08;2;21;000;2020;04;23;2;3;0;7;2;1;0;0;0;0;0;476556,151399999860000;5472854,401699999300000;8,676829519000023;49,407922460000066;0
10585;08200420221011689530;08;2;26;013;2020;04;19;2;2;6;4;0;0;1;1;0;0;0;498601,743599999700000;5477934,986700000200000;8,980707138000071;49,454072020000069;0
10586;08200420221000646610;08;2;22;000;2020;04;14;2;3;0;7;0;1;0;0;0;0;0;462184,882199999880000;5481795,476199999500000;8,477877015000047;49,487619978000055;0
10589;08200420215402654710;08;2;15;009;2020;04;02;2;3;7;7;2;1;0;0;0;0;1;471851,380099999720000;5443767,903100000700000;8,614023298000063;49,146090617000027;0
10593;08200420215202657460;08;2;15;100;2020;04;07;2;3;5;3;0;1;1;0;0;0;0;474726,682000000030000;5451877,740000000200000;8,652939154000023;49,219164999000043;0
10594;08200420212702646510;08;2;15;108;2020;04;06;2;3;5;3;0;1;1;0;0;0;0;448273,693900000300000;5422658,212500000400000;8,293439598000020;48,954678867000041;0
10600;08200420136200649700;08;1;36;018;2020;04;15;2;3;0;1;0;1;0;0;0;0;0;589249,326700000090000;5429770,316900000000000;10,220575018000034;49,014364815000079;0
10608;08200423127202667560;08;1;27;014;2020;04;15;5;2;5;3;0;1;1;0;0;0;0;578711,720999999900000;5442299,005599999800000;10,078928656000073;49,128481028000067;0
10609;08200424115300669720;08;1;15;042;2020;04;16;6;3;6;7;0;1;0;1;0;0;0;493555,036199999970000;5406791,032500000700000;8,912211158000048;48,814071406000039;0
10612;08200427317100678650;08;3;17;089;2020;04;16;2;3;4;6;0;1;0;0;0;0;0;430623,232699999590000;5378282,814700000000000;8,059849232000033;48,553803319000053;0
10614;08200420118500673430;08;1;18;049;2020;04;17;2;3;0;7;0;1;0;0;0;0;0;519127,326100000180000;5420834,266499999900000;9,261194854000053;48,940139359000057;0
10618;08200423126200675670;08;1;26;066;2020;04;18;5;3;5;3;0;1;1;0;0;0;0;536782,235100000170000;5450051,354499999400000;9,504932000000053;49,202153828000064;0
10623;08200420115200670980;08;1;15;021;2020;04;15;2;3;5;3;0;1;1;0;0;0;0;489759,158999999990000;5382689,084000000700000;8,861104425000065;48,597198061000029;0
10627;08200419437200647040;08;4;37;008;2020;04;12;1;3;0;1;0;1;0;0;0;0;0;520839,843200000000000;5328481,299200000200000;9,279963046000034;48,109253356000067;0
10628;08200424212010665370;08;2;12;000;2020;04;22;6;3;6;4;2;0;0;1;1;0;0;452842,050200000410000;5429102,477900000300000;8,355089592000070;49,013010822000069;0
10630;08200425117010659520;08;4;25;071;2020;04;14;7;2;5;3;0;1;1;0;0;0;0;555003,963999999690000;5370551,341000000000000;9,744379121000065;48,485679626000035;0
10632;08200427212010682240;08;2;12;000;2020;04;19;2;3;5;3;0;1;1;0;0;0;0;456408,493200000380000;5425498,588700000200000;8,404246481000030;48,980855633000033;0
10634;08200427111500675210;08;1;11;000;2020;04;19;2;3;6;4;1;0;1;1;0;0;0;511447,926799999550000;5406421,852800000500000;9,155925240000045;48,810678272000075;0
10643;08200419335300647080;08;3;35;077;2020;04;16;1;3;0;1;0;1;0;0;0;0;0;493539,738599999810000;5294260,791699999900000;8,913726248000046;47,801671235000072;0
10647;08200425235100659910;08;2;35;033;2020;04;13;7;3;5;3;0;1;1;0;0;0;0;459238,065000000410000;5406150,923000000400000;8,444845954000073;48,807009649000065;0
10655;08200425311300676600;08;3;11;000;2020;04;00;7;2;0;1;2;1;0;0;0;0;0;413147,753899999890000;5315427,080900000400000;7,835991724000053;47,986246222000034;0
10656;08200428119200678280;08;1;19;093;2020;04;19;3;2;5;3;0;1;1;0;0;0;0;524737,977699999700000;5405124,868400000000000;9,336860388000048;48,798623936000070;0
10657;08200419311010647260;08;3;11;000;2020;04;18;1;2;6;4;0;0;1;1;0;0;0;411435,019999999550000;5316107,789000000800000;7,812902000000065;47,992134499000031;0
10658;08200423118500676450;08;1;18;053;2020;04;05;5;3;5;3;1;1;1;0;0;0;0;515120,178000000310000;5426986,328999999900000;9,206703944000026;48,995591831000070;0
10659;08200419311010173010;08;3;11;000;2020;04;11;1;3;3;6;0;1;0;0;0;0;0;412625,547600000170000;5316404,331299999700000;7,828795623000076;47,994965775000026;0
10666;08200424212010667450;08;2;12;000;2020;04;13;6;3;5;7;0;1;1;0;0;0;0;452793,823900000190000;5429349,630899999300000;8,354401367000037;49,015230281000072;0
10668;08200419226300650750;08;2;26;056;2020;04;13;1;2;5;3;0;1;0;0;0;0;0;484021,660000000150000;5471113,351500000800000;8,779809653000029;49,392503670000053;0
10670;08200419225100668740;08;2;25;074;2020;04;09;1;3;5;3;0;1;1;0;0;0;0;506995,319000000130000;5466582,916999999400000;9,096320005000052;49,351921797000045;0
10671;08200425435200660810;08;4;35;034;2020;04;17;7;3;0;1;0;1;0;0;0;0;0;525628,842400000430000;5283162,065199999100000;9,341604051000047;47,701333537000039;0
10672;08200428436400759650;08;4;36;082;2020;04;10;3;3;6;2;0;0;1;1;0;0;0;547717,541199999860000;5295673,356000000600000;9,637380794000023;47,812643713000057;1
10675;08200419136300668010;08;1;36;034;2020;04;17;1;2;5;3;0;1;1;0;0;0;0;562863,347299999560000;5410100,139900000800000;9,856738894000046;48,840689875000066;0
10676;08200425216300670960;08;2;16;033;2020;04;12;7;3;5;3;0;1;1;0;0;0;0;447857,042500000450000;5412691,062100000700000;8,289022018000026;48,864988720000042;0
10677;08200427417100668310;08;4;17;063;2020;04;16;2;3;9;1;0;1;0;0;1;0;0;507718,054999999700000;5333307,580199999700000;9,103772572000025;48,152969475000077;0
10682;08200419127202646400;08;1;27;014;2020;04;16;1;3;8;1;0;1;0;0;0;0;0;578796,429299999960000;5440127,665500000100000;10,079665552000051;49,108941507000054;0
10683;08200423117010654110;08;1;17;038;2020;04;17;5;2;6;4;0;0;1;1;0;0;0;547306,450899999590000;5397528,993000000700000;9,643289634000041;48,728988131000051;0
10685;08200426231102664250;08;2;36;040;2020;04;10;1;3;5;3;0;1;1;0;0;0;0;490687,459999999960000;5422228,270999999700000;8,872799409000038;48,952904999000054;0
10687;08200424435100677740;08;4;35;016;2020;04;16;6;2;0;7;0;1;0;0;0;0;0;535905,623100000430000;5281551,727900000300000;9,478445365000027;47,686355247000051;0
10690;08200419116010656290;08;1;16;077;2020;04;14;1;2;5;3;0;1;1;0;0;0;0;518523,213200000110000;5387908,572899999100000;9,251460870000074;48,643962966000061;0
10694;08200423116400664450;08;1;16;070;2020;04;07;5;3;4;6;0;1;0;0;0;0;1;539545,277999999930000;5381083,619000000900000;9,536184684000034;48,581590317000064;0
10695;08200419111140647350;08;1;11;000;2020;04;15;1;2;0;7;0;1;0;0;0;0;0;513229,959900000130000;5401052,952500000600000;9,180024269000057;48,762344759000030;0
10701;08200425212010671960;08;2;15;102;2020;04;18;7;3;2;6;0;1;1;0;0;0;0;455750,162999999710000;5435413,945000000300000;8,394167995000032;49,069998189000046;0
10702;08200427326400674890;08;3;26;074;2020;04;06;2;3;9;1;0;1;0;0;0;0;0;461978,508700000120000;5323359,053300000700000;8,489681634000021;48,062376008000058;1
10707;08200418436000661470;08;4;36;083;2020;04;09;7;2;2;6;0;1;0;0;0;0;0;529845,539099999700000;5302289,559200000000000;9,399122005000038;47,873248351000029;0
10710;08200418436000645410;08;4;36;008;2020;04;21;7;2;0;6;2;1;0;1;0;0;0;547981,063099999910000;5310480,348500000300000;9,642545680000069;47,945839848000048;0
10711;08200426216100687970;08;2;16;023;2020;04;15;1;3;9;1;0;1;0;0;0;0;0;435510,730399999770000;5409015,013800000800000;8,121275506000075;48,830762581000045;0
10719;08200418327100668700;08;3;27;050;2020;04;17;7;2;0;1;0;1;0;0;0;0;0;487066,116799999960000;5315236,058100000000000;8,826645583000072;47,990294682000069;0
10721;08200423111500759940;08;1;11;000;2020;04;17;5;2;5;3;0;1;1;0;0;0;0;516627,122999999670000;5407376,899000000200000;9,226506133000044;48,819152710000026;0
10722;08200418317200648020;08;3;17;153;2020;04;23;7;3;4;6;2;1;1;0;0;0;0;425627,324000000020000;5392021,207000000400000;7,989695444000063;48,676805059000060;0
10724;08200428216200685280;08;2;16;008;2020;04;17;3;3;5;3;0;1;1;0;0;0;0;440658,448699999600000;5392248,964099999500000;8,193827067000029;48,680463476000057;0
10728;08200418316200667050;08;3;16;045;2020;04;13;7;2;5;3;0;1;1;0;0;0;0;415185,766499999910000;5324831,747700000200000;7,861437817000024;48,071118154000033;0
10730;08200418311010666340;08;3;15;056;2020;04;19;7;2;0;1;0;1;0;0;0;0;0;416168,734799999740000;5310227,040500000100000;7,877485227000022;47,939872293000064;0
10733;08200418231202674360;08;2;36;043;2020;04;14;7;2;8;1;0;1;0;0;0;0;0;470974,084900000130000;5412066,797000000300000;8,604260058000023;48,860885806000056;0
10735;08200423111500664220;08;1;11;000;2020;04;11;5;3;0;7;0;0;0;1;1;0;0;517206,508999999610000;5406022,491000000400000;9,234342069000036;48,806952901000045;0
10737;08200418226500653740;08;2;26;085;2020;04;15;7;3;8;1;0;1;0;0;0;0;0;492501,024199999870000;5451395,411399999600000;8,897029906000057;49,215301800000077;0
10738;08200426136100681260;08;1;36;045;2020;04;10;1;3;5;3;0;1;1;0;0;0;0;599612,098899999630000;5402353,201099999200000;10,355573636000031;48,766209735000075;0
10749;08200425116200771890;08;1;16;077;2020;04;17;7;3;4;2;0;1;1;0;0;0;0;517561,757000000220000;5391210,099999999600000;9,238548896000054;48,673691502000054;0
10750;08200418136300644590;08;1;36;020;2020;04;14;7;2;5;2;0;1;1;0;0;0;0;564104,057599999940000;5415253,271600000600000;9,874453221000067;48,886914285000046;0
10756;08200418119300666830;08;1;19;067;2020;04;10;7;3;5;3;0;1;1;0;0;0;0;539045,731999999840000;5407053,606000000600000;9,531867308000074;48,815239952000070;0
10759;08200418116010642490;08;1;16;081;2020;04;13;7;3;5;6;0;1;1;0;0;0;0;513290,717400000430000;5386863,184699999200000;9,180394312000033;48,634691680000060;0
10765;08200418111500655050;08;1;11;000;2020;04;19;7;3;3;6;0;1;1;0;0;0;0;516422,127100000160000;5407835,686699999500000;9,223731928000063;48,823285338000062;0
10766;08200423111230655300;08;1;11;000;2020;04;17;5;3;6;7;0;1;0;1;0;0;0;515588,167700000110000;5399146,332100000200000;9,212040748000050;48,745138323000049;0
10767;08200423436300655650;08;4;36;049;2020;04;12;5;3;0;7;0;1;0;0;0;0;0;577403,046299999580000;5284450,116000000400000;10,031848591000028;47,708792166000080;0
10776;08200417436300654670;08;4;36;078;2020;04;15;6;3;5;3;0;1;1;0;0;0;0;556994,877299999820000;5291572,020500000600000;9,760752435000029;47,774990262000074;0
10779;08200424436300677600;08;4;36;081;2020;04;17;6;3;0;7;0;1;0;0;0;0;0;562774,296000000090000;5282029,544600000600000;9,836510413000042;47,688602781000043;0
10780;08200417426200662640;08;4;26;013;2020;04;15;6;3;5;3;0;1;1;0;0;0;0;545668,040000000040000;5323875,321000000500000;9,612998687000072;48,066519013000061;0
10781;08200422436400759580;08;4;36;013;2020;04;16;4;3;0;6;0;1;1;0;0;0;0;544384,040599999950000;5297321,571499999600000;9,593025412000031;47,827711271000055;0
10789;08200425435100677440;08;4;35;035;2020;04;07;7;3;5;3;0;1;1;0;0;0;0;542118,781000000420000;5282616,165999999300000;9,561335167000038;47,695557193000070;1
10790;08200428426010677910;08;4;26;074;2020;04;14;3;2;5;3;0;1;1;0;0;0;0;556418,989000000060000;5326606,753000000500000;9,757656772000075;48,090231287000051;0
10793;08200417335300645300;08;3;35;100;2020;04;16;6;3;5;3;0;1;1;0;0;0;0;487851,853000000120000;5286409,063999999300000;8,837986980000039;47,730942945000038;0
10794;08200422436000656000;08;4;36;064;2020;04;16;4;2;3;6;0;1;0;0;0;0;0;540244,591699999760000;5292355,198000000800000;9,537258944000030;47,783300699000051;0
10799;08200417326400641680;08;3;26;074;2020;04;12;6;3;0;1;0;1;0;0;0;0;0;459524,353900000450000;5322836,149700000900000;8,456793343000072;48,057520596000074;0
10803;08200417325302662390;08;3;25;053;2020;04;13;6;3;3;2;0;1;1;0;0;0;0;454370,037200000140000;5341217,963300000900000;8,385653296000044;48,222543842000050;0
10809;08200426311010773270;08;3;11;000;2020;04;17;1;2;3;6;0;1;0;0;0;0;0;405959,788499999790000;5314851,780099999200000;7,739806604000023;47,980054897000059;0
10810;08200417311100654680;08;3;15;115;2020;04;19;6;3;0;3;0;0;1;1;0;0;0;408961,065600000320000;5321806,796099999900000;7,778539137000053;48,043050288000074;0
10816;08200417225100662740;08;2;25;033;2020;04;13;6;3;5;3;0;1;1;0;0;0;0;511050,501400000420000;5458708,320599999300000;9,151938448000067;49,281029088000025;0
10818;08200425127202667980;08;1;27;014;2020;04;21;7;3;0;1;2;1;0;0;0;0;0;578420,161999999550000;5441473,413000000600000;10,074772391000067;49,121093058000042;0
10821;08200417216200654790;08;2;16;007;2020;04;16;6;3;8;1;0;1;0;0;0;0;0;436690,107699999590000;5394633,273700000700000;8,139556717000062;48,701520696000046;0
10822;08200424325202676640;08;3;25;009;2020;04;10;6;3;4;2;0;1;1;0;0;0;0;467253,084699999540000;5342978,214999999900000;8,558963937000044;48,239176010000051;0
10825;08200422426010664670;08;4;25;098;2020;04;15;4;2;0;1;0;1;0;0;0;0;0;540621,997100000270000;5343191,450799999800000;9,547113732000071;48,240638645000047;0
10831;08200417136010650920;08;1;36;046;2020;04;15;6;2;5;3;0;1;0;0;1;0;0;578509,119800000450000;5420554,514599999400000;10,071941829000025;48,932937297000080;0
10832;08200417135010660140;08;1;35;015;2020;04;15;6;3;0;7;0;0;1;1;0;0;0;575461,922000000250000;5385590,424399999900000;10,023926968000069;48,618831206000038;0
10835;08200426222600674810;08;2;22;000;2020;04;18;1;3;5;3;0;1;1;0;1;0;0;462661,321999999690000;5482499,102000000000000;8,484388589000048;49,493978232000075;0
10836;08200417127100642110;08;1;27;023;2020;04;17;6;2;5;3;0;1;0;0;1;0;0;549735,121799999850000;5426162,428099999200000;9,679792080000027;48,986362770000028;0
10838;08200422417200654880;08;4;17;029;2020;04;14;4;2;2;6;0;1;1;0;0;0;0;488970,697499999780000;5340904,657900000000000;8,851509105000048;48,221270524000033;0
10840;08200425335400679380;08;3;35;079;2020;04;15;7;2;5;3;0;1;1;0;0;0;0;504271,818400000220000;5300288,296099999900000;9,057107606000045;47,855921663000061;0
10843;08200424121500686770;08;1;25;005;2020;04;21;6;3;0;7;2;1;0;0;0;0;0;515868,110200000000000;5452548,564400000500000;9,217933493000032;49,225515044000076;0
10844;08200417111500654940;08;1;11;000;2020;04;13;6;3;5;2;0;1;0;0;0;0;1;513465,452399999830000;5401491,587200000900000;9,183243028000049;48,766285640000035;0
10845;08200425119100658860;08;1;19;044;2020;04;10;7;3;5;3;0;1;1;0;0;0;0;542918,885999999940000;5425119,756799999600000;9,586521512000047;48,977495074000046;0
10852;08200416426100640900;08;4;26;021;2020;04;13;5;3;0;7;0;1;0;0;0;0;0;557600,483400000260000;5327065,398600000900000;9,773583593000069;48,094251663000080;0
10862;08200423435100674220;08;4;35;016;2020;04;10;5;3;0;3;0;1;1;0;0;0;0;536165,822999999860000;5279056,128000000500000;9,481705723000061;47,663886877000039;0
10864;08200426211021685670;08;2;11;000;2020;04;14;1;2;0;7;0;1;0;0;0;0;0;442090,104500000370000;5403851,963899999900000;8,211644428000057;48,784969058000058;0
10874;08200427221011680820;08;2;26;085;2020;04;10;2;3;3;6;0;1;1;0;0;0;0;488877,657700000330000;5448947,625900000300000;8,847344608000071;49,193228256000054;0
10877;08200424231000658240;08;2;37;040;2020;04;16;6;3;3;2;0;1;1;0;0;0;0;470462,240000000220000;5365998,243799999400000;8,600568934000023;48,446431741000026;0
10883;08200426118600682370;08;1;18;076;2020;04;15;1;3;2;6;0;1;1;0;0;0;0;503537,122000000440000;5424446,335300000400000;9,048333111000034;48,972917990000042;0
10888;08200425311010660660;08;3;36;069;2020;04;18;7;3;5;3;0;1;1;0;0;0;0;410335,821299999950000;5270107,596300000300000;7,807674143000043;47,578183846000059;0
10893;08200416211000647610;08;2;16;043;2020;04;14;5;1;5;3;0;1;0;0;0;0;1;440720,275000000370000;5415603,224999999600000;8,191298337000035;48,890542315000062;0
10902;08200422415100660360;08;4;15;050;2020;04;11;4;3;0;1;0;1;0;0;0;0;0;521328,853199999780000;5375579,790200000600000;9,288915262000046;48,532961974000045;0
10904;08200416118100641380;08;1;18;079;2020;04;12;5;3;4;2;0;1;1;0;0;0;0;510741,651300000030000;5421675,154400000300000;9,146706265000034;48,947906172000046;0
10922;08200422335400651180;08;3;35;098;2020;04;13;4;3;0;1;0;1;0;0;0;0;0;502033,373200000260000;5296104,198300000300000;9,027163404000021;47,818286467000064;0
10925;08200415436200637990;08;4;36;064;2020;04;16;4;3;0;7;0;1;0;0;0;0;0;544329,793499999680000;5292102,760800000300000;9,591767099000037;47,780761297000026;0
10927;08200422335300651230;08;3;35;075;2020;04;14;4;3;0;1;0;1;0;0;0;0;0;490720,030500000340000;5292538,322799999300000;8,876107293000075;47,786138860000051;0
10928;08200415426010636990;08;4;21;000;2020;04;13;4;2;3;6;0;1;0;0;0;0;0;574203,629800000230000;5362632,253200000200000;10,002772144000062;48,412473174000070;0
10929;08200425337100676820;08;3;37;116;2020;04;11;7;3;4;2;0;1;1;0;0;0;0;418150,132799999790000;5273760,830299999600000;7,910884297000052;47,612082071000032;0
10931;08200415421300648630;08;4;25;066;2020;04;17;4;2;3;6;0;1;1;0;0;0;0;577661,670099999760000;5347583,335300000400000;10,046719713000073;48,276689367000074;0
10935;08200425426010658480;08;4;26;044;2020;04;10;7;3;5;2;0;1;1;0;0;0;0;579876,306400000120000;5326481,862400000900000;10,072595464000074;48,086599391000050;1
10938;08200415326200635840;08;3;26;074;2020;04;15;4;3;3;3;0;1;1;0;0;0;0;467113,872000000440000;5323450,933000000200000;8,558598305000032;48,063488077000045;0
10940;08200427335300854600;08;3;35;075;2020;04;17;2;3;0;1;0;1;0;0;0;0;0;487187,279000000100000;5290337,714400000900000;8,829008229000067;47,766278292000038;0
10944;08200415317000637970;08;3;17;034;2020;04;16;4;2;5;2;0;1;1;0;0;0;0;427348,674399999900000;5361126,126299999700000;8,018462878000037;48,399106110000048;0
10946;08200422335000668520;08;3;35;001;2020;04;17;4;3;5;3;0;1;1;0;0;0;0;489452,692599999720000;5298453,175400000100000;8,859043739000072;47,839337971000077;0
10947;08200415231102647020;08;2;36;040;2020;04;19;4;3;0;1;0;1;0;0;0;0;0;488531,617800000120000;5420748,055400000900000;8,843394397000054;48,939553244000081;0
10951;08200422326200666930;08;3;26;074;2020;04;19;4;2;0;1;0;1;0;0;0;0;0;465502,192900000140000;5324964,862500000700000;8,536844662000021;48,077023437000037;0
10953;08200425335200657990;08;3;35;063;2020;04;08;7;3;0;1;0;1;0;0;0;0;0;498754,856999999840000;5288211,050000000700000;8,983389036000062;47,747269645000074;0
10964;08200415118300636980;08;1;18;046;2020;04;16;4;3;5;2;0;1;1;0;0;0;0;513647,222400000320000;5413906,638299999800000;9,186129706000031;48,877965594000045;0
10973;08200423415400681690;08;4;15;061;2020;04;18;5;3;4;1;1;1;0;0;0;0;0;514294,290099999870000;5371159,896299999200000;9,193476104000069;48,493398848000027;0
10976;08200415116400638690;08;1;16;053;2020;04;16;4;3;6;1;0;1;0;1;0;0;0;538744,610000000340000;5387993,096100000700000;9,525974329000064;48,643796939000026;0
10983;08200424118500668390;08;1;18;006;2020;04;16;6;3;5;4;0;0;0;1;0;1;0;517751,663999999870000;5421324,698799999400000;9,242430932000048;48,944592112000066;0
10985;08200425116500670670;08;1;16;081;2020;04;17;7;3;1;7;0;1;1;0;0;0;0;515594,931900000200000;5385728,743400000000000;9,211626426000066;48,624432863000038;0
10991;08200414436300635320;08;4;36;078;2020;04;18;3;3;3;6;0;1;1;0;0;0;0;556916,517599999900000;5295666,157600000500000;9,760243692000074;47,811830995000037;0
10992;08200414435200634950;08;4;35;066;2020;04;14;3;2;0;7;0;1;0;0;0;0;0;519671,371000000280000;5287352,807800000500000;9,262387813000032;47,739248791000080;0
10998;08200422317300650870;08;3;17;152;2020;04;10;4;3;5;3;0;1;1;0;0;0;0;408373,833200000230000;5348725,220699999500000;7,764861919000055;48,285093344000074;0
10999;08200507311010698800;08;3;36;069;2020;05;17;5;3;5;3;0;1;1;0;0;0;0;410325,628999999720000;5270071,330499999200000;7,807546047000074;47,577856194000049;0
11001;08200507231101723370;08;2;36;040;2020;05;12;5;3;0;7;0;1;1;0;0;0;0;489880,131699999790000;5419782,171700000800000;8,861832845000038;48,930887983000048;0
11003;08200507231000695870;08;2;31;000;2020;05;07;5;2;6;3;0;0;1;1;0;0;0;478125,637000000100000;5416064,531999999700000;8,701548984000056;48,897141589000057;0
11004;08200507226600697760;08;2;26;082;2020;05;17;5;3;3;2;0;1;0;0;0;1;0;481204,295199999590000;5481476,984400000400000;8,740493777000040;49,485642404000032;0
11011;08200507215202698050;08;2;15;097;2020;05;16;5;3;5;2;0;1;1;0;0;0;0;486064,842100000010000;5443976,081800000700000;8,808910798000056;49,148450252000032;0
11014;08200507211021697920;08;2;11;000;2020;05;16;5;3;5;3;0;1;1;0;0;0;0;446368,269000000320000;5403127,712999999500000;8,269974518000026;48,778837881000072;0
11018;08200507127100695610;08;1;27;076;2020;05;12;5;3;5;2;0;1;1;0;0;0;0;553385,234500000250000;5440358,359699999900000;9,731549714000039;49,113747689000036;0
11022;08200507121200703310;08;1;21;000;2020;05;09;5;3;5;3;0;1;1;0;0;0;0;516054,401999999770000;5442200,092399999500000;9,220078887000057;49,132422893000069;0
11023;08200507119400697070;08;1;19;091;2020;05;14;5;3;0;7;0;1;0;0;0;0;0;528139,994900000280000;5405814,283399999100000;9,383232345000067;48,804681036000034;0