OBJECTID;UIDENTSTLAE;ULAND;UREGBEZ;UKREIS;UGEMEINDE;UJAHR;UMONAT;USTUNDE;UWOCHENTAG;UKATEGORIE;UART;UTYP1;ULICHTVERH;IstRad;IstPKW;IstFuss;IstKrad;IstGkfz;IstSonstige;LINREFX;LINREFY;XGCSWGS84;YGCSWGS84;STRZUSTAND
11031;08200507118000724200;08;1;15;050;2020;05;19;5;2;4;2;0;1;1;0;0;0;0;487144,981900000010000;5400905,589500000700000;8,825082262000024;48,761026945000026;0
11041;08200506416200700360;08;4;16;041;2020;05;19;4;3;0;7;1;1;0;0;0;0;0;505457,588000000450000;5377267,005000000800000;9,073949674000062;48,548479497000073;0
11042;08200506415400695010;08;4;15;087;2020;05;17;4;3;4;2;0;1;1;0;0;0;0;513483,542000000370000;5381408,585999999200000;9,182834257000025;48,585616988000027;0
11046;08200506317600694860;08;3;17;011;2020;05;17;4;3;5;3;0;1;1;0;0;0;0;427929,271700000390000;5354455,029899999500000;8,027449122000064;48,339164191000066;0
11047;08200506317500695430;08;3;17;034;2020;05;13;4;3;5;2;0;1;1;0;0;0;0;428469,612300000150000;5359239,696399999800000;8,033926050000048;48,382265308000058;0
11049;08200506317010701200;08;3;17;040;2020;05;17;4;2;6;4;0;0;1;1;0;0;0;432482,486499999650000;5347579,284099999800000;8,089984057000038;48,277816025000050;0
11054;08200506221011759550;08;2;21;000;2020;05;02;4;3;3;7;2;1;1;0;0;0;0;477331,848100000060000;5469084,388100000100000;8,687737250000055;49,374041066000075;0
11055;08200506221011696680;08;2;21;000;2020;05;10;4;3;0;7;0;1;0;0;0;0;0;477682,039599999790000;5473443,096400000200000;8,692316410000046;49,413260011000034;0
11057;08200506212702712470;08;2;15;017;2020;05;14;4;3;8;1;0;1;0;0;0;0;0;457759,847400000320000;5417291,255400000100000;8,423565020000069;48,907122524000044;0
11062;08200506118000711310;08;1;18;014;2020;05;16;4;2;5;3;0;1;1;0;0;0;0;523469,159500000070000;5419337,187899999300000;9,320398064000074;48,926522775000080;0
11064;08200506116500712630;08;1;16;008;2020;05;20;4;2;0;1;0;1;0;0;0;0;0;519950,191899999980000;5380274,065199999100000;9,270465486000035;48,575238035000041;0
11073;08200505317500693150;08;3;17;096;2020;05;07;3;3;5;2;1;1;1;0;0;0;0;421632,671000000090000;5370364,827099999400000;7,939522981000039;48,481523170000060;0
11082;08200505212010696590;08;2;12;000;2020;05;14;3;2;6;7;0;1;0;1;0;0;0;454017,924200000240000;5428267,937400000200000;8,371263806000059;49,005592832000048;0
11088;08200505119400720960;08;1;19;079;2020;05;21;3;2;5;3;2;1;1;0;0;0;0;522986,704800000410000;5409356,248600000500000;9,313250542000048;48,836755674000074;0
11094;08200505116100700730;08;1;16;019;2020;05;19;3;3;5;3;0;1;1;0;0;0;0;523057,186999999920000;5398241,208000000600000;9,313587388000030;48,736764203000064;0
11096;08200505115200721620;08;1;15;021;2020;05;07;3;3;5;3;0;1;1;0;0;0;0;490377,023400000300000;5383203,371700000000000;8,869472519000055;48,601834509000071;0
11097;08200505115200694410;08;1;15;037;2020;05;17;3;3;0;1;0;1;0;0;0;0;0;492218,675499999900000;5385694,720000000700000;8,894406186000026;48,624272801000075;0
11098;08200505111500710490;08;1;11;000;2020;05;00;3;3;8;1;2;1;1;0;0;0;0;515545,897599999790000;5394248,824999999300000;9,211281144000054;48,701081457000043;0
11100;08200505111500693410;08;1;11;000;2020;05;18;3;3;4;7;0;1;0;0;0;0;0;515688,234299999660000;5408128,271700000400000;9,213744780000070;48,825936353000031;0
11101;08200504436400692570;08;4;36;082;2020;05;17;2;3;0;1;0;1;0;0;0;0;0;547951,310899999920000;5295600,658700000500000;9,640495098000031;47,811972282000056;0
11103;08200504416200691650;08;4;16;026;2020;05;16;2;3;0;1;0;1;0;0;0;0;0;504897,402099999600000;5363368,010299999300000;9,066196300000058;48,423442968000074;0
11116;08200504211021699440;08;2;16;049;2020;05;09;2;2;5;3;0;1;1;0;0;0;0;438004,504099999550000;5402823,258899999800000;8,156186386000059;48,775322051000046;1
11125;08200504118600692860;08;1;18;076;2020;05;18;2;3;0;1;1;1;0;0;0;0;0;505612,949000000020000;5423918,793999999800000;9,076691012000026;48,968157040000051;1
11136;08200503436500707260;08;4;36;094;2020;05;13;1;2;5;3;0;1;1;0;0;0;0;567430,125000000000000;5286125,444000000100000;9,899178492000033;47,724982670000031;0
11137;08200503436300690860;08;4;36;079;2020;05;11;1;2;3;6;0;1;0;0;0;0;0;553135,088299999940000;5288326,531600000300000;9,708840457000065;47,746120897000026;0
11140;08200503426010697320;08;4;26;045;2020;05;06;1;3;0;7;0;1;0;0;0;0;0;534111,103400000370000;5327408,164100000600000;9,458158962000027;48,099026045000073;0
11144;08200503336300720880;08;3;36;087;2020;05;13;1;3;0;7;0;1;0;0;0;0;0;419569,307699999770000;5299892,907999999800000;7,924937137000029;47,847344845000066;0
11146;08200503335200691230;08;3;35;025;2020;05;17;1;3;0;1;0;1;0;0;0;0;0;499287,080099999900000;5283144,561400000000000;8,990497510000068;47,701684109000041;0
11151;08200503235100701860;08;2;35;085;2020;05;15;1;3;0;2;0;1;1;0;0;0;0;480574,564699999990000;5398128,583399999900000;8,735810664000042;48,735874866000074;0
11157;08200503127010703280;08;1;27;014;2020;05;12;1;2;5;3;0;1;1;0;0;0;0;575481,737999999900000;5440868,849700000100000;10,034394314000053;49,116023488000053;0
11160;08200503119100702250;08;1;19;008;2020;05;00;1;3;0;1;2;1;0;0;0;0;0;532989,344399999830000;5422076,906899999800000;9,450584634000052;48,950733488000026;0
11162;08200503116100720510;08;1;16;076;2020;05;16;1;3;4;3;0;1;1;0;0;0;0;528924,311499999840000;5403732,654899999500000;9,393766937000066;48,785919273000047;0
11164;08200502437000695380;08;4;37;123;2020;05;19;7;2;2;6;0;1;1;0;0;0;0;509528,518699999900000;5309552,739800000600000;9,127586053000073;47,939220427000066;0
11166;08200502416010695940;08;4;15;061;2020;05;11;7;3;5;3;0;1;1;0;0;0;0;516436,809999999590000;5370223,001000000200000;9,222438464000049;48,484917814000028;0
11178;08200502121400708490;08;1;25;108;2020;05;16;7;3;4;6;0;1;0;0;1;0;0;493988,613699999640000;5431928,952500000600000;8,917746468000075;49,040209481000034;0
11184;08200502116400690580;08;1;16;033;2020;05;21;7;3;8;1;2;1;0;0;0;0;0;531130,604199999940000;5389401,475700000300000;9,422720191000053;48,656892217000063;0
11186;08200502111500698110;08;1;11;000;2020;05;16;7;3;4;1;0;1;1;0;0;0;0;513385,527900000100000;5401509,418800000100000;9,182155970000054;48,766447776000064;0
11189;08200501426100694090;08;4;26;128;2020;05;09;6;3;0;1;0;1;0;0;0;0;0;559735,537800000050000;5331086,551400000200000;9,802818157000047;48,130229871000040;0
11193;08200501335010703680;08;3;35;081;2020;05;18;6;2;5;3;0;1;1;0;0;0;0;489919,630099999720000;5296352,779200000700000;8,865332862000059;47,820447295000065;1
11205;08200501111210693620;08;1;11;000;2020;05;09;6;3;6;7;0;1;0;1;0;0;0;516714,479700000030000;5398548,430999999900000;9,227337221000028;48,739730426000051;0
11210;08200430417010683460;08;4;17;031;2020;04;14;5;3;5;3;0;1;1;0;0;0;0;497087,822900000030000;5357745,343200000000000;8,960676218000060;48,372870620000072;0
11222;08200430231000671810;08;2;36;040;2020;04;19;5;1;1;5;0;1;1;0;0;0;0;490224,117800000120000;5419868,954600000800000;8,866527213000040;48,931674186000066;0
11223;08200430226600777970;08;2;26;096;2020;04;16;5;3;1;5;0;1;1;0;0;0;0;476457,121000000280000;5488171,668999999800000;8,674552757000072;49,545693249000067;1
11232;08200430127202671620;08;1;27;032;2020;04;20;5;2;0;7;1;1;0;0;0;0;0;567027,302000000140000;5455606,856000000600000;9,921009090000041;49,249559480000073;0
11236;08200430119200677450;08;1;19;093;2020;04;09;5;3;5;3;0;1;1;0;0;0;0;523908,747999999670000;5406245,723999999500000;9,325634120000075;48,808739351000042;0
11238;08200430118500680060;08;1;18;078;2020;04;09;5;2;5;3;0;1;0;0;0;0;1;514951,287100000310000;5420525,644899999700000;9,204157702000032;48,937478139000063;1
11251;08200429335000971520;08;3;35;063;2020;04;17;4;3;0;6;0;1;0;0;0;0;0;500252,230000000450000;5287522,627299999800000;9,003364502000068;47,741076653000050;0
11256;08200429311010669360;08;3;11;000;2020;04;08;4;2;0;7;0;1;0;0;0;0;0;414617,417700000110000;5317696,519400000600000;7,855232748000049;48,006858607000026;1
11260;08200511135010716620;08;1;35;019;2020;05;08;2;2;6;4;0;0;1;1;0;0;0;585582,521599999630000;5393530,413499999800000;10,162864949000038;48,688943298000027;1
11261;08200508335300697080;08;3;35;100;2020;05;11;6;3;0;1;0;1;0;0;0;0;0;487805,872100000270000;5286523,822499999800000;8,837370547000035;47,731974625000078;0
11263;08200510119400702470;08;1;19;091;2020;05;14;1;3;5;2;0;1;0;0;0;0;1;526965,368700000460000;5406838,513499999400000;9,367303013000026;48,813946807000036;0
11271;08200508216300703170;08;2;16;006;2020;05;17;6;2;8;1;0;1;0;0;0;0;0;446565,591900000350000;5409294,507700000000000;8,271857507000050;48,834326371000031;0
11272;08200511118000724700;08;1;15;028;2020;05;09;2;2;6;4;0;0;1;1;0;0;0;501537,459999999960000;5403658,017999999200000;9,020930499000031;48,785918554000034;1
11273;08200510111130702600;08;1;11;000;2020;05;18;1;2;0;7;0;1;0;0;0;0;0;509963,827600000430000;5402029,758700000100000;9,135604777000026;48,771192918000054;0
11274;08200512311400706120;08;3;15;050;2020;05;18;3;3;0;7;0;1;0;0;0;0;0;399685,784900000320000;5303668,205199999700000;7,658359203000032;47,878507560000060;0
11279;08200509216300699960;08;2;16;017;2020;05;18;7;3;5;3;0;1;0;0;0;0;0;451845,633299999870000;5400744,789300000300000;8,344804973000066;48,757850658000052;0
11281;08200508212010706550;08;2;12;000;2020;05;07;6;2;5;3;0;1;1;0;0;0;0;449939,844499999660000;5431869,554899999900000;8,315061716000059;49,037671857000078;0
11283;08200513317500720500;08;3;17;096;2020;05;14;4;3;6;4;0;0;1;1;0;0;0;421375,684000000360000;5368791,707000000400000;7,936341867000067;48,467341040000065;1
11284;08200508212010701530;08;2;12;000;2020;05;07;6;3;5;3;0;1;1;0;0;0;0;455226,663099999540000;5429036,502299999800000;8,387705736000044;49,012595014000055;0
11285;08200510436200715290;08;4;36;064;2020;05;17;1;2;5;2;0;1;1;0;0;0;0;548283,693900000300000;5291437,078199999400000;9,644471163000048;47,774487931000067;0
11289;08200514335200721910;08;3;35;063;2020;05;17;5;3;5;3;0;1;0;0;0;0;0;497887,741999999620000;5287972,561000000700000;8,971822355000029;47,745121563000055;0
11292;08200508335200706310;08;3;35;055;2020;05;13;6;2;5;2;0;1;1;0;0;0;0;495067,083899999970000;5285941,082100000200000;8,934217655000055;47,726827728000046;0
11306;08200511136300728020;08;1;36;042;2020;05;20;2;3;5;3;1;1;1;0;0;0;0;546049,640999999830000;5403744,570200000000000;9,626895524000076;48,784994240000060;0
11316;08200514121600712920;08;2;25;010;2020;05;17;5;1;3;2;0;1;1;0;0;0;0;504324,288399999960000;5468856,793099999400000;9,059566756000038;49,372400208000045;0
11334;08200508121200707350;08;1;21;000;2020;05;14;6;3;0;7;0;1;0;0;0;0;0;515924,638600000180000;5444885,403999999200000;9,218406195000057;49,156581520000032;0
11345;08200509421300721660;08;4;25;028;2020;05;10;7;3;1;1;0;1;1;0;0;0;0;579163,507000000220000;5341441,552699999900000;10,065809066000043;48,221256583000070;0
11350;08200514437100734060;08;4;37;100;2020;05;14;5;3;5;3;0;1;1;0;0;0;0;537002,807099999860000;5317540,672599999200000;9,496143467000024;48,010089156000049;0
11353;08200513226600730770;08;2;26;082;2020;05;20;4;2;0;1;0;1;0;0;0;0;0;480303,877000000330000;5481905,482300000300000;8,728040789000033;49,489468080000051;0
11359;08200514212010724770;08;2;12;000;2020;05;14;5;2;5;3;0;1;1;0;0;0;0;459265,936400000010000;5428071,877000000300000;8,443038422000029;49,004197925000028;0
11361;08200511135200702660;08;1;35;019;2020;05;05;2;3;6;4;1;0;1;1;0;0;0;585450,922600000170000;5395806,179800000000000;10,161548125000024;48,709430115000032;0
11362;08200508326100719100;08;3;26;006;2020;05;17;6;3;6;4;0;0;1;1;0;0;0;459779,537999999710000;5308681,993000000700000;8,461544404000051;47,930194645000029;0
11364;08200509117300721760;08;1;17;026;2020;05;12;7;3;0;2;0;0;1;1;0;0;0;548888,770600000400000;5394112,286200000000000;9,664400253000054;48,698131156000045;0
11370;08200510231000701670;08;2;37;028;2020;05;15;1;2;3;2;0;1;1;0;0;0;0;460823,942099999640000;5377048,790500000100000;8,469201206000037;48,545316546000038;0
11372;08200508436000737050;08;4;36;011;2020;05;14;6;3;0;7;0;1;0;0;0;0;0;550121,805100000460000;5296546,420499999100000;9,669594208000035;47,820315757000060;0
11373;08200512118600715810;08;1;18;080;2020;05;08;3;3;2;6;0;1;1;0;0;0;0;507198,998900000010000;5413452,109799999700000;9,098176829000067;48,873985165000079;0
11379;08200508426100710660;08;4;26;021;2020;05;09;6;3;5;3;0;1;1;0;0;0;0;559275,782999999820000;5326149,472999999300000;9,795953743000041;48,085858179000070;0
11382;08200508426010712850;08;4;21;000;2020;05;12;6;2;5;3;0;1;1;0;0;0;0;571995,910000000150000;5353939,379000000700000;9,971453268000062;48,334534255000051;0
11404;08200513327200709040;08;3;27;046;2020;05;15;4;3;5;3;0;1;1;0;0;0;0;480185,832000000400000;5323942,028000000900000;8,734026408000034;48,068446499000061;1
11405;08200507437000698760;08;4;35;067;2020;05;14;5;2;6;6;0;1;0;1;0;0;0;530398,297000000250000;5290224,755000000800000;9,405667309000023;47,764672406000045;0
11407;08200509435100722110;08;4;35;024;2020;05;17;7;3;5;3;0;1;0;0;0;0;1;528689,249900000170000;5280033,383800000000000;9,382189303000075;47,673054609000076;0
11412;08200507436400696550;08;4;36;082;2020;05;10;5;2;0;6;0;1;0;0;0;0;0;547080,534099999820000;5295398,983699999700000;9,628842786000064;47,810222127000031;0
11415;08200513221011706900;08;2;21;000;2020;05;11;4;3;4;6;0;1;0;0;0;0;0;479210,772300000300000;5473690,810399999800000;8,713378819000070;49,415542320000043;0
11416;08200507436200716170;08;4;36;064;2020;05;18;5;3;0;7;0;1;0;0;0;0;0;546584,223000000230000;5293868,664999999100000;9,622049690000040;47,796490024000036;0
11419;08200507436100708660;08;4;36;055;2020;05;13;5;3;0;7;0;1;0;0;0;0;0;576370,192400000060000;5297403,262599999100000;10,020358788000067;47,825443309000036;0
11421;08200509416200699460;08;4;16;041;2020;05;21;7;2;0;7;2;1;0;0;0;0;0;503713,292200000030000;5373391,216399999300000;9,050280150000049;48,513624305000064;0
11427;08200508317000720490;08;3;17;026;2020;05;11;6;2;0;3;0;1;1;0;0;0;0;411711,201700000090000;5346768,483799999600000;7,810248778000073;48,267967199000054;0
11428;08200513128300732950;08;1;28;131;2020;05;12;4;3;5;2;0;1;1;0;0;0;0;540963,154000000100000;5513587,214999999900000;9,568907190000061;49,773356544000080;0
11431;08200509311010713410;08;3;15;073;2020;05;14;7;3;0;7;0;1;1;0;0;0;0;412574,310499999670000;5313175,007600000100000;7,828766304000055;47,965909923000027;0
11435;08200512135010750520;08;4;21;000;2020;05;09;3;2;7;1;0;0;1;1;0;0;0;571841,328700000420000;5365217,130300000300000;9,971296323000047;48,435998488000052;0
11448;08200512111210729190;08;1;11;000;2020;05;14;3;3;5;3;0;1;1;0;0;0;0;508298,534599999900000;5397427,338300000900000;9,112847923000061;48,729814026000042;0
11454;08200507421300695700;08;4;25;140;2020;05;16;5;2;0;7;0;1;0;0;0;0;0;580040,372000000440000;5336054,596699999600000;10,076596676000065;48,172689340000034;0
11457;08200512336400724610;08;3;36;045;2020;05;15;3;3;5;3;0;1;1;0;0;0;0;396601,688500000160000;5283657,913499999800000;7,621890715000063;47,698027561000060;0
11458;08200509216200712490;08;2;16;007;2020;05;14;7;2;6;4;0;0;1;1;0;0;0;435829,831000000240000;5394623,119000000900000;8,127867698000046;48,701341448000051;0
11459;08200515116100733990;08;1;16;056;2020;05;20;6;3;0;7;1;1;0;0;0;0;0;531368,334300000220000;5395170,984600000100000;9,426386101000048;48,708782048000046;0
11465;08200509426010700490;08;4;25;028;2020;05;17;7;2;2;6;0;1;0;0;0;1;0;576501,985899999740000;5342740,185300000000000;10,030216535000022;48,233264833000078;0
11466;08200512222400708350;08;2;22;000;2020;05;16;3;3;4;6;0;1;0;0;0;0;1;468355,411999999550000;5479298,341000000000000;8,563272003000066;49,465512381000053;0
11467;08200509117400713040;08;1;17;011;2020;05;12;7;3;2;6;0;1;0;0;0;0;0;547774,475800000130000;5399286,675200000400000;9,649857349000058;48,744763568000053;0
11469;08200507415300707530;08;4;15;059;2020;05;16;5;3;5;3;0;1;1;0;0;0;0;512951,616000000390000;5366063,536000000300000;9,175144977000059;48,447579037000025;0
11478;08200510317500701080;08;3;17;096;2020;05;17;1;3;0;7;0;1;0;0;0;0;0;422852,301400000230000;5370374,532500000700000;7,956022513000050;48,481761337000080;0
11482;08200509111500725220;08;1;11;000;2020;05;17;7;3;6;6;0;1;0;1;0;0;0;512662,741999999620000;5400057,518799999700000;9,172275368000044;48,753401679000035;0
11484;08200507337010718110;08;3;37;066;2020;05;15;5;2;5;3;0;1;1;0;0;0;0;428346,943300000390000;5267754,524900000500000;8,047525837000023;47,559253641000055;0
11485;08200511136100705310;08;1;36;088;2020;05;15;2;3;5;2;0;1;1;0;0;0;0;580790,877000000330000;5412154,354000000300000;10,101429139000061;48,857091572000058;1
11489;08200508235100699280;08;2;35;085;2020;05;12;6;2;0;7;0;1;0;0;0;0;0;481137,628399999810000;5394129,748800000200000;8,743651199000055;48,699918777000050;0
11493;08200512121100708580;08;1;25;006;2020;05;12;3;3;5;3;0;1;1;0;0;0;0;504343,372999999670000;5453189,897900000200000;9,059659277000037;49,231474175000074;0
11495;08200514121200725740;08;1;21;000;2020;05;13;5;3;5;3;0;1;1;0;0;0;0;515898,549300000070000;5442048,108400000300000;9,217936431000055;49,131059797000034;0
11508;08200515212102745390;08;2;12;000;2020;05;19;6;2;6;2;0;0;1;1;0;0;0;461777,255499999970000;5427382,270700000200000;8,477439338000067;48,998155386000064;0
11509;08200507335300777530;08;3;35;001;2020;05;13;5;2;2;6;0;1;0;0;0;0;0;487237,629399999980000;5299705,980200000100000;8,829404373000045;47,850569785000062;0
11512;08200507335200729630;08;3;35;063;2020;05;17;5;3;0;3;0;1;1;0;0;0;0;497954,178899999710000;5288109,488399999200000;8,972707983000021;47,746353793000026;0
11521;08200507327100708610;08;3;27;038;2020;05;16;5;3;5;3;0;1;1;0;0;0;0;494849,551799999550000;5312081,158900000200000;8,931005602000028;47,962019429000065;0
11524;08200507325069705020;08;3;26;060;2020;05;21;5;2;4;1;2;1;1;0;0;0;0;445191,062400000170000;5331247,314999999500000;8,263366468000072;48,132119543000044;0
11525;08200511111500706790;08;1;11;000;2020;05;12;2;2;5;2;0;1;1;0;0;0;0;517913,376400000420000;5403871,542700000100000;9,243875264000053;48,787583314000074;1
11530;08200507316200722430;08;3;16;045;2020;05;19;5;3;2;7;0;1;1;0;0;0;0;414349,372100000270000;5324105,702400000800000;7,850357711000072;48,064475391000030;0
11547;08200510222014702220;08;2;26;028;2020;05;12;1;2;5;3;0;1;1;0;0;0;0;472265,250799999570000;5486030,100099999500000;8,616757953000047;49,526253272000076;0
11548;08200508337010697630;08;3;37;126;2020;05;17;6;3;8;1;0;1;0;0;0;0;0;445005,812900000250000;5275697,712300000700000;8,267952329000025;47,632344320000072;0
11549;08200509311010718520;08;3;11;000;2020;05;09;7;3;0;7;0;1;0;0;0;0;0;411115,071999999690000;5318421,626000000200000;7,808135051000022;48,012903613000049;0
11550;08200508335300720380;08;3;35;077;2020;05;08;6;3;0;1;0;1;0;0;0;0;0;494196,235799999910000;5295077,705299999600000;8,922482515000070;47,809027658000048;0
11552;08200514118000724780;08;1;18;054;2020;05;07;5;2;5;3;0;1;1;0;0;0;0;518215,740899999630000;5422741,716299999500000;9,248832057000072;48,957325553000032;1
11556;08200519335100722130;08;3;35;043;2020;05;18;3;3;0;1;0;1;0;0;0;0;0;514846,540900000370000;5280221,462500000400000;9,197789077000039;47,675212929000054;0
11558;08200519327100743270;08;3;27;050;2020;05;18;3;3;0;1;0;1;0;0;0;0;0;486818,820199999960000;5314894,883899999800000;8,823341529000061;47,987220033000028;0
11563;08200517111500717990;08;1;11;000;2020;05;17;1;3;2;6;0;1;1;0;0;0;0;514986,034599999900000;5404167,972999999300000;9,204033116000062;48,790327401000070;0
11566;08200517111500717240;08;1;11;000;2020;05;10;1;3;0;1;0;1;0;0;0;0;0;514398,176400000230000;5401534,897500000900000;9,195937333000074;48,766654377000066;0
11567;08200519317300721570;08;3;17;026;2020;05;12;3;3;5;3;0;1;0;0;1;0;0;411892,958499999720000;5347086,248500000700000;7,812631307000061;48,270850750000079;0
11572;08200519311010722710;08;3;11;000;2020;05;19;3;3;3;2;0;1;1;0;0;0;0;414482,949900000360000;5315932,538499999800000;7,853781821000041;47,990972940000063;0
11575;08200521116500757710;08;1;16;049;2020;05;15;5;2;0;7;0;1;0;0;0;0;0;523803,891699999570000;5383867,789699999600000;9,322915381000030;48,607433029000049;0
11577;08200517111370742670;08;1;11;000;2020;05;12;1;3;0;7;0;1;0;0;0;0;0;507714,856700000350000;5406019,051699999700000;9,105071905000045;48,807112275000065;0
11582;08200521226300729890;08;2;26;029;2020;05;16;5;3;3;6;0;1;0;0;1;0;0;485692,950699999930000;5481469,270300000900000;8,802467024000066;49,485695440000029;0
11586;08200519212010724660;08;2;12;000;2020;05;09;3;2;5;3;0;1;1;0;0;0;0;459008,858599999920000;5428312,952199999200000;8,439499206000050;49,006349419000060;0
11589;08200519436200737500;08;4;36;064;2020;05;15;3;3;4;2;0;1;1;0;0;0;0;546522,716400000270000;5290913,426500000100000;9,620911716000023;47,769906192000064;0
11591;08200516435200715060;08;4;35;059;2020;05;09;7;3;4;2;0;1;1;0;0;0;0;512331,932599999940000;5290753,111099999400000;9,164587243000028;47,770025209000039;0
11596;08200516421300716940;08;4;21;000;2020;05;19;7;3;1;1;0;1;1;0;0;0;0;569153,836900000460000;5360864,843299999800000;9,934248858000046;48,397149140000067;0
11601;08200520335300754120;08;3;35;075;2020;05;15;4;3;0;4;0;1;0;1;0;0;0;488995,955900000410000;5287847,808399999500000;8,853208803000030;47,743908676000046;0
11603;08200516421300714610;08;4;25;141;2020;05;15;7;3;0;1;0;1;0;0;0;0;0;565199,649199999870000;5362850,561400000000000;9,881144195000047;48,415432968000061;0
11604;08200519119200737660;08;1;19;093;2020;05;16;3;3;6;4;0;0;0;1;1;0;0;524778,826899999750000;5403665,167899999800000;9,337328586000069;48,785491155000045;0
11605;08200519436200722050;08;4;36;064;2020;05;12;3;3;5;3;0;1;1;0;0;0;0;546468,882199999880000;5292288,796199999700000;9,620340437000039;47,782284294000078;0
11607;08200521119400740020;08;1;19;091;2020;05;13;5;2;8;1;0;1;0;0;0;0;0;530940,522300000300000;5401311,088400000700000;9,421032078000053;48,764038487000050;0
11623;08200516416200728460;08;4;16;041;2020;05;12;7;3;2;6;0;1;1;0;0;0;0;505739,611399999820000;5375401,592499999300000;9,077745351000033;48,531695113000069;0
11624;08200519117010734390;08;4;25;071;2020;05;10;3;3;5;3;0;1;1;0;0;0;0;551026,290099999870000;5370967,533299999300000;9,690603568000029;48,489759122000066;0
11627;08200519116500754480;08;1;16;049;2020;05;16;3;3;0;7;0;1;0;0;0;0;0;524100,784699999730000;5385749,621400000500000;9,327052192000053;48,624350760000027;0
11629;08200519116500722660;08;1;16;049;2020;05;10;3;3;6;7;0;0;0;1;0;0;1;528517,701000000350000;5386344,751399999500000;9,387030201000073;48,629518752000081;0
11632;08200519116010749690;08;1;16;053;2020;05;16;3;2;5;2;0;1;1;0;0;0;0;539984,263600000180000;5388748,298000000400000;9,542875287000072;48,650512484000046;0
11636;08200521116010752540;08;1;16;079;2020;05;10;5;2;3;2;0;1;0;0;1;0;0;536795,625000000000000;5375334,700899999600000;9,498396087000060;48,530040767000060;0
11637;08200519111500739180;08;1;11;000;2020;05;17;3;3;5;3;0;1;1;0;0;0;0;509191,268000000160000;5397403,507999999400000;9,124987231000034;48,729587120000076;0
11639;08200518437100753440;08;4;37;100;2020;05;15;2;3;0;6;0;1;1;0;0;0;0;537301,110500000420000;5317724,222999999300000;9,500159010000061;48,011723183000072;0
11641;08200516327200726400;08;3;27;046;2020;05;10;7;2;5;3;0;1;1;0;0;0;0;481002,865799999800000;5324129,858100000800000;8,744985319000023;48,070161267000060;0
11643;08200521216300752140;08;2;16;033;2020;05;00;5;3;0;7;2;1;0;0;0;0;0;446819,130099999720000;5413611,602700000600000;8,274751416000072;48,873180948000027;0
11654;08200516316200740050;08;3;15;095;2020;05;17;7;2;0;1;0;1;0;0;0;0;0;428968,308299999680000;5322460,765000000600000;8,046821980000061;48,051473423000061;0
11659;08200520335100771830;08;3;35;043;2020;05;12;4;3;1;5;0;1;1;0;0;0;0;513598,668399999850000;5279525,735600000200000;9,181143055000064;47,668980468000029;0
11661;08200516311010724640;08;3;11;000;2020;05;19;7;3;5;2;0;1;1;0;0;0;0;411885,157800000160000;5317716,177500000200000;7,818603866000046;48,006664581000052;0
11663;08200519436000724010;08;4;35;005;2020;05;10;3;2;5;3;0;1;1;0;0;0;0;526014,512000000100000;5286397,392999999200000;9,346937683000022;47,730427883000061;0
11664;08200520415200754510;08;4;15;053;2020;05;12;4;2;6;2;0;0;1;1;0;0;0;536541,633200000040000;5362140,876800000700000;9,493802895000044;48,411362493000070;0
11669;08200518327100721050;08;3;27;018;2020;05;13;2;2;5;3;0;1;1;0;0;0;0;473385,923000000420000;5307837,406999999700000;8,643748900000048;47,923305379000055;0
11676;08200518317000737680;08;3;17;047;2020;05;11;2;2;7;7;0;1;0;0;0;0;0;421287,251199999820000;5361424,963800000000000;7,936529647000043;48,401066486000047;0
11677;08200519426010725630;08;4;21;000;2020;05;15;3;3;4;6;0;1;0;0;0;0;0;573383,717899999580000;5357653,611899999900000;9,990823890000058;48,367785193000032;0
11679;08200520116010754540;08;1;16;019;2020;05;15;4;2;5;3;0;1;1;0;0;0;0;529502,862800000240000;5398807,931500000900000;9,401289855000073;48,741590438000060;0
11680;08200518311010721230;08;3;36;050;2020;05;17;2;3;3;6;0;1;1;0;0;0;0;399257,941100000400000;5275436,321699999300000;7,659178833000055;47,624491959000068;0
11685;08200521119100754710;08;1;19;008;2020;05;20;5;3;8;1;1;1;0;0;0;0;0;529556,661999999550000;5420108,654300000500000;9,403557886000044;48,933201712000027;0
11693;08200521237200749410;08;2;37;040;2020;05;21;5;2;0;2;2;1;1;0;0;0;0;471590,167700000110000;5367218,426799999500000;8,615738411000052;48,457460769000079;0
11697;08200521111500752870;08;1;11;000;2020;05;22;5;2;5;3;2;1;1;0;0;0;0;519131,480100000280000;5401015,538200000300000;9,260325658000056;48,761854769000081;0
11703;08200516221011737080;08;2;26;012;2020;05;09;7;2;3;6;0;1;1;0;0;0;0;475892,272699999620000;5477787,921299999600000;8,667378294000059;49,452272502000028;0
11704;08200518136300731380;08;1;36;065;2020;05;08;2;3;5;3;0;1;1;0;0;0;0;559806,027999999930000;5404332,375000000000000;9,814235781000036;48,789110939000068;0
11706;08200516216200731090;08;2;16;007;2020;05;18;7;2;8;7;0;1;0;0;0;0;0;436077,398400000300000;5399033,992900000900000;8,130548350000026;48,741042755000080;0
11711;08200518135200720970;08;1;35;032;2020;05;12;2;3;5;3;0;1;1;0;0;0;0;577791,558600000110000;5393895,888599999200000;10,057092669000042;48,693250400000068;0
11713;08200518135010751950;08;4;25;072;2020;05;11;2;3;6;7;0;0;1;1;0;0;0;583468,121399999600000;5372200,985600000200000;10,129854955000042;48,497382212000048;0