OBJECTID;UIDENTSTLAE;ULAND;UREGBEZ;UKREIS;UGEMEINDE;UJAHR;UMONAT;USTUNDE;UWOCHENTAG;UKATEGORIE;UART;UTYP1;ULICHTVERH;IstRad;IstPKW;IstFuss;IstKrad;IstGkfz;IstSonstige;LINREFX;LINREFY;XGCSWGS84;YGCSWGS84;STRZUSTAND
11714;08200516211021728220;08;2;11;000;2020;05;13;7;3;5;2;0;1;1;0;0;0;0;440422,190100000240000;5403717,399299999700000;8,188960147000046;48,783601109000074;0
11717;08200520119100754630;08;1;19;008;2020;05;19;4;3;5;2;0;1;1;0;0;0;0;531864,696000000460000;5421317,248500000700000;9,435164680000071;48,943959005000067;0
11718;08200516211000718380;08;2;16;022;2020;05;14;7;2;8;1;0;1;0;0;0;0;0;434718,138299999760000;5405293,111500000600000;8,111069189000034;48,797201908000034;0
11726;08200518121600739430;08;1;26;045;2020;05;17;2;2;6;4;0;0;1;1;0;0;0;544809,864299999550000;5468790,178200000900000;9,617226441000071;49,370168646000081;0
11727;08200520335400737190;08;3;35;098;2020;05;17;4;3;5;3;0;1;0;0;0;0;0;504364,642599999900000;5296106,919700000400000;9,058306357000049;47,818299360000026;0
11729;08200516121600756470;08;1;25;046;2020;05;11;7;3;5;2;0;1;1;0;0;0;0;520246,617200000210000;5434068,986099999400000;9,277138993000051;49,059156815000051;0
11742;08200516121500714970;08;1;25;069;2020;05;19;7;3;0;7;0;1;0;0;0;0;0;525475,398400000300000;5452721,535299999600000;9,349889404000066;49,226746651000042;0
11746;08200518117400721920;08;1;17;051;2020;05;18;2;2;0;1;0;1;0;0;0;0;0;542999,496299999770000;5395009,685699999300000;9,584462898000027;48,706637544000046;0
11747;08200521118100768350;08;1;18;079;2020;05;12;5;3;0;7;0;1;0;0;0;0;0;508041,056499999950000;5421669,269099999200000;9,109822314000041;48,947894242000075;0
11748;08200516119300739990;08;1;19;067;2020;05;18;7;3;5;3;0;1;1;0;0;0;0;540101,419099999590000;5407478,729900000600000;9,546288388000050;48,818996909000077;0
11752;08200520222400738770;08;2;26;105;2020;05;11;4;3;0;7;0;1;0;0;0;0;0;471224,372999999670000;5479082,835999999200000;8,602881244000059;49,463716703000046;0
11757;08200520111250734550;08;1;11;000;2020;05;12;4;3;3;7;0;1;1;0;0;0;0;518988,278199999590000;5402201,356100000400000;9,258431836000057;48,772526642000059;0
11759;08200518117010722320;08;4;25;071;2020;05;14;2;2;0;3;0;1;1;0;0;0;0;551715,271999999880000;5371230,672000000300000;9,699960295000039;48,492069928000035;0
11766;08200520135010737550;08;1;35;019;2020;05;15;4;1;6;4;0;0;0;1;0;1;0;584751,072999999860000;5392343,895800000100000;10,151326611000059;48,678384877000042;0
11767;08200516118000736270;08;1;15;037;2020;05;16;7;2;5;3;0;1;1;0;0;0;0;492177,410000000150000;5385953,102199999600000;8,893841333000069;48,626596741000071;0
11769;08200521221400728060;08;2;21;000;2020;05;20;5;3;4;6;1;1;0;0;0;0;0;475420,086000000130000;5470786,893400000400000;8,661297200000035;49,389280735000057;0
11771;08200517436100719920;08;4;36;055;2020;05;17;1;2;8;7;0;1;0;0;0;0;0;572221,813599999990000;5292000,362400000900000;9,964042168000049;47,777316828000039;0
11772;08200520416010732960;08;4;16;011;2020;05;17;4;2;5;3;0;1;0;0;0;0;1;505126,850999999790000;5367325,896999999900000;9,069346120000034;48,459048218000078;0
11775;08200517435100872020;08;4;35;035;2020;05;15;1;3;5;3;0;1;1;0;0;0;0;539747,802000000140000;5279994,985200000900000;9,529498825000076;47,672123865000060;0
11776;08200517435100748460;08;4;35;045;2020;05;17;1;3;0;1;0;1;0;0;0;0;0;534495,504700000400000;5284807,724600000300000;9,459913647000064;47,715727455000035;0
11777;08200520436300728860;08;4;36;018;2020;05;12;4;3;5;3;0;1;1;0;0;0;0;552160,845999999900000;5284056,138000000300000;9,695333168000047;47,707779898000069;0
11780;08200517425000717800;08;4;25;124;2020;05;14;1;3;0;1;0;1;0;0;0;0;0;550504,795699999670000;5339507,107899999200000;9,679771505000076;48,206783202000054;0
11785;08200517417010717910;08;4;17;013;2020;05;14;1;2;5;3;0;1;1;0;0;0;0;508007,997200000100000;5355813,644500000400000;9,108096919000047;48,355447805000040;0
11787;08200517327200743160;08;3;27;046;2020;05;13;1;2;8;1;0;1;0;0;0;0;0;479918,225999999790000;5324466,223999999500000;8,730409634000068;48,073154307000038;0
11788;08200520335300734100;08;3;35;097;2020;05;20;4;3;5;3;1;1;1;0;0;0;0;485035,770299999970000;5296628,427400000400000;8,800078516000042;47,822832339000058;0
11790;08200515435100770830;08;4;35;029;2020;05;15;6;3;5;3;0;1;1;0;0;0;0;545332,909500000070000;5272008,571200000100000;9,603069232000053;47,599900556000080;0
11795;08200517317600716190;08;3;17;078;2020;05;12;1;3;0;6;0;1;1;0;0;0;0;438290,546099999920000;5342132,493599999700000;8,169051741000033;48,229410357000063;0
11800;08200517311400716840;08;3;15;074;2020;05;12;1;2;7;7;0;1;0;0;0;0;0;396918,409400000240000;5298977,743499999900000;7,622476374000030;47,835879389000070;0
11804;08200517311010719450;08;3;15;041;2020;05;15;1;3;0;1;0;1;0;0;0;0;0;421667,963000000450000;5322236,713199999200000;7,948915566000039;48,048603553000078;0
11806;08200521117200727560;08;1;17;010;2020;05;11;5;3;5;2;0;1;1;0;0;0;0;568995,973299999720000;5392988,078800000300000;9,937437525000064;48,686119337000036;0
11810;08200520221011757450;08;2;21;000;2020;05;01;4;2;0;7;2;1;0;0;0;0;0;477696,324300000440000;5472836,406600000300000;8,692547424000054;49,407803455000078;0
11811;08200517221300719570;08;2;21;000;2020;05;15;1;3;2;6;0;1;1;0;0;0;0;479777,433500000280000;5473880,270600000400000;8,721181627000021;49,417265588000078;0
11814;08200517221200718220;08;2;21;000;2020;05;14;1;3;3;7;0;1;1;0;0;0;0;479326,925599999730000;5473519,302300000600000;8,714989137000032;49,414003588000071;0
11823;08200521115300739840;08;1;15;028;2020;05;20;5;3;6;2;0;0;1;1;0;0;0;500590,675599999730000;5404639,149599999200000;9,008042684000031;48,794746380000049;0
11827;08200520127202753460;08;1;27;014;2020;05;19;4;2;0;1;0;1;0;0;0;0;0;582421,151999999770000;5441562,026000000500000;10,129614386000071;49,121366572000056;0
11832;08200521231000727440;08;2;31;000;2020;05;22;5;3;0;7;2;1;0;0;0;0;0;477647,782700000330000;5415173,133500000500000;8,695078066000065;48,889105817000029;0
11837;08200515222700712860;08;2;22;000;2020;05;09;6;3;5;2;0;1;1;0;0;0;0;461599,350300000050000;5481140,800200000400000;8,469856372000038;49,481694742000059;0
11839;08200520121300772930;08;1;21;000;2020;05;17;4;3;5;3;0;1;1;0;0;0;0;514332,338700000200000;5443243,092299999700000;9,196509531000061;49,141847624000036;0
11848;08200517117200753790;08;1;17;006;2020;05;17;1;3;4;6;0;1;0;0;0;0;0;551445,767699999730000;5381682,228199999800000;9,697603574000027;48,586110835000056;0
11850;08200520336400726590;08;3;36;084;2020;05;17;4;3;8;1;0;1;0;0;0;0;0;403697,709099999630000;5283717,092199999800000;7,716429148000032;47,699656658000038;0
11857;08200521121200728230;08;1;21;000;2020;05;15;5;2;5;2;0;1;1;0;0;0;0;516771,099499999550000;5443341,245899999500000;9,229951006000022;49,142668799000035;0
11860;08200517115300757600;08;1;15;041;2020;05;12;1;3;5;3;0;1;1;0;0;0;0;492859,369699999690000;5402306,614199999700000;8,902813236000043;48,773722302000067;0
11868;08200522426010743720;08;4;25;033;2020;05;10;6;2;0;1;0;1;0;0;0;0;0;556581,825199999850000;5347358,118599999700000;9,762607586000058;48,276898280000069;0
11871;08200527436200743090;08;4;36;064;2020;05;06;4;3;4;6;0;1;0;0;0;0;0;546564,222000000070000;5290452,573000000800000;9,621416241000077;47,765756885000030;0
11873;08200522311200731250;08;3;11;000;2020;05;15;6;3;0;7;0;1;0;0;0;0;0;414765,125400000250000;5319111,812699999700000;7,856931362000069;48,019609415000048;0
11874;08200527216200768860;08;2;16;008;2020;05;19;4;2;0;1;0;1;0;0;0;0;0;440334,318599999880000;5392850,345000000700000;8,189337304000048;48,685842128000047;0
11877;08200522311010761150;08;3;16;011;2020;05;13;6;2;9;4;0;0;1;1;0;0;0;415693,868900000120000;5329133,135600000600000;7,867407905000050;48,109877746000052;0
11881;08200522311010748030;08;3;11;000;2020;05;18;6;2;0;7;0;1;0;0;0;0;0;415052,635999999940000;5320022,661000000300000;7,860605746000033;48,027841128000034;0
11883;08200527336300744480;08;3;36;107;2020;05;17;4;3;8;1;0;1;0;0;0;0;0;406600,632799999790000;5290578,171499999200000;7,753639422000049;47,761801606000063;0
11884;08200525212010759130;08;2;12;000;2020;05;09;2;3;5;3;0;1;1;0;0;0;0;452860,275700000110000;5429797,921399999400000;8,355258031000062;49,019267744000047;0
11886;08200527421200758250;08;4;21;000;2020;05;07;4;3;5;3;0;1;1;0;0;0;0;572735,503899999890000;5365863,542700000100000;9,983495992000030;48,441710412000077;0
11887;08200525221011743790;08;2;21;000;2020;05;09;2;2;1;5;0;1;1;0;0;0;0;477537,367399999870000;5470461,013199999900000;8,690490559000068;49,386431269000070;0
11890;08200524425000736090;08;4;25;073;2020;05;14;1;3;8;1;0;1;0;0;0;0;0;543461,552000000140000;5344803,910800000700000;9,585521585000038;48,254956535000076;0
11891;08200522311010741030;08;3;15;064;2020;05;00;6;2;4;6;2;1;0;0;0;0;0;420335,098699999970000;5313494,533099999700000;7,932658036000021;47,969797341000060;0
11893;08200528226600750940;08;2;26;082;2020;05;15;5;3;5;3;0;1;1;0;0;0;0;474620,485000000340000;5479849,900000000400000;8,649699199000054;49,470767641000066;0
11896;08200526116100767520;08;1;16;076;2020;05;13;3;2;9;7;0;1;0;0;0;0;0;528643,416199999860000;5402034,172900000600000;9,389824676000046;48,770653144000050;0
11897;08200527335300757680;08;3;35;075;2020;05;16;4;3;8;1;0;1;0;0;0;0;0;492438,930900000040000;5289618,193099999800000;8,899106354000026;47,759887378000030;0
11902;08200522425000739390;08;4;25;033;2020;05;10;6;3;0;1;0;1;0;0;0;0;0;556580,707899999800000;5347376,885800000300000;9,762595042000044;48,277067209000052;0
11903;08200526336400742080;08;3;36;078;2020;05;07;3;3;0;3;0;1;1;0;0;0;0;393367,016999999990000;5290149,842000000200000;7,577202292000038;47,755895643000031;0
11907;08200529116500776910;08;1;16;063;2020;05;13;6;3;5;3;0;1;1;0;0;0;0;516984,954800000410000;5383782,843100000200000;9,230409496000050;48,606891055000062;0
11915;08200527317500748120;08;3;17;021;2020;05;17;4;3;5;3;0;1;1;0;0;0;0;427502,234299999660000;5371681,302400000400000;8,018709608000052;48,494069353000043;0
11917;08200525118600756030;08;1;18;076;2020;05;16;2;3;5;3;0;1;1;0;0;0;0;504498,466300000440000;5423278,242599999500000;9,061456508000049;48,962403972000061;0
11918;08200528436100774470;08;4;36;010;2020;05;17;5;3;4;2;0;1;0;0;0;0;1;571196,410799999720000;5304231,547100000100000;9,952368023000076;47,887465261000045;0
11925;08200525231000763340;08;2;31;000;2020;05;08;2;3;3;2;0;1;1;0;0;0;0;479547,271700000390000;5417620,650900000700000;8,720867387000055;48,911188471000060;0
11930;08200527311500748530;08;3;15;113;2020;05;13;4;3;5;3;0;1;1;0;0;0;0;441206,161199999970000;5306883,691800000100000;8,213157225000032;47,912581378000027;0
11931;08200529136100771450;08;1;36;002;2020;05;10;6;3;5;3;0;1;1;0;0;0;0;569326,234100000000000;5418006,347799999600000;9,946147254000039;48,911114808000036;0
11937;08200522416000740420;08;4;16;025;2020;05;15;6;3;5;3;0;1;1;0;0;0;0;501814,870299999600000;5360665,042899999800000;9,024519217000034;48,399142040000072;0
11939;08200528118400749010;08;1;18;048;2020;05;17;5;3;5;3;0;1;0;0;0;0;0;511917,320000000300000;5418086,407999999800000;9,162658225000030;48,915601393000031;0
11940;08200527426100768090;08;4;26;021;2020;05;06;4;3;4;2;0;1;1;0;0;0;0;559392,994199999610000;5327943,384400000800000;9,797777108000048;48,101985593000052;0
11942;08200522212010759110;08;2;12;000;2020;05;13;6;3;5;3;0;1;1;0;0;0;0;459077,602800000460000;5429594,640799999200000;8,440309922000040;49,017882985000028;0
11952;08200524436200738670;08;4;36;064;2020;05;14;1;3;0;1;0;1;0;0;0;0;0;541766,284300000410000;5292115,923800000900000;9,557549304000077;47,781051046000073;0
11956;08200524111330737760;08;1;11;000;2020;05;16;1;3;0;7;0;1;0;0;0;0;0;511114,319099999960000;5409146,579600000800000;9,151455228000032;48,835195596000062;0
11959;08200527415400746260;08;4;15;061;2020;05;17;4;3;3;2;0;1;1;0;0;0;0;515064,585099999790000;5370187,082499999600000;9,203867052000021;48,484629067000071;0
11965;08200526436000775360;08;4;35;016;2020;05;17;3;2;5;3;0;1;1;0;0;0;0;537229,034300000410000;5281807,834400000100000;9,496101108000062;47,688584642000080;0
11968;08200522121200748050;08;1;21;000;2020;05;15;6;3;0;7;0;1;0;0;0;0;0;515946,429999999700000;5444986,737999999900000;9,218709074000060;49,157492484000045;0
11972;08200525119300739760;08;1;19;067;2020;05;18;2;3;5;3;0;1;1;0;0;0;0;539943,720599999650000;5406049,793099999400000;9,544001128000048;48,806153061000032;0
11978;08200524335200747560;08;3;35;055;2020;05;11;1;3;0;7;0;0;1;1;0;0;0;496493,721300000320000;5284092,837700000000000;8,953257285000063;47,710207241000035;0
11979;08200522121200745040;08;1;21;000;2020;05;12;6;3;3;6;0;1;0;0;0;0;0;516445,279299999590000;5446151,070599999300000;9,225598427000023;49,167952835000051;0
11982;08200523215402761360;08;2;15;009;2020;05;14;7;3;9;1;0;1;0;0;0;0;0;470684,657800000160000;5441647,920900000300000;8,598179666000021;49,126966408000044;1
11990;08200522118100729340;08;1;18;079;2020;05;13;6;3;0;7;0;1;0;0;0;0;1;508054,426199999640000;5421404,877599999300000;9,109999685000048;48,945515685000032;0
11993;08200524311100764920;08;3;15;043;2020;05;15;1;2;2;3;0;1;0;0;0;0;0;404558,639000000430000;5322018,639000000400000;7,719439889000057;48,044312720000050;0
11996;08200526335100766650;08;3;35;043;2020;05;15;3;3;5;3;0;1;1;0;0;0;0;510909,598699999970000;5280547,374399999200000;9,145348565000063;47,678223798000033;0
11997;08200528135010763010;08;1;35;016;2020;05;19;5;3;4;2;0;1;1;0;0;0;0;591922,965599999760000;5386225,563799999700000;10,247373926000023;48,622341642000038;0
12000;08200525317500762780;08;3;17;096;2020;05;17;2;3;5;2;0;1;1;0;0;0;0;421049,553399999630000;5368527,142699999700000;7,931980589000034;48,464920457000062;0
12004;08200525115200749860;08;1;15;021;2020;05;08;2;2;5;3;0;1;1;0;0;0;0;489202,174200000240000;5384025,456900000600000;8,853515355000070;48,609210993000033;0
12013;08200525222000735500;08;2;22;000;2020;05;00;2;3;0;7;2;1;0;0;0;0;0;461756,014000000430000;5481179,977000000000000;8,472015321000072;49,482057009000073;0
12022;08200524435200874780;08;4;35;005;2020;05;16;1;3;5;2;0;1;1;0;0;0;0;526114,810499999670000;5286465,420499999100000;9,348279351000031;47,731035905000056;0
12023;08200522116200852680;08;1;16;078;2020;05;18;6;2;2;3;0;1;1;0;0;0;0;510210,052500000220000;5393413,145600000400000;9,138742374000060;48,693673792000027;0
12024;08200527117400760070;08;1;17;018;2020;05;13;4;3;0;6;0;1;1;0;0;0;0;539830,521399999970000;5396237,636600000800000;9,541509795000025;48,717894222000041;0
12026;08200523435200767780;08;4;35;018;2020;05;03;7;2;1;5;2;1;1;0;0;0;0;524030,007600000130000;5280393,873999999800000;9,320141255000067;47,676488096000071;0
12027;08200522116200774990;08;1;16;077;2020;05;17;6;3;0;7;0;1;0;0;0;0;0;514966,661299999800000;5389061,410299999600000;9,203221118000045;48,654429303000029;0
12035;08200522115300748470;08;1;15;028;2020;05;14;6;3;1;5;0;1;1;0;0;0;0;498787,538099999540000;5401533,850099999500000;8,983500186000072;48,766810328000076;0
12037;08200527212010749360;08;2;15;108;2020;05;18;4;2;5;3;0;1;1;0;0;0;0;452179,687599999830000;5423123,402899999200000;8,346735471000045;48,959177750000038;0
12041;08200527115100748600;08;1;15;013;2020;05;15;4;3;5;3;0;1;1;0;0;0;0;495602,566999999810000;5389700,848999999500000;8,940283568000041;48,660345575000065;0
12042;08200528231202771350;08;2;36;072;2020;05;18;5;3;5;2;0;1;1;0;0;0;0;464230,814000000250000;5410930,649000000200000;8,512424578000037;48,850313375000042;0
12045;08200526117100761570;08;1;17;019;2020;05;20;3;3;0;1;0;1;0;0;0;0;0;552940,555800000210000;5393359,067900000100000;9,719363270000031;48,691024986000059;0
12047;08200527335300758690;08;3;35;075;2020;05;10;4;3;5;3;0;1;1;0;0;0;0;488574,624200000430000;5290029,213500000500000;8,847531041000025;47,763528636000046;0
12051;08200522111500730490;08;1;11;000;2020;05;11;6;3;5;3;0;1;1;0;0;0;0;512278,175499999900000;5410934,497500000500000;9,167368659000033;48,851257465000060;0
12052;08200522335100732450;08;3;35;043;2020;05;15;6;3;0;1;0;1;0;0;0;0;0;508505,402800000270000;5287215,497300000900000;9,113447663000045;47,738257198000042;0
12053;08200526337010744530;08;3;37;076;2020;05;19;3;3;0;7;0;1;1;0;0;0;0;427581,310800000090000;5271475,297399999600000;8,036736088000055;47,592642917000035;0
12062;08200526111500766740;08;1;11;000;2020;05;19;3;3;9;1;0;1;0;0;0;0;0;514761,218600000250000;5401484,484999999400000;9,200875947000043;48,766192365000052;0
12078;08200524436400737600;08;4;36;087;2020;05;15;1;3;0;1;0;1;0;0;0;0;0;547726,263399999590000;5302080,750499999200000;9,638203964000070;47,870289616000036;0
12080;08200527317100760580;08;3;17;089;2020;05;13;4;3;0;7;0;1;0;0;0;0;0;432153,493999999950000;5375571,611400000800000;8,081025181000030;48,529583018000039;0
12088;08200526221011740820;08;2;26;022;2020;05;14;3;2;2;2;0;1;1;0;0;0;0;480712,044800000270000;5468761,746600000200000;8,734315864000052;49,371255317000077;0
12090;08200527435100744230;08;4;35;030;2020;05;12;4;3;0;7;0;1;0;0;0;0;0;541486,515300000090000;5271669,430900000000000;9,551870652000048;47,597106763000056;0
12092;08200521436300764500;08;4;36;081;2020;05;06;5;3;3;6;0;1;1;0;0;0;0;564748,713100000280000;5280788,231499999800000;9,862633697000035;47,677240291000032;0
12095;08200524435100761680;08;4;35;016;2020;05;16;1;3;0;7;0;1;0;0;0;0;0;531526,180800000210000;5280831,911100000100000;9,420038675000058;47,680107217000057;0
12096;08200521436200775780;08;4;36;069;2020;05;14;5;3;0;1;0;1;0;0;0;0;0;552418,573699999600000;5291897,802100000900000;9,699713389000067;47,778309862000071;0
12100;08200521436100740380;08;4;36;055;2020;05;14;5;3;0;7;0;1;0;0;0;0;0;576453,162200000140000;5297521,671599999100000;10,021488041000055;47,826498662000063;0
12104;08200528335100768890;08;3;35;043;2020;05;15;5;2;0;1;0;1;0;0;0;0;0;508498,229299999770000;5287217,368799999400000;9,113352017000068;47,738274132000072;0
12108;08200527416100744420;08;4;16;036;2020;05;16;4;3;0;7;0;1;0;0;0;0;0;491350,159699999730000;5371687,671599999100000;8,882911511000032;48,498249979000036;0
12110;08200527211021747970;08;2;11;000;2020;05;15;4;3;0;7;0;1;0;1;0;0;0;442233,499699999580000;5405672,790599999900000;8,213340309000046;48,801360897000052;0
12119;08200527335200767480;08;3;35;063;2020;05;12;4;3;1;3;0;1;1;0;0;0;0;497968,711500000210000;5288175,018400000400000;8,972901547000049;47,746943451000050;0
12121;08200525121400765180;08;1;25;074;2020;05;19;2;3;8;1;1;1;0;0;0;0;0;509205,989400000310000;5439559,977299999400000;9,126138737000076;49,108814764000044;0
12122;08200529111330769360;08;1;11;000;2020;05;10;6;3;5;3;0;1;1;0;0;0;0;511518,113900000230000;5410449,328199999400000;9,156994356000041;48,846907544000032;0
12123;08200524311400750720;08;3;15;006;2020;05;15;1;3;0;1;0;1;0;0;0;0;0;400973,763000000270000;5308805,760999999900000;7,674400870000056;47,924919491000026;0
12124;08200521426010743740;08;4;26;070;2020;05;17;5;2;5;3;0;1;0;0;1;0;0;568086,223199999890000;5340303,613099999700000;9,916509981000047;48,212305743000059;0
12128;08200524335300736340;08;3;35;026;2020;05;15;1;2;0;1;0;1;0;0;0;0;0;480471,206000000240000;5282338,276000000500000;8,739738718000069;47,694134671000029;0
12135;08200522435100773880;08;4;35;016;2020;05;17;6;3;0;1;0;1;0;0;0;0;0;538487,660099999980000;5283775,085500000000000;9,513046043000031;47,706210859000066;0
12136;08200527317500746230;08;3;17;096;2020;05;13;4;3;8;1;0;1;0;0;0;0;0;421811,616799999960000;5368848,644500000400000;7,942227629000058;48,467907535000052;0
12144;08200528119500761060;08;1;19;085;2020;05;22;5;3;0;6;2;1;1;0;0;0;0;528673,278400000180000;5413947,418999999800000;9,391064019000055;48,877819552000062;0
12156;08200528416010750220;08;4;15;061;2020;05;15;5;3;5;3;0;1;1;0;0;0;0;515262,029000000100000;5370854,853800000600000;9,206563412000037;48,490631816000075;0
12158;08200521415400728620;08;4;15;061;2020;05;17;5;3;0;1;0;1;0;0;0;0;0;510952,726700000460000;5364935,423499999600000;9,148084553000047;48,437467980000065;0
12163;08200525222700737740;08;2;22;000;2020;05;11;2;3;5;2;0;1;1;0;0;0;0;462870,453499999830000;5480412,648399999400000;8,487472305000040;49,475224465000053;0
12164;08200527212010762290;08;2;12;000;2020;05;11;4;2;5;3;0;1;1;0;0;0;0;449938,178100000140000;5431869,406600000300000;8,315038936000065;49,037670387000048;0
12170;08200527222014773060;08;2;22;000;2020;05;12;4;2;6;4;0;0;0;1;0;0;1;462105,982900000180000;5485030,903100000700000;8,476477293000073;49,516715958000077;0
12171;08200529127202771260;08;1;27;014;2020;05;12;6;2;4;6;0;1;0;0;0;0;0;575488,743700000460000;5440863,168299999100000;10,034489240000028;49,115971529000035;0
12172;08200524436200734970;08;4;36;064;2020;05;19;1;3;4;2;0;1;1;0;0;0;0;545279,830000000070000;5290170,433000000200000;9,604247169000075;47,763309974000038;0
12177;08200521335400767650;08;3;35;079;2020;05;15;5;2;0;1;0;1;0;0;0;0;0;501161,633000000380000;5299780,603900000500000;9,015527877000068;47,851366897000048;0
12181;08200527136100777740;08;1;36;082;2020;05;14;4;2;8;7;0;1;0;0;0;0;0;593583,469200000170000;5419969,972600000000000;10,277579442000047;48,925584052000033;0
12185;08200526435200756480;08;4;35;047;2020;05;06;3;3;5;3;0;1;0;0;1;0;0;512396,394100000150000;5295303,573899999300000;9,165577568000060;47,810966669000038;0
12193;08200521317200727870;08;3;17;057;2020;05;20;5;3;0;7;0;1;0;0;0;0;0;415905,769000000320000;5386097,790599999900000;7,858863152000026;48,622293879000040;0
12195;08200527335300760800;08;3;35;097;2020;05;18;4;3;5;3;0;1;1;0;0;0;0;485109,714700000360000;5296786,605200000100000;8,801060966000023;47,824257246000059;0
12198;08200529115100751850;08;1;15;013;2020;05;10;6;3;5;3;0;1;1;0;0;0;0;496727,842000000180000;5389970,846999999100000;8,955562480000026;48,662781424000059;0
12206;08200527317300745290;08;3;17;031;2020;05;11;4;3;5;2;0;1;1;0;1;0;0;418061,659900000320000;5361297,047800000800000;7,892982669000048;48,399504880000052;0
12209;08200527335000760240;08;3;35;043;2020;05;09;4;3;5;2;0;1;1;0;0;0;0;515158,189299999740000;5280855,841099999800000;9,201962930000036;47,680913606000047;1
12210;08200529215302769020;08;2;15;007;2020;05;20;6;3;5;3;0;1;1;0;0;0;0;478468,168999999760000;5431214,160800000700000;8,705420763000063;49,033432866000055;0
12212;08200528437000764300;08;4;37;104;2020;05;19;5;2;5;3;0;1;1;0;0;0;0;515848,817999999970000;5330225,932000000000000;9,212978890000045;48,125093491000030;0
12214;08200521311400753140;08;3;15;076;2020;05;12;5;3;1;5;0;1;1;0;0;0;0;393773,908300000240000;5300136,305199999400000;7,580183824000073;47,845788444000050;0
12215;08200522316100745350;08;3;16;051;2020;05;06;6;3;5;3;0;1;1;0;0;0;0;403039,008999999610000;5335088,016000000800000;7,696085914000037;48,161638784000047;0
12216;08200526327200773800;08;3;27;046;2020;05;15;3;3;0;1;0;1;0;0;0;0;0;480533,223000000230000;5324343,604000000300000;8,738671236000073;48,072070171000064;0
12217;08200528127202769340;08;1;27;014;2020;05;13;5;3;5;3;0;1;1;0;0;0;0;578398,144999999550000;5442784,756500000100000;10,074725595000075;49,132889871000032;0
12219;08200522435100768270;08;4;35;016;2020;05;09;6;3;2;6;0;1;1;0;0;0;0;536783,269299999810000;5281737,058800000700000;9,490155259000062;47,687973377000048;0
12220;08200528116010775860;08;1;16;078;2020;05;17;5;3;6;4;0;0;0;1;0;0;1;512287,957499999550000;5392843,777000000700000;9,166961562000040;48,688514253000051;0
12222;08200522426100731120;08;4;26;128;2020;05;13;6;3;0;1;0;1;0;0;0;0;0;558052,985399999660000;5329392,949500000100000;9,779976931000022;48,115149680000059;0
12225;08200524436400738710;08;4;36;014;2020;05;14;1;3;5;3;0;1;1;0;0;0;0;555949,489000000060000;5299862,551899999400000;9,747870317000036;47,849669452000057;0
12227;08200528335100770420;08;3;35;043;2020;05;17;5;3;5;2;0;1;1;0;0;0;0;512054,746100000110000;5280895,999099999700000;9,160614930000065;47,681340263000038;0
12228;08200524118000750330;08;1;15;050;2020;05;14;1;3;4;2;0;1;1;0;0;0;0;487147,014100000260000;5400905,368100000500000;8,825109921000035;48,761024995000071;0
12233;08200602436200786640;08;4;36;064;2020;06;12;3;3;0;1;0;1;0;0;0;0;0;545679,067800000310000;5287191,471899999300000;9,609261680000031;47,736479877000079;0
12238;08200601436500793740;08;4;36;081;2020;06;10;2;3;3;6;0;1;0;0;1;0;0;562669,595200000330000;5284740,046399999400000;9,835504912000033;47,712998517000074;0
12240;08200601436400786850;08;4;36;096;2020;06;16;2;3;5;2;0;1;0;0;1;0;0;544896,582600000310000;5300111,233999999200000;9,600162629000067;47,852774132000036;0
12241;08200530128010770730;08;2;25;115;2020;05;17;7;1;9;1;0;0;1;1;0;0;0;520705,402900000100000;5473917,263000000300000;9,285477318000062;49,417582087000028;0
12247;08200601436100787340;08;4;36;055;2020;06;16;2;3;3;6;0;1;0;0;0;0;1;576829,578099999580000;5297268,247700000200000;10,026471536000031;47,824174000000028;0
12254;08200603335200781460;08;3;35;063;2020;06;12;4;3;0;1;0;1;0;0;0;0;0;500227,607699999590000;5287447,762499999300000;9,003036026000075;47,740403059000073;0
12259;08200601337200803460;08;3;37;128;2020;06;11;2;2;0;1;0;1;0;0;0;0;0;445111,283300000240000;5282045,418400000800000;8,268558853000059;47,689463505000049;0
12260;08200530127100753030;08;1;27;100;2020;05;14;7;3;0;1;0;1;0;0;0;0;0;552954,152800000270000;5435428,724700000100000;9,724997022000025;49,069444127000054;0
12274;08200602119400809650;08;1;19;091;2020;06;09;3;3;0;1;0;1;0;0;0;0;0;527771,194299999620000;5406744,500299999500000;9,378272786000025;48,813065595000069;0
12277;08200602226700793980;08;2;26;046;2020;06;19;3;3;0;7;1;1;0;0;0;0;0;475232,387199999760000;5454645,787699999300000;8,659712544000058;49,244084507000082;0
12279;08200530125102776860;08;1;25;098;2020;05;20;7;3;6;1;1;0;1;1;0;0;0;521371,180900000040000;5437881,759500000600000;9,292733472000066;49,093416171000058;0
12284;08200601317500779530;08;3;17;096;2020;06;19;2;3;0;7;0;1;0;0;0;0;0;423297,323400000110000;5372626,674900000900000;7,961630015000026;48,502073671000062;0
12285;08200602311300791540;08;3;11;000;2020;06;15;3;3;4;1;0;1;1;0;0;0;0;415689,056400000120000;5315639,287900000800000;7,870002049000050;47,988495176000072;0
12289;08200601317100780060;08;3;17;001;2020;06;17;2;3;3;6;0;1;0;0;0;0;0;430913,246299999770000;5389447,182600000900000;8,061920682000050;48,654259196000055;0
12290;08200606111140786110;08;1;11;000;2020;06;15;7;3;0;1;0;1;0;0;0;0;0;513134,750000000000000;5400476,809599999300000;9,178710336000052;48,757163823000042;1