OBJECTID;UIDENTSTLAE;ULAND;UREGBEZ;UKREIS;UGEMEINDE;UJAHR;UMONAT;USTUNDE;UWOCHENTAG;UKATEGORIE;UART;UTYP1;ULICHTVERH;IstRad;IstPKW;IstFuss;IstKrad;IstGkfz;IstSonstige;LINREFX;LINREFY;XGCSWGS84;YGCSWGS84;STRZUSTAND
12291;08200603311010781980;08;3;36;019;2020;06;17;4;3;5;3;0;1;1;0;0;0;0;394455,046199999750000;5276394,842199999800000;7,595043237000027;47,632349084000055;0
12295;08200530121500754770;08;1;25;063;2020;05;11;7;2;0;1;0;1;0;0;0;0;0;528964,665000000040000;5467077,839800000200000;9,398851718000060;49,355725700000050;0
12296;08200602119400786240;08;1;19;089;2020;06;11;3;3;0;1;0;1;0;0;0;0;0;533993,805999999870000;5407893,082000000400000;9,463123827000061;48,823088503000065;0
12298;08200601311200786570;08;3;11;000;2020;06;17;2;2;0;7;0;1;0;0;0;0;0;410766,854000000280000;5320694,649000000200000;7,802993482000034;48,033301343000062;0
12300;08200601311100800670;08;3;15;133;2020;06;19;2;2;5;3;0;1;1;0;0;0;0;400477,137699999850000;5327783,868899999200000;7,663350104000074;48,095545486000049;0
12302;08200605311400784630;08;3;15;074;2020;06;16;6;2;0;1;0;1;0;0;0;0;0;396758,393099999990000;5296512,919399999100000;7,620926132000022;47,813682986000060;0
12304;08200601311010779520;08;3;15;073;2020;06;12;2;2;0;7;0;1;0;0;0;0;0;412564,589900000020000;5313263,975299999100000;7,828618008000035;47,966708892000042;0
12305;08200605416010784650;08;4;15;061;2020;06;09;6;3;0;2;0;1;1;0;0;0;0;515366,018099999990000;5370788,333900000900000;9,207968392000055;48,490030845000035;0
12310;08200602436000791300;08;4;35;016;2020;06;17;3;3;4;2;0;1;1;0;0;0;0;536496,479299999770000;5277802,437400000200000;9,486005000000034;47,652588345000026;0
12314;08200604317500792460;08;3;17;096;2020;06;13;5;3;8;7;0;1;0;0;0;0;0;422903,317999999970000;5368454,893999999400000;7,957066733000033;48,464500543000042;1
12328;08200601222700795450;08;2;22;000;2020;06;18;2;3;0;3;0;1;0;0;1;0;0;461716,405299999750000;5481065,733999999200000;8,471479580000050;49,481026955000061;0
12331;08200601221300785210;08;2;21;000;2020;06;12;2;3;0;1;0;1;0;0;0;0;0;483715,683799999770000;5473495,725299999100000;8,775495488000047;49,413924816000076;0
12338;08200603426300781850;08;4;26;124;2020;06;17;4;3;1;3;0;1;1;0;0;0;0;545526,043100000360000;5332911,022399999200000;9,612057221000043;48,147818903000029;0
12339;08200601212102779760;08;2;12;000;2020;06;16;2;3;5;2;0;1;1;0;0;0;0;461835,186499999840000;5424025,834300000200000;8,478546404000042;48,967966919000048;0
12349;08200601136100792140;08;1;36;088;2020;06;11;2;3;0;1;0;1;0;0;0;0;0;580680,958999999800000;5409462,583599999500000;10,099400766000031;48,832895553000071;0
12352;08200601135010779020;08;1;35;019;2020;06;12;2;2;0;1;0;1;0;0;0;0;0;579774,358000000010000;5395255,838999999700000;10,084294245000024;48,705232093000063;0
12358;08200603118100158580;08;1;18;010;2020;06;19;4;3;1;5;0;1;1;0;0;0;0;506905,867700000290000;5432245,921199999700000;9,094498067000075;49,043051413000057;0
12359;08200601127200778890;08;1;27;008;2020;06;20;2;3;0;1;0;1;0;0;0;0;0;570959,769999999550000;5460912,449999999300000;9,975977412000077;49,296834002000026;0
12363;08200602311000790320;08;3;11;000;2020;06;14;3;3;5;3;0;1;1;0;0;0;0;411472,275299999860000;5319572,497099999300000;7,812686050000025;48,023305546000074;0
12365;08200530116010753210;08;1;16;014;2020;05;15;7;3;3;2;0;1;1;0;0;0;0;529449,948099999690000;5395680,298200000100000;9,400346736000074;48,713457304000030;0
12368;08200605436400791810;08;4;36;009;2020;06;09;6;3;0;2;0;1;1;0;0;0;0;555984,323499999940000;5308274,141499999900000;9,749426857000060;47,925342082000043;1
12369;08200603226300793890;08;2;26;006;2020;06;13;4;2;0;3;0;1;0;0;0;0;0;483935,845800000240000;5467214,458900000900000;8,778784542000039;49,357431020000035;0
12371;08200602436400779350;08;4;36;087;2020;06;13;3;3;0;1;0;1;0;0;0;0;0;547725,399100000040000;5302058,110600000200000;9,638189907000026;47,870085993000032;0
12372;08200601121600794030;08;1;25;046;2020;06;18;2;3;0;1;0;1;0;0;0;0;0;519895,877999999560000;5434380,912699999300000;9,272353407000026;49,061974154000040;0
12375;08200603111500796690;08;1;11;000;2020;06;21;4;2;0;1;1;1;0;0;0;0;0;509150,824500000100000;5398085,785100000000000;9,124452410000060;48,735725490000050;0
12379;08200604416010787050;08;4;15;061;2020;06;16;5;2;4;2;0;1;1;0;0;0;0;514607,667399999690000;5370988,035499999300000;9,197711691000052;48,491845519000037;1
12381;08200602216100779340;08;2;16;002;2020;06;13;3;3;1;5;0;1;1;0;0;0;0;445820,642400000240000;5425189,373600000500000;8,259597757000051;48,977236360000063;0
12382;08200601119200792280;08;1;19;020;2020;06;20;2;3;5;7;0;1;1;0;0;0;0;519689,298799999990000;5405222,506100000800000;9,268117413000027;48,799682676000032;0
12390;08200601118600778840;08;1;18;076;2020;06;09;2;3;0;4;0;0;1;1;0;0;0;504970,438599999990000;5422711,211799999700000;9,067897503000040;48,957299533000025;0
12396;08200601118010805740;08;1;15;053;2020;06;11;2;2;5;3;0;1;0;0;1;0;0;485539,826899999750000;5379570,850900000000000;8,803986815000030;48,569062518000067;0
12402;08200602136300785550;08;1;36;065;2020;06;04;3;2;0;1;2;1;0;0;0;0;0;561516,918999999760000;5403837,285000000100000;9,837452221000035;48,784490719000075;0
12408;08200601115300846310;08;1;15;028;2020;06;20;2;3;3;2;1;1;1;0;0;0;0;500752,088200000110000;5404721,825200000800000;9,010240641000053;48,795489950000047;0
12411;08200601115100792000;08;1;15;003;2020;06;11;2;3;0;7;0;1;0;0;0;0;0;501458,537299999970000;5391771,226800000300000;9,019814008000026;48,678984747000072;0
12413;08200601111500794010;08;1;11;000;2020;06;18;2;2;1;1;0;1;1;0;0;0;0;515581,620799999680000;5408532,177999999400000;9,212307581000061;48,829572507000080;0
12418;08200606221300792470;08;2;21;000;2020;06;00;7;3;0;7;2;1;0;0;0;0;0;477668,534300000410000;5473625,243699999500000;8,692119977000061;49,414897901000074;1
12421;08200603121500780450;08;1;25;005;2020;06;08;4;3;5;3;0;1;1;0;0;0;0;516109,801400000230000;5450960,773499999200000;9,221189122000055;49,211226226000065;0
12422;08200531435100755740;08;4;35;016;2020;05;13;1;3;5;2;0;1;1;0;0;0;0;535249,408200000410000;5277759,435100000400000;9,469395508000048;47,652270577000081;0
12425;08200531426010769540;08;4;21;000;2020;05;17;1;2;0;7;0;1;0;0;0;0;0;570599,609500000250000;5358362,476099999600000;9,953357524000069;48,374479272000031;0
12431;08200602335300779260;08;3;35;100;2020;06;09;3;3;0;1;0;1;0;0;0;0;0;488095,436999999920000;5286504,607999999100000;8,841232898000044;47,731807149000076;0
12437;08200606125102806240;08;1;25;001;2020;06;18;7;3;6;1;0;0;0;1;0;0;1;520791,052500000220000;5435873,707499999600000;9,284683946000030;49,075372871000070;0
12443;08200602118000788070;08;1;15;041;2020;06;07;3;2;6;4;0;0;1;1;0;0;0;493613,406000000420000;5402919,676200000600000;8,913066429000025;48,779245578000030;0
12448;08200529336200754390;08;3;36;069;2020;05;13;6;3;0;1;0;1;0;0;0;0;0;409280,762099999930000;5270188,138000000300000;7,793630841000038;47,578761706000080;0
12449;08200604118000795930;08;1;18;048;2020;06;14;5;2;6;4;0;0;1;1;0;0;0;516301,625199999660000;5417496,323300000300000;9,222475159000055;48,910193258000049;0
12453;08200529335100770850;08;3;35;002;2020;05;18;6;3;5;2;0;1;0;0;0;0;1;505353,340300000270000;5290050,847500000100000;9,071439438000027;47,763802326000075;0
12455;08200531325000769350;08;3;27;051;2020;05;17;1;2;6;7;0;0;1;1;0;0;0;485355,629599999640000;5332133,777300000200000;8,803140963000033;48,142287084000031;0
12459;08200602437100779480;08;4;37;100;2020;06;16;3;3;0;1;0;1;0;0;0;0;0;535503,442599999720000;5316175,316800000100000;9,475927310000031;47,997890291000033;0
12460;08200531317500767510;08;3;17;009;2020;05;13;1;3;4;7;0;1;1;1;0;0;0;425730,758899999780000;5361705,416500000300000;7,996505395000042;48,404128397000079;0
12461;08200529326400771160;08;3;26;074;2020;05;10;6;3;0;7;0;1;1;0;0;0;0;459830,044700000440000;5322262,235899999700000;8,460949600000049;48,052376586000037;0
12464;08200531317300772630;08;3;17;075;2020;05;17;1;3;5;2;0;1;1;0;0;0;0;412206,139200000090000;5359898,548900000800000;7,814181821000034;48,386137630000064;0
12466;08200604111500798400;08;1;11;000;2020;06;10;5;1;6;4;0;0;0;1;0;0;1;510247,526100000370000;5397208,429600000400000;9,139345839000043;48,727815717000055;1
12471;08200531316100756920;08;3;16;020;2020;05;11;1;2;0;1;0;1;0;0;0;0;0;409296,280500000340000;5339362,612800000200000;7,779299443000070;48,201011825000080;0
12473;08200531311400773670;08;3;15;074;2020;05;17;1;3;6;7;0;0;1;1;0;0;0;398113,316399999890000;5301334,537000000500000;7,637884718000066;47,857268938000061;0
12476;08200531311010775090;08;3;11;000;2020;05;04;1;2;0;7;1;1;0;0;0;0;0;405344,514999999660000;5319780,155899999700000;7,730476256000031;48,024294768000061;0
12479;08200602436100789190;08;4;36;010;2020;06;17;3;3;3;6;0;1;0;0;1;0;0;573536,026600000450000;5311260,166699999900000;9,984858894000070;47,950430806000043;0
12480;08200531311010757460;08;3;36;084;2020;05;10;1;3;4;6;0;1;1;0;0;0;0;404598,725899999960000;5283340,107499999900000;7,728517800000077;47,696399204000045;0
12484;08200531311010756120;08;3;36;084;2020;05;15;1;3;3;6;0;1;0;0;1;0;0;408422,364400000310000;5282023,311599999700000;7,779742420000048;47,685107098000060;0
12485;08200603437000784010;08;4;37;076;2020;06;17;4;2;5;2;0;1;1;0;0;0;0;524174,124800000340000;5317151,954099999700000;9,324114781000048;48,007205943000031;0
12498;08200602127202785020;08;1;27;103;2020;06;10;3;3;0;1;0;1;0;0;0;0;0;571689,221099999730000;5437106,045900000300000;9,981762447000051;49,082634241000051;0
12499;08200602417200781020;08;4;17;016;2020;06;18;3;3;0;7;0;1;0;0;0;0;0;484892,876000000160000;5342287,257999999400000;8,796559156000058;48,233625451000080;0
12505;08200603435100780470;08;4;35;035;2020;06;11;4;3;5;3;0;1;1;0;0;0;0;545102,881799999620000;5284208,125499999200000;9,601268064000067;47,709678871000051;0
12509;08200529317100763450;08;3;17;089;2020;05;16;6;2;9;1;0;1;0;0;0;0;0;432782,492999999780000;5378686,986999999700000;8,089040994000072;48,557674117000033;0
12512;08200602317600809930;08;3;17;129;2020;06;12;3;3;2;6;0;1;1;0;0;0;0;430064,396300000140000;5351007,880999999100000;8,056829128000061;48,308395489000077;0
12520;08200603115200872870;08;1;15;021;2020;06;19;4;3;5;3;0;1;0;0;0;0;0;491531,160000000150000;5381492,092599999200000;8,885162259000026;48,586456120000037;0
12523;08200606212010786340;08;2;12;000;2020;06;14;7;3;0;1;0;1;0;0;0;0;0;461882,492399999870000;5427535,393699999900000;8,478863647000026;48,999539272000050;1
12524;08200603335100789250;08;3;35;043;2020;06;19;4;3;0;7;0;1;0;0;0;0;0;514742,462899999690000;5280078,669500000800000;9,196397713000067;47,673930509000058;0
12527;08200531118500764540;08;1;18;053;2020;05;11;1;3;0;7;0;1;0;0;0;0;0;515537,642900000330000;5425792,492100000400000;9,212365309000063;48,984842223000044;0
12528;08200529311400772320;08;3;15;076;2020;05;11;6;2;0;7;0;1;0;0;0;0;1;393787,084800000300000;5300153,691999999800000;7,580355617000066;47,845947010000032;0
12530;08200531118200773540;08;1;15;028;2020;05;15;1;3;0;1;0;1;0;0;0;0;0;500633,262799999680000;5407116,835300000400000;9,008626376000052;48,817035402000045;0
12534;08200604119101788100;08;1;19;044;2020;06;10;5;3;0;6;0;1;0;0;0;0;1;542788,517099999820000;5426689,038599999600000;9,584905196000022;48,991620076000061;1
12538;08200603226500787760;08;2;26;085;2020;06;07;4;3;5;3;0;1;0;0;0;0;1;489089,269100000150000;5454911,957499999600000;8,850086800000042;49,246882658000061;0
12540;08200602436400789130;08;4;36;011;2020;06;16;3;3;0;2;0;1;1;0;0;0;0;548737,502999999560000;5297178,822699999400000;9,651173253000025;47,826111781000066;0
12543;08200602115200780560;08;1;15;021;2020;06;11;3;3;3;6;0;1;0;0;0;1;0;490183,629800000230000;5382439,924699999400000;8,866867356000057;48,594963367000048;0
12545;08200531116400757250;08;1;16;012;2020;05;16;1;3;0;7;0;1;0;0;0;0;0;536980,681699999610000;5380796,841900000300000;9,501387875000035;48,579167150000046;0
12546;08200602111500791350;08;1;11;000;2020;06;16;3;3;5;2;0;1;1;0;0;0;0;517967,398699999790000;5404166,276499999700000;9,244623613000044;48,790233141000044;0
12548;08200531116010757740;08;1;16;033;2020;05;16;1;2;5;3;0;1;0;0;0;0;1;534155,309899999760000;5388401,505200000500000;9,463708609000037;48,647738574000073;0
12549;08200602216100780350;08;2;16;043;2020;06;14;3;3;5;3;0;1;1;0;0;0;0;442411,433799999770000;5411952,138299999800000;8,214881148000075;48,857860384000048;0
12553;08200605337010826630;08;3;37;096;2020;06;07;6;2;5;3;0;1;1;0;0;0;0;421251,907399999910000;5267735,891499999900000;7,953231338000023;47,558264095000027;1
12557;08200530435100772270;08;4;35;029;2020;05;13;7;3;5;3;0;1;1;0;0;0;0;544435,205199999730000;5272268,158900000200000;9,591153935000023;47,602298314000052;0
12558;08200602436000780700;08;4;35;035;2020;06;12;3;3;5;3;0;1;1;0;0;0;0;542241,609699999910000;5282791,990199999900000;9,562989106000032;47,697131104000050;0
12559;08200530435100765950;08;4;35;016;2020;05;18;7;3;5;3;0;1;1;0;0;0;0;530580,326999999580000;5279730,260999999900000;9,407359784000050;47,670240591000038;0
12563;08200530426300764650;08;4;26;097;2020;05;09;7;3;5;3;0;1;1;0;0;0;0;536580,682599999940000;5333372,644999999600000;9,491839635000076;48,152549414000077;0
12569;08200604111500782200;08;1;11;000;2020;06;10;5;3;5;2;0;1;1;0;0;0;0;512915,015599999580000;5407284,603700000800000;9,175934626000071;48,818410702000051;0
12589;08200605111500794770;08;1;11;000;2020;06;13;6;3;6;2;0;0;1;1;0;0;0;514981,792000000370000;5395287,294999999900000;9,203652242000032;48,710437359000082;0
12591;08200602317500779970;08;3;17;096;2020;06;07;3;3;0;7;0;1;0;0;0;0;0;422808,477599999870000;5368534,867100000400000;7,955769234000059;48,465208265000058;0
12595;08200530317500767110;08;3;17;009;2020;05;15;7;2;8;7;0;1;0;0;0;0;0;425924,700199999850000;5361661,000900000300000;7,999133271000062;48,403751693000061;0
12598;08200602335400798290;08;3;35;079;2020;06;14;3;2;0;1;0;1;0;0;0;0;0;504406,628499999640000;5300451,078800000300000;9,058911467000030;47,857385375000035;0
12599;08200530317100754610;08;3;17;110;2020;05;12;7;2;0;1;0;1;0;0;0;0;0;427202,059000000360000;5382046,337999999500000;8,012835821000067;48,587268170000073;0
12600;08200529225100752640;08;2;25;117;2020;05;17;6;3;3;6;0;1;1;0;0;0;0;516156,769600000230000;5474799,165999999300000;9,222799171000077;49,425652524000043;0
12612;08200530237200758150;08;2;37;040;2020;05;01;7;3;8;1;2;1;0;0;0;0;0;479899,464200000280000;5364976,073200000500000;8,728233156000044;48,437608066000053;0
12613;08200529222700754370;08;2;22;000;2020;05;16;6;3;5;2;0;1;1;0;0;0;0;462378,827800000090000;5481986,622500000500000;8,480536564000033;49,489351295000063;0
12615;08200530231000763310;08;2;35;035;2020;05;11;7;1;6;7;0;0;1;1;0;0;0;469404,997499999590000;5405654,113199999600000;8,583346273000075;48,803124193000031;0
12616;08200605435100803450;08;4;35;029;2020;06;18;6;3;5;3;0;1;1;0;0;0;0;544434,678100000140000;5272268,446200000100000;9,591146952000031;47,602300935000073;0
12625;08200601437200778820;08;4;37;078;2020;06;10;2;2;0;1;0;1;0;0;0;0;0;509075,792500000450000;5316261,246999999500000;9,121665784000072;47,999584884000058;0
12640;08200530136100765390;08;1;36;088;2020;05;11;7;2;5;3;0;1;1;0;0;0;0;577729,328999999910000;5411043,393899999600000;10,059487512000032;48,847490386000061;0
12643;08200602212502780390;08;2;12;000;2020;06;11;3;2;5;3;0;1;0;0;0;0;0;453083,101800000300000;5428781,004200000300000;8,358423045000052;49,010137532000044;0
12653;08200615311010805160;08;3;11;000;2020;06;13;2;3;5;3;0;1;1;0;0;0;0;414581,653400000180000;5318251,232400000100000;7,854642843000022;48,011843678000048;0
12654;08200608231000798330;08;2;31;000;2020;06;16;2;3;0;7;0;1;1;0;0;0;0;476552,947599999610000;5415755,594699999300000;8,680109481000045;48,894304974000079;0
12655;08200612335100823910;08;3;35;043;2020;06;15;6;3;5;3;0;1;1;0;0;0;0;507863,451799999920000;5287103,063699999800000;9,104883108000024;47,737253712000040;0
12661;08200609337200790070;08;3;37;022;2020;06;14;3;3;0;7;0;1;0;0;0;0;0;450184,699699999760000;5296135,029899999500000;8,334547507000025;47,816638341000044;1
12667;08200615221300819560;08;2;26;012;2020;06;11;2;3;6;6;0;1;0;1;0;0;0;476088,869400000200000;5477323,904899999500000;8,670118760000037;49,448106553000059;0
12671;08200611127100835530;08;1;27;076;2020;06;21;5;3;0;1;0;1;0;0;0;0;0;547711,608599999920000;5435651,792400000600000;9,653252644000077;49,071879115000058;0
12673;08200612317010818810;08;3;17;096;2020;06;23;6;2;4;6;2;1;0;0;0;0;0;423871,756000000050000;5375030,818000000000000;7,968966435000027;48,523768633000032;0
12679;08200609317500791520;08;3;17;096;2020;06;18;3;3;0;7;0;1;0;0;0;0;0;422371,589599999600000;5368836,517500000100000;7,949804149000045;48,467867823000063;1
12680;08200608222000796230;08;2;21;000;2020;06;09;2;2;6;7;0;0;0;1;0;1;0;473748,810700000260000;5471627,454600000800000;8,638212541000030;49,396771676000071;0
12683;08200612435200851690;08;4;35;066;2020;06;00;6;2;8;1;2;1;0;0;0;0;0;519043,144100000150000;5286944,195299999800000;9,253990375000058;47,735591147000036;0
12685;08200615136300835330;08;1;36;065;2020;06;13;2;3;2;6;0;1;1;0;0;0;0;559787,678100000140000;5404321,127900000700000;9,813984344000062;48,789011535000043;1
12689;08200608426300789360;08;4;26;045;2020;06;16;2;3;8;1;0;1;0;0;0;0;0;531654,917899999770000;5328153,691900000000000;9,425225312000066;48,105860180000036;0
12697;08200616118000842740;08;1;18;079;2020;06;17;3;2;5;1;0;1;1;0;0;0;0;506041,032999999820000;5421323,698000000800000;9,082501509000053;48,944808363000050;1
12698;08200612211000796790;08;2;16;008;2020;06;13;6;3;5;7;0;1;0;0;0;0;1;440806,474799999970000;5391747,774599999200000;8,195909600000050;48,675969213000030;0
12701;08200613335100824470;08;3;35;043;2020;06;16;7;3;5;3;0;1;1;0;0;0;0;513390,348399999550000;5280331,111400000800000;9,178392806000034;47,676231312000027;0
12715;08200615316200818290;08;3;16;014;2020;06;15;2;3;5;3;0;1;1;0;0;0;0;425730,706000000240000;5330235,887299999600000;8,002030838000053;48,121047382000029;1
12720;08200615337100818500;08;3;37;116;2020;06;15;2;3;0;7;0;1;0;0;0;0;0;421553,137500000190000;5281596,424399999900000;7,954752067000072;47,682993927000041;0
12721;08200612415300796450;08;4;15;091;2020;06;13;6;2;0;7;0;1;0;0;0;0;0;513477,093200000000000;5360247,916899999600000;9,182064041000047;48,395247908000044;0
12727;08200608121500818870;08;1;25;063;2020;06;10;2;3;3;6;0;1;1;0;0;0;0;524041,776999999770000;5460018,641000000800000;9,330638021000027;49,292442516000051;0
12734;08200608121400821610;08;1;25;013;2020;06;10;2;2;6;7;0;0;0;1;0;0;1;505080,295400000180000;5436189,530099999200000;9,069566936000058;49,078543955000043;0
12741;08200609335200802330;08;3;35;063;2020;06;08;3;3;5;2;0;1;1;0;0;0;0;497555,724799999970000;5287923,470699999500000;8,967393502000050;47,744678696000051;0
12742;08200608121200812760;08;1;21;000;2020;06;11;2;3;5;3;0;1;1;0;0;0;0;516704,821700000200000;5443696,805199999400000;9,229057010000076;49,145868974000052;0
12763;08200609311010811830;08;3;11;000;2020;06;11;3;3;0;1;0;1;0;0;0;0;0;413984,246000000280000;5314161,471400000200000;7,847453636000068;47,974974612000040;1
12766;08200611436200795240;08;4;36;095;2020;06;17;5;3;8;1;0;1;0;0;0;0;0;537650,290300000460000;5290927,231399999900000;9,502503046000072;47,770609887000035;0
12767;08200612435100818590;08;4;35;057;2020;06;10;6;3;6;7;0;0;1;1;0;0;0;544453,690999999640000;5279829,915100000800000;9,592168072000050;47,670332280000025;0
12768;08200610436000811860;08;4;36;009;2020;06;16;4;2;5;3;0;1;1;0;0;0;0;555950,879999999890000;5308368,367699999400000;9,748991448000027;47,926192711000056;1
12770;08200612437000801880;08;4;35;052;2020;06;17;6;2;4;6;0;1;0;0;0;0;0;521242,470800000240000;5289254,786000000300000;9,283436666000057;47,756311967000045;0
12773;08200612311010809100;08;3;11;000;2020;06;15;6;3;5;3;0;1;0;0;0;0;1;412567,442800000310000;5313979,808000000200000;7,828510583000025;47,973148449000064;0
12775;08200610127202818460;08;1;27;014;2020;06;16;4;2;5;3;0;1;1;0;0;0;0;579183,314500000330000;5443477,669500000800000;10,085623225000063;49,139021100000036;1
12802;08200611311400805930;08;3;15;007;2020;06;18;5;3;0;7;0;1;0;0;0;0;0;401377,702700000260000;5294557,908199999500000;7,683057051000048;47,796822042000031;0
12803;08200615335000820700;08;3;35;075;2020;06;11;2;2;6;4;0;0;1;1;0;0;0;488529,631900000390000;5290024,416999999400000;8,846930758000042;47,763484680000033;0
12806;08200610317000797990;08;3;17;039;2020;06;15;4;2;6;4;0;0;1;1;0;0;0;441470,799300000070000;5344090,507300000600000;8,211600490000024;48,247326068000064;1
12813;08200613437000802100;08;4;35;053;2020;06;16;7;3;8;1;0;1;0;0;0;0;0;508196,878800000060000;5293126,441199999300000;9,109443987000077;47,791445154000030;0
12823;08200615311010831290;08;3;11;000;2020;06;14;2;3;5;3;0;1;1;0;0;0;0;411676,612999999900000;5319199,018899999600000;7,815502949000063;48,019974312000045;0
12827;08200608111230797610;08;1;11;000;2020;06;11;2;3;3;2;0;1;1;0;0;0;0;511056,839900000020000;5397308,369000000900000;9,150353529000029;48,728700940000067;0
12829;08200616118500837640;08;1;18;049;2020;06;16;3;3;5;3;0;1;1;0;0;0;0;519773,344600000420000;5421278,200500000300000;9,270038059000058;48,944112501000063;1
12836;08200613111500865760;08;1;11;000;2020;06;09;7;3;1;5;0;1;1;0;0;0;0;515671,168800000100000;5406131,822399999900000;9,213436013000035;48,807977043000051;0
12851;08200612212010819980;08;2;12;000;2020;06;14;6;3;3;2;0;1;1;0;0;0;0;460881,763700000010000;5430691,863500000900000;8,464878221000049;49,027869752000072;0
12859;08200615211000811920;08;2;16;023;2020;06;14;2;2;4;6;0;1;0;0;0;0;1;439660,085099999790000;5409159,569299999600000;8,177786636000064;48,832479914000032;0
12872;08200607335200803010;08;3;35;055;2020;06;02;1;2;0;1;2;1;0;0;0;0;0;495094,312300000340000;5285654,633600000300000;8,934583983000039;47,724250582000082;1
12877;08200610435100803860;08;4;35;045;2020;06;20;4;2;0;1;1;1;0;0;0;0;0;536295,710099999790000;5287798,307399999400000;9,484163460000048;47,742535904000079;1
12880;08200610118300833090;08;1;18;051;2020;06;12;4;3;0;1;0;1;0;0;0;0;0;509179,634999999780000;5414995,388100000100000;9,125222478000069;48,887841999000045;1
12884;08200612125102805310;08;1;21;000;2020;06;22;6;2;5;3;2;1;1;0;0;0;0;514842,513000000270000;5444369,612600000600000;9,203545948000055;49,151968929000077;0
12892;08200615115100832700;08;1;15;013;2020;06;22;2;3;8;1;2;1;0;0;0;0;0;496364,168999999760000;5389542,929199999200000;8,950627383000040;48,658929803000035;1
12897;08200615119300803160;08;1;19;001;2020;06;11;2;2;0;1;0;1;0;0;0;0;0;552692,506699999790000;5410320,334899999200000;9,718165461000069;48,843617259000041;0
12906;08200611212502802750;08;2;15;108;2020;06;20;5;3;3;1;0;1;1;0;0;0;0;451022,685300000010000;5424103,168899999900000;8,330813079000052;48,967900218000068;0
12908;08200607317100789010;08;3;17;001;2020;06;18;1;3;0;7;0;1;0;0;0;0;0;428748,428399999630000;5384204,654799999700000;8,033431638000025;48,606859997000072;0
12912;08200614435100801650;08;4;35;016;2020;06;11;1;2;0;7;0;1;0;0;0;0;0;538448,731200000270000;5283693,282299999100000;9,512519921000035;47,705477171000041;1
12915;08200609335300790460;08;3;35;075;2020;06;19;3;3;5;3;0;1;1;0;0;0;0;488576,933000000190000;5290029,469000000500000;8,847561845000030;47,763530976000027;0
12916;08200607136300787380;08;1;36;061;2020;06;15;1;3;5;3;0;1;1;0;0;0;0;560359,749200000430000;5415431,622500000500000;9,823408568000048;48,888894514000071;1
12928;08200612317010809390;08;3;17;089;2020;06;10;6;2;0;1;0;1;0;0;0;0;0;427096,885999999940000;5377337,391000000800000;8,012235138000051;48,544899157000032;0
12931;08200614311400827570;08;3;15;007;2020;06;16;1;2;0;7;0;1;0;0;0;0;0;400254,652800000270000;5295813,737099999600000;7,667775844000062;47,807945292000056;0
12934;08200609311200790840;08;3;11;000;2020;06;11;3;3;0;1;0;1;0;0;0;0;0;414617,406800000000000;5317696,963999999700000;7,855232513000033;48,006862604000048;1
12945;08200615216200850180;08;2;16;007;2020;06;19;2;3;3;2;0;1;1;0;0;0;0;436653,950000000190000;5393819,907999999800000;8,139190118000045;48,694200741000031;0
12955;08200613335100822370;08;3;35;043;2020;06;01;7;3;0;1;2;1;0;0;0;0;0;513467,095900000070000;5279355,783700000500000;9,179385193000030;47,667454051000050;0
12957;08200615426100807520;08;4;26;021;2020;06;13;2;3;5;3;0;1;1;0;0;0;0;560541,266200000420000;5325739,659000000000000;9,812886771000024;48,082052478000037;1
12962;08200616215502806870;08;2;15;099;2020;06;19;3;2;0;7;0;1;0;0;0;0;0;461544,311999999920000;5445166,357899999200000;8,472563656000034;49,158110806000082;0
12968;08200613216300824260;08;2;16;029;2020;06;13;7;3;6;7;0;0;1;1;0;0;0;454331,716900000350000;5402327,266599999700000;8,378453191000062;48,772273099000074;0
12977;08200610317600794270;08;3;17;129;2020;06;11;4;3;2;6;0;1;0;0;0;0;0;428274,908999999990000;5348674,748999999800000;8,033095564000064;48,287207528000067;1
12980;08200612226600821910;08;2;26;082;2020;06;20;6;3;8;7;0;1;0;0;0;0;0;482091,284799999560000;5480786,214299999200000;8,752771318000043;49,479455904000076;0
12985;08200612118300822150;08;1;18;003;2020;06;10;6;3;0;7;0;1;0;0;0;0;0;509573,949699999760000;5416983,198999999100000;9,130648035000036;48,905717892000041;0
12987;08200611212010838200;08;2;12;000;2020;06;15;5;3;0;3;0;1;1;0;0;0;0;456363,978600000030000;5426323,966700000700000;8,403549546000022;48,988276891000055;0
12989;08200612325202796530;08;3;25;069;2020;06;14;6;3;0;1;0;1;0;0;0;0;0;464652,729399999600000;5334770,981699999400000;8,524627193000072;48,165199492000056;0
12990;08200610221300846780;08;2;21;000;2020;06;13;4;3;0;7;0;1;0;0;0;0;0;476976,962000000290000;5475604,717900000500000;8,682470667000075;49,432677126000044;1
12996;08200612335300808290;08;3;35;080;2020;06;10;6;3;5;3;0;1;1;0;0;0;0;474534,007299999710000;5296055,267000000900000;8,659811121000075;47,817345373000080;0
12998;08200606327100785290;08;3;27;036;2020;06;11;7;2;1;1;0;1;1;0;0;0;0;490741,967000000180000;5318842,832000000400000;8,875835448000032;48,022809175000077;1
13011;08200610211021792710;08;2;11;000;2020;06;10;4;3;5;2;0;1;1;0;0;0;0;442313,245600000020000;5403218,053799999900000;8,214770817000044;48,779287702000033;0
13018;08200613337010798770;08;3;37;062;2020;06;18;7;3;0;1;0;1;0;0;0;0;0;456653,257100000050000;5277913,748800000200000;8,422766896000042;47,653167182000061;0