OBJECTID;UIDENTSTLAE;ULAND;UREGBEZ;UKREIS;UGEMEINDE;UJAHR;UMONAT;USTUNDE;UWOCHENTAG;UKATEGORIE;UART;UTYP1;ULICHTVERH;IstRad;IstPKW;IstFuss;IstKrad;IstGkfz;IstSonstige;LINREFX;LINREFY;XGCSWGS84;YGCSWGS84;STRZUSTAND
13026;08200612436300812960;08;4;36;094;2020;06;15;6;3;3;6;0;1;0;0;1;0;0;572902,831899999640000;5284500,138399999600000;9,971874449000040;47,709765907000076;0
13031;08200610127100804680;08;1;27;012;2020;06;18;4;3;6;7;0;0;1;1;0;0;0;566398,261900000270000;5432421,502399999600000;9,908545836000030;49,041093151000041;1
13034;08200612135200797370;08;1;35;010;2020;06;19;6;2;0;1;0;1;0;0;0;0;0;602184,234500000250000;5397716,998700000300000;10,389415905000021;48,724097702000051;0
13038;08200611335400794900;08;3;35;098;2020;06;11;5;3;0;1;0;1;0;0;0;0;0;502173,918200000190000;5296128,165300000500000;9,029041035000034;47,818501650000030;0
13041;08200610337010792430;08;3;37;096;2020;06;15;4;2;3;2;0;1;1;0;0;0;0;421616,993999999950000;5267888,015000000600000;7,958056331000023;47,559676842000044;0
13044;08200612435100810740;08;4;35;057;2020;06;18;6;3;0;7;0;1;0;0;0;0;0;543345,488099999730000;5280445,226800000300000;9,577467547000026;47,675943627000038;0
13050;08200608317500789440;08;3;17;096;2020;06;17;2;3;6;4;0;0;1;1;0;0;0;422050,371600000190000;5369653,713400000700000;7,945306975000051;48,475178703000040;0
13051;08200614121100824800;08;1;25;026;2020;06;20;1;3;0;6;0;1;1;0;0;0;0;497191,163499999790000;5446671,794700000400000;8,961464237000030;49,172850858000061;0
13055;08200613231000801310;08;2;31;000;2020;06;16;7;3;6;2;0;0;1;1;0;0;0;477776,706100000070000;5415671,439700000000000;8,696809669000061;48,893593048000071;0
13056;08200611311400796950;08;3;15;006;2020;06;19;5;3;5;3;0;1;1;0;0;0;0;400496,369599999860000;5306336,253499999600000;7,668582140000069;47,902632609000079;0
13063;08200612226300824930;08;2;26;080;2020;06;12;6;3;5;5;0;1;1;0;0;0;0;486153,381699999790000;5476026,905099999200000;8,809014362000028;49,436752892000072;0
13070;08200620415200818000;08;4;15;093;2020;06;15;7;2;0;1;0;1;0;0;0;0;0;528165,255599999800000;5366766,886900000300000;9,380923216000042;48,453409591000081;0
13080;08200623436400853610;08;4;36;008;2020;06;17;3;3;5;3;0;1;1;0;0;0;0;547249,813000000080000;5310388,755999999100000;9,632743599000037;47,945070182000052;0
13081;08200623325000853770;08;3;25;036;2020;06;14;3;2;6;7;0;0;1;1;0;0;0;449547,840499999930000;5341867,103299999600000;8,320656069000052;48,228018408000025;0
13084;08200625118400847780;08;1;18;046;2020;06;20;5;3;4;2;0;1;1;0;0;0;0;514622,952300000000000;5412674,947699999400000;9,199393230000055;48,866863350000074;0
13085;08200620335100817950;08;3;35;043;2020;06;15;7;3;5;2;0;1;0;0;1;0;0;513039,345700000410000;5279726,373099999500000;9,173698541000022;47,670797257000061;0
13088;08200617335010853410;08;3;35;099;2020;06;16;4;3;8;7;0;0;1;1;0;0;0;498538,029600000010000;5298062,356499999800000;8,980463234000069;47,835906468000076;0
13089;08200624317010856410;08;3;17;096;2020;06;09;4;2;5;2;0;1;1;0;0;0;0;421759,196200000120000;5369716,350199999300000;7,941356219000056;48,475705949000030;0
13090;08200620317600817970;08;3;17;040;2020;06;15;7;3;3;2;0;1;1;0;0;0;0;432675,987700000410000;5347724,744000000900000;8,092568594000056;48,279145134000032;0
13098;08200620311400819640;08;3;15;050;2020;06;17;7;3;5;3;0;1;1;0;0;0;0;399475,004200000320000;5303413,640399999900000;7,655600190000030;47,876184805000037;1
13106;08200620231202866570;08;2;36;072;2020;06;19;7;3;3;6;0;1;1;0;0;0;0;465622,372200000100000;5411379,195299999800000;8,531354792000059;48,854426948000025;0
13111;08200622136100829770;08;1;36;002;2020;06;13;2;3;0;7;0;1;0;0;0;0;0;571306,588499999610000;5420332,923100000200000;9,973577305000049;48,931816172000026;0
13115;08200621325000841670;08;3;27;050;2020;06;14;1;2;3;2;0;1;1;0;0;0;0;480456,429299999960000;5315313,451999999600000;8,738052407000055;47,990823151000029;0
13116;08200623231000838830;08;2;31;000;2020;06;08;3;2;6;2;0;0;1;1;0;0;0;477802,492800000120000;5415675,864700000700000;8,697161229000074;48,893633778000037;0
13117;08200620221400819730;08;2;21;000;2020;06;14;7;3;4;6;0;1;0;0;0;0;0;473010,141400000080000;5476396,869999999200000;8,627708234000068;49,439639178000050;0
13121;08200620216300833100;08;2;16;017;2020;06;13;7;3;1;5;0;1;1;0;0;0;0;451451,375699999740000;5400697,208000000600000;8,339446632000033;48,757392025000058;0
13129;08200620211000852620;08;2;11;000;2020;06;20;7;3;6;7;1;0;0;1;0;0;1;444497,118999999950000;5400337,602000000000000;8,244883431000062;48,753576143000032;0
13130;08200623118200825070;08;1;18;019;2020;06;16;3;3;2;6;0;1;1;0;0;0;0;504935,361299999990000;5405327,630799999500000;9,067208502000028;48,800920598000062;0
13133;08200624311010834990;08;3;36;084;2020;06;18;4;2;0;1;0;1;0;0;0;0;0;405634,585400000210000;5283411,239800000600000;7,742304611000066;47,697191203000045;0
13136;08200624119400829710;08;1;19;091;2020;06;18;4;3;0;1;0;1;0;0;0;0;0;530846,300599999730000;5401511,592700000900000;9,419764997000073;48,765846849000070;0
13140;08200621237200823810;08;2;37;027;2020;06;14;1;3;0;7;0;1;0;0;0;0;0;483697,757100000050000;5365876,116399999700000;8,779552035000052;48,445815055000025;0
13141;08200623216100853380;08;2;16;043;2020;06;11;3;3;5;3;0;1;0;0;1;0;0;441574,653599999850000;5411022,436000000700000;8,203606926000020;48,849419493000028;0
13146;08200620127100843050;08;1;27;013;2020;06;21;7;2;0;1;1;1;0;0;0;0;0;567094,627899999730000;5427776,064400000500000;9,917304887000057;48,999234681000075;0
13147;08200622436200833590;08;4;36;064;2020;06;12;2;3;5;3;0;1;1;0;0;0;0;546172,103099999950000;5292323,162300000000000;9,616382451000050;47,782614829000067;0
13148;08200624222014829690;08;2;26;037;2020;06;09;4;1;5;3;0;1;1;0;0;0;0;467735,077399999830000;5469514,211300000500000;8,555506638000054;49,377474573000029;0
13161;08200621215202820510;08;2;15;064;2020;06;13;1;2;4;1;0;1;1;0;0;0;0;482259,752999999560000;5450011,877000000300000;8,756466830000022;49,202645665000034;0
13164;08200620118100846350;08;1;18;079;2020;06;14;7;3;4;2;0;1;1;0;0;0;0;509778,019000000320000;5422947,258300000800000;9,133575850000057;48,959365579000064;0
13167;08200624336400863030;08;3;36;091;2020;06;19;4;3;7;7;0;1;0;0;0;0;0;395696,513700000010000;5272623,864000000100000;7,612461759000041;47,598629739000046;0
13169;08200622335400837770;08;3;35;098;2020;06;23;2;3;8;1;2;1;0;0;0;0;0;504213,361200000160000;5295961,595200000300000;9,056284008000034;47,816992816000038;0
13171;08200620111500842890;08;1;11;000;2020;06;20;7;3;5;3;0;1;1;0;0;0;0;514984,690999999640000;5395300,969000000500000;9,203692145000048;48,710560301000044;1
13175;08200620111500829650;08;1;11;000;2020;06;10;7;3;6;7;0;0;1;1;0;0;0;512998,426400000230000;5407095,853099999900000;9,177064902000041;48,816710988000068;0
13189;08200624317500844170;08;3;17;096;2020;06;07;4;3;5;3;0;1;1;0;0;0;0;422966,923999999650000;5368379,405999999500000;7,957940923000024;48,463829324000073;0
13193;08200624215302845980;08;2;15;007;2020;06;17;4;3;5;3;0;1;1;0;0;0;0;478437,063699999820000;5431248,461899999500000;8,704993389000038;49,033740332000036;0
13198;08200617221300819490;08;2;21;000;2020;06;02;4;3;8;7;2;1;0;0;0;0;0;476981,115100000050000;5475511,015000000600000;8,682533384000067;49,431834445000050;0
13199;08200625117010841790;08;1;17;019;2020;06;09;5;3;1;2;0;1;1;0;0;0;0;550362,736200000160000;5394063,375499999200000;9,684424066000076;48,697573931000079;0
13204;08200624311010844490;08;3;15;109;2020;06;07;4;3;4;6;0;1;0;0;0;0;0;422708,488900000230000;5315006,339600000500000;7,964178997000033;47,983688240000049;0
13207;08200624121200870990;08;1;21;000;2020;06;14;4;3;5;2;0;1;1;0;0;0;0;513753,307099999860000;5440772,308800000700000;9,188486248000061;49,119635267000035;0
13208;08200623426300826540;08;4;26;097;2020;06;18;3;3;8;1;0;1;0;0;0;0;0;537064,131299999540000;5338549,301400000200000;9,498791036000057;48,199093567000034;0
13210;08200624316200847670;08;3;16;056;2020;06;17;4;3;5;3;0;1;1;0;0;0;0;419127,466799999590000;5325047,196000000500000;7,914301083000055;48,073568296000076;0
13212;08200622311100825600;08;3;15;013;2020;06;18;2;3;0;7;0;1;0;0;0;0;0;402611,483799999580000;5326740,053500000400000;7,692245893000063;48,086486495000031;0
13214;08200624128100832810;08;1;28;007;2020;06;14;4;3;0;7;0;1;0;0;0;0;0;554444,479299999770000;5484685,438300000500000;9,752109464000057;49,512348365000037;0
13215;08200623436400834610;08;4;36;009;2020;06;17;3;3;5;3;0;1;1;0;0;0;0;552384,142199999650000;5305480,278100000700000;9,700897839000049;47,900511043000051;0
13218;08200623235200849620;08;2;35;006;2020;06;10;3;3;3;6;0;1;1;0;0;0;0;472654,171000000090000;5386527,978499999300000;8,628861507000067;48,631219408000049;0
13223;08200623117200844450;08;1;17;024;2020;06;14;3;3;1;3;0;1;0;0;0;0;1;560184,413599999620000;5386476,612600000600000;9,816783040000075;48,628459081000074;0
13229;08200624119101833720;08;1;19;075;2020;06;13;4;3;5;3;0;1;1;0;0;0;0;539694,343500000420000;5426779,140200000300000;9,542619709000064;48,992637224000077;0
13231;08200619317300850270;08;3;17;114;2020;06;09;6;2;8;1;0;1;0;0;0;0;0;405461,509600000460000;5346990,247899999800000;7,726001281000038;48,269059800000036;0
13233;08200621226100868480;08;2;26;013;2020;06;11;1;3;0;7;0;1;0;0;0;0;0;499019,451000000350000;5478361,237700000400000;8,986469526000064;49,457906924000042;0
13244;08200621115200854130;08;1;15;016;2020;06;13;1;3;5;3;0;1;0;0;0;0;1;488654,451399999670000;5378933,767100000800000;8,846223940000073;48,563395274000072;0
13245;08200624435200830020;08;4;35;066;2020;06;11;4;2;0;1;0;1;0;0;0;0;0;518303,773099999870000;5287226,234099999100000;9,244140876000074;47,738150198000028;0
13247;08200623115100857560;08;1;15;044;2020;06;19;3;3;4;2;0;1;1;0;0;0;0;504333,722900000400000;5389277,835000000900000;9,058846830000050;48,656540524000036;0
13250;08200619311010828210;08;3;11;000;2020;06;18;6;3;3;6;0;1;1;0;0;0;0;411255,312500000000000;5316181,701999999600000;7,810478510000053;47,992774450000070;0
13261;08200621111500822850;08;1;11;000;2020;06;13;1;3;5;3;0;1;1;0;0;0;0;512015,235600000250000;5404866,279300000500000;9,163606652000055;48,796673797000039;0
13262;08200624335300829730;08;3;35;075;2020;06;18;4;2;0;1;0;1;0;0;0;0;0;492571,076799999920000;5285535,299200000200000;8,900939400000027;47,723152747000029;0
13271;08200621128300850230;08;1;28;115;2020;06;16;1;3;5;3;0;1;1;0;0;0;0;543347,820399999620000;5502708,465199999500000;9,600815472000022;49,675345873000026;0
13275;08200622115200856980;08;1;15;016;2020;06;13;2;3;6;4;0;0;1;1;0;0;0;488677,512199999760000;5378925,447799999300000;8,846536728000046;48,563320848000046;0
13279;08200617211021810210;08;2;11;000;2020;06;08;4;3;6;7;0;0;1;1;0;0;0;442557,147099999710000;5403050,814099999100000;8,218113834000064;48,777805929000067;0
13284;08200617135200853910;08;1;35;019;2020;06;17;4;2;3;2;0;1;1;0;0;0;0;584768,063799999650000;5392446,074599999900000;10,151578330000063;48,679301597000062;0
13289;08200622216200825460;08;2;16;007;2020;06;12;2;3;8;1;0;1;0;0;0;0;0;436179,828800000250000;5393447,842100000000000;8,132805530000042;48,690805667000063;0
13294;08200619212010821310;08;2;12;000;2020;06;09;6;3;5;2;0;1;0;0;0;0;1;455183,146399999970000;5428483,257300000600000;8,387171744000057;49,007615369000064;0
13297;08200619136100816460;08;1;36;088;2020;06;18;6;3;5;3;0;1;0;0;0;0;0;580155,189500000330000;5411357,374800000300000;10,092608395000070;48,850005831000033;0
13300;08200619136010823470;08;1;36;065;2020;06;14;6;2;6;7;0;0;1;1;0;0;0;558449,885200000370000;5403208,412699999300000;9,795614471000022;48,779129745000034;0
13302;08200625117300845910;08;1;17;026;2020;06;10;5;3;5;3;0;1;1;0;0;0;0;547611,532399999910000;5394851,765799999200000;9,647128980000048;48,704881937000039;0
13305;08200619126100828050;08;1;26;045;2020;06;14;6;2;8;1;0;1;0;0;0;0;0;545959,327899999920000;5471145,656199999200000;9,633330763000060;49,391269309000052;0
13308;08200619121600815490;08;1;26;066;2020;06;19;6;2;6;4;0;0;1;1;0;0;0;536106,533800000320000;5450024,624700000500000;9,495654204000061;49,201953571000047;0
13309;08200622311010850250;08;3;11;000;2020;06;18;2;1;3;2;0;1;0;0;0;1;0;413301,656399999750000;5315958,473600000100000;7,837946597000041;47,991047168000080;0
13310;08200621128200822750;08;1;28;115;2020;06;14;1;3;4;6;0;1;0;1;0;0;0;548874,214399999940000;5495534,761800000400000;9,676513249000038;49,610402999000030;0
13311;08200622136100850780;08;1;36;088;2020;06;19;2;3;2;6;1;1;0;0;0;0;1;579263,257299999710000;5412722,815500000500000;10,080716956000060;48,862401498000054;0
13313;08200623435200828950;08;4;35;059;2020;06;12;3;2;0;6;0;1;0;0;0;0;0;513832,363300000320000;5291305,576400000600000;9,184630125000069;47,774965553000072;0
13322;08200623116010825900;08;1;16;080;2020;06;20;3;2;4;2;0;1;1;0;0;0;0;519267,708399999890000;5394997,232699999600000;9,261897954000062;48,707710262000035;0
13326;08200619118000841950;08;1;18;048;2020;06;05;6;3;0;3;0;1;1;0;0;0;0;512616,599000000390000;5417314,922000000300000;9,172178716000076;48,908647470000062;0
13329;08200619115100848490;08;1;15;003;2020;06;13;6;3;3;6;0;1;1;0;0;0;0;500643,852800000460000;5392764,460000000900000;9,008748190000063;48,687921357000050;0
13332;08200619111500842480;08;1;11;000;2020;06;15;6;3;2;6;0;1;1;0;0;0;0;511470,202399999830000;5406210,270099999400000;9,156222728000046;48,808774488000040;0
13333;08200622135010850630;08;1;35;025;2020;06;16;2;2;6;4;0;0;1;1;0;0;0;581768,950500000270000;5399484,586100000900000;10,112237992000075;48,743008638000049;0
13339;08200623221011855070;08;2;21;000;2020;06;12;3;3;3;6;0;1;1;0;0;0;0;477922,491100000220000;5473478,301999999200000;8,695629355000051;49,413585453000053;0
13342;08200620436300829600;08;4;36;081;2020;06;11;7;3;0;1;0;1;0;0;0;0;0;558397,246600000190000;5278092,735500000400000;9,777662607000025;47,653594172000055;0
13343;08200624435100848920;08;4;35;016;2020;06;09;4;3;6;4;0;0;0;1;0;0;1;532600,413599999620000;5279764,046800000600000;9,434271057000046;47,670445887000028;0
13345;08200622436400823520;08;4;36;009;2020;06;20;2;3;5;3;0;1;1;0;0;0;0;552289,911799999890000;5305437,821100000300000;9,699631990000057;47,900136759000077;0
13348;08200618435100839260;08;4;35;016;2020;06;19;5;3;6;6;0;1;0;1;0;0;0;536026,927600000050000;5281661,282900000000000;9,480070744000045;47,687334203000034;0
13352;08200623335000827450;08;3;35;021;2020;06;12;3;2;5;2;0;1;0;0;0;0;1;492356,882000000220000;5300829,282999999800000;8,897813825000071;47,860757874000058;0
13354;08200625127010851340;08;1;27;014;2020;06;15;5;2;5;7;0;1;1;0;0;0;0;578907,012099999930000;5441934,019999999600000;10,081533673000024;49,125173371000074;0
13355;08200618426010843020;08;4;26;038;2020;06;18;5;2;5;2;0;1;1;0;0;0;0;561806,093000000340000;5317433,627000000300000;9,828668284000059;48,007208587000036;0
13357;08200624117400857900;08;1;17;003;2020;06;17;4;3;0;1;0;1;0;0;0;0;0;541658,755199999550000;5393398,664899999300000;9,566077531000076;48,692236368000067;0
13359;08200618421200812380;08;4;21;000;2020;06;10;5;3;5;3;0;1;1;0;0;0;0;574196,500900000330000;5362741,533700000500000;10,002695150000022;48,413457009000069;0
13362;08200618417010814790;08;4;17;002;2020;06;11;5;3;6;4;0;0;1;1;0;0;0;488985,730600000360000;5346987,234699999900000;8,851553210000077;48,275994305000040;0
13366;08200620435200819270;08;4;35;034;2020;06;15;7;3;0;1;0;1;0;0;0;0;0;529531,094100000340000;5285543,279799999700000;9,393776922000029;47,722591723000050;0
13372;08200617118400812920;08;1;18;048;2020;06;16;4;3;3;2;0;1;1;0;0;0;0;514793,822999999860000;5414940,661900000600000;9,201805115000070;48,887241104000054;1
13374;08200623316100856420;08;3;16;054;2020;06;17;3;3;0;6;0;1;0;0;0;0;1;419750,810999999750000;5333414,050000000700000;7,921093351000025;48,148910396000076;0
13382;08200624317000855020;08;3;17;031;2020;06;12;4;2;0;7;0;1;0;0;1;0;0;414063,212399999610000;5360742,799499999700000;7,839086873000042;48,393987200000026;0
13391;08200622327100825480;08;3;27;057;2020;06;13;2;3;5;3;0;1;1;0;0;0;0;489235,927000000140000;5309190,998999999800000;8,855879077000054;47,935946182000066;0
13397;08200618317500838400;08;3;17;096;2020;06;19;5;3;5;3;0;1;1;0;0;0;0;421682,359699999910000;5369700,425699999600000;7,940319744000021;48,475553143000070;0
13399;08200625117010864050;08;1;17;024;2020;06;16;5;3;5;3;0;1;1;0;0;0;0;560974,784400000240000;5386125,334200000400000;9,827456607000045;48,625222677000068;0
13400;08200618317050830760;08;3;17;057;2020;06;12;5;3;5;3;0;1;1;0;0;0;0;411898,040000000040000;5381419,289000000800000;7,805484123000042;48,579662487000064;0
13401;08200623118600865720;08;1;18;050;2020;06;08;3;3;4;2;0;1;1;0;0;0;0;506695,289900000210000;5416887,510700000500000;9,091363761000025;48,904894914000067;0
13403;08200617116200821380;08;1;16;015;2020;06;13;4;3;3;6;0;1;0;0;0;0;0;526183,996600000190000;5395264,991499999500000;9,355923529000052;48,709866956000042;1
13413;08200623226600838820;08;2;26;082;2020;06;06;3;3;3;2;0;1;0;0;0;1;0;475274,297500000340000;5480290,898499999200000;8,658695716000068;49,474761274000059;0
13417;08200623436400842690;08;4;36;009;2020;06;17;3;3;5;3;0;1;1;0;0;0;0;552289,899000000210000;5305437,891699999600000;9,699631827000076;47,900137396000048;0
13421;08200618311010982570;08;3;36;043;2020;06;11;5;3;2;6;0;1;1;0;0;0;1;400275,793300000020000;5271131,175499999900000;7,673701575000052;47,585922992000064;0
13428;08200624311010834970;08;3;36;091;2020;06;14;4;2;0;1;0;1;0;0;0;0;0;394783,967000000180000;5271704,267200000600000;7,600546571000052;47,590210376000073;0
13437;08200623216100839350;08;2;11;000;2020;06;14;3;3;0;7;0;1;0;0;0;0;0;439370,270600000400000;5406644,742900000900000;8,174209668000060;48,809830917000056;0
13440;08200620426300818300;08;4;26;097;2020;06;17;7;3;5;3;0;1;1;0;0;0;0;534058,069199999790000;5334482,595300000200000;9,458012285000052;48,162675375000049;0
13459;08200623212010827930;08;2;12;000;2020;06;10;3;3;5;3;0;1;1;0;0;0;0;456386,758399999700000;5426477,153799999500000;8,403844460000073;48,989656441000079;0
13466;08200624216100832450;08;2;16;043;2020;06;16;4;3;5;3;0;1;1;0;0;0;0;443768,704199999570000;5412231,903300000400000;8,233344957000043;48,860501388000046;0
13467;08200618135200839210;08;1;35;026;2020;06;11;5;3;0;1;0;1;0;0;0;0;0;590844,061999999920000;5395122,487400000900000;10,234690236000063;48,702518704000056;0
13468;08200622111500823830;08;1;11;000;2020;06;15;2;3;5;3;0;1;1;0;0;0;0;513361,319000000130000;5402673,293299999100000;9,181864337000036;48,776918429000034;0
13469;08200623311500866850;08;3;15;094;2020;06;13;3;3;4;6;0;1;1;0;0;1;0;431859,013700000010000;5316935,968699999200000;8,086486040000068;48,002087599000049;0
13475;08200623436400874650;08;4;36;082;2020;06;10;3;3;0;7;0;1;0;0;0;0;0;547288,041600000110000;5294264,126900000500000;9,631490468000038;47,799996665000037;0
13479;08200625121200859290;08;1;21;000;2020;06;15;5;3;5;3;0;1;1;0;0;0;0;515625,567599999720000;5442600,634099999400000;9,214215856000067;49,136036958000034;0
13484;08200624317500839440;08;3;17;096;2020;06;20;4;3;0;7;1;1;0;0;0;0;0;421428,227800000460000;5362670,814700000000000;7,938200735000066;48,412290504000055;0
13491;08200623311010826970;08;3;11;000;2020;06;07;3;3;4;2;0;1;1;0;0;0;0;412827,912399999800000;5314700,501100000000000;7,831853564000028;47,979666875000078;0
13492;08200618119010823930;08;1;19;079;2020;06;18;5;2;2;2;0;1;1;0;0;0;0;524380,688199999740000;5407664,257099999100000;9,332146063000039;48,821481791000053;0
13497;08200618117010825240;08;4;25;071;2020;06;11;5;2;5;3;0;1;1;0;0;0;0;551026,264800000000000;5370967,529899999500000;9,690603225000075;48,489759094000078;0
13501;08200625117300860590;08;1;17;026;2020;06;12;5;3;9;6;0;1;0;0;0;0;0;548584,522499999960000;5394015,981699999400000;9,660254467000073;48,697288618000073;0
13504;08200618116200813800;08;1;16;080;2020;06;13;5;3;4;2;0;1;1;0;0;0;0;521407,140999999830000;5395538,062999999200000;9,291006054000036;48,712505777000047;0
13508;08200622311010874440;08;3;15;084;2020;06;17;2;2;0;7;0;1;0;0;0;0;1;417623,566899999980000;5305568,003499999600000;7,897852524000030;47,898149975000081;0
13509;08200622211021822170;08;2;11;000;2020;06;07;2;3;6;4;0;0;1;1;0;0;0;445565,224799999970000;5399281,597500000100000;8,259553314000073;48,744171406000078;0
13510;08200624127100832600;08;1;27;043;2020;06;13;4;2;0;7;0;1;0;0;0;0;0;568082,247600000350000;5444870,180299999200000;9,933683024000061;49,152876247000052;0
13516;08200616335100808200;08;3;35;043;2020;06;15;3;3;0;1;0;1;0;0;0;0;0;513512,711400000380000;5279423,263299999800000;9,179994888000067;47,668060258000025;0
13517;08200625111500857860;08;1;11;000;2020;06;07;5;3;6;7;0;1;0;1;0;0;0;510756,045699999670000;5403430,236400000800000;9,146423235000043;48,783778336000069;0
13521;08200616335000821580;08;3;27;018;2020;06;19;3;2;6;3;0;0;1;1;0;0;0;471118,118999999950000;5306592,221599999800000;8,613476636000030;47,912004128000035;0
13522;08200624231202853070;08;2;36;043;2020;06;14;4;2;3;6;0;1;1;0;0;0;0;468947,641999999990000;5412488,778300000400000;8,576600236000047;48,864583640000035;0
13524;08200622127010824500;08;1;36;082;2020;06;18;2;2;6;4;0;0;0;1;0;1;0;587177,905100000090000;5413045,805999999900000;10,188675053000054;48,864244608000035;0
13532;08200623425000841620;08;4;25;108;2020;06;19;3;3;0;2;0;1;1;0;0;0;0;553520,857699999590000;5357042,043299999100000;9,722584848000054;48,364280722000046;0
13537;08200618111110813000;08;1;11;000;2020;06;08;5;3;5;2;0;1;1;0;0;0;0;512900,592699999920000;5402844,510999999900000;9,175598677000039;48,778468415000077;0
13540;08200624435100858700;08;4;35;016;2020;06;10;4;3;5;2;0;1;1;0;0;0;0;536812,846800000410000;5278246,092700000900000;9,490255108000042;47,656562167000061;0
13541;08200618111000820560;08;1;11;000;2020;06;17;5;3;0;7;0;1;0;0;0;0;0;515012,883000000380000;5395233,503399999800000;9,204072912000072;48,709952701000077;0
13547;08200621119300847370;08;1;19;001;2020;06;02;1;2;6;7;2;0;1;1;0;0;0;552307,996000000280000;5410640,213600000400000;9,712966096000059;48,846527143000060;0
13554;08200623136100855280;08;1;36;035;2020;06;20;3;3;0;7;0;1;0;0;0;0;0;581005,826799999920000;5429740,721200000500000;10,107854088000067;49,015236004000030;0
13556;08200616317500806310;08;3;17;096;2020;06;14;3;3;5;3;0;1;1;0;0;0;0;422605,280199999920000;5368655,859200000800000;7,952998511000033;48,466271612000071;0
13559;08200622327200842280;08;3;27;049;2020;06;16;2;3;5;3;0;1;1;0;0;0;0;472740,410600000060000;5324400,628399999800000;8,634056078000072;48,072297678000041;0
13565;08200627335400840170;08;3;35;098;2020;06;12;7;3;4;6;0;1;0;0;0;0;0;505340,167399999690000;5294937,205499999200000;9,071323768000070;47,807767527000067;0
13572;08200630118200871470;08;1;18;019;2020;06;13;3;3;1;7;0;1;1;0;0;0;0;504641,072900000030000;5400793,186899999200000;9,063149767000027;48,760131211000044;0
13577;08200627335100840400;08;3;35;043;2020;06;18;7;3;0;1;0;1;0;0;0;0;0;515092,374099999670000;5281276,684399999700000;9,201100587000042;47,684701739000047;0
13584;08200630231000848030;08;2;36;073;2020;06;20;3;3;5;3;0;1;1;0;0;0;0;478645,864000000060000;5421821,100900000000000;8,708345415000053;48,948943649000057;0
13585;08200704231102878970;08;2;36;039;2020;07;08;7;3;1;1;0;1;1;0;0;0;0;490163,284699999730000;5412449,421000000100000;8,865875337000034;48,864928943000052;0
13588;08200630111500861610;08;1;11;000;2020;06;17;3;3;5;2;0;1;1;0;0;0;0;512464,983199999670000;5401207,286699999100000;9,169619712000042;48,763748931000066;0
13591;08200704311010905810;08;3;15;084;2020;07;18;7;2;0;7;0;1;0;0;0;0;0;421809,256699999790000;5310866,024900000500000;7,952883148000069;47,946333763000041;0
13594;08200630116200852230;08;1;16;047;2020;06;14;3;3;5;3;0;1;1;0;0;0;0;520580,256000000050000;5391974,677999999400000;9,279588054000044;48,680477459000031;0
13598;08200701216200881040;08;2;16;008;2020;07;07;4;3;4;5;0;1;1;0;0;0;0;440458,671299999580000;5392596,863299999400000;8,191063197000062;48,683573881000029;0
13612;08200703435200878710;08;4;35;059;2020;07;15;6;3;5;3;0;1;1;0;0;0;0;514312,852699999700000;5291513,028200000500000;9,191050351000058;47,776821603000030;0
13614;08200629317300855400;08;3;17;073;2020;06;17;2;3;5;3;0;1;1;0;0;0;0;412366,616399999710000;5348757,184800000900000;7,818666604000043;48,285946272000047;0
13615;08200701127202884010;08;1;27;014;2020;07;15;4;2;0;1;0;1;0;0;0;0;0;578028,024400000460000;5439399,123999999800000;10,068998051000051;49,102487067000027;0
13619;08200627221011862380;08;2;26;065;2020;06;17;7;2;5;3;0;1;1;0;0;0;0;476621,915099999870000;5456536,257899999600000;8,678692889000047;49,261144091000062;0
13620;08200704117300879410;08;1;17;026;2020;07;17;7;3;5;3;0;1;1;0;0;0;0;549147,022199999540000;5394119,166999999400000;9,667910472000074;48,698172760000034;0
13622;08200701136010877510;08;1;36;027;2020;07;06;4;2;5;3;0;1;1;0;0;0;0;556038,292999999600000;5418368,610999999600000;9,764865381000050;48,915718480000066;0
13623;08200627212102838010;08;2;12;000;2020;06;17;7;3;5;3;0;1;1;0;0;0;0;460009,998900000010000;5427855,537000000500000;8,453232890000038;49,002300562000073;0
13624;08200703211100886720;08;2;11;000;2020;07;11;6;3;5;3;0;1;1;0;0;0;0;440384,331799999810000;5403653,605399999800000;8,188454083000067;48,783023652000054;0
13628;08200702311010884920;08;3;36;050;2020;07;17;5;3;3;6;0;1;1;0;0;0;0;399257,340900000180000;5275442,938300000500000;7,659169325000050;47,624551384000029;0
13633;08200701317100899160;08;3;17;089;2020;07;18;4;3;8;1;0;1;0;0;0;0;0;432831,194299999620000;5379241,890900000900000;8,089611354000056;48,562670791000073;0
13634;08200627212010852810;08;2;15;100;2020;06;08;7;3;3;6;0;1;1;0;0;0;0;474746,506199999710000;5452137,180299999200000;8,653195051000068;49,221499510000058;0
13638;08200629317300846330;08;3;17;114;2020;06;18;2;2;0;7;0;1;0;0;0;0;0;405456,405299999750000;5346983,349600000300000;7,725934056000028;48,268996991000051;0
13644;08200702118400950040;08;1;18;048;2020;07;16;5;3;5;3;0;1;1;0;0;0;0;512965,833100000400000;5416847,556199999500000;9,176929847000054;48,904435965000062;0
13650;08200704127100891510;08;1;27;076;2020;07;13;7;3;5;3;0;1;1;0;0;0;0;553456,067999999970000;5440767,753000000500000;9,732574506000049;49,117423904000077;0
13659;08200627127100838140;08;1;27;063;2020;06;10;7;3;5;3;0;1;0;0;0;0;1;565588,968299999830000;5434239,261700000600000;9,897767822000049;49,057529510000052;0