OBJECTID;UIDENTSTLAE;ULAND;UREGBEZ;UKREIS;UGEMEINDE;UJAHR;UMONAT;USTUNDE;UWOCHENTAG;UKATEGORIE;UART;UTYP1;ULICHTVERH;IstRad;IstPKW;IstFuss;IstKrad;IstGkfz;IstSonstige;LINREFX;LINREFY;XGCSWGS84;YGCSWGS84;STRZUSTAND
13663;08200629317300846250;08;3;17;059;2020;06;16;2;3;5;3;0;1;1;0;0;0;0;413006,845999999900000;5350278,629000000700000;7,826981821000061;48,299719739000068;0
13666;08200703116500897420;08;1;16;071;2020;07;15;6;3;5;3;0;1;1;0;0;0;0;529007,307900000360000;5390622,778999999200000;9,393974463000063;48,667981175000079;0
13669;08200702111500884470;08;1;11;000;2020;07;11;5;3;6;7;0;1;0;1;0;0;0;512476,113199999560000;5401354,333100000400000;9,169775623000021;48,765071529000068;1
13672;08200630118010860300;08;1;15;045;2020;06;20;3;2;6;7;1;1;0;1;0;0;0;500273,758299999870000;5395974,111999999700000;9,003721751000057;48,716795926000032;0
13674;08200704119400897980;08;1;19;091;2020;07;17;7;2;9;1;0;1;0;0;0;0;0;527028,576999999580000;5402591,405099999200000;9,367884513000035;48,775738124000043;0
13684;08200703226300881920;08;2;26;056;2020;07;15;6;2;1;3;0;1;1;0;0;0;0;485610,470999999900000;5469824,599999999600000;8,801750848000040;49,380951029000073;0
13686;08200701111250286110;08;1;11;000;2020;07;20;4;3;0;3;0;1;1;0;0;0;0;516641,585400000210000;5407399,034800000500000;9,226704046000066;48,819351452000035;0
13695;08200627117400863630;08;1;17;060;2020;06;16;7;3;0;1;0;1;0;0;0;0;0;541752,860999999570000;5389013,276000000500000;9,566913452000051;48,652780483000072;1
13697;08200628436000970470;08;4;36;018;2020;06;17;1;2;5;3;0;1;1;0;0;0;0;551450,651100000370000;5284365,521600000600000;9,685903101000065;47,710620395000035;0
13700;08200703212702894510;08;2;15;096;2020;07;08;6;3;5;3;0;1;0;0;0;0;1;464047,696499999610000;5418503,040400000300000;8,509262526000043;48,918419996000068;0
13703;08200702317600876810;08;3;17;039;2020;07;06;5;3;5;3;0;1;1;0;0;0;0;441686,856800000180000;5342649,597799999600000;8,214708974000075;48,234383617000049;1
13704;08200627116200861620;08;1;16;077;2020;06;08;7;2;5;3;0;1;1;0;0;0;0;517299,982599999760000;5391145,023000000000000;9,234990411000069;48,673113374000081;0
13706;08200627116200850490;08;1;16;078;2020;06;20;7;3;0;7;0;1;0;0;0;0;0;512859,894700000060000;5390722,058399999500000;9,174666669000033;48,669415582000056;0
13707;08200704226400889170;08;2;26;062;2020;07;15;7;3;5;3;0;1;1;0;0;0;0;470450,417999999600000;5469783,657999999800000;8,592893104000041;49,380035958000065;0
13709;08200702335100877190;08;3;35;043;2020;07;17;5;3;5;2;0;1;1;0;0;0;0;515063,836699999870000;5280653,291999999400000;9,200698824000028;47,679093349000027;0
13714;08200701435100877170;08;4;35;013;2020;07;10;4;3;4;6;0;1;0;0;0;0;0;540464,728699999860000;5276463,513299999800000;9,538721974000055;47,640305577000049;0
13719;08200628435200866150;08;4;35;047;2020;06;15;1;3;8;1;0;1;0;0;0;0;0;513544,622200000100000;5295158,588899999900000;9,180909746000054;47,809639029000039;0
13721;08200626435100861440;08;4;35;016;2020;06;08;6;3;5;7;0;1;1;0;0;0;0;536227,079900000240000;5278741,436699999500000;9,482495506000021;47,661052045000076;0
13723;08200628426100865520;08;4;26;021;2020;06;15;1;3;0;1;0;1;0;0;0;0;0;557753,763799999840000;5325546,311799999300000;9,775436510000077;48,080571742000075;0
13724;08200630335100870960;08;3;35;043;2020;06;06;3;2;5;3;0;1;1;0;0;0;0;512126,731999999840000;5279911,155999999500000;9,161546697000063;47,672477632000039;0
13734;08200703335200885780;08;3;35;063;2020;07;14;6;3;0;1;0;1;0;0;0;0;0;502279,620799999680000;5291017,539999999100000;9,030426244000068;47,772518392000052;0
13737;08200701118400940460;08;1;18;048;2020;07;09;4;3;5;3;0;1;1;0;0;0;0;513238,824500000100000;5415304,550000000700000;9,180605016000072;48,890549718000045;0
13741;08200703426100879880;08;4;26;087;2020;07;16;6;3;1;7;0;1;1;0;0;0;0;570894,734000000170000;5324758,968599999300000;9,951721481000050;48,072162943000080;0
13745;08200626415400862010;08;4;15;061;2020;06;17;6;3;4;2;0;1;1;0;0;0;0;512530,835799999540000;5371668,803899999700000;9,169622782000033;48,498014813000054;0
13767;08200701437100897040;08;4;37;088;2020;07;17;4;3;0;1;0;1;0;0;0;0;0;512742,190399999730000;5302087,409399999300000;9,170396078000067;47,871996776000060;0
13768;08200626317300846610;08;3;17;059;2020;06;12;6;3;5;3;0;1;1;0;0;0;0;412823,747499999590000;5349708,594599999500000;7,824631169000043;48,294567175000054;0
13772;08200704326200933370;08;3;26;074;2020;07;08;7;3;6;4;0;0;1;1;0;0;0;465417,101700000460000;5323819,492000000600000;8,535794985000052;48,066714182000055;0
13780;08200628325102865000;08;3;25;061;2020;06;16;1;3;0;1;0;1;0;0;0;0;0;472997,154400000350000;5352424,492399999900000;8,635719623000057;48,324430733000042;0
13785;08200630435200847170;08;4;35;005;2020;06;09;3;3;5;3;0;1;1;0;0;0;0;525651,748900000010000;5286217,059399999700000;9,342089225000052;47,728819863000069;0
13786;08200626231000861550;08;2;31;000;2020;06;11;6;2;0;1;0;1;0;0;0;0;0;476834,119699999690000;5416035,852099999800000;8,683929586000033;48,896836646000054;0
13787;08200702435100876450;08;4;35;016;2020;07;10;5;2;6;3;0;0;1;1;0;0;0;536819,382699999960000;5281593,763000000300000;9,490624378000064;47,686682038000072;0
13793;08200626225200859590;08;2;25;032;2020;06;09;6;3;6;6;0;0;0;1;0;1;0;532274,731100000440000;5497165,448200000500000;9,446887800000070;49,626184724000041;0
13795;08200626225100846910;08;2;25;117;2020;06;08;6;2;0;1;0;1;0;0;0;0;0;513870,856200000270000;5470328,487800000200000;9,191120851000051;49,385495516000049;0
13797;08200628311500857680;08;3;15;113;2020;06;15;1;3;1;3;0;1;1;0;0;0;0;439804,215599999760000;5308135,401000000500000;8,194221925000022;47,923712204000026;0
13801;08200626221011859140;08;2;21;000;2020;06;12;6;3;5;1;0;1;1;0;0;0;0;476966,765999999830000;5475812,167700000100000;8,682317997000041;49,434542710000073;0
13805;08200626221011853320;08;2;21;000;2020;06;18;6;2;5;2;0;1;0;0;0;0;1;476331,866999999620000;5471771,405799999800000;8,673802375000037;49,398172403000046;0
13806;08200703216100879050;08;2;16;043;2020;07;16;6;3;8;1;0;1;0;0;0;0;0;441023,987099999560000;5412061,002399999600000;8,195951991000072;48,858709266000062;0
13812;08200626212502840610;08;2;12;000;2020;06;14;6;3;5;3;0;1;1;0;0;0;0;452850,259200000200000;5429753,784600000800000;8,355126171000052;49,018869967000057;0
13814;08200626212402849550;08;2;12;000;2020;06;08;6;3;5;3;0;1;1;0;0;0;0;456407,422899999660000;5425505,135099999600000;8,404231153000069;48,980914443000074;0
13816;08200701416200875420;08;4;16;025;2020;07;19;4;3;0;7;0;1;0;0;0;0;0;508411,803199999970000;5358373,983400000300000;9,113598947000071;48,378476880000051;0
13825;08200628226300863820;08;2;26;086;2020;06;15;1;3;0;7;0;1;1;0;0;0;0;491357,063900000420000;5465588,618400000000000;8,881015229000070;49,342956898000068;0
13836;08200626135010849520;08;1;35;025;2020;06;14;6;2;3;6;0;1;1;0;0;0;0;583688,019799999890000;5398478,380599999800000;10,138131895000072;48,733703697000067;0
13837;08200630212010866680;08;2;12;000;2020;06;23;3;2;6;4;2;0;1;1;0;0;0;455985,815600000320000;5429364,170800000400000;8,398051325000040;49,015597045000050;0
13838;08200626128100835410;08;1;28;082;2020;06;06;6;3;2;6;0;1;1;0;0;0;0;566899,991000000390000;5471795,258500000500000;9,921974428000056;49,395171082000047;0
13850;08200630317300860280;08;3;17;150;2020;06;17;3;3;5;3;0;1;1;0;0;0;0;408590,177699999880000;5356473,101600000600000;7,766097830000035;48,354813699000033;0
13852;08200702118500893720;08;1;18;049;2020;07;20;5;3;2;6;0;1;1;0;0;0;0;520982,302799999710000;5419701,758199999100000;9,286467034000054;48,929891621000081;0
13861;08200703226600879220;08;2;26;096;2020;07;19;6;2;5;3;0;1;1;0;0;0;0;476090,298399999740000;5489653,412699999300000;8,669392095000035;49,559006572000044;0
13862;08200630135010867820;08;1;35;016;2020;06;15;3;2;0;7;0;1;0;0;0;0;0;588813,897499999960000;5390534,270199999200000;10,206118242000059;48,661544099000025;0
13865;08200701311100882290;08;3;15;115;2020;07;15;4;3;4;2;0;1;1;0;0;0;0;409091,839100000450000;5322233,447499999800000;7,780202678000023;48,046906688000036;0
13867;08200626121200059930;08;1;21;000;2020;06;15;6;3;6;6;0;1;0;1;0;0;0;514305,442599999720000;5441160,319599999100000;9,196066864000045;49,123112968000044;0
13869;08200628222800839770;08;2;22;000;2020;06;14;1;3;0;3;0;1;1;0;0;0;0;462523,437199999580000;5485933,619899999400000;8,482158624000022;49,524861336000072;0
13872;08200626119400842840;08;1;19;079;2020;06;11;6;3;6;7;0;0;1;1;0;0;0;523193,901600000450000;5412462,765799999200000;9,316250014000048;48,864693306000049;0
13879;08200630118200866580;08;1;18;011;2020;06;19;3;3;8;1;0;1;0;0;0;0;0;505138,427400000390000;5407834,491200000000000;9,070005192000053;48,823470429000054;0
13887;08200630426010847150;08;4;21;000;2020;06;14;3;3;0;7;0;1;0;0;0;0;0;565955,906800000000000;5358511,095799999300000;9,890681729000050;48,376318698000034;0
13893;08200628135010862060;08;1;35;019;2020;06;19;1;3;6;4;0;0;1;1;0;0;0;584730,220099999570000;5392352,305199999400000;10,151045111000030;48,678463345000068;0
13900;08200701436200875380;08;4;36;064;2020;07;06;4;3;5;3;0;1;1;0;0;0;0;543889,341199999680000;5292002,379599999600000;9,585877587000027;47,779888322000033;0
13901;08200626117400870830;08;1;17;051;2020;06;11;6;3;5;3;0;1;1;0;0;0;0;542107,244800000450000;5395543,131600000000000;9,572390193000047;48,711497103000056;0
13905;08200628128200843810;08;1;28;115;2020;06;13;1;3;5;3;0;1;1;0;0;0;0;548291,054100000300000;5496793,704299999400000;9,668596662000027;49,621772868000050;0
13909;08200628119500864030;08;1;19;089;2020;06;06;1;3;1;5;0;1;1;0;0;0;0;536752,561499999840000;5411317,671700000800000;9,501014177000059;48,853737375000037;0
13912;08200702325000877330;08;3;27;005;2020;07;15;5;2;5;3;0;1;1;0;0;0;0;483306,603699999860000;5323087,988099999700000;8,775950774000023;48,060852018000048;0
13917;08200701415300875240;08;4;15;073;2020;07;17;4;2;2;6;0;1;1;0;0;0;0;518675,383999999610000;5351887,835000000900000;9,251916828000049;48,319903566000050;0
13919;08200626111500843060;08;1;11;000;2020;06;13;6;3;5;2;0;1;1;0;0;0;0;516709,358099999840000;5406969,246899999700000;9,227609784000038;48,815483333000032;0
13922;08200626111120864210;08;1;11;000;2020;06;17;6;3;0;1;0;1;0;0;0;0;0;512693,239500000140000;5405162,206100000100000;9,172847863000072;48,799322449000044;0
13927;08200625436300852110;08;4;36;081;2020;06;14;5;2;8;1;0;1;0;0;0;0;0;559599,228400000370000;5279498,542600000300000;9,793859272000077;47,666132416000039;0
13929;08200628119300841530;08;1;19;067;2020;06;12;1;3;3;2;0;1;1;0;0;0;0;539381,934399999680000;5405881,570900000600000;9,536334270000054;48,804675667000026;0
13940;08200625435100868350;08;4;35;035;2020;06;16;5;3;5;2;0;1;0;0;0;0;0;545060,323200000450000;5284137,296199999700000;9,600693423000053;47,709044580000068;0
13943;08200625435100845440;08;4;35;016;2020;06;20;5;3;0;1;1;1;0;0;0;0;0;530127,357400000100000;5279722,715900000200000;9,401325421000024;47,670193968000035;0
13948;08200701119010887220;08;1;19;090;2020;07;08;4;1;7;4;0;0;1;1;0;0;0;534343,849000000390000;5406293,561200000300000;9,467758679000042;48,808680589000062;0
13951;08200630317100867850;08;3;17;110;2020;06;18;3;3;6;4;0;0;1;1;1;0;0;426959,987800000240000;5381874,765699999400000;8,009583926000062;48,585696706000078;0
13956;08200703119300896820;08;1;19;086;2020;07;11;6;2;8;1;0;1;0;0;0;0;0;533863,900700000110000;5402911,089299999200000;9,460943239000073;48,778279399000041;0
13958;08200702119400876890;08;1;19;079;2020;07;18;5;3;5;3;0;1;1;0;0;0;0;524020,821899999860000;5411842,896400000900000;9,327488542000026;48,859085680000078;0
13964;08200701311010890020;08;3;15;020;2020;07;12;4;3;4;6;0;1;0;0;0;0;0;426075,971099999730000;5312439,639100000300000;8,009742703000029;47,960996562000048;0
13968;08200628118400856120;08;1;18;048;2020;06;15;1;3;0;7;0;1;0;0;0;0;0;514209,479799999860000;5416412,212200000900000;9,193885220000027;48,900492449000069;1
13970;08200701116500910010;08;1;16;049;2020;07;08;4;3;3;2;0;1;1;0;0;0;0;523111,453999999910000;5385095,858500000100000;9,313590568000052;48,618506800000034;0
13975;08200702111500877830;08;1;11;000;2020;07;15;5;3;5;2;0;1;1;0;0;0;0;517232,160699999890000;5406889,432600000900000;9,234727828000075;48,814751057000080;0
13977;08200630118000852980;08;1;15;045;2020;06;12;3;2;0;1;0;1;0;0;0;0;0;500343,859899999570000;5394241,522900000200000;9,004673341000057;48,701209393000056;0
13981;08200701221200896910;08;2;26;012;2020;07;07;4;3;4;6;0;1;0;0;0;0;0;476175,966199999680000;5477258,743899999200000;8,671324257000038;49,447523866000040;0
13983;08200702221011880810;08;2;21;000;2020;07;16;5;3;3;6;0;1;0;0;0;0;1;477513,485000000340000;5471228,386299999400000;8,690118079000058;49,393332812000040;0
13996;08200702435100877080;08;4;35;016;2020;07;18;5;3;5;3;0;1;1;0;0;0;0;537363,464999999850000;5278831,379000000700000;9,497637722000036;47,661796646000028;0
13998;08200630231000867330;08;2;31;000;2020;06;09;3;3;6;4;0;0;0;1;0;0;1;475980,800999999980000;5415493,552999999400000;8,672319165000033;48,891925825000044;0
14001;08200625335100833900;08;3;35;043;2020;06;15;5;3;0;1;0;1;0;0;0;0;0;514552,667999999600000;5280046,830000000100000;9,193868237000061;47,673648329000059;0
14002;08200630111500867620;08;1;11;000;2020;06;16;3;3;5;3;0;1;1;0;0;0;0;516602,126699999910000;5407350,344699999300000;9,226164544000028;48,818914500000062;0
14003;08200625335000841460;08;3;35;079;2020;06;17;5;2;5;2;0;1;1;0;0;0;0;499429,895999999720000;5298536,272900000200000;8,992380898000022;47,840171913000063;0
14007;08200625327200860980;08;3;27;011;2020;06;16;5;3;5;3;0;1;1;0;0;0;0;484208,761300000360000;5322800,025800000900000;8,788069563000022;48,058284183000069;0
14012;08200703221011892420;08;2;21;000;2020;07;18;6;3;3;6;0;1;1;0;0;0;0;478078,964100000450000;5472880,438300000500000;8,697819544000026;49,408213418000059;0
14022;08200625317600835300;08;3;17;129;2020;06;16;5;3;5;3;0;1;1;0;0;0;0;430069,879300000150000;5351152,135999999900000;8,056879151000032;48,309693738000078;0
14023;08200630111240859130;08;1;11;000;2020;06;21;3;2;0;1;1;1;0;0;0;0;0;518435,028800000440000;5402868,981300000100000;9,250932079000052;48,778549157000043;0
14024;08200625317300855250;08;3;17;026;2020;06;10;5;3;5;2;0;1;1;0;0;0;0;412090,177000000140000;5345414,964199999300000;7,815635907000058;48,255845212000054;0
14028;08200625317100863380;08;3;17;089;2020;06;12;5;3;6;6;0;1;0;1;0;0;0;432306,851900000130000;5377862,510900000100000;8,082729851000067;48,550206644000070;0
14032;08200702136300876160;08;1;36;040;2020;07;12;5;3;0;1;0;1;0;0;0;0;0;564323,299999999810000;5411080,108999999200000;9,876787462000038;48,849354940000069;0
14036;08200625317100850040;08;3;17;089;2020;06;12;5;3;5;3;0;1;1;0;0;0;0;429819,418100000360000;5378689,822000000600000;8,048889364000047;48,557374925000033;0
14039;08200625311500852160;08;3;15;102;2020;06;17;5;3;0;1;0;1;0;0;0;0;0;438724,125500000080000;5296248,305199999400000;8,181451242000037;47,816667949000077;0
14054;08200703119101877430;08;1;19;044;2020;07;11;6;3;2;6;0;1;1;0;0;0;0;541654,989299999550000;5425540,330700000700000;9,569293326000036;48,981364736000046;0
14056;08200630317500850050;08;3;17;097;2020;06;17;3;3;5;3;0;1;1;0;0;0;0;425409,714999999850000;5364865,563600000000000;7,991606196000021;48,432516436000071;0
14067;08200627421200863790;08;4;21;000;2020;06;14;7;3;5;3;0;1;1;0;0;0;0;571702,273400000300000;5364445,476500000800000;9,969284531000028;48,429073146000064;0
14070;08200702436200882850;08;4;36;064;2020;07;07;5;3;0;7;0;1;0;0;0;0;0;545027,386300000360000;5286941,351800000300000;9,600544253000066;47,734275333000028;1
14085;08200710317500922830;08;3;17;096;2020;07;17;6;2;5;2;0;1;1;0;0;0;0;422341,689799999820000;5368849,309200000000000;7,949397345000023;48,467979192000030;0
14099;08200709111110977570;08;1;11;000;2020;07;21;5;3;0;3;0;1;1;0;0;0;0;513425,714599999600000;5402595,673800000900000;9,182738303000065;48,776218784000037;0
14107;08200713335300913520;08;3;35;075;2020;07;11;2;3;5;2;0;1;1;0;0;0;0;488173,997200000100000;5288700,767100000800000;8,842220929000064;47,751568667000072;0
14109;08200711226700923670;08;2;26;098;2020;07;12;7;3;5;3;0;1;1;0;0;0;0;478176,688000000080000;5460510,487999999900000;8,699844415000030;49,296949962000042;0
14112;08200707426010887810;08;4;26;021;2020;07;17;3;3;5;3;0;1;0;0;1;0;0;559210,296099999920000;5326237,891300000300000;9,795086735000041;48,086659694000048;0
14120;08200714118500933190;08;1;18;078;2020;07;19;3;3;5;3;0;1;0;0;0;0;1;515015,875900000330000;5420462,953500000800000;9,205037337000022;48,936912624000058;0
14125;08200713317300930510;08;3;17;026;2020;07;10;2;2;5;3;0;1;0;0;0;1;0;410396,574199999680000;5345668,262800000600000;7,792770429000029;48,257886329000030;0
14127;08200709317000890640;08;3;17;057;2020;07;00;5;2;6;4;2;0;0;1;0;0;1;412375,485500000420000;5381063,394300000700000;7,812031050000030;48,576528412000073;0
14128;08200711211032896610;08;2;16;041;2020;07;15;7;3;3;6;0;1;0;0;0;0;0;431209,044900000100000;5392911,703999999900000;8,065360352000027;48,685454983000056;0
14129;08200706311010882940;08;3;11;000;2020;07;13;2;2;5;2;0;1;1;0;0;0;0;414614,143500000240000;5317760,535199999800000;7,855176113000027;48,007434015000058;0
14130;08200710311010904940;08;3;15;064;2020;07;17;6;3;5;3;0;1;1;0;0;0;0;422226,188500000160000;5313456,187799999500000;7,957997207000062;47,969685024000057;0
14134;08200709121300924450;08;1;21;000;2020;07;17;5;3;6;4;0;0;1;1;0;0;0;512671,568699999710000;5444917,765200000300000;9,173791648000076;49,156948385000078;0
14142;08200712436100929310;08;4;36;010;2020;07;18;1;3;0;1;0;1;0;0;0;0;0;565080,631400000300000;5311069,942600000600000;9,871602501000041;47,949634682000067;0
14147;08200707116200908470;08;1;16;078;2020;07;12;3;3;1;7;0;1;1;0;0;0;0;508948,203999999910000;5393542,970000000700000;9,121598221000056;48,694861075000063;0
14148;08200714111500918830;08;1;11;000;2020;07;13;3;3;3;6;0;1;1;0;0;0;0;513750,410299999640000;5402291,451500000400000;9,187147561000074;48,773474932000056;0
14153;08200713311010905010;08;3;11;000;2020;07;22;2;3;0;7;2;1;0;0;0;0;0;419190,123599999580000;5315183,239000000100000;7,917002920000073;47,984844727000052;0
14155;08200709311010889240;08;3;36;105;2020;07;10;5;3;6;4;0;0;0;1;1;0;0;399710,439699999990000;5267283,197300000100000;7,667063322000047;47,551221609000038;0
14158;08200710231000889680;08;2;31;000;2020;07;07;6;3;2;6;0;1;1;0;0;0;0;475540,060100000350000;5415200,133099999300000;8,666324047000046;48,889269085000080;0
14162;08200714231000947040;08;2;36;031;2020;07;14;3;3;5;3;0;1;1;0;0;0;0;481259,548100000250000;5419495,486500000600000;8,744149634000053;48,928108031000079;0
14164;08200706226100884300;08;2;26;013;2020;07;07;2;3;0;6;0;1;0;0;0;1;0;496731,413499999790000;5477275,112199999400000;8,954906149000067;49,448129327000061;0
14165;08200712136200896790;08;1;36;075;2020;07;15;1;3;1;3;0;1;0;0;0;0;0;599913,118300000210000;5422552,363600000700000;10,364598501000046;48,947818523000080;0
14173;08200712215202898570;08;2;15;064;2020;07;12;1;2;0;1;0;1;0;0;0;0;0;478584,380699999630000;5452767,162499999600000;8,705865960000040;49,227312502000075;0
14174;08200707111250884460;08;1;11;000;2020;07;23;3;2;0;1;2;1;0;0;0;0;0;514619,631400000300000;5400900,391899999200000;9,198928437000063;48,760941244000037;0
14175;08200713436300923640;08;4;36;081;2020;07;17;2;3;5;3;0;1;1;0;0;0;0;557161,861600000410000;5276582,198899999300000;9,761015345000033;47,640114276000077;0
14180;08200713222701900210;08;2;22;000;2020;07;07;2;3;5;3;0;1;1;0;0;0;0;461049,764499999580000;5481488,157999999800000;8,462235149000037;49,484784019000074;0
14181;08200708111500886200;08;1;11;000;2020;07;09;4;3;5;3;0;1;1;0;0;0;0;513948,805999999870000;5403706,835000000900000;9,189895800000045;48,786203182000065;0
14184;08200711119400907300;08;1;19;091;2020;07;10;7;3;3;6;0;1;1;0;0;0;0;528397,710599999870000;5405569,750299999500000;9,386725122000030;48,802469563000045;0
14196;08200708231000910430;08;2;37;028;2020;07;21;4;2;0;7;1;1;0;0;0;0;0;455224,600700000300000;5368806,606100000400000;8,394223920000059;48,470796061000044;0
14202;08200707435100986570;08;4;35;035;2020;07;14;3;2;5;3;0;1;1;0;0;0;0;539898,480000000450000;5280422,396999999900000;9,531545039000037;47,675960143000054;0
14203;08200713117300913990;08;1;17;026;2020;07;07;2;3;5;2;0;1;1;0;0;0;0;545710,331000000240000;5395610,392000000900000;9,621373767000023;48,711848429000042;0
14204;08200709212402888440;08;2;12;000;2020;07;20;5;3;5;2;0;1;1;0;0;0;0;456375,736899999900000;5426625,475199999300000;8,403677892000076;48,990989834000061;0
14208;08200710212402918880;08;2;12;000;2020;07;12;6;3;0;7;0;1;0;0;0;0;0;455681,552099999970000;5427719,539799999400000;8,394069926000043;49,000781643000039;0
14213;08200711118100928210;08;1;18;079;2020;07;15;7;3;5;3;0;1;1;0;0;0;0;510203,911000000310000;5420953,191600000500000;9,139343908000058;48,941420734000076;0
14215;08200710212102894410;08;2;12;000;2020;07;12;6;3;5;2;0;1;1;0;0;0;0;458838,998200000260000;5428176,912000000500000;8,437190493000060;49,005114408000054;0
14217;08200712317200909880;08;3;17;141;2020;07;16;1;2;8;1;0;1;0;0;0;0;0;417193,413700000380000;5376211,231799999300000;7,878301955000040;48,533540521000077;0
14218;08200707136300913550;08;1;36;065;2020;07;17;3;3;5;3;0;1;0;0;1;0;0;562625,822599999610000;5406578,414799999400000;9,852964345000032;48,809036345000038;0
14222;08200712118100948840;08;1;18;015;2020;07;16;1;3;4;6;0;1;0;0;0;0;0;507062,599600000310000;5430022,361300000900000;9,096604005000074;49,023047488000032;0
14227;08200706121200904830;08;1;21;000;2020;07;21;2;2;1;5;2;1;0;0;0;0;1;516006,853699999860000;5445715,359400000400000;9,219566766000071;49,164045079000061;0
14233;08200710211100888880;08;2;11;000;2020;07;02;6;3;8;1;2;1;0;0;0;0;0;443453,278099999760000;5402077,904100000900000;8,230444178000028;48,769136548000063;0
14237;08200708415300915190;08;4;15;073;2020;07;20;4;3;0;7;0;1;0;0;0;0;1;518917,892400000240000;5350545,482000000800000;9,255127837000032;48,307819736000056;0
14248;08200713326301899850;08;3;26;031;2020;07;13;2;3;0;2;0;1;0;0;0;0;1;458727,236999999730000;5333300,826999999600000;8,445083621000038;48,151616051000076;1
14254;08200707415300883090;08;4;15;059;2020;07;13;3;3;4;2;0;1;1;0;0;0;0;516528,040599999950000;5369784,370500000200000;9,223655724000025;48,480969344000073;0
14255;08200712435100961900;08;4;35;016;2020;07;14;1;3;4;4;0;1;0;1;0;0;0;535505,873900000010000;5277742,462500000400000;9,472809212000072;47,652103844000067;0
14258;08200710136100891590;08;1;36;088;2020;07;14;6;3;0;1;0;1;0;0;0;0;0;580914,534699999730000;5409472,310499999700000;10,102584895000064;48,832952646000081;0
14266;08200713226600985800;08;2;26;096;2020;07;13;2;3;3;2;0;1;1;0;0;0;0;476098,053199999970000;5489098,544399999100000;8,669532999000069;49,554016063000063;0
14268;08200709231202906570;08;2;36;071;2020;07;17;5;3;5;3;0;1;1;0;0;0;0;468730,093500000420000;5421823,425100000600000;8,572919052000032;48,948542649000046;0
14274;08200712335010962900;08;3;35;081;2020;07;15;1;3;8;1;0;1;0;0;0;0;0;490366,803700000050000;5296423,367900000900000;8,871305223000036;47,821089265000069;0
14285;08200706117300883690;08;1;17;026;2020;07;17;2;3;3;1;0;1;1;0;0;0;0;554839,434399999680000;5400317,441099999500000;9,746088498000063;48,753453578000062;0
14292;08200711325069931210;08;3;25;057;2020;07;19;7;2;3;2;0;1;1;0;0;0;0;468823,420400000180000;5354411,440199999100000;8,579268534000050;48,342114054000035;0
14305;08200714212010904050;08;2;15;046;2020;07;14;3;3;5;3;0;1;1;0;0;0;0;451133,457999999630000;5414738,301000000900000;8,333448614000076;48,883670854000059;0
14314;08200709118500915750;08;1;18;078;2020;07;19;5;3;5;3;0;1;0;0;1;0;0;514916,549200000240000;5421196,787599999500000;9,203707932000043;48,943516344000045;0
14323;08200711311400895690;08;3;15;074;2020;07;18;7;3;0;7;0;1;0;0;0;0;0;397695,282300000080000;5296146,036000000300000;7,633523746000037;47,810532542000033;0
14325;08200710121300906660;08;1;21;000;2020;07;16;6;3;5;2;0;1;0;0;0;0;1;512744,058899999600000;5444872,618400000000000;9,174784424000052;49,156540774000064;0
14330;08200711118100892500;08;1;18;079;2020;07;15;7;2;4;2;0;1;1;0;0;0;0;509787,955000000070000;5422957,982999999100000;9,133711841000036;48,959461898000029;0
14336;08200714127100902580;08;1;27;076;2020;07;10;3;3;5;3;0;1;1;0;0;0;0;553456,714300000110000;5440769,958499999700000;9,732583654000052;49,117443686000058;0
14338;08200705436000971430;08;4;35;016;2020;07;18;1;2;6;4;0;0;1;1;0;0;0;537238,789099999700000;5277571,050599999700000;9,495869875000039;47,650464168000042;0
14342;08200713335100899470;08;3;35;043;2020;07;19;2;3;0;1;0;1;0;0;0;0;0;512230,421799999660000;5279560,153599999800000;9,162918170000069;47,669317476000060;0
14344;08200711221011901170;08;2;22;000;2020;07;18;7;2;5;3;0;1;1;0;0;0;0;461999,351300000210000;5481517,282999999800000;8,475342195000053;49,485106186000053;0
14346;08200710119300921870;08;1;19;067;2020;07;08;6;3;0;7;0;0;0;1;0;1;0;539879,201799999920000;5406028,185699999300000;9,543120376000047;48,805962835000059;0
14348;08200712436300943830;08;4;36;079;2020;07;13;1;2;0;1;0;1;0;0;0;0;0;554513,210300000380000;5289467,917700000100000;9,727366653000047;47,756274765000057;0
14352;08200707426200886330;08;4;26;028;2020;07;17;3;3;2;6;0;1;0;0;1;0;0;570699,690799999980000;5341784,432600000900000;9,951931919000060;48,225340796000069;0
14354;08200709212010901910;08;2;15;108;2020;07;19;5;2;5;3;0;1;1;0;0;0;0;453797,456699999980000;5422129,488099999700000;8,368946873000027;48,950360376000049;0
14358;08200712311010908560;08;3;11;000;2020;07;19;1;3;2;2;0;1;1;0;0;0;0;403555,057000000030000;5314763,182000000000000;7,707610084000066;47,978899944000034;0
14359;08200707119500917370;08;1;19;085;2020;07;08;3;3;5;2;0;1;0;0;0;0;1;528244,609000000170000;5413358,345699999500000;9,385177013000032;48,872540158000049;0
14360;08200714118600906330;08;1;18;076;2020;07;12;3;2;0;1;0;1;0;0;0;0;0;505497,384700000290000;5424038,417600000300000;9,075113648000070;48,969234172000029;0
14361;08200708426100886890;08;4;26;128;2020;07;18;4;3;0;1;0;1;0;0;0;0;0;556164,830099999900000;5331601,993799999400000;9,754901911000047;48,135192067000048;0
14366;08200713317600899080;08;3;17;041;2020;07;19;2;2;0;7;0;1;0;0;0;0;0;438178,688099999910000;5348197,363099999700000;8,166659458000027;48,283958007000081;0