OBJECTID;UIDENTSTLAE;ULAND;UREGBEZ;UKREIS;UGEMEINDE;UJAHR;UMONAT;USTUNDE;UWOCHENTAG;UKATEGORIE;UART;UTYP1;ULICHTVERH;IstRad;IstPKW;IstFuss;IstKrad;IstGkfz;IstSonstige;LINREFX;LINREFY;XGCSWGS84;YGCSWGS84;STRZUSTAND
14369;08200711212010893680;08;2;12;000;2020;07;10;7;3;1;5;0;1;0;0;1;0;1;455171,273599999960000;5428340,291500000300000;8,387025190000031;49,006328516000053;0
14379;08200707111500895330;08;1;11;000;2020;07;22;3;3;0;3;2;1;1;0;0;0;0;512777,206000000240000;5407597,683000000200000;9,174067078000064;48,821229968000068;0
14382;08200705416200879140;08;4;16;015;2020;07;02;1;3;2;6;2;1;0;0;0;0;0;507491,929100000300000;5366462,904799999700000;9,101320827000052;48,451260624000042;0
14384;08200705416100906320;08;4;16;050;2020;07;11;1;3;0;7;0;1;0;0;0;0;0;484277,058400000450000;5365721,659600000800000;8,787391411000044;48,444440235000059;0
14386;08200712226600896350;08;2;26;107;2020;07;17;1;3;8;1;0;1;0;0;0;0;0;475028,417000000370000;5482885,282999999800000;8,655137866000075;49,498086900000033;0
14387;08200707117010884870;08;1;17;026;2020;07;11;3;1;6;4;0;0;1;1;0;0;0;548683,864500000140000;5394690,193199999600000;9,661683904000029;48,703345734000038;0
14388;08200714115100938300;08;1;15;044;2020;07;06;3;3;6;6;1;0;0;1;0;1;0;504788,902400000020000;5388862,767699999700000;9,065022823000049;48,652803192000079;0
14389;08200708335200885550;08;3;35;061;2020;07;11;4;2;8;1;0;1;0;0;0;0;0;495048,096099999730000;5278536,283099999700000;8,934048506000067;47,660201689000075;0
14392;08200705335400879560;08;3;35;098;2020;07;11;1;2;0;1;0;1;0;0;0;0;0;500583,814899999650000;5293858,496799999800000;9,007796036000059;47,798083741000028;0
14396;08200711126200928510;08;1;26;011;2020;07;18;7;3;6;4;0;0;1;1;0;0;0;532167,689899999650000;5447408,997800000000000;9,441375966000067;49,178645247000077;0
14399;08200707325069926450;08;3;27;046;2020;07;23;3;2;5;3;2;1;0;0;1;0;0;480656,679100000300000;5324401,620400000400000;8,740325909000035;48,072595900000067;0
14403;08200705335100879750;08;3;35;043;2020;07;14;1;3;0;1;0;1;0;0;0;0;0;509764,599600000310000;5285075,745899999500000;9,130195183000069;47,718986758000028;0
14407;08200713426200930320;08;4;26;070;2020;07;14;2;2;0;1;0;1;0;0;0;0;0;565041,072800000200000;5342167,489499999200000;9,875810221000052;48,229392223000048;0
14408;08200708311010893740;08;3;36;091;2020;07;15;4;3;0;7;0;1;0;0;0;0;0;394740,417500000450000;5271712,578700000400000;7,599965514000076;47,590278072000046;0
14411;08200711317100909330;08;3;17;001;2020;07;11;7;3;5;2;0;1;1;0;0;0;0;431775,508500000460000;5387057,489600000900000;8,074020720000021;48,632858657000043;0
14416;08200709226100890760;08;2;26;013;2020;07;11;5;2;5;2;0;1;1;0;0;0;0;499184,271800000220000;5478469,689899999600000;8,988743644000067;49,458882685000049;0
14422;08200708111500886560;08;1;11;000;2020;07;07;4;3;0;3;0;1;1;0;0;0;0;518319,591900000350000;5403388,656099999300000;9,249383961000035;48,783227496000052;0
14425;08200711119500926210;08;1;19;042;2020;07;13;7;3;5;2;0;1;1;0;0;0;0;528723,472000000070000;5414730,443000000000000;9,391803589000062;48,884860993000075;0
14428;08200707316200892380;08;3;16;056;2020;07;09;3;3;5;3;0;1;1;0;0;0;0;421374,716199999680000;5326165,363500000900000;7,944258816000058;48,083907880000027;0
14445;08200709215202889690;08;2;15;039;2020;07;16;5;3;0;7;0;1;0;0;0;0;0;471412,288800000210000;5452626,884899999900000;8,607372578000025;49,225757887000043;0
14462;08200712118500939610;08;1;18;078;2020;07;19;1;3;0;7;0;1;1;0;0;0;0;514850,699699999760000;5419796,133700000100000;9,202757626000050;48,930918124000073;0
14464;08200713335200935360;08;3;35;063;2020;07;16;2;3;3;6;0;1;0;0;0;0;0;499807,982800000350000;5290447,249700000500000;8,997437386000058;47,767391181000050;0
14469;08200707425000885080;08;4;25;088;2020;07;13;3;3;6;4;0;0;1;1;0;0;0;562194,226099999620000;5350165,353800000600000;9,838656679000053;48,301625050000041;0
14486;08200710111310919130;08;1;11;000;2020;07;21;6;3;5;2;1;1;1;0;0;0;0;512941,838600000370000;5405994,084499999900000;9,176259320000042;48,806800803000044;0
14488;08200705136100891810;08;1;36;002;2020;07;17;1;3;0;7;0;1;0;0;0;0;0;573867,673799999990000;5416193,372899999800000;10,007790019000026;48,894283141000074;0
14489;08200713327100920460;08;3;27;036;2020;07;15;2;3;5;3;0;1;1;0;0;0;0;490753,110000000340000;5318857,736899999900000;8,875984571000060;48,022943437000038;0
14491;08200709317600890730;08;3;17;040;2020;07;13;5;3;0;7;0;1;0;0;0;0;0;432258,028400000180000;5347802,131999999300000;8,086923434000028;48,279796698000041;0
14498;08200705135200889790;08;1;35;019;2020;07;11;1;2;2;6;0;1;0;0;0;0;0;585328,532300000080000;5389804,617000000600000;10,158645855000032;48,655467192000060;0
14499;08200709436500889160;08;4;36;049;2020;07;16;5;2;6;4;0;0;0;1;0;1;0;579005,821200000120000;5283311,207100000200000;10,053004879000071;47,698352294000074;0
14500;08200712221300926640;08;2;21;000;2020;07;14;1;3;0;7;0;1;0;0;0;0;0;480397,365299999710000;5474196,634199999300000;8,729713199000059;49,420131528000070;0
14505;08200710437200893440;08;4;37;008;2020;07;13;6;3;0;1;0;1;0;0;0;0;0;521457,141699999570000;5328114,446499999600000;9,288237288000062;48,105932317000054;0
14512;08200705127100986380;08;1;27;076;2020;07;18;1;3;0;3;0;1;1;0;0;0;0;555047,979000000280000;5438685,173499999600000;9,754104525000059;49,098551311000051;0
14516;08200712335300076930;08;3;35;028;2020;07;12;1;3;9;6;0;1;1;0;0;0;0;481250,138299999760000;5289354,319900000500000;8,749817385000029;47,757284836000053;0
14520;08200712135010898060;08;1;35;019;2020;07;16;1;3;5;2;0;1;1;0;0;0;0;584323,553899999710000;5392427,338500000500000;10,145537082000033;48,679193279000060;0
14522;08200707335100915120;08;3;35;043;2020;07;14;3;3;0;3;0;1;1;0;0;0;0;513640,665000000040000;5279597,581000000200000;9,181704718000049;47,669626024000081;0
14523;08200710336400901070;08;3;36;091;2020;07;16;6;3;0;7;0;1;0;0;0;0;0;394446,282300000080000;5273071,357699999600000;7,595727452000062;47,602452639000035;0
14525;08200709119500919840;08;1;19;089;2020;07;16;5;3;1;1;0;1;1;0;0;0;0;533260,948699999600000;5410431,096200000500000;9,453345836000040;48,845959125000036;0
14528;08200706436400890450;08;4;36;087;2020;07;08;2;3;0;7;0;1;0;0;0;0;0;546219,849200000060000;5303750,781700000200000;9,618239889000051;47,885424841000031;0
14540;08200709436400889080;08;4;36;087;2020;07;09;5;3;0;1;0;1;0;0;0;0;0;546360,487900000070000;5303260,147900000200000;9,620068285000059;47,881000542000038;0
14544;08200707216200911840;08;2;16;007;2020;07;05;3;3;5;3;1;1;1;0;0;0;0;434866,729100000110000;5396244,352000000000000;8,114524020000033;48,715824616000077;0
14546;08200709117200905720;08;1;17;024;2020;07;16;5;3;0;1;0;1;1;0;0;0;0;560990,733199999670000;5386069,548000000400000;9,827664810000044;48,624719311000035;0
14551;08200708226600947410;08;2;26;096;2020;07;17;4;3;0;7;0;1;0;0;0;0;0;475765,299499999730000;5488919,085400000200000;8,664943489000052;49,552388672000063;0
14555;08200707435100915690;08;4;35;016;2020;07;17;3;3;5;2;0;1;1;0;0;0;0;536495,455000000070000;5277802,446699999300000;9,485991361000060;47,652588486000070;0
14556;08200713426100898330;08;4;26;021;2020;07;09;2;3;6;2;0;0;1;1;0;0;0;559059,021800000220000;5327037,987400000900000;9,793166279000047;48,093871541000055;0
14560;08200711317000892360;08;3;17;034;2020;07;10;7;2;0;1;0;1;0;0;0;0;0;427689,622999999670000;5360104,183000000200000;8,023244464000072;48,389952667000045;0
14562;08200709435100896400;08;4;35;016;2020;07;10;5;3;1;5;0;1;1;0;0;0;0;530872,861200000160000;5279729,112500000700000;9,411256441000035;47,670216357000072;0
14568;08200705111210903210;08;1;11;000;2020;07;19;1;3;0;1;0;1;0;0;0;0;0;513308,254800000230000;5400610,019300000700000;9,181075323000073;48,758358486000077;0
14573;08200714127100902760;08;1;27;025;2020;07;22;3;3;0;1;2;1;0;0;0;0;0;556367,303100000140000;5427994,530300000700000;9,770688496000048;49,002272481000034;0
14577;08200704437000970530;08;4;37;124;2020;07;16;7;2;0;7;0;1;0;0;0;0;0;517154,843100000170000;5303120,766899999200000;9,229445288000022;47,881191481000030;0
14578;08200713335100904290;08;3;35;002;2020;07;15;2;3;0;1;0;1;0;0;0;0;0;505086,857400000100000;5284626,541200000800000;9,067819858000064;47,714998793000063;0
14582;08200709426010907930;08;4;26;019;2020;07;09;5;1;5;3;0;1;1;0;0;0;0;581582,160000000150000;5320927,077999999700000;10,094437943000059;48,036415556000065;0
14584;08200712436300973240;08;4;36;049;2020;07;13;1;3;1;7;0;1;1;0;0;0;0;581454,463200000110000;5281298,794600000600000;10,085259226000062;47,679944409000029;0
14586;08200704436500901890;08;4;37;100;2020;07;23;7;2;0;1;2;1;0;0;0;0;0;534033,640300000090000;5315297,796399999400000;9,456155529000057;47,990075256000068;0
14592;08200704436400894540;08;4;36;082;2020;07;02;7;3;0;1;2;1;0;0;0;0;0;548102,036199999970000;5296343,121899999700000;9,642590649000056;47,818640907000031;0
14595;08200712311400912250;08;3;15;108;2020;07;17;1;3;3;2;0;1;1;0;0;0;0;405358,906700000170000;5302926,988900000200000;7,734376388000044;47,872701585000073;0
14597;08200714119300930640;08;1;19;076;2020;07;08;3;3;5;3;0;1;1;0;0;0;0;542175,124499999920000;5407171,085500000000000;9,574504717000025;48,816092183000080;0
14609;08200712416200899300;08;4;16;015;2020;07;14;1;3;0;7;0;1;0;0;0;0;0;506227,021200000310000;5366599,373400000900000;9,084216267000045;48,452502148000065;0
14615;08200713437200933000;08;4;37;047;2020;07;18;2;3;5;3;0;1;1;0;0;0;0;520681,007199999880000;5337381,002200000000000;9,278261779000047;48,189327795000054;0
14616;08200708317600911010;08;3;17;145;2020;07;21;4;3;0;7;1;1;0;0;0;0;0;442127,731900000010000;5350778,013900000600000;8,219532815000036;48,307546645000059;0
14618;08200711337010919620;08;3;37;032;2020;07;10;7;2;6;4;0;0;1;1;0;0;0;436639,849899999800000;5272168,163000000600000;8,157112073000064;47,599825012000053;0
14619;08200704426010882460;08;4;26;071;2020;07;20;7;2;0;1;0;1;0;0;0;0;0;565702,602900000290000;5331513,100900000000000;9,883069130000024;48,133478961000037;0
14627;08200704417010878750;08;4;17;013;2020;07;14;7;1;5;3;0;1;1;0;0;0;0;512832,461000000130000;5354090,198000000800000;9,173167739000064;48,339863021000042;0
14632;08200704415300900590;08;4;15;091;2020;07;13;7;3;6;4;0;0;1;1;0;0;0;513682,525200000030000;5361463,749299999300000;9,184878870000034;48,406181731000061;0
14633;08200709327100984310;08;3;27;050;2020;07;18;5;2;5;3;0;1;0;0;1;0;0;488776,258000000380000;5312739,837400000500000;8,849631957000042;47,967868016000068;0
14644;08200704336400904770;08;3;36;091;2020;07;16;7;3;4;2;0;1;1;0;0;0;0;394773,330400000330000;5271706,311799999300000;7,600404650000030;47,590227042000038;0
14652;08200711118600920330;08;1;18;059;2020;07;21;7;3;8;1;1;1;0;0;0;0;0;502102,547799999830000;5419377,433599999200000;9,028704163000043;48,927326251000068;0
14653;08200704336100887720;08;3;36;084;2020;07;13;7;3;5;3;0;1;1;0;0;0;0;406474,470800000240000;5277305,320000000300000;7,754803170000059;47,642387061000079;0
14655;08200707311010882580;08;3;11;000;2020;07;06;3;3;5;3;0;1;1;0;0;0;0;410040,270700000230000;5318709,534700000700000;7,793665832000045;48,015342987000054;0
14657;08200707212702959310;08;2;15;017;2020;07;06;3;2;4;2;0;1;1;0;0;0;0;455074,887000000100000;5418865,608999999200000;8,386753218000024;48,921095254000079;0
14659;08200714136200945180;08;1;36;046;2020;07;17;3;2;5;2;0;1;1;0;0;0;0;578321,704900000240000;5420333,733500000100000;10,069340970000042;48,930975308000029;0
14666;08200718436500944980;08;4;36;064;2020;07;09;7;2;4;2;0;1;1;0;0;0;0;546991,159300000410000;5291706,119300000400000;9,627249129000063;47,777004062000060;0
14667;08200718436400932130;08;4;36;005;2020;07;23;7;3;0;1;2;1;0;0;0;0;0;540418,009300000030000;5309922,245100000900000;9,541216596000027;47,941340622000041;0
14669;08200718436000926770;08;4;35;016;2020;07;14;7;3;4;6;0;1;0;0;0;0;1;535869,339200000280000;5277720,580199999700000;9,477647281000031;47,651886913000055;0
14670;08200718435200981930;08;4;35;034;2020;07;13;7;3;0;7;0;1;0;0;0;0;0;528770,157999999820000;5285552,598999999500000;9,383631214000047;47,722709939000026;0
14675;08200718421300914880;08;4;25;028;2020;07;19;7;2;8;1;0;1;0;0;0;0;0;578612,739400000310000;5344091,541600000100000;10,058886951000034;48,245162476000075;0
14676;08200718417100918760;08;4;17;044;2020;07;14;7;3;0;7;0;1;0;0;0;0;0;496474,182599999940000;5337141,854299999800000;8,952562031000070;48,187503185000025;0
14680;08200718335400937600;08;3;35;098;2020;07;22;7;3;0;1;2;1;0;0;0;0;0;504664,163099999540000;5295773,814700000000000;9,062304001000030;47,815300156000035;0
14682;08200718335300914430;08;3;35;100;2020;07;14;7;3;8;1;0;1;0;0;0;0;0;488162,389800000000000;5287590,260900000100000;8,842096290000029;47,741576616000032;0
14683;08200718335200914290;08;3;35;098;2020;07;13;7;3;0;1;0;1;0;0;0;0;0;500880,635599999690000;5293235,295399999200000;9,011758399000030;47,792476143000044;0
14687;08200718325302947940;08;3;25;014;2020;07;21;7;2;0;1;2;1;0;0;0;0;0;462931,549700000320000;5341558,812500000000000;8,500887786000021;48,226168415000075;0
14690;08200718317300927730;08;3;17;065;2020;07;17;7;3;0;1;0;1;0;0;0;0;0;414518,396599999630000;5355957,725199999300000;7,846207547000063;48,351008415000081;0
14701;08200718216300947190;08;2;16;013;2020;07;16;7;2;8;1;0;1;0;0;0;0;0;452832,061800000260000;5392151,095300000200000;8,359208267000042;48,680621667000025;0
14702;08200718212102921320;08;2;12;000;2020;07;14;7;3;4;6;0;1;0;0;0;0;0;458127,091300000440000;5427593,699100000800000;8,427516968000020;48,999820424000063;0
14712;08200718121400938160;08;1;25;086;2020;07;17;7;2;4;2;0;1;1;0;0;0;0;504364,856900000010000;5443098,239499999200000;9,059844797000039;49,140696324000032;0
14716;08200718119010941600;08;1;19;024;2020;07;20;7;2;6;4;0;0;0;1;0;0;1;538961,996299999770000;5432295,575899999600000;9,533138718000032;49,042305311000064;0
14717;08200718119010936970;08;1;19;091;2020;07;18;7;2;5;2;0;1;0;0;1;0;0;530966,600300000050000;5403998,478399999400000;9,421589317000041;48,788212208000061;0
14720;08200718118500935960;08;1;18;078;2020;07;13;7;3;5;3;0;1;0;1;0;0;0;512914,855000000450000;5420386,004499999800000;9,176346235000040;48,936267845000032;0
14726;08200718115100932660;08;1;15;051;2020;07;11;7;3;0;6;0;1;1;0;0;0;0;503602,631699999790000;5385368,856100000400000;9,048885489000043;48,621379292000029;0
14729;08200718111210916970;08;1;11;000;2020;07;19;7;3;0;7;0;1;0;0;0;0;0;512835,610600000250000;5399724,694100000000000;9,174616841000045;48,750404061000040;0
14730;08200717437200911420;08;4;37;078;2020;07;07;6;3;6;4;0;0;1;1;0;0;0;508756,544800000270000;5315544,604499999400000;9,117371485000035;47,993141580000042;0
14740;08200717335400919650;08;3;35;098;2020;07;11;6;3;5;3;0;1;1;0;0;0;0;502657,731900000010000;5296140,325699999900000;9,035504301000060;47,818609246000051;0
14741;08200717335300985030;08;3;35;075;2020;07;14;6;2;4;6;0;1;0;0;1;0;0;486041,856200000270000;5288092,727199999600000;8,813794185000063;47,746055175000038;0
14742;08200717335100981180;08;3;35;043;2020;07;13;6;3;1;5;0;1;1;0;0;0;0;512823,832299999890000;5280640,743499999900000;9,170854531000032;47,679028761000041;1
14753;08200717311010929910;08;3;11;000;2020;07;12;6;3;3;2;0;1;1;0;0;0;0;414618,737800000240000;5317625,628300000000000;7,855264556000066;48,006221091000043;0
14757;08200717231202943190;08;2;36;004;2020;07;15;6;2;5;3;0;1;1;0;0;0;0;469831,144000000320000;5413119,517999999200000;8,588599971000065;48,870301123000047;0
14758;08200717231202913840;08;2;36;071;2020;07;16;6;3;0;3;0;1;1;0;0;0;0;469444,313199999740000;5421106,528200000500000;8,582727283000054;48,942129532000081;0
14759;08200717231000969260;08;2;36;028;2020;07;23;6;3;6;4;2;0;1;1;0;0;0;495389,286700000060000;5422169,023900000400000;8,937022576000061;48,952424971000028;0
14766;08200717216300941020;08;2;16;015;2020;07;13;6;2;5;3;0;1;0;0;0;0;0;450328,028400000180000;5405534,777699999500000;8,323578982000072;48,800818973000048;0
14775;08200717127010923030;08;1;27;052;2020;07;12;6;2;2;6;0;1;1;0;0;0;0;539959,847000000070000;5440883,303600000200000;9,547640923000074;49,119488717000081;0
14777;08200717121300922860;08;1;21;000;2020;07;02;6;3;3;6;2;1;1;0;0;0;0;516103,282200000250000;5443751,426300000400000;9,220810931000074;49,146376376000035;1
14790;08200717111500942350;08;1;11;000;2020;07;16;6;3;6;3;0;0;1;1;0;0;0;510652,228400000370000;5406394,182099999900000;9,145086836000075;48,810443499000030;0
14792;08200717111130947950;08;1;11;000;2020;07;18;6;3;5;3;0;1;1;0;0;0;0;513311,134100000370000;5404382,613800000400000;9,181236622000029;48,792296397000030;0
14800;08200716421300913130;08;4;21;000;2020;07;19;5;3;5;2;0;1;1;0;0;0;0;570816,375199999660000;5361355,502699999100000;9,956788833000076;48,401378217000058;0
14806;08200716326400910540;08;3;26;074;2020;07;15;5;3;6;4;0;0;1;1;0;0;0;459565,741799999960000;5322578,257300000600000;8,457373148000045;48,055203041000027;1
14807;08200716326200939950;08;3;26;074;2020;07;16;5;3;4;6;0;1;0;0;1;0;0;463343,879300000150000;5323447,671000000100000;8,507999109000025;48,063253207000059;1
14812;08200716311010942050;08;3;11;000;2020;07;15;5;3;0;2;0;1;1;0;0;0;0;412413,101400000040000;5318522,177999999400000;7,825516071000038;48,013987349000047;1
14815;08200716231000911120;08;2;37;028;2020;07;12;5;2;6;4;0;0;1;1;0;0;0;459402,370000000110000;5368885,778000000900000;8,450735336000037;48,471791897000060;1
14819;08200716216200912620;08;2;16;063;2020;07;17;5;3;8;1;0;1;0;0;0;0;0;427210,429800000040000;5400397,014399999800000;8,009719892000021;48,752329687000042;0
14828;08200716136100955160;08;1;36;088;2020;07;10;5;3;0;1;0;1;0;0;0;0;0;584312,898099999870000;5407750,358699999700000;10,148529277000023;48,817013131000067;1
14834;08200716119100910620;08;1;19;008;2020;07;17;5;3;0;1;0;1;0;0;0;0;0;530819,291600000110000;5421098,728599999100000;9,420871849000037;48,942046293000033;1
14843;08200716115100912790;08;1;15;003;2020;07;17;5;3;5;3;0;1;1;0;0;0;0;500553,442699999550000;5392837,988900000200000;9,007519864000074;48,688582918000066;1
14847;08200715435100905180;08;4;35;016;2020;07;16;4;3;5;3;0;1;1;0;0;0;0;531692,859299999660000;5280487,586600000000000;9,422234356000047;47,677001024000049;0
14856;08200715336200935560;08;3;36;069;2020;07;02;4;3;0;7;2;1;0;0;0;0;0;410312,485399999660000;5270048,906099999300000;7,807375890000060;47,577652649000072;0
14857;08200715335100918730;08;3;35;043;2020;07;20;4;2;0;1;0;1;0;0;0;0;0;515517,186700000430000;5281046,435499999700000;9,206752842000071;47,682619985000031;0
14861;08200715317100905570;08;3;17;001;2020;07;07;4;3;5;3;0;1;1;0;0;0;0;432652,879499999810000;5386410,333499999700000;8,086032421000027;48,627132570000072;1
14863;08200715316100904890;08;3;16;043;2020;07;14;4;3;5;3;0;1;1;0;0;0;0;411408,355499999600000;5331001,619999999200000;7,809459396000023;48,126103116000081;0
14864;08200715311500909210;08;3;15;113;2020;07;17;4;3;5;3;0;1;1;0;0;0;0;439432,973100000060000;5308212,637800000600000;8,189242144000048;47,924372084000026;0
14866;08200715311400909520;08;3;15;074;2020;07;13;4;3;0;3;0;1;1;0;0;0;0;395963,669300000180000;5296375,902699999500000;7,610346526000058;47,812322539000036;1
14869;08200715311010906070;08;3;11;000;2020;07;11;4;3;0;1;0;1;0;0;0;0;0;414004,183500000280000;5315212,210999999200000;7,847510353000075;47,984429112000043;0
14875;08200715221011916050;08;2;26;018;2020;07;10;4;3;5;3;0;1;1;0;0;0;0;472831,364199999720000;5472258,498299999200000;8,625525641000024;49,402407533000030;1
14879;08200715211100907480;08;2;11;000;2020;07;13;4;3;5;3;0;1;1;0;0;0;0;443360,020999999720000;5402173,786499999500000;8,229161940000040;48,769990545000041;1
14892;08200715119300937140;08;1;19;067;2020;07;11;4;3;6;7;0;1;0;1;0;0;0;539142,047600000170000;5405772,356300000100000;9,533057038000038;48,803708377000078;0
14898;08200715118100920620;08;1;18;007;2020;07;16;4;3;0;7;0;1;0;0;0;0;0;511321,758600000290000;5428192,616699999200000;9,154810620000035;49,006524434000028;0
14908;08200714436300943650;08;4;36;081;2020;07;14;3;3;5;3;0;1;1;0;0;0;0;560526,603900000450000;5279578,880500000000000;9,806221754000035;47,666769074000058;0
14911;08200714435200920810;08;4;35;005;2020;07;15;3;2;2;6;0;1;1;0;0;0;0;526391,487999999900000;5286288,640000000600000;9,351958463000074;47,729434076000075;0
14921;08200714325302917750;08;3;25;053;2020;07;10;3;3;0;6;0;1;0;0;0;0;1;454243,907499999740000;5337970,408800000300000;8,384305529000073;48,193318652000073;0
14922;08200714317500918970;08;3;17;096;2020;07;15;3;2;3;6;0;1;1;0;0;0;0;421909,060899999920000;5369824,502299999800000;7,943363413000043;48,476697398000056;0
14923;08200714317200929670;08;3;17;153;2020;07;13;3;3;5;2;0;1;0;0;1;0;0;420533,586799999700000;5389186,840299999300000;7,921057093000059;48,650683656000069;0
14928;08200714311100905620;08;3;15;059;2020;07;16;3;3;6;4;0;0;1;1;0;0;0;399152,829699999650000;5322145,152200000400000;7,646899410000060;48,044619465000039;0
14929;08200714311010902150;08;3;15;084;2020;07;08;3;3;5;2;0;1;1;0;0;0;0;421888,120799999680000;5310543,469599999500000;7,953997650000076;47,943441753000059;0
14934;08200721436000953870;08;4;36;008;2020;07;16;3;3;5;2;0;1;1;0;0;0;0;547461,972599999980000;5310850,062699999700000;9,635635430000036;47,949204741000074;0
14936;08200722327200958790;08;3;27;046;2020;07;06;4;3;5;3;1;1;1;0;0;0;0;481005,415000000040000;5324123,183000000200000;8,745019836000040;48,070101287000057;0
14940;08200720116200919740;08;1;16;080;2020;07;09;2;2;0;1;0;1;0;0;0;0;0;522074,915599999950000;5395746,543999999800000;9,300094726000054;48,714357977000077;0
14949;08200723311500963800;08;3;15;102;2020;07;13;5;2;0;1;0;1;0;0;0;0;0;438082,555100000460000;5296826,305099999500000;8,172799193000060;47,821806518000074;0
14950;08200721119100941550;08;1;19;087;2020;07;14;3;3;2;6;0;1;1;0;0;0;0;529246,714900000020000;5423792,645600000400000;9,399590618000048;48,966355697000040;0
14953;08200720335100950690;08;3;35;043;2020;07;22;2;3;0;1;2;1;0;0;0;0;0;515518,300999999980000;5281046,202500000600000;9,206767680000041;47,682617862000029;0
14956;08200719437200917190;08;4;37;005;2020;07;10;1;2;0;1;0;1;0;0;0;0;0;502211,687199999580000;5326359,116399999700000;9,029701050000028;48,090497181000046;0
14958;08200723317300954820;08;3;17;031;2020;07;10;5;2;5;7;0;1;1;0;0;0;0;419246,945500000380000;5361287,411599999300000;7,908995128000072;48,399571148000064;0
14963;08200719437100950780;08;4;37;076;2020;07;14;1;3;5;2;0;1;1;0;0;0;0;525027,003899999890000;5322260,599700000100000;9,335848069000065;48,053135521000058;0
14965;08200722111230963100;08;1;11;000;2020;07;19;4;3;4;6;0;1;0;0;0;0;0;515625,032999999820000;5405266,888000000300000;9,212774746000036;48,800197375000039;0
14967;08200719436400987560;08;4;36;087;2020;07;01;1;2;0;1;2;1;0;0;0;0;0;546135,280600000170000;5304089,654400000300000;9,617144979000045;47,888479711000059;0
14969;08200719436300918380;08;4;36;001;2020;07;13;1;3;8;7;0;1;0;0;0;0;0;551504,413999999870000;5274807,423000000400000;9,685492828000065;47,624621275000038;0
14971;08200722435100963060;08;4;35;016;2020;07;16;4;3;7;7;0;1;0;0;0;0;0;534789,871199999940000;5278444,609200000800000;9,463330867000025;47,658460259000037;0
14980;08200722335100942020;08;3;35;066;2020;07;10;4;3;0;6;0;1;0;0;1;0;0;509751,711400000380000;5281734,168899999900000;9,129948595000030;47,688920678000045;0
14985;08200722416100928610;08;4;16;006;2020;07;22;4;3;0;7;2;1;0;0;0;0;0;498247,532899999990000;5359486,859899999600000;8,976328778000038;48,388542614000073;0
14987;08200720435200986180;08;4;35;059;2020;07;19;2;3;0;3;0;1;1;0;0;0;0;512689,127600000240000;5290677,578299999200000;9,169352293000031;47,769338667000056;0
14988;08200722212502930050;08;2;12;000;2020;07;13;4;3;5;3;0;1;1;0;0;0;0;452876,509600000460000;5429868,991299999900000;8,355471797000064;49,019908259000033;0
14994;08200722325000933520;08;3;27;046;2020;07;13;4;2;5;3;0;1;1;0;0;0;0;480481,394399999640000;5324801,581599999200000;8,737954558000070;48,076189000000056;0
15000;08200719415300956590;08;4;15;059;2020;07;13;1;3;5;3;0;1;0;0;1;0;0;516248,394199999980000;5367102,259500000600000;9,219767394000030;48,456847335000077;0
15001;08200721317500925740;08;3;17;096;2020;07;17;3;3;5;3;0;1;1;0;0;0;0;421980,922299999740000;5368735,813300000500000;7,944538723000051;48,466913653000063;0
15003;08200722127100971470;08;1;27;100;2020;07;19;4;3;0;6;0;1;1;0;0;0;0;553669,241999999620000;5437828,190999999600000;9,735104965000062;49,090964818000032;0
15014;08200721311010925550;08;3;15;064;2020;07;12;3;3;5;2;0;1;1;0;0;0;0;422151,775000000370000;5313279,789000000800000;7,957032349000031;47,968089137000050;0
15015;08200723221011936280;08;2;21;000;2020;07;18;5;2;5;3;0;1;1;0;0;0;0;470785,481999999840000;5474497,008800000000000;8,597162534000063;49,422447608000027;0
15017;08200723326400942410;08;3;26;074;2020;07;12;5;2;0;1;0;1;0;0;0;0;0;460720,221900000240000;5328254,917999999600000;8,472343530000046;48,106346254000073;0
15023;08200719335200963550;08;3;35;063;2020;07;20;1;3;5;3;0;1;1;0;0;0;0;496086,223199999890000;5287274,149700000900000;8,947796279000045;47,738829128000077;0
15025;08200719325302954330;08;3;25;051;2020;07;14;1;3;4;6;0;1;0;0;0;0;0;452536,154799999670000;5346727,417999999600000;8,360346290000052;48,271973629000058;0
15026;08200721231000939940;08;2;37;040;2020;07;12;3;3;0;7;0;1;0;0;0;0;0;480253,427600000050000;5366386,894700000100000;8,732952292000050;48,450311571000043;0
15035;08200722226400948120;08;2;26;084;2020;07;16;4;3;5;2;0;1;1;0;0;0;0;468097,225999999790000;5469639,815800000000000;8,560485499000038;49,378623429000072;0
15036;08200723116200962910;08;1;16;080;2020;07;07;5;3;1;6;0;1;1;0;0;0;0;521956,678500000390000;5395709,488399999200000;9,298485418000041;48,714028802000030;0
15044;08200720435100966270;08;4;35;016;2020;07;20;2;3;0;7;0;1;0;0;0;0;0;534437,393899999560000;5277987,568900000300000;9,458600727000032;47,654366926000080;0
15046;08200719311100936890;08;3;15;015;2020;07;13;1;2;4;6;0;1;0;0;0;0;0;399124,443199999630000;5320349,397800000400000;7,646941693000031;48,028462856000033;0
15051;08200721119100962750;08;1;19;008;2020;07;14;3;3;0;3;0;1;1;0;0;0;0;532692,769000000320000;5420392,025000000400000;9,446398792000025;48,935592999000050;0
15054;08200721127202957220;08;1;27;014;2020;07;20;3;3;5;3;0;1;1;0;0;0;0;578328,413700000380000;5442834,509299999100000;10,073779521000063;49,133346233000054;0