OBJECTID;UIDENTSTLAE;ULAND;UREGBEZ;UKREIS;UGEMEINDE;UJAHR;UMONAT;USTUNDE;UWOCHENTAG;UKATEGORIE;UART;UTYP1;ULICHTVERH;IstRad;IstPKW;IstFuss;IstKrad;IstGkfz;IstSonstige;LINREFX;LINREFY;XGCSWGS84;YGCSWGS84;STRZUSTAND
15659;08200802317100003420;08;3;17;110;2020;08;18;1;2;2;6;0;1;0;0;0;0;0;427953,173000000420000;5379948,089999999900000;8,023383274000025;48,568481350000070;0
15660;08200729436100964000;08;4;36;055;2020;07;10;4;3;0;7;0;1;0;0;0;0;0;579101,937400000170000;5302484,122600000400000;10,057779547000052;47,870820007000077;0
15665;08200730231102982650;08;2;36;033;2020;07;18;5;3;5;3;0;1;1;0;0;0;0;481992,681300000290000;5430598,291300000600000;8,753666825000039;49,028005832000076;0
15671;08200729435100979730;08;4;35;016;2020;07;23;4;3;0;1;2;1;0;0;0;0;0;533898,308000000190000;5278335,525000000400000;9,451448969000069;47,657526114000063;0
15674;08200802226600989040;08;2;26;096;2020;08;17;1;3;8;7;0;1;0;0;0;0;0;475858,042200000030000;5488898,796299999600000;8,666226922000021;49,552209885000082;0
15681;08200803311010996030;08;3;11;000;2020;08;19;2;3;0;1;0;1;0;0;0;0;0;412270,141099999660000;5318661,602000000000000;7,823570952000068;48,015221893000046;1
15688;08200729435100294050;08;4;35;016;2020;07;06;4;2;5;2;0;1;1;0;0;0;0;537229,415300000460000;5281812,357000000800000;9,496106571000041;47,688625312000056;0
15689;08200730335300959700;08;3;35;075;2020;07;18;5;3;5;2;0;1;1;0;0;0;0;486917,893899999560000;5289688,701700000100000;8,825432714000044;47,760433376000037;0
15695;08200801126200993180;08;1;26;069;2020;08;09;7;2;3;6;0;1;1;0;0;0;0;533892,868200000380000;5446169,833499999700000;9,464942105000034;49,167406012000072;0
15699;08200729421200970290;08;4;21;000;2020;07;17;4;3;5;2;0;1;0;0;0;0;0;574203,981300000100000;5362632,152499999900000;10,002776875000052;48,412472227000080;0
15716;08200802335200988640;08;3;35;055;2020;08;11;1;3;6;4;0;0;1;1;0;0;0;496482,838499999610000;5284065,103700000800000;8,953112429000043;47,709957641000074;0
15719;08200801311400988090;08;3;15;022;2020;08;11;7;2;0;7;0;1;0;0;0;0;0;397118,602599999870000;5299990,235099999200000;7,624910157000045;47,845018659000061;0
15722;08200730311010968070;08;3;11;000;2020;07;22;5;3;3;2;2;1;1;0;0;0;0;413208,796600000000000;5315216,071100000300000;7,836852305000036;47,984356401000070;0
15729;08200729416010950070;08;4;15;061;2020;07;07;4;3;5;3;0;1;1;0;0;0;0;515695,961900000460000;5372311,709000000700000;9,212491187000069;48,503727497000057;0
15732;08200801215202993500;08;2;15;100;2020;08;19;7;3;5;3;0;1;1;0;0;0;0;474939,872999999670000;5450593,336999999400000;8,655946893000021;49,207620399000064;0
15737;08200731435100970220;08;4;35;024;2020;07;00;6;3;0;7;2;1;0;0;0;0;0;528841,973600000140000;5279503,649499999400000;9,384188811000058;47,668281528000080;0
15745;08200802226400006570;08;2;26;063;2020;08;14;1;3;0;3;0;1;0;0;1;0;0;471103,384999999780000;5470866,352600000800000;8,601810160000071;49,389805903000081;0
15753;08200730212010954480;08;2;12;000;2020;07;10;5;3;3;2;0;1;1;0;0;0;0;455659,692599999720000;5427445,531700000200000;8,393800989000056;48,998315339000044;0
15760;08200802212010991080;08;2;15;017;2020;08;18;1;3;4;6;0;1;0;0;0;0;0;454937,317999999970000;5419339,653000000900000;8,384823083000072;48,925349384000071;0
15766;08200731335400987240;08;3;35;098;2020;07;18;6;3;8;1;0;1;0;0;0;0;0;504394,420599999840000;5296391,651599999500000;9,058707043000027;47,820861023000077;0
15767;08200729335400953250;08;3;35;098;2020;07;14;4;3;0;1;0;1;0;0;0;0;0;501909,558000000190000;5294721,466000000000000;9,025503291000064;47,805845737000027;0
15770;08200731119010958780;08;1;19;087;2020;07;09;6;3;4;2;0;1;1;0;0;0;0;529329,196999999690000;5423725,838300000900000;9,400712706000036;48,965750826000033;0
15773;08200729325202975840;08;3;25;069;2020;07;12;4;2;0;1;0;1;0;0;0;0;0;466312,906700000170000;5332562,875499999200000;8,547128437000026;48,145424072000026;0
15774;08200730311400978850;08;3;15;048;2020;07;15;5;3;5;3;0;1;1;0;0;0;0;397139,292000000370000;5309103,586999999400000;7,623015268000074;47,926994466000053;0
15779;08200729317600953830;08;3;17;040;2020;07;13;4;3;0;3;0;1;1;0;0;0;0;432113,546799999660000;5346820,716800000500000;8,085133900000074;48,270952797000064;0
15782;08200801121400989690;08;1;25;061;2020;08;23;7;3;3;7;2;1;0;0;0;0;1;502890,177799999710000;5447935,456299999700000;9,039660804000050;49,184217539000031;1
15784;08200731317300980810;08;3;17;065;2020;07;11;6;3;5;3;0;1;1;0;0;0;0;414175,580000000070000;5354953,660800000700000;7,841786022000065;48,341930556000079;0
15790;08200729317010970780;08;3;17;121;2020;07;17;4;2;5;3;0;1;1;0;0;0;0;422420,795500000010000;5345306,424799999200000;7,954809295000075;48,256218056000080;0
15801;08200802317300989420;08;3;17;150;2020;08;11;1;3;8;7;0;1;0;0;0;0;0;408838,915000000040000;5354345,539000000800000;7,769915263000030;48,335713155000064;1
15805;08200801436500000470;08;4;36;081;2020;08;11;7;2;0;7;0;1;0;0;0;0;0;564770,082000000400000;5285501,043999999800000;9,863618298000063;47,719637625000075;0
15806;08200729316100977280;08;3;16;020;2020;07;13;4;3;0;3;0;1;1;0;0;0;0;408844,045300000350000;5338745,675200000400000;7,773347154000021;48,195397810000031;0
15809;08200731437100979080;08;4;37;100;2020;07;08;6;3;0;3;0;1;1;0;0;0;0;537304,031999999660000;5317728,159000000000000;9,500198524000041;48,011758424000050;0
15820;08200801435100002380;08;4;35;016;2020;08;21;7;3;0;1;0;1;0;0;0;0;0;529980,882799999790000;5282344,819900000500000;9,399554392000027;47,693793076000077;0
15827;08200802211000001380;08;3;17;089;2020;08;16;1;2;7;7;0;0;0;1;1;0;0;431983,331000000240000;5377451,024199999900000;8,078413816000023;48,546470248000048;0
15832;08200803222400009930;08;2;26;038;2020;08;05;2;3;5;3;1;1;1;0;0;0;0;472596,774199999870000;5479851,931500000900000;8,621767403000035;49,470697952000080;0
15835;08200729311100955840;08;3;15;059;2020;07;18;4;3;4;2;0;1;1;0;0;0;0;399202,487099999560000;5321793,277200000400000;7,647648348000075;48,041462330000059;0
15838;08200731337010961710;08;3;37;027;2020;07;19;6;2;2;1;0;1;0;0;0;0;0;432737,881099999880000;5278921,548900000800000;8,104172304000031;47,660189863000028;0
15839;08200729311100952440;08;3;15;115;2020;07;08;4;3;0;1;0;1;1;0;0;0;0;408125,142799999560000;5320493,265499999700000;7,767608159000076;48,031115252000063;0
15843;08200801326100003440;08;3;26;006;2020;08;18;7;3;0;6;0;1;0;0;0;0;1;455332,280100000090000;5308634,837200000900000;8,402014358000031;47,929475823000075;0
15855;08200802115300008570;08;1;15;042;2020;08;12;1;3;0;7;0;1;0;0;0;0;0;496097,483000000010000;5407102,403000000900000;8,946839629000067;48,816893636000032;0
15863;08200730311010980450;08;3;36;081;2020;07;18;5;3;3;1;0;0;1;1;0;0;0;412403,768199999820000;5278047,371500000400000;7,833579637000071;47,649892038000075;0
15865;08200801118300994540;08;1;18;081;2020;08;09;7;3;0;7;0;1;0;0;0;0;0;520049,310800000090000;5413262,060399999800000;9,273413082000047;48,871993162000081;0
15866;08200803128300006530;08;1;28;131;2020;08;11;2;2;8;1;0;1;0;0;0;0;0;537187,653400000180000;5511079,755300000300000;9,516234878000034;49,751049877000071;1
15873;08200729226600987320;08;2;26;096;2020;07;12;4;3;0;7;0;1;0;0;0;0;0;475668,374699999580000;5490910,151699999300000;8,663480428000071;49,570293596000056;0
15876;08200731435100979530;08;4;35;029;2020;07;13;6;3;5;3;0;1;0;0;0;0;1;544918,312500000000000;5272009,633500000500000;9,597554217000038;47,599938976000033;0
15881;08200802226600988790;08;2;26;096;2020;08;20;1;3;0;1;0;1;0;0;0;0;0;475329,226099999620000;5490967,563200000700000;8,658786306000025;49,570796254000072;0
15885;08200801136100073760;08;1;36;088;2020;08;16;7;3;5;3;0;1;1;0;0;0;0;579962,152999999930000;5409950,656999999700000;10,089703018000023;48,837378388000047;0
15888;08200730136300957840;08;1;36;065;2020;07;14;5;3;5;3;0;1;1;0;0;0;0;563772,856999999840000;5407296,127000000300000;9,868696636000038;48,815375426000060;0
15889;08200803311010989250;08;3;36;091;2020;08;11;2;3;4;6;0;1;0;0;0;0;0;395332,706600000150000;5271603,375099999800000;7,607867071000044;47,589391636000073;0
15891;08200730136010975630;08;1;36;002;2020;07;20;5;2;2;1;0;1;1;0;0;0;0;569289,569299999620000;5416305,914300000300000;9,945358387000056;48,895824292000043;0
15894;08200801335100987800;08;3;35;043;2020;08;15;7;3;4;6;0;1;0;0;0;0;0;510168,685700000260000;5288146,359500000300000;9,135654737000039;47,746608620000075;0
15901;08200806335000028620;08;3;35;075;2020;08;07;5;2;5;3;0;1;1;0;0;0;0;488053,848299999720000;5288937,979599999300000;8,840611427000056;47,753700781000077;0
15904;08200807335200015690;08;3;35;063;2020;08;22;6;3;0;1;2;1;0;0;0;0;0;494467,911700000060000;5287832,358500000100000;8,926203428000065;47,743839812000033;0
15905;08200808211000025780;08;2;11;000;2020;08;18;7;2;0;7;0;1;0;0;0;0;0;442367,293999999760000;5403175,252499999500000;8,215512449000073;48,778907708000077;0
15910;08200807231102002240;08;2;36;033;2020;08;18;6;3;0;1;0;1;0;0;0;1;0;483534,844999999740000;5430689,848700000000000;8,774759133000032;49,028872541000055;0
15915;08200806317200014840;08;3;17;005;2020;08;02;5;3;8;7;2;1;0;0;0;0;0;424600,764499999580000;5377641,303999999500000;7,978365652000036;48,547337725000034;0
15920;08200806311400007780;08;3;15;074;2020;08;15;5;3;6;7;0;0;0;1;0;0;1;396841,628499999640000;5298641,324599999900000;7,621530786000051;47,832841040000062;0
15923;08200809215302002160;08;2;36;061;2020;08;18;1;3;8;1;0;1;0;0;0;0;0;488234,432300000450000;5433525,222100000800000;8,838966141000071;49,054485761000080;0
15933;08200806231000994860;08;2;36;073;2020;08;23;5;2;9;1;2;1;0;0;0;0;0;477543,078900000080000;5426384,602499999100000;8,693031905000055;48,989955724000026;0
15935;08200807436000018620;08;4;36;064;2020;08;10;6;2;5;3;0;1;1;0;0;0;0;546619,337799999860000;5291548,955700000700000;9,622269400000050;47,775617074000081;0
15936;08200806231000022240;08;2;36;028;2020;08;17;5;2;3;6;0;1;0;0;1;0;0;492039,269899999720000;5427167,113399999200000;8,891167159000077;48,997351927000068;0
15939;08200809121600044460;08;1;26;045;2020;08;18;1;2;3;6;0;1;0;0;1;0;0;547701,947100000460000;5471297,791099999100000;9,657361109000021;49,392503644000044;0
15944;08200806215402001010;08;2;15;009;2020;08;11;5;3;5;3;0;1;0;0;0;0;1;471118,669999999930000;5442595,735600000200000;8,604060556000036;49,135512737000056;0
15948;08200807226700996330;08;2;26;060;2020;08;08;6;3;0;5;0;1;1;0;0;0;0;477875,090900000180000;5463448,955600000900000;8,695533496000053;49,323370640000064;0
15949;08200806212010995500;08;2;12;000;2020;08;18;5;2;4;6;0;1;0;0;0;0;0;452786,405299999750000;5428636,437400000200000;8,354382876000045;49,008814519000055;0
15951;08200806212010077320;08;2;12;000;2020;08;20;5;3;5;2;0;1;0;0;0;0;1;452761,224100000230000;5429138,791400000500000;8,353980098000022;49,013331280000045;0
15957;08200807426300009960;08;4;26;067;2020;08;17;6;3;3;6;0;1;1;0;0;0;0;525183,594999999740000;5328693,788000000600000;9,338328715000046;48,111008120000065;0
15960;08200806128100995120;08;1;28;058;2020;08;10;5;2;0;3;0;1;1;0;0;0;0;559402,609000000170000;5481999,725999999800000;9,820191368000053;49,487727812000060;0
15963;08200806127100005240;08;1;27;076;2020;08;17;5;2;6;2;0;0;1;1;0;0;0;554522,238800000400000;5439016,924599999600000;9,746947814000066;49,101582131000043;0
15969;08200806121500995320;08;1;25;065;2020;08;09;5;3;5;3;0;1;1;0;0;0;0;516036,877299999820000;5447486,223899999600000;9,220049189000065;49,179973718000042;0
15974;08200809436400999360;08;4;36;096;2020;08;10;1;3;8;2;0;1;0;0;0;0;0;542402,657200000250000;5300418,827299999100000;9,566856559000030;47,855710966000061;0
15975;08200806118400002840;08;1;18;048;2020;08;10;5;3;5;3;0;1;1;0;0;0;0;514249,990199999880000;5415255,031600000300000;9,194397605000063;48,890081835000046;0
15976;08200809111130999630;08;1;11;000;2020;08;07;1;3;0;7;0;1;0;0;0;0;0;506755,385999999940000;5400326,837999999500000;9,091910941000037;48,755916589000037;0
15977;08200806118100993640;08;1;18;079;2020;08;09;5;3;5;2;0;1;1;0;0;0;0;509776,576000000350000;5422945,700699999900000;9,133556100000021;48,959351590000040;0
15979;08200806117100994450;08;1;17;019;2020;08;08;5;3;2;6;0;1;1;0;0;0;0;551094,011900000270000;5394357,649499999400000;9,694397677000040;48,700161589000061;0
15981;08200808136010006830;08;1;36;068;2020;08;09;7;2;5;3;0;1;1;0;0;0;0;593609,434399999680000;5428871,073699999600000;10,279981329000066;49,005631525000069;0
15993;08200806116010019480;08;1;16;078;2020;08;10;5;3;0;2;0;1;0;0;0;0;0;512920,931599999780000;5390534,286200000000000;9,175489820000053;48,667725106000034;0
15996;08200806115200020090;08;1;15;021;2020;08;19;5;3;5;3;0;1;0;0;0;0;1;490111,790000000040000;5382332,593000000300000;8,865895601000034;48,593996657000048;0
15997;08200808426010998800;08;4;25;028;2020;08;14;7;3;9;1;0;1;0;0;0;0;0;579450,050900000150000;5340483,560399999800000;10,069486711000025;48,212603353000077;0
16001;08200806111500003090;08;1;11;000;2020;08;08;5;3;2;6;0;1;0;0;0;1;0;512824,584599999710000;5399723,231699999400000;9,174466798000026;48,750391132000061;0
16005;08200805436300993750;08;4;36;081;2020;08;11;4;3;3;6;0;1;1;0;0;0;0;563304,852800000460000;5282734,632600000100000;9,843681970000034;47,694894487000056;0
16007;08200807212010015820;08;2;15;096;2020;08;22;6;3;6;6;2;0;1;1;0;0;0;462824,232699999590000;5412961,877299999800000;8,493067529000030;48,868502584000055;0
16012;08200811111500005000;08;1;11;000;2020;08;09;3;3;5;2;0;1;1;0;0;0;0;510664,930700000380000;5397213,486700000200000;9,145021818000032;48,727854208000053;0
16015;08200810416200002010;08;4;16;041;2020;08;11;2;3;3;6;0;1;0;0;0;0;0;503303,897599999790000;5373160,922399999600000;9,044734886000072;48,511554781000029;0
16016;08200807435100998150;08;4;35;016;2020;08;16;6;3;5;2;0;1;1;0;0;0;0;536171,193099999800000;5277873,234999999400000;9,481679346000021;47,653243607000036;0
16019;08200805435100993660;08;4;35;057;2020;08;15;4;3;3;6;0;1;0;0;0;1;0;546321,670199999590000;5282412,865800000700000;9,617324091000057;47,693440399000053;0
16021;08200805435100992300;08;4;35;029;2020;08;12;4;3;0;1;0;1;0;0;0;0;0;544582,939000000250000;5272182,311799999300000;9,593110507000063;47,601515774000063;0
16023;08200805435100076470;08;4;35;057;2020;08;19;4;3;4;2;0;1;1;0;0;0;0;544164,015900000000000;5279824,282999999800000;9,588308948000076;47,670301457000051;0
16024;08200809135010000450;08;4;25;022;2020;08;10;1;3;5;3;0;1;1;0;0;0;0;578599,491999999620000;5377317,416999999400000;10,064927974000057;48,544031528000062;0
16034;08200805416100993250;08;4;16;048;2020;08;15;4;3;5;3;0;1;1;0;0;0;0;497054,028599999850000;5375415,847999999300000;8,960095515000035;48,531842696000069;0
16036;08200805416010994570;08;4;15;062;2020;08;13;4;2;6;4;0;0;0;1;0;1;0;518973,706000000240000;5378683,470000000700000;9,257154811000021;48,560959050000065;0
16050;08200805327200030110;08;3;27;046;2020;08;17;4;2;0;7;0;1;0;0;0;0;0;479826,727199999620000;5326004,512399999400000;8,729108661000055;48,086991339000065;0
16051;08200807426010996510;08;4;26;021;2020;08;11;6;3;5;2;0;1;0;0;0;0;1;557714,178600000220000;5327091,527400000000000;9,775113925000028;48,094476435000047;0
16053;08200805326300013660;08;3;26;031;2020;08;17;4;3;5;3;0;1;1;0;0;0;0;459445,508200000040000;5332408,758099999300000;8,454825396000047;48,143636727000057;0
16057;08200805317600999340;08;3;17;040;2020;08;08;4;3;5;2;0;1;1;0;0;0;0;431961,884399999860000;5347826,279200000700000;8,082928428000059;48,279982157000063;0
16059;08200808127100020770;08;1;27;076;2020;08;20;7;3;0;1;1;1;0;0;0;0;0;553521,557099999860000;5440866,280899999700000;9,733484975000067;49,118304434000038;0
16060;08200805317100994290;08;3;17;116;2020;08;15;4;3;2;6;0;1;0;0;0;0;0;433591,815799999980000;5389071,630400000100000;8,098346498000069;48,651171520000048;0
16063;08200805311500994560;08;3;15;113;2020;08;14;4;3;5;3;0;1;1;0;0;0;0;439431,505800000390000;5308188,586600000000000;8,189225886000031;47,924155571000028;0
16066;08200811127202007300;08;1;27;047;2020;08;15;3;3;0;1;0;1;0;0;0;0;0;561847,987999999900000;5455977,755999999100000;9,849906982000050;49,253440843000078;0
16075;08200805311010003190;08;3;15;047;2020;08;13;4;3;6;7;0;0;0;1;0;0;1;415331,519899999720000;5320912,063500000200000;7,864169816000072;48,035878664000052;0
16077;08200807127010006500;08;1;27;104;2020;08;08;6;2;6;4;0;0;0;1;1;0;0;579671,672899999660000;5434956,532600000500000;10,090636686000039;49,062320347000082;0
16078;08200805311010001860;08;3;11;000;2020;08;11;4;2;2;7;0;1;0;0;0;0;0;412536,219999999740000;5315348,973999999500000;7,827813526000057;47,985460288000070;0
16081;08200807417200031050;08;4;17;002;2020;08;10;6;3;5;3;0;1;1;0;0;0;0;488955,486600000410000;5346207,369599999900000;8,851165970000068;48,268977543000062;0
16084;08200809215302064420;08;2;15;009;2020;08;08;1;3;2;6;0;1;1;0;0;0;0;473048,265499999750000;5434187,632799999800000;8,631074116000036;49,059967210000082;0
16086;08200805231000043670;08;2;36;071;2020;08;13;4;3;5;3;0;1;1;0;0;0;0;468497,970599999650000;5420036,516799999400000;8,569886979000046;48,932456813000044;0
16087;08200808311400997920;08;3;15;074;2020;08;07;7;3;5;3;0;1;1;0;0;0;0;398185,227400000210000;5295885,190400000700000;7,640127257000074;47,808263952000061;0
16094;08200811116010030310;08;1;16;080;2020;08;16;3;1;5;3;0;1;0;0;0;0;1;517491,235700000080000;5398154,494300000400000;9,237885231000064;48,736165265000068;0
16095;08200807121600010210;08;1;25;001;2020;08;15;6;3;5;3;0;1;0;0;0;0;0;521439,028099999760000;5436921,667600000300000;9,293611872000042;49,084777440000039;0
16097;08200810421300053380;08;4;21;000;2020;08;09;2;3;4;6;0;1;0;0;0;0;0;568790,098899999630000;5364485,780099999200000;9,929929346000051;48,429760532000046;0
16101;08200810117400015110;08;1;17;003;2020;08;14;2;3;0;1;0;1;0;0;0;0;0;541731,804200000130000;5393533,445299999800000;9,567083719000038;48,693443925000054;0
16104;08200807119200012920;08;1;19;020;2020;08;18;6;3;2;7;0;1;1;0;0;0;0;519602,401899999940000;5406682,767899999400000;9,267003845000033;48,812821678000034;0
16105;08200805221011006560;08;2;21;000;2020;08;17;4;3;5;2;0;1;1;0;0;0;0;477839,369199999610000;5473280,515399999900000;8,694494457000076;49,411803372000065;0
16106;08200807317100003880;08;3;17;001;2020;08;09;6;3;0;7;0;1;0;0;0;0;0;427725,863699999640000;5390471,715299999300000;8,018469072000073;48,663114134000068;0
16109;08200811221011003270;08;2;21;000;2020;08;10;3;3;6;6;0;1;0;1;0;0;0;477807,890800000170000;5472881,697899999100000;8,694082796000032;49,408214922000070;0
16114;08200805215302995140;08;2;15;007;2020;08;14;4;2;5;3;0;1;1;0;0;0;0;478055,897400000130000;5431625,673900000800000;8,699758235000047;49,037120071000061;0
16117;08200807118600006920;08;1;18;011;2020;08;14;6;3;3;2;0;1;1;0;0;0;0;497634,625199999660000;5412798,183000000200000;8,967745802000025;48,868139841000072;0
16118;08200805212702998960;08;2;15;017;2020;08;20;4;3;5;3;1;1;1;0;0;0;0;458110,069199999790000;5420453,465700000500000;8,428019377000055;48,935591315000067;0
16119;08200810336200024800;08;3;36;069;2020;08;11;2;2;5;3;0;1;1;0;0;0;0;404236,038200000300000;5267403,406199999200000;7,727170672000057;47,552986166000039;0
16120;08200807435100031130;08;4;35;057;2020;08;06;6;3;5;2;0;1;0;0;0;1;0;542170,155600000170000;5279599,806299999400000;9,561728406000043;47,668414884000072;0
16123;08200805212010995440;08;2;12;000;2020;08;08;4;2;0;7;0;1;0;0;0;0;0;450481,988900000230000;5431798,134800000100000;8,322487680000052;49,037073224000039;0
16124;08200809118010021430;08;1;18;046;2020;08;14;1;3;0;3;0;1;1;0;0;0;0;514622,567499999890000;5412674,890300000100000;9,199387981000029;48,866862843000035;0
16127;08200807317000002550;08;3;17;057;2020;08;14;6;2;5;2;0;1;1;0;0;0;0;412863,421199999750000;5380978,158700000500000;7,818662631000052;48,575829822000060;0
16138;08200805135010994060;08;1;35;027;2020;08;17;4;3;0;1;0;1;0;0;0;0;0;588026,192900000140000;5379213,756999999300000;10,193022031000055;48,559835837000037;0
16153;08200805121200029290;08;1;21;000;2020;08;07;4;3;2;6;0;1;1;0;0;0;0;517994,640999999830000;5442960,384999999800000;9,246709999000075;49,139208208000070;0
16155;08200805119400027900;08;1;19;079;2020;08;16;4;3;5;3;0;1;1;0;0;0;0;523310,883200000040000;5412924,401799999200000;9,317871340000067;48,868841653000061;0
16161;08200807337010014080;08;3;37;126;2020;08;20;6;2;6;4;0;0;1;1;0;0;0;445814,299999999810000;5275864,391000000800000;8,278692872000022;47,633912101000078;0
16162;08200810121200017230;08;1;21;000;2020;08;14;2;2;5;3;0;1;1;0;0;0;0;516763,116600000300000;5443139,539200000500000;9,229833161000045;49,140854600000068;0
16167;08200805118100011850;08;1;18;007;2020;08;12;4;3;5;3;0;1;1;0;0;0;0;511170,438000000080000;5426542,595000000700000;9,152696132000074;48,991684279000026;0
16173;08200808326400006950;08;3;26;074;2020;08;09;7;3;1;5;0;1;1;0;0;0;0;459174,414499999960000;5323085,149900000500000;8,452073405000022;48,059738474000028;0
16174;08200805116500993220;08;1;16;046;2020;08;16;4;2;0;7;0;1;0;0;0;0;0;529076,444199999790000;5377109,547399999600000;9,393966712000065;48,546412668000073;0
16175;08200811231102027820;08;2;36;025;2020;08;08;3;3;5;3;0;1;1;0;0;0;0;490537,203400000000000;5405903,754499999800000;8,871124875000021;48,806050916000061;0
16180;08200807436000011510;08;4;35;057;2020;08;21;6;2;5;3;2;1;0;0;0;0;0;544555,547399999570000;5278710,869100000700000;9,593410701000039;47,660256955000079;0
16181;08200805111500004650;08;1;11;000;2020;08;17;4;3;5;2;0;1;1;0;0;0;0;513616,455000000070000;5402389,964999999900000;9,185327658000063;48,774364098000035;0
16185;08200806435200007160;08;4;35;034;2020;08;17;5;2;0;1;0;1;0;0;0;0;0;529712,137299999590000;5286463,890300000100000;9,396253769000055;47,730866518000028;0
16188;08200809212702999770;08;2;15;108;2020;08;14;1;3;3;6;0;1;0;0;0;0;0;453281,073499999940000;5422468,078299999200000;8,361855513000023;48,953367241000080;0
16191;08200808311400010730;08;3;15;074;2020;08;15;7;2;0;1;0;1;0;0;0;0;0;405480,108400000260000;5295198,254200000300000;7,737684531000070;47,803197513000043;0
16192;08200804435100000760;08;4;35;016;2020;08;10;3;3;0;1;0;1;0;0;0;0;0;536221,178000000310000;5277917,398800000500000;9,482348613000056;47,653638171000068;1
16195;08200806435100995690;08;4;35;057;2020;08;13;5;3;0;1;0;1;0;0;0;0;0;549452,484699999910000;5274878,742200000200000;9,658192833000044;47,625422876000073;0
16197;08200810335300013460;08;3;35;075;2020;08;08;2;3;0;7;0;1;0;0;0;0;0;487689,868900000120000;5289418,818199999600000;8,835741526000049;47,758020296000041;0
16198;08200807426200002500;08;4;26;062;2020;08;16;6;3;8;1;0;1;0;0;0;0;0;553193,024000000210000;5320837,653999999200000;9,713620732000038;48,038607698000078;0
16204;08200806435100993960;08;4;35;057;2020;08;12;5;3;6;3;0;1;0;1;0;0;0;544465,554999999700000;5279562,483699999700000;9,592298879000055;47,667925324000066;0
16207;08200808216200997540;08;2;16;007;2020;08;13;7;3;8;1;0;1;0;0;0;0;0;436668,535600000060000;5394575,219699999300000;8,139272470000037;48,700996306000036;0
16208;08200804416200000380;08;4;16;041;2020;08;17;3;3;4;2;0;1;1;0;0;0;0;505392,036399999630000;5373363,970300000200000;9,073010961000023;48,513367017000064;0
16214;08200811215502019910;08;2;15;029;2020;08;12;3;3;5;2;0;1;1;0;0;0;0;468058,172299999740000;5445925,717700000900000;8,561840783000037;49,165314821000038;0
16220;08200808436200063960;08;4;36;095;2020;08;11;7;3;6;4;0;0;1;1;0;0;0;534333,656700000170000;5291145,819900000500000;9,458256103000053;47,772761841000033;0
16222;08200806435100031080;08;4;35;016;2020;08;13;5;3;6;7;0;0;1;1;0;0;0;536196,022599999790000;5278115,280200000900000;9,482030022000060;47,655419999000060;1
16226;08200804317500992060;08;3;17;034;2020;08;14;3;3;8;7;0;1;0;0;0;0;0;428507,244199999610000;5360094,915799999600000;8,034288680000032;48,389962530000048;0
16236;08200804311010001570;08;3;11;000;2020;08;16;3;3;5;2;0;1;0;0;0;0;1;412735,461799999700000;5317914,147700000600000;7,829961526000034;48,008562047000055;0
16237;08200808426010998790;08;4;26;134;2020;08;18;7;3;5;3;0;1;1;0;0;0;0;561218,961600000040000;5337630,964700000400000;9,823694561000025;48,188962474000050;0
16242;08200808116010023480;08;1;16;033;2020;08;14;7;2;2;6;0;1;1;0;0;0;0;534586,477400000210000;5387806,258700000100000;9,469512430000066;48,642360100000076;0
16246;08200809311010019240;08;3;11;000;2020;08;01;1;2;6;4;2;0;0;1;1;0;0;413647,774699999950000;5316681,648399999400000;7,842439274000071;47,997599217000072;0
16247;08200806416010027680;08;4;15;061;2020;08;08;5;2;6;6;0;0;1;1;0;0;0;511157,616299999880000;5365644,920099999800000;9,150873621000073;48,443847342000026;0
16249;08200808317200017750;08;3;17;141;2020;08;19;7;3;0;6;0;1;1;0;1;0;0;422332,055999999870000;5379200,201999999600000;7,947339866000050;48,561082842000076;0
16250;08200804215302012570;08;2;15;059;2020;08;06;3;3;5;3;0;1;1;0;0;0;0;485715,582799999970000;5434903,966000000000000;8,804442500000050;49,066834959000062;0
16251;08200811231000003760;08;2;31;000;2020;08;12;3;3;6;3;0;0;1;1;0;0;0;478477,075400000440000;5416004,757200000800000;8,706347048000055;48,896616184000038;0
16253;08200806416000993550;08;4;16;011;2020;08;07;5;3;7;1;0;1;0;0;0;0;0;505398,462600000200000;5367552,107499999900000;9,073022872000024;48,461081039000078;0
16255;08200810416000002970;08;4;16;022;2020;08;15;2;3;3;6;0;1;1;0;0;0;0;510521,951500000430000;5374924,437799999500000;9,142511868000042;48,527340504000051;0
16258;08200808335300021440;08;3;35;077;2020;08;11;7;3;2;6;0;1;1;0;0;0;0;494344,643299999650000;5293805,941099999500000;8,924481292000053;47,797586294000041;0
16260;08200811118000024830;08;1;15;003;2020;08;16;3;2;5;3;0;1;1;0;0;0;0;496695,734899999570000;5392953,156400000700000;8,955102616000033;48,689610473000073;0
16262;08200804128200038740;08;1;28;047;2020;08;18;3;3;5;3;0;1;1;0;0;0;0;553852,590800000350000;5495208,836400000400000;9,745373003000054;49,607048459000055;0
16264;08200807436300995940;08;4;36;052;2020;08;12;6;3;0;1;0;1;0;0;0;0;0;565642,174300000070000;5294002,846400000200000;9,876528831000030;47,796036134000076;0
16268;08200809128300998920;08;1;28;039;2020;08;09;1;2;8;1;0;1;0;0;0;0;0;526784,166100000030000;5508036,377399999600000;9,371609559000035;49,724230384000066;0
16274;08200810435100032840;08;4;35;016;2020;08;14;2;3;3;2;0;1;1;0;0;0;0;536493,447999999860000;5277802,464999999900000;9,485964638000041;47,652588764000029;0