OBJECTID;UIDENTSTLAE;ULAND;UREGBEZ;UKREIS;UGEMEINDE;UJAHR;UMONAT;USTUNDE;UWOCHENTAG;UKATEGORIE;UART;UTYP1;ULICHTVERH;IstRad;IstPKW;IstFuss;IstKrad;IstGkfz;IstSonstige;LINREFX;LINREFY;XGCSWGS84;YGCSWGS84;STRZUSTAND
16282;08200804118500040430;08;1;18;070;2020;08;14;3;3;6;7;0;0;1;1;0;0;0;517647,649299999700000;5425235,862900000100000;9,241180028000031;48,979778342000031;0
16283;08200809121100035640;08;1;25;108;2020;08;11;1;3;4;6;0;1;1;0;1;0;0;496410,036000000310000;5436503,553999999500000;8,950838093000073;49,081379249000065;0
16284;08200806335200995190;08;3;35;063;2020;08;17;5;3;5;3;0;1;1;0;0;0;0;499165,815600000320000;5290961,987900000100000;8,988866194000025;47,772022052000068;0
16285;08200804117200990790;08;1;17;024;2020;08;15;3;3;7;1;0;1;0;0;0;0;0;560934,497200000100000;5386086,229000000300000;9,826904203000026;48,624874842000054;0
16291;08200807335400997400;08;3;35;099;2020;08;14;6;3;5;3;0;1;1;0;0;0;0;494982,058100000020000;5298025,297900000600000;8,932944131000056;47,835555115000034;0
16292;08200810235100001930;08;2;35;079;2020;08;23;2;3;5;3;2;1;1;0;0;0;0;469262,053999999540000;5402363,827199999200000;8,581645797000022;48,773518688000081;0
16293;08200804116200998720;08;1;16;077;2020;08;07;3;3;5;3;0;1;1;0;0;0;0;516123,305999999870000;5391915,342000000200000;9,219037456000024;48,680074702000070;0
16295;08200809435200037230;08;4;35;036;2020;08;11;1;3;0;1;0;1;0;0;0;0;0;518979,605899999850000;5283200,839600000500000;9,252979837000055;47,701912018000030;0
16297;08200808435100184230;08;4;35;016;2020;08;11;7;3;0;1;0;1;0;0;0;0;0;536062,196600000370000;5280366,278000000900000;9,480433708000021;47,675680594000028;0
16304;08200815212010016870;08;2;12;000;2020;08;12;7;3;6;7;0;1;0;1;0;0;0;456370,947499999780000;5426146,747999999700000;8,403663820000077;48,986683275000075;0
16308;08200815417010035730;08;4;17;002;2020;08;14;7;3;5;3;0;1;1;0;0;0;0;487939,430999999870000;5344687,419900000100000;8,837517171000059;48,255284417000041;0
16312;08200815212000030280;08;2;15;047;2020;08;13;7;2;3;6;0;1;0;0;1;0;0;457786,787600000390000;5412851,489199999700000;8,424391224000033;48,867187161000061;0
16313;08200816415400040920;08;4;15;061;2020;08;00;1;3;0;7;2;1;0;0;0;0;0;515622,897300000300000;5372109,707699999200000;9,211494488000028;48,501912047000076;0
16314;08200814128200038850;08;1;28;045;2020;08;16;6;3;6;7;0;0;1;1;0;0;0;552728,905199999920000;5501419,221500000000000;9,730656612000075;49,663003084000081;0
16317;08200816127010050360;08;1;27;075;2020;08;15;1;2;5;2;0;1;0;0;1;0;0;577788,630599999800000;5471705,262599999100000;10,071991638000043;49,393067861000077;0
16320;08200815211000030060;08;2;11;000;2020;08;14;7;2;6;4;0;0;1;1;0;0;0;441462,470999999900000;5403697,713999999700000;8,203122975000042;48,783522812000058;0
16321;08200818117010075560;08;1;17;033;2020;08;07;3;2;6;4;0;0;1;1;0;0;0;559293,538200000300000;5386938,980599999400000;9,804760062000071;48,632703325000080;0
16337;08200814118500053230;08;1;18;014;2020;08;14;6;3;3;2;0;1;1;0;0;0;0;522023,199799999590000;5421762,382700000000000;9,300789347000034;48,948391979000064;0
16342;08200814118100035550;08;1;18;079;2020;08;10;6;3;5;3;0;1;1;0;0;0;0;510018,924800000150000;5423035,578800000300000;9,136868987000071;48,960156222000080;0
16347;08200815136300014830;08;1;36;027;2020;08;09;7;2;0;1;0;1;0;0;0;0;0;553970,972299999560000;5422224,881799999600000;9,737161601000025;48,950589212000068;0
16349;08200819212402040160;08;2;12;000;2020;08;12;4;3;5;3;0;1;0;0;1;0;0;455480,718000000340000;5428247,126000000200000;8,391266406000057;49,005512883000051;0
16353;08200815136200025960;08;1;36;010;2020;08;00;7;2;0;1;2;1;0;0;0;0;0;596918,353099999950000;5412904,207000000400000;10,321417933000021;48,861525682000035;0
16358;08200816116500018280;08;1;16;049;2020;08;12;1;3;8;1;0;1;0;0;0;0;0;528042,633600000290000;5384230,565300000800000;9,380439984000077;48,610520989000065;0
16360;08200813437100011800;08;4;37;088;2020;08;10;5;3;6;4;0;0;1;1;0;0;0;518182,415099999870000;5308281,219000000500000;9,243406469000036;47,927593108000053;1
16361;08200815136100014340;08;1;36;002;2020;08;09;7;3;5;3;0;1;1;0;0;0;0;572623,841799999590000;5420304,594399999800000;9,991554452000059;48,931408174000069;0
16382;08200816436500043860;08;4;36;078;2020;08;12;1;2;5;3;0;1;1;0;0;0;0;560175,143000000160000;5290144,019999999600000;9,802999792000037;47,761853833000032;0
16386;08200815128300016710;08;1;28;131;2020;08;15;7;3;9;7;0;1;0;0;0;0;0;538315,209900000130000;5512388,816099999500000;9,532015587000046;49,762752829000078;0
16393;08200813311010023520;08;3;11;000;2020;08;21;5;3;0;7;1;1;0;0;0;0;0;414612,708999999800000;5318537,988800000400000;7,855002064000075;48,014427308000052;0
16400;08200813311010009610;08;3;36;091;2020;08;17;5;2;0;1;0;1;0;0;0;0;0;395363,422000000250000;5271989,301000000900000;7,608183423000071;47,592868063000026;0
16402;08200815118300067690;08;1;18;071;2020;08;17;7;3;5;3;0;1;1;0;0;0;0;509320,607400000100000;5418665,565899999800000;9,127229308000040;48,920855876000076;0
16404;08200819116500050680;08;1;16;042;2020;08;09;4;2;4;2;0;1;1;0;0;0;0;517226,685600000430000;5381977,988199999600000;9,233613787000024;48,590647665000063;0
16407;08200818426100026440;08;4;26;074;2020;08;17;3;2;0;1;0;1;0;0;0;0;0;556712,025399999690000;5328428,574699999800000;9,761833745000047;48,106594814000061;1
16408;08200816135200017590;08;1;35;032;2020;08;17;1;3;2;6;0;1;0;0;0;0;0;580487,610000000340000;5395966,732999999100000;10,094125568000038;48,711534546000053;0
16409;08200813226700043710;08;2;26;046;2020;08;18;5;3;8;7;0;1;0;0;0;0;0;477464,887500000190000;5454972,623500000700000;8,690366461000053;49,247110702000043;0
16411;08200815116200026670;08;1;16;047;2020;08;10;7;3;0;7;0;1;0;0;0;0;0;520947,565100000240000;5390586,489900000400000;9,284507654000038;48,667977078000035;0
16420;08200818311500023220;08;3;15;102;2020;08;11;3;3;0;1;0;1;0;0;0;0;0;437596,248200000260000;5296956,063200000700000;8,166284276000056;47,822926892000055;0
16421;08200819316100026490;08;3;16;011;2020;08;19;4;3;5;3;0;1;1;0;0;0;0;412744,317400000060000;5331284,198699999600000;7,827350949000049;48,128829496000037;0
16425;08200815111500028410;08;1;11;000;2020;08;13;7;2;0;7;0;1;0;0;0;0;0;512988,472000000070000;5402977,517999999200000;9,176799058000029;48,779663106000044;0
16426;08200817436000022230;08;4;35;016;2020;08;18;2;3;3;1;0;1;1;0;0;0;0;533229,317599999720000;5280243,810200000200000;9,442684955000061;47,674730513000043;0
16429;08200813216200007700;08;2;11;000;2020;08;00;5;2;9;1;2;1;0;0;0;0;0;439818,563000000080000;5396919,271999999900000;8,181737448000035;48,722393269000065;0
16442;08200813212702033600;08;2;15;017;2020;08;10;5;2;0;1;0;1;0;0;0;0;0;458010,820000000300000;5420185,434000000400000;8,426691873000038;48,933173570000065;1
16450;08200814436400026600;08;4;36;013;2020;08;11;6;3;0;1;0;1;0;0;0;0;0;543516,234400000420000;5298282,236300000900000;9,581527633000064;47,836413668000034;1
16461;08200815437000015640;08;4;37;100;2020;08;12;7;2;3;2;0;1;1;0;0;0;0;535230,367200000210000;5320023,227199999600000;9,472583079000060;48,032524498000043;0
16464;08200813121500021380;08;1;25;005;2020;08;08;5;2;3;6;0;1;1;0;0;0;0;515674,574000000020000;5454176,953999999900000;9,215339135000022;49,240167699000040;0
16466;08200815335000041320;08;3;27;057;2020;08;15;7;1;3;2;0;1;1;0;0;0;0;488582,252000000330000;5307730,104000000300000;8,847165739000047;47,922790804000044;0
16473;08200815231000018040;08;2;37;002;2020;08;13;7;2;5;2;0;1;1;0;0;0;0;459980,993999999950000;5354655,610200000900000;8,459920687000022;48,343812340000056;0
16474;08200813118400012580;08;1;18;048;2020;08;18;5;3;5;3;0;1;1;0;0;0;0;513249,033599999730000;5415305,046000000100000;9,180744304000029;48,890553962000070;0
16477;08200813118300035140;08;1;18;046;2020;08;07;5;3;6;7;1;0;0;1;0;0;1;514338,045099999760000;5412633,269500000400000;9,195506903000023;48,866495075000046;0
16483;08200816416010015750;08;4;16;009;2020;08;10;1;2;0;7;0;1;0;0;0;0;0;508129,932199999690000;5382060,225199999300000;9,110253268000065;48,591571671000054;0
16487;08200816128100017450;08;1;28;058;2020;08;13;1;3;0;7;0;1;0;0;0;0;0;561225,304299999960000;5486658,951199999100000;9,846077504000050;49,529450976000078;0
16491;08200818118100023710;08;1;18;077;2020;08;14;3;3;0;7;0;1;0;0;0;0;0;514069,301300000400000;5423161,357300000300000;9,192205433000027;48,961208760000034;0
16503;08200813116100033820;08;1;16;056;2020;08;22;5;3;0;7;2;1;0;0;0;0;0;529078,833800000140000;5396316,891799999400000;9,395346753000069;48,719201421000037;0
16504;08200816335000041820;08;3;35;100;2020;08;07;1;3;0;7;0;1;0;0;0;0;0;486996,886900000270000;5284965,987600000600000;8,826627919000032;47,717942086000050;0
16507;08200818326300025790;08;3;26;065;2020;08;13;3;3;3;6;0;1;0;0;0;0;0;452768,949300000440000;5325239,215900000200000;8,365871702000050;48,078675485000076;0
16508;08200819317300028200;08;3;17;026;2020;08;15;4;3;5;3;0;1;1;0;0;0;0;414936,273500000130000;5346526,767000000900000;7,853748220000057;48,266234354000062;0
16519;08200812436500030790;08;4;36;081;2020;08;07;4;3;5;3;0;1;1;0;0;0;0;562362,878700000230000;5284129,052200000700000;9,831328816000053;47,707531286000062;0
16522;08200814417010032820;08;4;17;075;2020;08;18;6;3;0;7;0;1;0;0;0;0;0;508343,647400000130000;5338650,977099999800000;9,112288841000066;48,201035535000074;0
16527;08200812436200071500;08;4;36;095;2020;08;18;4;3;5;3;0;1;1;0;0;0;0;534257,299499999730000;5290376,944100000000000;9,457176356000048;47,765848127000027;0
16532;08200817111120019790;08;1;11;000;2020;08;12;2;3;6;7;0;0;1;1;0;0;0;513364,986999999730000;5404518,869999999200000;9,181974280000077;48,793520988000068;0
16533;08200812435200007740;08;4;35;036;2020;08;23;4;3;8;1;2;1;0;0;0;0;0;520179,845099999570000;5282391,599500000500000;9,268940245000067;47,694594446000053;0
16535;08200817426010040460;08;4;25;033;2020;08;16;2;3;0;2;0;1;1;0;0;0;0;553069,628999999720000;5348732,706000000200000;9,715446984000039;48,289568277000058;0
16537;08200812435100047280;08;4;35;016;2020;08;23;4;3;0;7;2;1;0;0;0;0;0;533209,164900000210000;5278483,426699999700000;9,442282661000036;47,658892597000033;0
16538;08200812435100035260;08;4;35;035;2020;08;15;4;3;0;1;0;1;0;0;0;0;0;541717,373100000430000;5281402,153799999500000;9,555869611000048;47,684660464000046;0
16544;08200818212010043750;08;2;15;082;2020;08;19;3;2;6;6;0;1;0;1;0;0;0;489585,843600000250000;5438576,991000000400000;8,857332587000030;49,099953110000058;0
16546;08200815225200038370;08;2;25;014;2020;08;23;7;3;6;6;2;0;1;1;0;0;0;525879,667200000030000;5481611,527899999200000;9,357319282000049;49,486591830000066;0
16552;08200816426010040700;08;4;26;065;2020;08;13;1;2;5;3;0;1;1;0;0;0;0;581921,974600000310000;5330700,913899999100000;10,100870158000021;48,124291615000061;0
16564;08200815415400051180;08;4;15;061;2020;08;18;7;3;0;2;0;1;1;0;0;0;0;515955,149000000210000;5372702,539000000800000;9,216014965000056;48,507237001000078;0
16565;08200812327200010080;08;3;27;005;2020;08;16;4;3;0;1;0;1;0;0;0;0;0;483681,838999999690000;5322932,211699999900000;8,780992874000049;48,059460203000071;0
16566;08200817225200077170;08;2;25;014;2020;08;15;2;2;8;1;0;1;0;0;0;0;0;529337,700000000190000;5486112,036699999100000;9,405397336000021;49,526914773000044;0
16570;08200812326100019990;08;3;26;012;2020;08;22;4;2;0;1;2;1;0;0;0;0;0;462707,499900000170000;5309916,720000000700000;8,500634241000057;47,941480507000051;0
16572;08200818336400038530;08;3;36;014;2020;08;13;3;3;4;6;0;1;0;0;1;0;0;391561,586500000210000;5278888,908199999500000;7,555921263000073;47,654304846000059;0
16573;08200816126100017740;08;1;26;072;2020;08;18;1;3;8;7;0;1;0;0;0;0;0;536251,038499999790000;5464218,707699999200000;9,498923487000070;49,329618827000047;0
16578;08200819117010034960;08;1;17;026;2020;08;11;4;2;6;2;0;0;1;1;0;0;0;549201,984000000170000;5394120,746999999500000;9,668657541000073;48,698182640000027;0
16580;08200817211100022890;08;2;11;000;2020;08;17;2;3;5;2;0;1;1;0;0;0;0;441455,713399999770000;5403372,827500000600000;8,203077263000068;48,780599794000068;0
16581;08200815316100016640;08;3;16;054;2020;08;13;7;3;5;2;0;1;1;0;0;0;0;418472,686400000010000;5332173,554300000900000;7,904150464000054;48,137589180000077;0
16586;08200819119300056500;08;1;19;076;2020;08;12;4;3;5;3;0;1;1;0;0;0;0;542653,333700000310000;5406411,629799999300000;9,580939543000056;48,809227892000081;0
16588;08200817212702037070;08;2;15;110;2020;08;18;2;3;3;2;0;1;1;0;0;0;0;461262,632500000300000;5420158,868300000200000;8,471091642000033;48,933146736000026;0
16590;08200816317100019930;08;3;17;110;2020;08;13;1;3;8;1;0;1;0;0;0;0;0;427033,679399999790000;5381909,324200000600000;8,010576953000054;48,586016147000066;0
16593;08200818317300025610;08;3;17;065;2020;08;19;3;3;0;1;0;1;0;0;0;0;0;415237,503999999720000;5351280,926000000900000;7,856852447000051;48,309038130000033;0
16597;08200812221200036620;08;2;21;000;2020;08;13;4;3;3;2;0;1;1;0;0;0;0;477693,274899999610000;5473231,773900000400000;8,692483177000042;49,411359611000080;0
16598;08200814335400014440;08;3;35;098;2020;08;16;6;3;0;1;0;1;0;0;0;0;0;504462,703499999830000;5295950,667899999800000;9,059614722000049;47,816892816000063;0
16605;08200816235200015980;08;2;35;046;2020;08;14;1;3;8;1;0;1;0;0;0;0;0;479809,879099999550000;5381209,473400000500000;8,726236390000054;48,583645444000069;0
16611;08200812136300007640;08;1;36;065;2020;08;09;4;3;5;3;0;1;1;0;0;0;0;559805,637000000100000;5404329,503599999500000;9,814230040000041;48,789085148000026;0
16613;08200818311010033430;08;3;11;000;2020;08;19;3;3;4;2;0;1;1;0;0;0;0;414610,470900000070000;5317780,801500000100000;7,855122847000075;48,007615828000041;0
16615;08200816116500016290;08;1;16;081;2020;08;12;1;3;4;6;0;1;0;0;0;0;0;520462,641900000160000;5386420,008199999100000;9,277715657000044;48,630511233000050;0
16617;08200812128200039550;08;1;28;139;2020;08;10;4;2;5;2;0;1;0;0;0;0;1;551113,769999999550000;5491122,198999999100000;9,706936774000042;49,570531076000066;0
16632;08200812119010017600;08;1;19;067;2020;08;14;4;2;5;3;0;1;1;0;0;0;0;536321,516999999990000;5401592,777000000700000;9,494277747000069;48,766281703000061;0
16636;08200815437000028020;08;4;37;008;2020;08;17;7;3;0;1;0;1;0;0;0;0;0;520218,803999999540000;5328326,865399999500000;9,271612765000043;48,107883950000030;0
16643;08200812118100008880;08;1;18;015;2020;08;14;4;3;5;3;0;1;1;0;0;0;0;507206,660899999550000;5429720,592700000900000;9,098569148000024;49,020331241000065;0
16644;08200814317500018610;08;3;17;096;2020;08;09;6;3;0;7;0;1;0;0;0;0;0;422175,089800000190000;5364009,332699999200000;7,948043461000054;48,424423173000037;1
16648;08200812117200019500;08;1;17;028;2020;08;23;4;3;0;1;2;1;0;0;0;0;0;547267,709400000050000;5382727,911800000800000;9,641072034000047;48,595846749000032;0
16651;08200816335100019880;08;3;35;043;2020;08;18;1;2;0;1;0;1;0;0;0;0;0;513926,041199999860000;5279591,184499999500000;9,185505936000027;47,669562387000042;0
16654;08200818335100023910;08;3;35;043;2020;08;16;3;3;0;1;0;1;0;0;0;0;0;514725,501500000250000;5280071,342000000200000;9,196171509000067;47,673864966000053;0
16656;08200816421200017160;08;4;21;000;2020;08;11;1;3;0;2;0;1;1;0;0;0;0;573794,002999999560000;5361963,538799999300000;9,997119793000024;48,406506073000060;0
16657;08200812111500007310;08;1;11;000;2020;08;09;4;3;6;4;0;0;0;1;0;0;1;513253,640700000340000;5403747,582800000900000;9,180433346000029;48,786584948000041;0
16658;08200814317010028860;08;3;17;057;2020;08;23;6;2;6;2;2;0;1;1;0;0;0;416973,920900000260000;5383628,916799999800000;7,873848741000074;48,600230317000069;0
16665;08200819119010046280;08;1;19;020;2020;08;07;4;2;6;2;0;0;0;1;0;1;0;522141,640200000260000;5405822,837899999700000;9,301543888000026;48,805000629000062;0
16671;08200814311300013380;08;3;11;000;2020;08;18;6;2;0;7;0;1;0;0;0;0;0;414537,582200000060000;5313161,502100000200000;7,855065255000056;47,966053603000034;1
16680;08200811416010034200;08;4;15;088;2020;08;16;3;3;6;4;0;0;1;1;0;0;0;537804,302000000140000;5371699,047700000900000;9,511728566000045;48,497274402000073;0
16685;08200814216200025640;08;2;16;063;2020;08;14;6;3;6;7;0;0;1;1;0;0;0;430182,913800000210000;5399738,361700000200000;8,050265379000052;48,746745640000029;0
16688;08200811335400028100;08;3;35;079;2020;08;17;3;3;4;6;0;1;0;0;0;0;1;499467,734000000170000;5302008,273800000500000;8,992882307000059;47,871410976000050;0
16689;08200811335300041090;08;3;35;022;2020;08;08;3;2;5;3;0;1;0;0;0;0;1;480308,413999999870000;5296185,734999999400000;8,736941961000071;47,818721912000058;0
16691;08200811325202033150;08;3;25;064;2020;08;13;3;3;5;3;0;1;1;0;0;0;0;478027,277999999930000;5332777,530999999500000;8,704596451000043;48,147867893000068;0
16692;08200816311010031920;08;3;11;000;2020;08;20;1;3;0;7;1;1;0;0;0;0;0;414756,489000000060000;5319068,231499999800000;7,856824233000054;48,019216234000055;0
16693;08200811325202016840;08;3;25;049;2020;08;21;3;3;0;1;2;1;0;0;0;0;0;472660,292000000370000;5335465,174000000600000;8,632270756000025;48,171839863000059;0
16697;08200816115300016500;08;1;15;050;2020;08;11;1;3;9;1;0;1;0;0;0;0;0;488063,927000000140000;5404265,586999999400000;8,837488723000035;48,791271552000069;0
16698;08200811317010187590;08;3;17;096;2020;08;20;3;3;2;2;0;1;1;0;0;0;0;422055,015200000260000;5369809,779600000000000;7,945340695000027;48,476583081000058;0
16700;08200814215302035070;08;2;15;082;2020;08;12;6;2;0;1;0;1;0;0;0;0;0;489675,431499999950000;5438444,357899999200000;8,858563272000026;49,098761528000068;0
16702;08200811311400033280;08;3;15;050;2020;08;14;3;3;4;1;0;1;0;0;1;0;0;399397,721699999650000;5303310,169500000800000;7,654591023000023;47,875241990000063;0
16707;08200811311300004240;08;3;11;000;2020;08;10;3;3;0;1;0;1;0;0;0;0;0;412677,276300000030000;5314496,933000000200000;7,829876790000071;47,977815166000028;0
16710;08200814212102051830;08;2;12;000;2020;08;08;6;3;3;7;0;1;0;0;0;1;0;455649,723899999630000;5427311,000199999700000;8,393679398000074;48,997104497000066;0
16711;08200818221300035660;08;2;21;000;2020;08;18;3;3;4;2;0;1;1;0;0;0;0;476562,745199999770000;5472658,631100000800000;8,676931967000030;49,406161789000066;1
16712;08200819136100064680;08;1;36;002;2020;08;16;4;3;1;6;0;1;1;0;0;0;0;573153,511500000020000;5416309,141899999200000;9,998068857000021;48,895409146000077;0
16714;08200815436500045510;08;4;36;094;2020;08;13;7;2;0;3;0;1;0;0;1;0;0;571691,674800000150000;5287779,648900000400000;9,956270619000065;47,739405186000056;0
16719;08200816426010050100;08;4;26;108;2020;08;08;1;3;6;6;0;1;0;1;0;0;0;573599,965499999930000;5338187,858599999900000;9,990352517000076;48,192657848000067;0
16720;08200815311400049460;08;3;15;050;2020;08;10;7;3;0;3;0;1;1;0;0;0;0;401441,181499999950000;5303032,527200000400000;7,681975110000053;47,873061528000051;0
16721;08200811311010005380;08;3;11;000;2020;08;16;3;2;0;7;0;1;0;0;0;0;0;413958,725499999710000;5316830,550000000700000;7,846576868000057;47,998980565000068;0
16723;08200811235200023820;08;2;35;046;2020;08;10;3;2;5;3;0;1;1;0;0;0;0;479886,101599999700000;5377345,314300000700000;8,727456755000048;48,548885167000037;0
16734;08200827435200074750;08;4;35;066;2020;08;16;5;3;4;6;0;1;0;0;0;0;0;520831,935399999840000;5288481,922199999900000;9,277921962000050;47,749371545000031;0
16738;08200820415400030290;08;4;15;080;2020;08;16;5;3;4;2;0;1;0;0;0;0;1;511252,769600000230000;5373451,756999999300000;9,152370470000051;48,514079093000078;0
16739;08200826117400061550;08;1;17;018;2020;08;09;4;3;6;7;0;0;1;1;0;0;0;539574,905799999830000;5396213,994899999400000;9,538032504000057;48,717697828000041;0
16776;08200820335010031720;08;3;35;081;2020;08;17;5;2;5;3;0;1;1;0;0;0;0;489913,325199999850000;5296355,140599999600000;8,865248578000035;47,820468442000049;0
16782;08200826335100076360;08;3;35;043;2020;08;17;4;3;0;1;0;1;0;0;0;0;0;508491,093000000340000;5287218,708699999400000;9,113256858000057;47,738286282000047;0
16786;08200821317200056660;08;3;17;141;2020;08;19;6;3;6;6;0;0;1;1;0;0;0;419789,409400000240000;5379757,545800000400000;7,912777420000055;48,565775783000049;0
16787;08200828119010070290;08;1;19;089;2020;08;22;6;3;6;7;2;0;1;1;0;0;0;533275,346199999560000;5410515,697599999600000;9,453548940000076;48,846719392000068;0
16793;08200821128300031760;08;1;28;064;2020;08;11;6;3;0;1;0;1;0;0;0;0;0;537077,595499999820000;5501781,133199999100000;9,513824159000023;49,667423524000071;0
16796;08200822231000057880;08;2;36;062;2020;08;22;7;1;4;6;2;1;0;0;1;0;0;486779,301300000400000;5405756,981599999600000;8,819950444000028;48,804661985000052;0
16798;08200821435100040450;08;4;35;057;2020;08;17;6;3;0;6;0;1;0;0;0;0;0;548793,669200000350000;5281883,419199999400000;9,650206818000072;47,688494963000039;0
16801;08200821116200044850;08;1;16;080;2020;08;12;6;3;0;7;0;1;0;0;0;0;0;520066,060800000090000;5395393,692199999500000;9,272768777000067;48,711251623000067;0
16805;08200826317600048380;08;3;17;040;2020;08;18;4;2;8;7;0;1;0;0;0;0;0;432083,261500000020000;5347585,282500000700000;8,084602962000076;48,277827281000043;0
16820;08200820317100038580;08;3;17;008;2020;08;20;5;3;5;3;1;1;1;0;0;0;0;443393,980600000360000;5366556,362600000600000;8,234482665000030;48,449599962000036;0
16834;08200823435100050420;08;4;35;016;2020;08;12;1;3;0;1;0;1;0;0;0;0;0;532479,060700000260000;5279157,437500000000000;9,432609456000023;47,664994055000079;0
16839;08200825222600052900;08;2;22;000;2020;08;19;3;3;5;3;0;1;1;0;0;0;0;462939,347000000070000;5482899,285000000100000;8,488190152000072;49,497594718000073;0
16842;08200823436200047720;08;4;36;095;2020;08;10;1;3;3;6;0;1;0;0;0;0;0;537149,562599999830000;5297357,686599999700000;9,496371094000040;47,828494818000081;0
16846;08200821215102045460;08;2;15;102;2020;08;08;6;3;5;3;0;1;1;0;0;0;0;458228,703099999580000;5437642,537100000300000;8,427870063000057;49,090217589000076;0
16850;08200825436400057830;08;4;36;008;2020;08;10;3;3;5;3;0;1;1;0;0;0;0;547271,833100000400000;5310387,710200000600000;9,633038346000035;47,945059149000031;0
16854;08200825119400055600;08;1;19;079;2020;08;15;3;3;5;2;0;1;1;0;0;0;0;522801,466000000010000;5409187,858999999200000;9,310716877000061;48,835247716000026;0
16856;08200828126100064010;08;1;26;046;2020;08;11;6;3;0;7;0;1;0;0;0;0;0;550050,192200000400000;5458809,038300000100000;9,688151018000042;49,279985812000064;1
16860;08200823311400039820;08;3;15;130;2020;08;14;1;2;4;1;0;1;0;0;0;0;1;414730,842799999750000;5300418,895899999900000;7,860173809000060;47,851452702000074;0
16866;08200824221011050550;08;2;21;000;2020;08;14;2;2;6;7;0;0;1;1;0;0;0;476973,463100000280000;5475663,629599999600000;8,682418991000077;49,433206893000033;0
16867;08200821212502037220;08;2;12;000;2020;08;22;6;3;0;6;2;1;1;0;0;0;0;456726,782700000330000;5428267,164699999600000;8,408301349000055;49,005781761000037;0
16873;08200828435200052270;08;4;35;053;2020;08;14;6;3;0;7;0;1;0;0;0;0;0;507664,345499999820000;5293429,965500000900000;9,102339024000060;47,794182672000034;0
16876;08200821311400031830;08;3;15;074;2020;08;09;6;3;0;7;0;1;0;0;0;0;0;396587,282300000080000;5296585,585699999700000;7,618623827000022;47,814309131000073;0
16877;08200828118500064090;08;1;18;060;2020;08;09;6;3;5;3;0;1;1;0;0;0;0;523623,944099999960000;5430169,002399999600000;9,323140311000032;49,023954607000064;0
16881;08200823135010045950;08;4;25;097;2020;08;15;1;2;0;7;0;1;1;0;0;0;0;585522,998100000430000;5373910,914200000500000;10,158015042000045;48,512485898000079;0
16887;08200821421300059860;08;4;21;000;2020;08;21;6;3;0;1;2;1;0;0;0;0;0;569542,481700000350000;5354788,518600000100000;9,938493634000054;48,342447444000072;0
16891;08200824317300063220;08;3;17;073;2020;08;15;2;3;5;3;0;1;1;0;0;0;0;410362,349000000390000;5347321,506500000100000;7,791958988000033;48,272752032000028;0
16892;08200825335100054300;08;3;35;043;2020;08;02;3;3;0;1;2;1;0;0;0;0;0;514814,912999999710000;5280171,408299999300000;9,197366027000044;47,674763284000051;0
16898;08200821311010032010;08;3;15;109;2020;08;20;6;3;0;7;1;1;0;0;0;0;0;423419,299300000070000;5316678,674499999700000;7,973404961000028;47,998817654000050;0
16903;08200827211000050890;08;2;16;033;2020;08;21;5;2;7;7;2;1;0;0;0;0;0;447215,879800000230000;5411354,399599999200000;8,280452741000033;48,852911036000080;0
16907;08200825231000042570;08;2;36;076;2020;08;19;3;3;3;6;0;1;0;0;0;0;0;473045,912399999800000;5423271,329099999700000;8,631766803000062;48,961770445000070;0
16908;08200821415100187080;08;4;15;050;2020;08;20;6;2;0;1;1;1;0;0;0;0;0;519675,809700000100000;5373577,468900000700000;9,266429319000054;48,515002573000061;0
16909;08200828222700071110;08;2;22;000;2020;08;10;6;2;5;3;0;1;1;0;0;0;0;461830,005099999720000;5480986,571599999400000;8,473055441000042;49,480322085000068;0
16910;08200820216200034280;08;2;16;028;2020;08;09;5;2;3;6;0;1;1;0;0;0;0;427051,303100000140000;5397480,034600000800000;8,008071787000063;48,726073780000036;0
16912;08200824311100064560;08;3;15;115;2020;08;19;2;3;5;7;0;1;1;0;0;0;0;407691,375400000250000;5320609,347999999300000;7,761766072000057;48,032096862000060;0
16917;08200822426200053870;08;4;26;070;2020;08;12;7;3;2;6;0;1;1;0;0;0;0;565489,365500000310000;5342919,268200000700000;9,881962183000042;48,236108902000069;0
16922;08200823111310052550;08;1;11;000;2020;08;16;1;3;1;5;0;1;1;0;0;0;0;517566,255800000390000;5406074,804600000400000;9,239243794000061;48,807413442000041;0
16928;08200820212010029840;08;2;15;102;2020;08;17;5;3;5;3;0;1;1;0;0;0;0;456168,393500000240000;5438362,328600000600000;8,399574075000032;49,096548787000074;0
16932;08200823435200067730;08;4;35;034;2020;08;16;1;3;4;6;0;1;0;0;0;0;0;529965,911799999890000;5283940,693099999800000;9,399464553000030;47,708152542000050;0
16936;08200821212702077220;08;2;15;046;2020;08;21;6;3;0;6;2;0;0;1;1;0;0;450854,496500000360000;5417630,853199999800000;8,329295769000055;48,909667773000081;0
16942;08200822116500078330;08;1;16;054;2020;08;18;7;2;0;1;0;1;0;0;0;0;0;530969,951600000260000;5382084,921800000600000;9,419992286000024;48,591080746000046;0
16947;08200826111500067610;08;1;11;000;2020;08;09;4;3;5;3;0;1;1;0;0;0;0;509191,188000000080000;5397399,300000000700000;9,124986049000029;48,729549266000049;0
16950;08200825121500042010;08;1;25;005;2020;08;16;3;3;2;1;0;1;1;0;0;0;0;515873,378600000400000;5452462,648099999900000;9,218002449000039;49,224742073000073;0