OBJECTID;UIDENTSTLAE;ULAND;UREGBEZ;UKREIS;UGEMEINDE;UJAHR;UMONAT;USTUNDE;UWOCHENTAG;UKATEGORIE;UART;UTYP1;ULICHTVERH;IstRad;IstPKW;IstFuss;IstKrad;IstGkfz;IstSonstige;LINREFX;LINREFY;XGCSWGS84;YGCSWGS84;STRZUSTAND
16954;08200820128100028490;08;1;28;082;2020;08;13;5;2;5;3;0;1;1;0;0;0;0;566631,071800000030000;5472812,077400000800000;9,918439395000064;49,404345673000080;0
16955;08200827118600049860;08;1;18;012;2020;08;17;5;3;0;4;1;1;0;1;0;0;0;497964,489000000060000;5414437,235999999600000;8,972235659000035;48,882885622000060;0
16956;08200823317100037080;08;3;17;001;2020;08;14;1;3;9;7;0;1;0;0;0;0;0;432297,524699999950000;5386871,487800000200000;8,081135232000065;48,631242304000068;0
16979;08200823335000040790;08;3;35;077;2020;08;17;1;2;5;3;0;1;1;0;0;0;0;493719,469300000000000;5294109,529600000000000;8,916128654000033;47,800312034000058;0
16981;08200826437100077110;08;4;37;100;2020;08;16;4;2;5;3;0;1;1;0;0;0;0;537306,544999999930000;5318050,770999999700000;9,500260292000064;48,014660761000073;0
16983;08200824136100040970;08;1;36;088;2020;08;15;2;3;5;3;0;1;1;0;0;0;0;579924,553999999540000;5410912,939999999500000;10,089378435000071;48,846038231000080;0
16984;08200821128300055940;08;1;28;131;2020;08;20;6;2;0;1;0;1;0;0;0;0;0;529313,411799999890000;5513766,921900000400000;9,407131179000032;49,775654258000031;0
16986;08200826211000046850;08;3;17;056;2020;08;09;4;1;6;2;0;0;1;1;0;0;0;434866,914400000130000;5382484,787799999100000;8,116691423000077;48,592056168000056;0
16988;08200825325000047010;08;3;26;060;2020;08;16;3;2;6;4;0;0;1;1;0;0;0;442528,012600000020000;5331188,703800000300000;8,227586214000041;48,131357311000045;0
16992;08200820436200049720;08;4;36;064;2020;08;17;5;3;0;7;0;1;0;0;0;0;0;544480,124499999920000;5290428,063899999500000;9,593602282000063;47,765683584000044;0
16995;08200828111500051540;08;1;11;000;2020;08;21;6;3;5;3;2;1;1;0;0;0;0;509618,063099999910000;5403243,820699999100000;9,130927435000046;48,782119992000048;0
16998;08200823115400052570;08;1;15;045;2020;08;17;1;3;3;6;0;1;0;0;0;0;0;498475,119900000280000;5395315,203400000900000;8,979271651000033;48,710866537000072;0
17007;08200822216100058050;08;2;16;009;2020;08;20;7;2;5;3;2;1;1;0;0;0;0;446659,089100000450000;5419301,633899999800000;8,271825941000031;48,924349307000057;0
17012;08200820435200060540;08;4;35;053;2020;08;16;5;3;3;2;0;1;0;0;0;0;0;507849,145100000310000;5293357,080600000900000;9,104805259000045;47,793524664000074;0
17015;08200827435200070630;08;4;35;067;2020;08;13;5;2;0;1;0;1;0;0;0;0;0;528921,168800000100000;5293787,122899999800000;9,386192714000060;47,796792176000054;0
17016;08200826311010069860;08;3;11;000;2020;08;12;4;2;3;6;0;0;1;1;0;1;1;414019,892099999820000;5315903,300899999200000;7,847582431000035;47,990647843000033;0
17018;08200823436300290530;08;4;36;006;2020;08;11;1;3;6;6;0;0;0;1;0;0;1;558631,199500000100000;5283785,750399999300000;9,781542394000041;47,704792244000032;0
17020;08200826117200058180;08;1;17;024;2020;08;12;4;3;6;1;0;1;0;1;0;0;0;561961,827600000430000;5385031,359500000300000;9,840686317000063;48,615285104000066;0
17021;08200822121600036540;08;1;25;008;2020;08;16;7;2;8;1;0;1;0;0;0;0;0;526658,961799999700000;5434789,712099999200000;9,364958039000044;49,065395856000066;0
17022;08200820118100155030;08;1;18;079;2020;08;13;5;2;5;3;0;1;1;0;0;0;0;508959,230899999850000;5423283,879100000500000;9,122397962000036;48,962406114000032;0
17024;08200821335200058630;08;3;35;063;2020;08;14;6;3;5;3;0;1;1;0;0;0;0;497887,077499999660000;5287969,759500000600000;8,971813504000068;47,745096354000054;0
17026;08200823435100054320;08;4;35;016;2020;08;17;1;3;0;7;0;1;0;0;0;0;0;530869,349499999550000;5279727,535700000800000;9,411209551000070;47,670202337000035;0
17033;08200826216100047290;08;2;16;043;2020;08;13;4;3;0;7;0;1;0;0;0;0;0;436499,691300000060000;5410300,066299999100000;8,134550264000040;48,842423348000068;0
17035;08200823436300037950;08;4;36;094;2020;08;13;1;2;0;1;0;1;0;0;0;0;0;567437,435600000430000;5284366,300300000200000;9,899003667000045;47,709155728000042;0
17045;08200829116010056970;08;1;16;056;2020;08;16;7;2;6;4;0;0;1;1;0;0;0;530521,063400000330000;5395510,734899999600000;9,414894694000054;48,711880429000075;0
17057;08200826211021059090;08;2;11;000;2020;08;11;4;3;5;3;0;1;1;0;0;0;0;442567,628899999890000;5403042,281500000500000;8,218257686000072;48,777730145000078;0
17072;08200826435100063370;08;4;35;024;2020;08;17;4;3;3;6;0;1;0;0;0;0;0;528819,680999999870000;5279487,694000000100000;9,383890817000065;47,668138962000057;0
17074;08200824121100052100;08;1;25;049;2020;08;20;2;3;6;6;1;1;0;1;0;0;0;499140,204900000240000;5450622,218399999700000;8,988195610000048;49,208392001000050;0
17080;08200825311010056200;08;3;11;000;2020;08;20;3;2;0;7;1;1;0;0;0;0;0;413216,015800000170000;5315721,926599999900000;7,836846787000070;47,988907729000061;0
17081;08200821426010063320;08;4;26;134;2020;08;15;6;2;4;3;0;1;0;0;0;0;1;561184,807000000030000;5337587,750000000000000;9,823228837000045;48,188577008000038;0
17083;08200820111500056000;08;1;11;000;2020;08;09;5;3;5;2;0;1;1;0;0;0;0;513347,666899999600000;5402461,137599999100000;9,181671629000050;48,775010186000031;0
17085;08200824336200064950;08;3;36;069;2020;08;17;2;3;5;3;0;1;1;0;0;0;0;407266,299599999560000;5269440,963600000400000;7,767007001000025;47,571755462000056;0
17090;08200824111500063430;08;1;11;000;2020;08;08;2;3;5;3;0;1;1;0;0;0;0;515930,446899999860000;5405094,932399999400000;9,216927035000026;48,798642733000065;0
17096;08200823119300069280;08;1;19;067;2020;08;20;1;3;0;1;0;1;0;0;0;0;0;536237,051400000230000;5409007,050599999700000;9,493782591000070;48,832982442000059;0
17098;08200827212010064270;08;2;12;000;2020;08;17;5;3;5;3;0;1;1;0;0;0;0;455145,358000000010000;5428223,592000000200000;8,386683741000070;49,005276911000067;0
17100;08200822215102036790;08;2;12;000;2020;08;21;7;3;0;7;2;0;0;1;1;0;0;460717,040099999870000;5430840,854599999300000;8,462610538000035;49,029199482000081;0
17104;08200819437200029450;08;4;37;104;2020;08;14;4;3;0;2;0;1;1;0;0;0;0;515137,329300000330000;5325953,656800000000000;9,203266245000066;48,086673305000033;0
17113;08200819436300040240;08;4;36;081;2020;08;19;4;2;0;6;0;1;0;0;0;0;0;556905,224000000390000;5278641,725700000300000;9,757866976000059;47,658666351000079;0
17118;08200819435200060360;08;4;35;067;2020;08;12;4;3;6;4;0;0;1;1;0;0;0;529289,376199999820000;5292130,533700000500000;9,390997566000067;47,781870684000069;0
17122;08200823436100063480;08;4;36;055;2020;08;17;1;3;5;3;0;1;1;0;0;0;0;576451,088999999690000;5297537,638000000300000;10,021463165000057;47,826642543000048;0
17123;08200819435100054350;08;4;35;016;2020;08;21;4;3;9;7;2;1;0;0;0;0;0;532796,282399999910000;5278552,491399999700000;9,436789204000036;47,659535069000071;0
17126;08200821215102044040;08;2;15;090;2020;08;10;6;3;5;3;0;1;1;0;0;0;0;464735,851999999960000;5434260,532999999800000;8,517287931000055;49,060203182000066;0
17127;08200827326200075090;08;3;26;074;2020;08;11;5;2;6;4;0;0;1;1;0;0;0;464024,780399999580000;5323333,104399999600000;8,517147509000040;48,062261246000048;0
17129;08200822416100049190;08;4;16;041;2020;08;20;7;3;0;7;2;1;0;0;0;0;0;498286,727900000290000;5374017,085000000900000;8,976798718000055;48,519263496000065;0
17133;08200819435100035820;08;4;35;016;2020;08;10;4;3;0;7;0;1;0;0;0;0;0;536592,091699999760000;5281717,659099999800000;9,487606191000054;47,687809685000047;0
17135;08200821325102069930;08;3;25;045;2020;08;15;6;3;5;3;0;1;1;0;0;0;0;468690,236299999990000;5349108,609200000800000;8,577865019000058;48,294400855000049;0
17139;08200826437100078550;08;4;37;053;2020;08;18;4;2;8;7;0;1;0;0;0;0;0;531629,234699999910000;5319409,068199999600000;9,424233286000060;48,027187517000073;0
17143;08200825121600059600;08;1;25;110;2020;08;15;3;2;8;1;0;1;0;0;0;0;0;529382,818500000050000;5440719,544900000100000;9,402677575000041;49,118612256000063;0
17148;08200827119010064700;08;1;19;061;2020;08;17;5;2;8;1;0;1;0;0;0;0;0;540216,658499999900000;5417157,008600000300000;9,548809275000053;48,906049637000081;0
17149;08200823317300035930;08;3;17;113;2020;08;14;1;3;5;3;0;1;1;0;0;0;0;410283,248499999750000;5345549,829099999700000;7,791269056000033;48,256805006000036;0
17150;08200824216200043090;08;2;16;063;2020;08;13;2;3;0;7;0;1;0;0;0;0;0;429330,410400000400000;5399905,972500000100000;8,038641554000037;48,748157105000075;0
17160;08200821311010070940;08;3;11;000;2020;08;19;6;3;5;3;0;1;1;0;0;0;0;414602,025399999690000;5317821,479900000600000;7,855001536000032;48,007980617000044;0
17163;08200819421200025040;08;4;25;072;2020;08;06;4;3;5;3;0;1;1;0;0;0;0;576233,426099999810000;5367751,212700000000000;10,031129243000066;48,458276148000039;0
17168;08200826136100049330;08;1;36;088;2020;08;18;4;3;5;3;0;1;0;0;1;0;0;579919,219999999740000;5410022,598999999500000;10,089132078000034;48,838030980000042;0
17169;08200822225100035160;08;2;25;042;2020;08;16;7;3;8;1;0;1;0;0;0;0;0;506321,775700000110000;5459881,552500000200000;9,086939675000053;49,291649693000068;0
17171;08200827225200071160;08;2;25;109;2020;08;13;5;3;5;3;0;1;0;0;0;1;0;527262,859299999660000;5492370,063899999500000;9,377160436000054;49,583299828000065;0
17180;08200821311010032000;08;3;15;107;2020;08;07;6;3;5;3;0;1;1;0;0;0;0;411145,362700000410000;5309620,975999999800000;7,810361096000065;47,933743476000075;0
17182;08200821118500060500;08;1;18;070;2020;08;15;6;3;2;6;0;1;1;0;0;0;0;520194,736999999730000;5423869,627000000300000;9,275921345000029;48,967410274000031;0
17183;08200826325202048770;08;3;25;015;2020;08;17;4;2;0;1;0;1;0;0;0;0;0;469566,250099999830000;5343958,812300000300000;8,590046341000061;48,248113298000078;0
17187;08200821118100033190;08;1;18;079;2020;08;13;6;3;5;3;0;1;1;0;0;0;0;509420,914200000460000;5421483,468499999500000;9,128663649000032;48,946203358000048;0
17192;08200828221011070370;08;2;21;000;2020;08;19;6;3;3;2;1;1;1;0;0;0;0;477668,685899999920000;5473611,851800000300000;8,692122820000066;49,414777449000042;0
17195;08200821216100060760;08;2;16;043;2020;08;15;6;3;5;2;0;1;1;0;0;0;0;441473,583999999800000;5413160,807000000000000;8,201923643000043;48,868644540000048;0
17197;08200905119100085180;08;1;19;044;2020;09;19;7;3;5;3;0;1;1;0;0;0;0;542747,126000000160000;5428902,719499999700000;9,584572432000073;49,011535325000068;0
17198;08200906235200087610;08;2;35;046;2020;09;13;1;2;0;7;0;1;0;0;0;0;0;478586,926799999550000;5373532,406099999300000;8,710049082000069;48,514540329000056;0
17199;08200901435200117000;08;4;35;034;2020;09;09;3;3;5;3;0;1;1;0;0;0;0;529556,957000000400000;5285201,006899999500000;9,394098552000060;47,719510969000055;0
17202;08200905325102112360;08;3;25;012;2020;09;16;7;3;5;3;0;1;1;0;0;0;0;464618,586299999620000;5353787,516599999700000;8,522578164000038;48,336279489000049;0
17222;08200904311010083430;08;3;11;000;2020;09;22;6;2;0;7;2;1;0;0;0;0;0;411409,246600000190000;5319749,678799999900000;7,811804278000068;48,024890594000055;0
17224;08200907231000088370;08;2;31;000;2020;09;13;2;3;5;3;0;1;1;0;0;0;0;475593,201700000090000;5416446,794900000100000;8,666974495000034;48,900485688000060;0
17227;08200907317300090670;08;3;17;065;2020;09;15;2;3;8;1;0;1;0;0;0;0;0;414188,252799999900000;5354788,249299999300000;7,841990712000040;48,340444432000027;0
17228;08200902222400082000;08;2;26;038;2020;09;16;4;3;5;3;0;1;1;0;0;0;0;471037,649899999610000;5481018,915400000300000;8,600162709000074;49,481122199000026;0
17244;08200907215402111510;08;2;15;009;2020;09;06;2;3;0;7;1;1;0;0;0;0;0;471004,068199999630000;5441135,635099999600000;8,602594484000065;49,122373446000040;0
17249;08200901316100087560;08;3;16;024;2020;09;17;3;3;4;1;0;1;0;0;0;0;0;408164,671199999750000;5336505,945100000100000;7,764691523000067;48,175153982000040;1
17258;08200905212000094380;08;2;15;046;2020;09;14;7;3;0;6;0;1;0;0;0;0;1;456509,134899999950000;5414144,388100000100000;8,406832957000063;48,878728934000037;0
17260;08200901311400086320;08;3;15;111;2020;09;15;3;3;0;1;0;1;0;0;0;0;0;401587,672000000250000;5299736,916600000100000;7,684683714000073;47,843439863000071;0
17265;08200906119010087250;08;1;19;076;2020;09;11;1;2;4;2;0;1;1;0;0;0;0;542729,475999999790000;5406364,936300000200000;9,581971687000021;48,808802632000038;0
17272;08200907135010107140;08;1;35;019;2020;09;06;2;2;4;6;0;1;0;0;0;0;0;586505,237900000070000;5394227,483599999900000;10,175545715000055;48,695085670000026;0
17276;08200906311010128660;08;3;15;056;2020;09;13;1;2;5;2;0;1;1;0;0;0;0;415439,177299999630000;5310426,634199999300000;7,867679083000041;47,941571855000063;0
17284;08200901226700100460;08;2;26;103;2020;09;18;3;3;5;2;0;1;0;0;0;0;0;470647,844800000080000;5456807,751000000200000;8,596567608000044;49,263328660000070;0
17286;08200902311100099150;08;3;15;132;2020;09;14;4;3;3;6;0;1;0;0;0;0;0;409691,236399999820000;5322145,211300000500000;7,788262086000032;48,046198090000075;0
17298;08200903426010098280;08;4;26;035;2020;09;17;5;2;0;1;0;1;0;0;0;0;0;539662,387299999590000;5332314,885999999900000;9,533173829000077;48,142848456000081;0
17299;08200905118200107530;08;1;18;019;2020;09;11;7;3;1;5;0;1;1;0;0;0;0;505047,097400000320000;5405351,258999999600000;9,068730385000038;48,801132259000042;0
17303;08200903211100081640;08;2;11;000;2020;09;15;5;3;5;3;0;1;1;0;0;0;0;443463,547500000340000;5402067,033399999100000;8,230585417000043;48,769039697000039;0
17307;08200901216300080690;08;2;16;033;2020;09;15;3;3;0;1;0;1;0;0;0;0;0;447277,774299999700000;5411618,438500000200000;8,281262410000068;48,855291364000038;0
17308;08200907326000108260;08;3;27;050;2020;09;13;2;2;6;1;0;0;1;1;0;0;0;486450,109400000420000;5314830,539799999400000;8,818402002000028;47,986633413000050;0
17310;08200904119100142720;08;1;19;075;2020;09;15;6;3;3;2;0;1;1;0;0;0;0;537725,957200000060000;5427741,094300000000000;9,515802475000044;49,001413654000032;0
17326;08200830212010070980;08;2;15;009;2020;08;01;1;2;5;3;2;1;0;0;0;0;0;470831,580900000410000;5441171,382600000100000;8,600227925000070;49,122686841000075;0
17329;08200903115400103850;08;1;15;045;2020;09;08;5;3;1;2;0;1;0;0;0;1;0;500189,114000000060000;5394458,062000000800000;9,002570315000071;48,703157463000082;0
17334;08200904118100083210;08;1;18;079;2020;09;15;6;3;0;7;0;1;0;0;0;0;0;510163,787600000390000;5421826,928899999700000;9,138817787000050;48,949281253000038;0
17336;08200901136300099680;08;1;36;065;2020;09;13;3;3;0;2;0;1;1;0;0;0;0;559000,788499999790000;5404752,717399999500000;9,803334254000049;48,792968863000056;1
17339;08200908222600099500;08;2;22;000;2020;09;21;3;3;5;2;1;1;1;0;0;0;0;462857,918600000440000;5482760,033600000700000;8,487078759000042;49,496337244000074;0
17341;08200906121200348040;08;1;21;000;2020;09;20;1;3;5;2;2;1;1;0;0;0;0;516431,200899999590000;5443728,666200000800000;9,225306444000069;49,146162956000069;0
17344;08200908117010113600;08;1;17;019;2020;09;13;3;3;5;3;0;1;1;0;0;0;0;550825,481999999840000;5393962,565899999800000;9,690699850000044;48,696629577000067;0
17345;08200902426010093830;08;4;25;033;2020;09;21;4;2;6;1;2;1;0;1;0;0;0;562969,081500000320000;5345081,960599999900000;9,848346508000077;48,255819402000043;0
17348;08200907212302113770;08;2;12;000;2020;09;10;2;3;5;2;0;1;1;0;0;0;0;455183,027200000360000;5428481,779300000500000;8,387170277000053;49,007602066000061;0
17349;08200902211100288240;08;2;11;000;2020;09;08;4;3;8;1;0;1;0;0;0;0;0;443242,607400000100000;5401655,399900000500000;8,227635678000070;48,765316875000053;1
17354;08200907222600119160;08;2;22;000;2020;09;16;2;3;0;3;0;1;0;0;0;0;0;462708,370400000360000;5482509,943099999800000;8,485037231000035;49,494078636000040;0
17356;08200904115300108930;08;1;15;028;2020;09;17;6;3;5;2;0;1;1;0;0;0;0;500000,405000000260000;5404510,248999999800000;9,000005514000065;48,793587078000030;0
17358;08200906335200109110;08;3;35;063;2020;09;00;1;2;0;1;2;1;0;0;0;0;0;496590,754999999890000;5288150,028899999300000;8,954519086000062;47,746712793000029;1
17361;08200903316100090920;08;3;16;011;2020;09;15;5;3;5;3;0;1;1;0;0;0;0;414485,048600000330000;5329831,254599999600000;7,851031634000037;48,115996287000030;0
17362;08200908215502089980;08;2;15;029;2020;09;07;3;3;0;7;0;1;0;0;0;0;0;466869,824099999850000;5448116,547100000100000;8,545359802000064;49,184958461000065;0
17363;08200904435100090840;08;4;35;016;2020;09;11;6;3;0;1;0;1;0;0;0;0;0;537781,460199999620000;5277347,986199999200000;9,503076497000052;47,648425712000062;0
17364;08200906118200107880;08;1;18;019;2020;09;09;1;3;5;3;0;1;1;0;0;0;0;506159,234000000170000;5405516,961999999400000;9,083877714000039;48,802612884000041;0
17367;08200908116010108440;08;1;16;015;2020;09;21;3;3;0;1;2;1;0;0;0;0;0;524002,862999999900000;5393303,052999999400000;9,326161478000074;48,692305247000036;0
17368;08200902336400080360;08;3;36;045;2020;09;09;4;3;5;3;0;1;1;0;0;0;0;399430,833399999890000;5285337,813699999800000;7,659199675000025;47,713585181000042;0
17373;08200903435200082930;08;4;35;067;2020;09;11;5;2;8;7;0;1;0;0;0;0;0;529201,729600000200000;5292106,354599999300000;9,389825932000065;47,781657117000066;0
17375;08200906235200111610;08;2;35;080;2020;09;03;1;3;1;7;2;1;1;0;0;0;0;477489,075000000190000;5387199,288000000600000;8,694443440000043;48,637451301000056;0
17376;08200901119010093330;08;1;19;053;2020;09;17;3;2;2;2;0;1;1;0;0;0;0;534728,753700000230000;5429024,958900000900000;9,474935022000068;49,013138305000041;0
17383;08200906317300086130;08;3;17;065;2020;09;21;1;3;8;7;2;1;0;0;0;0;0;414178,374499999920000;5354968,887700000800000;7,841820623000047;48,342067898000039;0
17392;08200907436300116670;08;4;36;081;2020;09;14;2;3;0;1;0;1;1;0;0;0;0;562755,840800000350000;5281989,260600000600000;9,836258718000067;47,688242149000075;0
17393;08200902317200083750;08;3;17;005;2020;09;05;4;3;5;3;2;1;1;0;0;0;0;424584,876000000160000;5376552,435699999300000;7,978347555000028;48,537541551000061;0
17411;08200907317300101380;08;3;17;065;2020;09;14;2;3;5;3;0;1;0;0;0;0;0;416351,322999999860000;5354435,674000000600000;7,871244891000060;48,337563178000039;0
17412;08200902226600081290;08;2;26;031;2020;09;17;4;3;3;3;0;1;1;0;0;0;0;473805,138000000270000;5493469,229000000300000;8,637540915000045;49,593233487000077;0
17414;08200904335300083000;08;3;35;100;2020;09;11;6;3;5;3;0;1;1;0;0;0;0;487690,399799999780000;5286199,232000000800000;8,835839712000052;47,729051905000063;0
17415;08200906111500187400;08;1;11;000;2020;09;17;1;3;2;6;0;1;1;0;0;0;0;513320,527099999600000;5400836,905600000200000;9,181249646000026;48,760399281000048;0
17420;08200904121200139560;08;1;21;000;2020;09;06;6;2;0;7;2;1;0;0;0;0;0;515911,814899999650000;5446688,181700000500000;9,218301593000035;49,172798366000052;0
17441;08200901111240080100;08;1;11;000;2020;09;06;3;2;8;1;2;0;1;1;0;0;0;514760,085699999700000;5403049,666699999900000;9,200916705000054;48,780272636000063;1
17443;08200903317000089070;08;3;17;039;2020;09;15;5;2;8;7;0;1;0;0;0;0;0;440262,688599999990000;5348364,862099999600000;8,194724803000042;48,285664922000080;0
17458;08200831435100073450;08;4;35;016;2020;08;19;2;3;4;2;1;1;1;0;0;0;0;537009,692200000400000;5278752,497899999800000;9,492919382000025;47,661107262000030;1
17460;08200907221300089430;08;2;21;000;2020;09;16;2;3;4;2;0;1;1;0;0;0;0;483704,996700000020000;5473512,387099999900000;8,775347467000074;49,414074401000050;0
17462;08200904115200084120;08;1;15;034;2020;09;17;6;3;0;4;0;0;0;1;1;0;0;483611,181099999700000;5375993,068000000000000;8,777984338000067;48,536828416000048;0
17465;08200831426010074000;08;4;26;021;2020;08;05;2;2;8;1;2;1;0;0;0;0;0;558045,421699999830000;5327200,701500000400000;9,779577013000051;48,095428496000068;0
17469;08200908215102345310;08;2;12;000;2020;09;16;3;3;5;2;0;1;1;0;0;0;0;455375,663999999870000;5429731,008300000800000;8,389666893000026;49,018852946000038;0
17478;08200904435200095410;08;4;35;066;2020;09;16;6;3;0;1;0;1;0;0;0;0;0;518948,169999999930000;5286944,086500000200000;9,252723654000022;47,735592965000080;0
17486;08200907136010091740;08;1;36;021;2020;09;18;2;2;2;1;0;1;1;0;0;0;0;572351,711000000130000;5404765,043600000400000;9,985092468000062;48,791669584000033;0
17491;08200831335300060530;08;3;35;075;2020;08;16;2;3;7;1;0;1;0;0;0;0;0;486820,042000000370000;5291041,548699999200000;8,824085949000050;47,772603640000057;0
17497;08200906115300100450;08;1;15;042;2020;09;13;1;3;0;1;0;1;0;0;0;0;0;495712,541600000110000;5405842,951799999900000;8,941609090000043;48,805561192000027;0
17501;08200902311400082110;08;3;36;078;2020;09;14;4;2;0;1;0;1;0;0;0;0;0;400871,316999999810000;5294511,952999999700000;7,676307441000063;47,796330902000079;0
17503;08200831326400062260;08;3;26;074;2020;08;14;2;3;5;3;0;1;1;0;0;0;0;459554,166000000200000;5324280,105000000400000;8,457056818000069;48,070513294000079;0
17514;08200905118500123220;08;1;18;049;2020;09;12;7;3;8;7;0;1;0;0;0;0;0;518998,868400000040000;5421015,964800000200000;9,259449180000047;48,941777806000061;1
17521;08200904327100124540;08;3;27;055;2020;09;15;6;2;5;3;0;1;1;0;0;0;0;479895,935499999670000;5318165,583900000900000;8,730406368000047;48,016466639000043;0
17523;08200907326100100020;08;3;26;027;2020;09;20;2;3;0;1;1;1;0;0;0;0;0;461552,025999999610000;5307477,297499999400000;8,485380279000026;47,919464871000059;0
17545;08200904311010106510;08;3;11;000;2020;09;08;6;2;0;7;0;1;0;0;0;0;0;412565,833800000140000;5315349,178400000600000;7,828210281000054;47,985466176000045;0
17547;08200907317000090910;08;3;17;145;2020;09;12;2;2;4;7;0;1;1;0;0;0;0;443100,147099999710000;5349750,782800000200000;8,232784108000033;48,298394011000028;0
17548;08200902221200145090;08;2;21;000;2020;09;10;4;3;3;2;0;1;1;0;0;0;0;477697,854100000110000;5472988,883899999800000;8,692559948000053;49,409175021000067;0
17550;08200906435100096940;08;4;35;029;2020;09;11;1;3;0;1;0;1;0;0;0;0;0;542836,637000000100000;5271502,389699999200000;9,569813306000071;47,595516023000073;1
17551;08200831226600059040;08;2;26;082;2020;08;18;2;3;5;7;0;1;1;0;0;0;0;480086,182199999690000;5481480,503100000300000;8,725056357000028;49,485638393000045;1
17559;08200908117010157980;08;4;25;008;2020;09;13;3;3;5;7;0;1;1;0;0;0;0;567363,517900000330000;5384924,393799999700000;9,913948725000068;48,613764678000052;0
17560;08200902426010094340;08;4;26;021;2020;09;12;4;2;2;6;0;1;0;0;0;0;0;558893,719700000250000;5328752,462200000900000;9,791183135000040;48,109310546000074;0
17563;08200907215202088220;08;2;15;097;2020;09;18;2;3;5;3;0;1;1;0;0;0;0;476592,783699999560000;5442878,818499999100000;8,679088366000030;49,138292095000054;0
17564;08200902212702087520;08;2;15;017;2020;09;08;4;3;5;3;0;1;1;0;0;0;0;454624,381400000300000;5419969,399000000200000;8,380481187000044;48,930991212000038;0
17566;08200905127202125870;08;1;27;014;2020;09;15;7;3;6;7;0;0;1;1;0;0;0;578908,615100000050000;5443679,787200000100000;10,081897304000051;49,140874252000060;0
17567;08200906317500096040;08;3;17;096;2020;09;11;1;2;0;7;0;1;0;0;0;0;0;422294,052299999630000;5370800,884199999300000;7,948390214000028;48,485527570000045;0
17572;08200904117400095530;08;1;17;038;2020;09;15;6;3;5;3;0;1;1;0;0;0;0;547276,334900000130000;5397900,525399999700000;9,642922742000053;48,732332525000061;0
17573;08200905136300094760;08;1;36;028;2020;09;11;7;3;0;1;0;1;0;0;0;0;0;570948,661100000140000;5405979,770500000600000;9,966202176000024;48,802757301000042;0
17575;08200831212302074990;08;2;12;000;2020;08;16;2;3;5;3;0;1;1;0;0;0;0;456366,346499999990000;5428238,227099999800000;8,403376293000065;49,005496086000051;1
17576;08200829316200064990;08;3;16;009;2020;08;14;7;2;5;3;0;1;1;0;0;0;0;419129,641999999990000;5325048,141000000800000;7,914330101000076;48,073577073000081;0
17579;08200904435100130290;08;4;35;016;2020;09;13;6;3;4;2;0;1;0;0;0;0;0;536181,540000000040000;5277973,301400000200000;9,481825409000066;47,654143367000074;0
17580;08200906118600085540;08;1;18;076;2020;09;12;1;3;0;7;0;1;0;0;0;0;0;505249,281700000170000;5424113,404999999300000;9,071724657000061;48,969910891000040;0
17582;08200829316100073270;08;3;16;054;2020;08;14;7;3;4;2;0;1;1;0;0;0;0;418471,242999999780000;5332173,333000000600000;7,904131109000048;48,137587005000057;0
17583;08200908116400119340;08;1;16;053;2020;09;18;3;3;4;6;0;1;0;0;0;0;1;538722,434999999590000;5388130,583000000600000;9,525686161000067;48,645035117000077;0
17584;08200902336400081530;08;3;36;045;2020;09;09;4;3;6;4;0;0;0;1;0;0;1;399704,153900000270000;5285559,282800000200000;7,662791615000060;47,715619849000063;0
17585;08200904215402085050;08;2;15;009;2020;09;17;6;3;0;7;0;1;0;0;0;0;0;468895,897099999710000;5442850,525599999400000;8,573569349000024;49,137696098000049;0
17586;08200831212010070360;08;2;12;000;2020;08;15;2;3;3;3;0;1;0;0;0;0;1;456366,465699999590000;5428230,637900000400000;8,403378739000061;49,005427828000052;0
17587;08200905326000096460;08;3;25;072;2020;09;12;7;3;0;1;0;1;0;0;0;0;0;472365,496299999770000;5331490,712600000200000;8,628563892000045;48,136069853000038;0
17589;08200902127202082220;08;1;27;073;2020;09;14;4;3;5;3;0;1;1;0;0;0;0;578649,336400000380000;5445771,598200000800000;10,078751491000048;49,159720803000027;0
17590;08200903436300096030;08;4;36;006;2020;09;16;5;3;3;2;0;1;1;0;0;0;0;557063,309399999680000;5282696,528300000400000;9,760502120000069;47,695133091000059;0
17593;08200831211021059500;08;2;16;049;2020;08;10;2;3;5;7;0;1;1;0;0;0;0;438726,520100000310000;5400866,767500000100000;8,166303955000046;48,757794880000063;0
17595;08200903216200082810;08;2;16;007;2020;09;14;5;2;9;1;0;1;0;0;0;0;0;436271,609699999910000;5393628,722999999300000;8,134024606000025;48,692442084000049;0
17598;08200904335300091240;08;3;35;075;2020;09;10;6;3;2;6;0;1;1;0;0;0;0;487657,424399999900000;5289474,093399999700000;8,835307040000032;47,758517016000042;0
17601;08200907421300087400;08;4;21;000;2020;09;11;2;3;5;3;0;1;1;0;0;0;0;571833,404400000350000;5361348,959499999900000;9,970526598000049;48,401204284000073;0
17608;08200831136300076650;08;1;36;065;2020;08;12;2;3;4;6;0;1;0;0;0;0;0;559181,167000000370000;5405887,519999999600000;9,805953493000061;48,803159319000031;0
17610;08200902317300091510;08;3;17;026;2020;09;18;4;3;8;1;0;1;0;0;0;0;0;414988,924499999730000;5345628,529200000700000;7,854638095000041;48,258161797000071;0
17611;08200904128200093000;08;1;28;115;2020;09;08;6;3;5;3;0;1;1;0;0;0;0;547408,019199999980000;5498043,544199999400000;9,656522825000025;49,633083940000063;0