OBJECTID;UIDENTSTLAE;ULAND;UREGBEZ;UKREIS;UGEMEINDE;UJAHR;UMONAT;USTUNDE;UWOCHENTAG;UKATEGORIE;UART;UTYP1;ULICHTVERH;IstRad;IstPKW;IstFuss;IstKrad;IstGkfz;IstSonstige;LINREFX;LINREFY;XGCSWGS84;YGCSWGS84;STRZUSTAND
17615;08200903426010084250;08;4;21;000;2020;09;09;5;3;5;3;0;1;1;0;0;0;0;570864,154900000430000;5361334,133199999100000;9,957430676000058;48,401180623000073;0
17618;08200831136300059460;08;1;36;079;2020;08;09;2;3;5;3;0;1;1;0;0;0;0;560049,782100000420000;5402726,548900000800000;9,817319464000036;48,774642976000052;0
17632;08200903327200082760;08;3;27;049;2020;09;08;5;3;5;3;0;1;1;0;0;0;0;472596,708100000400000;5324391,179400000700000;8,632127604000061;48,072206507000033;0
17644;08200903121600088690;08;1;25;110;2020;09;07;5;3;5;3;0;1;1;0;0;0;0;527938,953300000170000;5442247,061499999800000;9,382996373000026;49,132419921000064;0
17645;08200908118400140180;08;1;18;048;2020;09;17;3;3;3;2;0;1;1;0;0;0;0;514259,495600000020000;5414815,063100000800000;9,194511925000029;48,886123774000055;0
17646;08200903115300102220;08;1;15;028;2020;09;20;5;3;5;3;2;1;1;0;0;0;0;500918,419499999840000;5405247,509700000300000;9,012506630000075;48,800218749000067;0
17650;08200902216200082200;08;2;16;007;2020;09;17;4;3;8;1;0;1;0;0;0;0;0;436735,362499999810000;5394744,790400000300000;8,140154614000039;48,702528388000076;0
17656;08200908222400114320;08;2;26;082;2020;09;23;3;3;0;7;2;1;0;0;0;0;0;475147,066899999980000;5481149,646500000700000;8,656885545000023;49,482480265000049;0
17657;08200904436100084240;08;4;36;010;2020;09;16;6;2;3;6;0;1;0;0;0;0;0;574192,352300000380000;5310432,571200000100000;9,993504921000067;47,942910121000068;0
17661;08200908117010102190;08;4;25;071;2020;09;18;3;3;4;2;0;1;1;0;0;0;0;551168,243099999610000;5370989,576799999900000;9,692527352000070;48,489945878000071;0
17666;08200831121500071520;08;1;25;065;2020;08;20;2;3;5;3;2;1;1;0;0;0;0;516029,425999999980000;5447492,978000000100000;9,219947217000026;49,180034668000076;1
17668;08200903118100089230;08;1;18;010;2020;09;14;5;3;6;4;0;0;1;1;0;0;0;507016,205900000410000;5432076,165699999800000;9,096004965000077;49,041523125000026;0
17677;08200906335200093610;08;3;35;063;2020;09;00;1;3;0;1;2;1;0;0;0;0;0;499247,314399999570000;5288271,963199999200000;8,989958611000077;47,747818480000035;0
17686;08200908111500092410;08;1;11;000;2020;09;15;3;1;5;3;0;1;1;0;0;0;0;506371,110100000170000;5405537,806800000400000;9,086763406000046;48,802798267000071;0
17687;08200902335400121720;08;3;35;079;2020;09;14;4;2;5;3;0;1;1;0;0;0;0;500706,691100000400000;5299464,447300000100000;9,009446023000066;47,848522964000040;0
17692;08200903435200081580;08;4;35;066;2020;09;11;5;2;0;1;0;1;0;0;0;0;0;518106,335900000300000;5286918,970699999500000;9,241494643000067;47,735391161000052;0
17695;08200907211000094480;08;2;16;007;2020;09;16;2;1;5;3;0;1;1;0;0;0;0;431864,746500000360000;5396894,640699999400000;8,073610602000031;48,721353047000036;0
17705;08200904415400095400;08;4;15;060;2020;09;15;6;3;5;2;0;1;0;0;0;0;1;512760,170500000010000;5377463,408700000500000;9,172904489000075;48,550140329000044;0
17706;08200906116010110000;08;1;16;079;2020;09;14;1;3;5;3;0;1;1;0;0;0;0;539357,877700000070000;5375669,743599999700000;9,533131881000031;48,532899326000063;0
17709;08200907435100113950;08;4;35;016;2020;09;11;2;2;2;6;0;1;0;0;0;0;1;535007,709400000050000;5278098,649199999900000;9,466204223000034;47,655335756000056;0
17727;08200912416010101420;08;4;16;023;2020;09;11;7;3;5;3;0;1;1;0;0;0;0;507465,108599999920000;5369735,302799999700000;9,101016514000037;48,480700877000061;0
17736;08200912336200135560;08;3;36;105;2020;09;09;7;3;5;3;0;1;1;0;0;0;0;398152,959499999880000;5267885,473600000100000;7,646229395000034;47,556396898000060;0
17745;08200912317500102390;08;3;17;034;2020;09;18;7;3;5;3;0;1;1;0;0;0;0;426691,683100000020000;5361323,562100000700000;8,009553659000062;48,400806031000059;0
17749;08200912317100103000;08;3;17;008;2020;09;15;7;3;3;6;0;1;0;0;0;1;0;444972,299499999730000;5367040,361600000400000;8,255761694000057;48,454093874000080;0
17756;08200912311300103310;08;3;15;006;2020;09;13;7;2;3;6;0;1;1;0;0;0;0;400054,373900000010000;5313121,416500000300000;7,661094802000037;47,963595320000081;0
17764;08200915435100144220;08;4;35;016;2020;09;18;3;3;0;1;0;1;0;0;0;0;0;533939,295400000180000;5279517,871799999800000;9,452086650000069;47,668162057000075;0
17779;08200914212010459920;08;2;15;106;2020;09;19;2;3;4;1;0;1;0;0;0;0;1;466117,491200000050000;5450728,924499999700000;8,534815692000052;49,208415724000076;0
17792;08200912211100100400;08;2;11;000;2020;09;09;7;3;6;7;0;0;1;1;0;0;0;442959,660899999550000;5402617,840399999200000;8,223652203000029;48,773948306000079;0
17793;08200915426200112600;08;4;26;070;2020;09;16;3;3;5;3;0;1;1;0;0;0;0;564951,752899999730000;5338565,375700000700000;9,874055933000022;48,196997471000032;0
17798;08200912127100149080;08;1;27;025;2020;09;10;7;3;6;4;0;0;0;1;0;0;1;558729,471300000320000;5425329,267400000200000;9,802597080000055;48,978078879000066;0
17802;08200912127010104130;08;1;27;076;2020;09;08;7;2;6;4;0;0;1;1;0;0;0;556433,245000000110000;5439307,881999999300000;9,773166559000060;49,104026829000077;0
17808;08200914136300107500;08;1;36;028;2020;09;18;2;3;5;3;0;1;1;0;0;0;0;566871,500000000000000;5405138,671900000400000;9,910548651000056;48,795643802000029;0
17812;08200915335100110440;08;3;35;043;2020;09;18;3;3;6;6;0;1;0;1;0;0;0;512656,660500000230000;5279805,070499999400000;9,168603053000027;47,671512954000036;0
17813;08200912119010111890;08;1;19;086;2020;09;16;7;2;5;3;0;1;1;0;0;0;0;535156,002999999560000;5405539,701999999600000;9,478755154000055;48,801853753000046;0
17829;08200912116200115780;08;1;16;047;2020;09;11;7;2;0;7;0;1;0;0;0;0;0;519467,136900000270000;5393366,818600000800000;9,264531804000058;48,693036879000033;0
17831;08200914127010110960;08;1;27;102;2020;09;18;2;2;0;1;0;1;0;0;0;0;0;587767,528900000270000;5435859,181900000200000;10,201633391000030;49,069338024000047;0
17834;08200913335300103470;08;3;35;077;2020;09;12;1;3;8;1;0;1;0;0;0;0;0;490721,988900000230000;5294904,762800000600000;8,876082823000047;47,807430900000043;0
17840;08200911437200098120;08;4;37;101;2020;09;12;6;3;6;4;0;0;1;1;0;0;0;521985,844100000340000;5324503,154799999700000;9,295153365000033;48,073423758000047;0
17841;08200913221300133290;08;2;21;000;2020;09;20;1;3;3;6;1;1;1;0;0;0;0;477043,640700000340000;5475063,464099999500000;8,683421603000056;49,427811175000045;0
17842;08200911437100140980;08;4;37;053;2020;09;14;6;3;1;6;0;1;1;0;0;0;0;527171,764800000000000;5319054,111600000400000;9,364425444000062;48,024199195000051;0
17844;08200913216200116940;08;2;16;041;2020;09;13;1;3;4;6;0;1;0;0;0;0;0;431188,199000000020000;5392919,826199999100000;8,065075812000032;48,685525744000074;0
17847;08200911436300127410;08;4;36;081;2020;09;15;6;3;0;1;0;1;0;0;0;0;0;562032,041500000280000;5281487,901300000000000;9,826543440000023;47,683801431000063;0
17848;08200911436200125040;08;4;36;064;2020;09;20;6;3;8;1;2;1;0;0;0;0;0;544929,145100000310000;5292299,832100000200000;9,599787906000074;47,782492828000045;0
17852;08200914317100122410;08;3;17;116;2020;09;07;2;3;5;2;0;1;1;0;0;0;0;432935,001299999650000;5387455,194599999100000;8,089691525000035;48,636561472000039;0
17860;08200911435100131340;08;4;35;035;2020;09;14;6;2;5;3;0;1;1;0;0;0;0;539900,601700000460000;5280430,281899999800000;9,531574025000055;47,676030955000044;0
17861;08200911435100097490;08;4;35;013;2020;09;14;6;3;0;1;0;1;0;0;0;0;0;539854,040300000460000;5275366,352099999800000;9,530492089000063;47,630471894000038;0
17864;08200911426010133620;08;4;21;000;2020;09;01;6;2;0;7;2;1;0;0;0;0;0;574919,152999999930000;5365450,420900000300000;10,012943665000023;48,437738241000034;0
17865;08200911426010121920;08;4;26;071;2020;09;14;6;3;0;7;0;1;0;0;0;0;1;566665,069899999540000;5330628,370300000500000;9,895864995000068;48,125419916000055;0
17866;08200914436400123920;08;4;36;013;2020;09;13;2;3;5;3;0;1;1;0;0;0;0;545169,065499999560000;5295462,603399999400000;9,603319907000071;47,810931528000026;0
17873;08200911337010110050;08;3;37;128;2020;09;06;6;3;0;1;2;1;0;0;0;0;0;444136,215499999930000;5281067,477399999300000;8,255691507000051;47,680581486000051;0
17874;08200911337010102240;08;3;37;053;2020;09;21;6;2;4;1;2;1;0;0;0;0;0;454844,914200000460000;5269766,248700000300000;8,399527061000072;47,579738034000059;0
17875;08200914111500138960;08;1;11;000;2020;09;06;2;3;5;2;0;1;1;0;0;0;0;516109,480600000360000;5403849,566299999100000;9,219316106000065;48,787434962000077;0
17876;08200913136200134970;08;1;36;068;2020;09;12;1;3;8;1;0;1;0;0;0;0;0;595716,627100000160000;5429123,135500000800000;10,308845949000045;49,007575194000026;0
17879;08200911335400097060;08;3;35;079;2020;09;11;6;3;0;7;0;1;0;0;0;0;1;500784,740100000050000;5299416,556700000500000;9,010489182000072;47,848091981000039;0
17880;08200911335100127660;08;3;35;043;2020;09;21;6;3;5;2;2;1;1;0;0;0;0;511461,142799999560000;5280190,928500000400000;9,152687403000073;47,675007074000064;0
17885;08200911311010185040;08;3;11;000;2020;09;13;6;3;4;6;0;1;0;0;0;0;0;412364,480999999680000;5316547,701300000800000;7,825267659000076;47,996219702000076;0
17887;08200911311010123080;08;3;11;000;2020;09;10;6;2;6;4;0;0;0;1;0;0;1;410977,724899999800000;5316262,490100000100000;7,806741842000065;47,993462573000045;0
17893;08200913136010104350;08;1;36;028;2020;09;15;1;2;3;7;0;1;1;0;0;0;0;570574,070000000300000;5405964,855000000400000;9,961099059000048;48,802665785000045;0
17895;08200915426100109880;08;4;26;038;2020;09;16;3;3;6;7;0;0;1;1;0;0;0;561346,666299999690000;5316768,576899999800000;9,822414041000059;48,001269894000075;0
17898;08200913437100103750;08;4;37;100;2020;09;15;1;3;6;2;0;0;1;1;0;0;0;537414,874699999580000;5318136,417300000800000;9,501720352000064;48,015424970000026;0
17899;08200913128200101130;08;1;28;115;2020;09;06;1;3;6;4;1;0;1;1;0;0;0;548239,985600000250000;5496996,605399999800000;9,667914608000046;49,623601847000032;0
17905;08200914336400109140;08;3;36;019;2020;09;18;2;3;0;7;0;1;0;0;0;0;0;394447,334099999630000;5276200,656300000800000;7,594987436000054;47,630601113000068;0
17912;08200911221011126330;08;2;21;000;2020;09;19;6;3;0;6;2;1;0;0;0;0;1;478485,421900000420000;5473406,034800000500000;8,703393983000069;49,412955588000045;0
17914;08200911216100097660;08;2;16;043;2020;09;19;6;3;5;3;0;1;1;0;0;0;0;441030,546299999580000;5411665,448699999600000;8,196098385000028;48,855151902000046;0
17923;08200911128300129880;08;1;28;131;2020;09;19;6;3;6;4;0;0;1;1;0;0;0;537243,913099999540000;5511937,287200000100000;9,517097839000030;49,758759095000073;0
17924;08200913435100102040;08;4;35;016;2020;09;13;1;3;0;1;0;1;0;0;0;0;0;536160,198499999940000;5278441,575200000800000;9,481579957000065;47,658357812000077;0
17941;08200915316100131710;08;3;16;011;2020;09;20;3;2;6;4;2;0;1;1;0;0;0;412833,606700000350000;5331247,162699999300000;7,828558245000068;48,128508590000081;0
17950;08200911118300147570;08;1;18;046;2020;09;18;6;3;3;2;0;1;1;0;0;0;0;513606,615899999630000;5412378,215800000400000;9,185525049000034;48,864217147000033;0
17953;08200915117200161650;08;1;17;024;2020;09;16;3;2;5;2;0;1;0;0;0;0;0;560220,460799999540000;5385000,242900000900000;9,817057808000072;48,615175232000070;0
17959;08200913126200119810;08;1;26;069;2020;09;16;1;3;0;1;0;1;0;0;0;0;0;536283,302199999800000;5445904,003799999100000;9,497708838000051;49,164878192000060;0
17964;08200914118400106780;08;1;18;048;2020;09;16;2;3;5;2;0;1;1;0;0;0;0;514892,873999999840000;5414927,494999999200000;9,203155799000058;48,887120286000027;0
17976;08200914225200184590;08;2;25;039;2020;09;17;2;2;4;6;0;1;1;0;0;0;0;531193,692999999970000;5490823,119999999200000;9,431416268000021;49,569195934000049;0
17978;08200911111500098540;08;1;11;000;2020;09;18;6;3;6;7;0;0;1;1;0;0;0;511474,868099999610000;5410546,521900000100000;9,156407632000025;48,847782682000059;0
17983;08200910436400125960;08;4;36;040;2020;09;12;5;3;5;3;0;1;1;0;0;0;0;534163,150299999860000;5305087,333499999700000;9,457080704000020;47,898204937000060;0
17985;08200910436300113860;08;4;36;085;2020;09;16;5;2;0;1;0;1;0;0;0;0;0;560565,062300000340000;5294192,835999999200000;9,808767267000064;47,798243040000045;0
17986;08200910436200160320;08;4;36;064;2020;09;18;5;3;4;6;0;1;0;0;0;0;0;544706,288700000380000;5292201,308000000200000;9,596802875000037;47,781621910000069;0
17988;08200913121600105810;08;1;25;008;2020;09;15;1;3;0;1;0;1;0;0;0;0;0;523132,531999999660000;5431358,960000000900000;9,316486520000069;49,034677418000058;0
17991;08200915212702113080;08;2;15;108;2020;09;17;3;3;5;3;0;1;1;0;0;0;0;451299,992300000040000;5426282,140300000100000;8,334340764000046;48,987522076000062;0
17993;08200910435200126670;08;4;35;036;2020;09;12;5;2;6;4;0;1;0;1;0;0;0;520035,038200000300000;5282329,015900000900000;9,267007526000043;47,694035852000070;0
17994;08200913426010110970;08;4;26;070;2020;09;14;1;3;0;1;0;1;0;0;0;0;0;565503,154299999590000;5342950,536699999100000;9,882152693000023;48,236388761000057;0
17998;08200910435100093740;08;4;35;035;2020;09;07;5;3;8;1;0;1;0;0;0;0;0;545715,541299999690000;5284375,589099999500000;9,609452541000053;47,711142480000035;0
18013;08200910335100117810;08;3;35;066;2020;09;10;5;3;5;3;0;1;1;0;0;0;0;509197,157100000420000;5281717,663699999500000;9,122558429000037;47,688780301000065;0
18022;08200914415400139580;08;4;15;061;2020;09;07;2;3;5;3;0;1;1;0;0;0;0;515695,260200000370000;5372309,702500000600000;9,212481612000033;48,503709463000064;0
18023;08200910311010123060;08;3;11;000;2020;09;18;5;3;2;6;0;1;0;0;0;0;0;416857,614900000390000;5315631,382600000100000;7,885662381000032;47,988577053000029;0
18025;08200910311010097880;08;3;11;000;2020;09;12;5;2;3;2;0;1;0;0;0;1;0;412568,082999999630000;5314117,063999999300000;7,828491229000065;47,974383201000080;0
18029;08200910235200114950;08;2;35;080;2020;09;09;5;3;3;1;0;1;0;0;0;0;1;483282,550400000070000;5388469,054600000400000;8,773030338000069;48,649056024000060;0
18031;08200915335300180080;08;3;35;077;2020;09;06;3;3;5;3;1;1;1;0;0;0;0;494877,715900000180000;5292541,461100000900000;8,931614590000038;47,786213587000077;0
18039;08200913425000125260;08;4;25;033;2020;09;00;1;2;0;1;2;1;0;0;0;0;0;557646,116100000220000;5348481,475700000300000;9,777103974000056;48,286907892000045;0
18042;08200910216000121730;08;2;11;000;2020;09;01;5;2;6;6;2;0;0;1;0;1;0;439878,746600000190000;5406129,930800000200000;8,181209882000076;48,805249585000070;0
18048;08200910135200095020;08;1;35;019;2020;09;20;5;3;0;1;2;1;0;0;0;0;0;587075,638000000270000;5391059,787200000100000;10,182628073000046;48,666515440000069;0
18057;08200910121500184550;08;1;25;065;2020;09;23;5;3;5;3;2;1;1;0;0;0;0;515752,436300000180000;5448526,465900000200000;9,216187036000065;49,189338339000074;0
18058;08200910121500109440;08;1;25;007;2020;09;11;5;3;0;1;0;1;0;0;0;0;0;511281,691200000230000;5453023,020400000700000;9,154957001000071;49,229884546000051;1
18061;08200910121300120440;08;1;21;000;2020;09;19;5;2;6;4;1;0;1;1;0;0;0;511446,253299999980000;5440758,328299999200000;9,156868290000034;49,119556796000040;0
18064;08200914231000134280;08;2;31;000;2020;09;10;2;3;4;2;0;1;1;0;0;0;0;475980,559399999680000;5416276,691999999800000;8,672269821000043;48,898970647000056;0
18073;08200910115300097930;08;1;15;028;2020;09;16;5;3;5;3;0;1;0;0;0;1;0;500984,757299999710000;5406074,951199999100000;9,013411973000075;48,807662248000042;0
18074;08200915222400157550;08;2;22;000;2020;09;18;3;3;5;2;0;1;1;0;0;0;0;468906,769999999550000;5478794,456000000200000;8,570920665000074;49,461008597000045;0
18076;08200910111500124960;08;1;11;000;2020;09;15;5;3;6;2;0;1;0;1;0;0;1;517162,771800000220000;5406838,985999999600000;9,233780545000059;48,814299168000048;0
18077;08200913421300106160;08;4;21;000;2020;09;16;1;3;0;7;0;1;0;0;0;0;0;570820,021499999800000;5361341,074300000400000;9,956835657000056;48,401248020000025;0
18081;08200909437200117800;08;4;37;105;2020;09;20;4;3;8;1;0;1;0;0;0;0;0;519512,371500000360000;5323706,494599999900000;9,261911748000046;48,066336714000045;0
18084;08200909437200091360;08;4;37;104;2020;09;10;4;3;5;3;0;1;1;0;0;0;0;516834,347099999900000;5326349,538000000600000;9,226069480000035;48,090192472000069;0
18086;08200915111500110910;08;1;11;000;2020;09;16;3;3;0;1;0;1;0;0;0;0;0;515644,457100000230000;5405277,736400000800000;9,213039666000043;48,800294477000079;0
18091;08200909435200110200;08;4;35;034;2020;09;15;4;2;3;2;0;1;1;0;0;0;0;525628,991200000050000;5283162,111999999700000;9,341606037000076;47,701333952000027;0
18094;08200909435200091480;08;4;35;066;2020;09;10;4;3;0;1;0;1;0;0;0;0;0;519507,532700000330000;5287287,051599999900000;9,260199521000061;47,738662125000076;0
18095;08200914115300123520;08;1;15;028;2020;09;16;2;3;5;2;0;1;1;0;0;0;0;499991,294200000350000;5404518,047100000100000;8,999881464000055;48,793657230000065;0
18099;08200909426100105400;08;4;26;128;2020;09;08;4;3;0;1;0;1;0;0;0;0;0;559353,027200000360000;5331010,322499999800000;9,797667288000071;48,129579900000067;0
18104;08200909421300101760;08;4;21;000;2020;09;10;4;3;5;3;0;1;1;0;0;0;0;571629,177000000140000;5361277,138000000300000;9,967755477000026;48,400581470000077;0
18106;08200914212010151890;08;2;12;000;2020;09;18;2;3;0;2;0;1;1;0;0;0;0;453050,912999999710000;5428873,115100000100000;8,357972246000031;49,010963624000055;0
18107;08200913115100121800;08;1;15;003;2020;09;16;1;3;0;1;0;1;0;0;0;0;0;499445,322900000030000;5391845,010800000300000;8,992464697000060;48,679649974000029;0
18111;08200909336400092480;08;3;36;091;2020;09;22;4;3;3;6;2;1;0;0;0;0;0;395217,288399999960000;5272056,388900000600000;7,606224202000021;47,593447931000071;0
18112;08200909335300092620;08;3;35;100;2020;09;20;4;3;0;1;2;1;0;0;0;0;0;488466,040699999780000;5286056,542799999900000;8,846187365000048;47,727782377000040;0
18114;08200913111500119920;08;1;11;000;2020;09;13;1;3;5;3;0;1;1;0;0;0;0;513031,489099999890000;5406455,895700000200000;9,177494957000022;48,810953325000071;0
18117;08200909327100092500;08;3;27;050;2020;09;19;4;3;4;7;1;1;0;0;0;0;0;486469,921000000090000;5314843,024499999400000;8,818667126000037;47,986746159000063;0
18118;08200909326400120450;08;3;26;074;2020;09;19;4;3;5;3;0;1;1;0;0;0;0;461753,400000000370000;5323355,883999999600000;8,486660670000049;48,062334036000038;0
18120;08200913111500119820;08;1;11;000;2020;09;18;1;3;5;2;0;1;1;0;0;0;0;512900,962299999780000;5402845,031099999300000;9,175603724000041;48,778473086000076;0
18127;08200914337010126940;08;3;37;076;2020;09;12;2;3;6;4;0;0;1;1;0;0;0;427793,426300000400000;5268916,897900000200000;8,039978008000048;47,569649723000055;0
18129;08200916118000150660;08;1;15;045;2020;09;07;4;3;5;3;0;1;1;0;0;0;0;500228,954699999650000;5393940,216000000000000;9,003111517000036;48,698498863000054;0
18132;08200914135010108680;08;4;25;014;2020;09;15;2;3;5;2;0;1;1;0;0;0;0;572750,126899999570000;5370283,960100000700000;9,984462358000030;48,481470964000039;0
18133;08200913111500102500;08;1;11;000;2020;09;11;1;3;5;3;0;1;1;0;0;0;0;515525,074000000020000;5405782,600999999800000;9,211433058000068;48,804839164000043;0
18140;08200909231000118110;08;2;36;044;2020;09;15;4;1;2;2;0;1;1;0;0;0;0;482836,482200000440000;5403101,936499999800000;8,766365465000035;48,780681176000030;0
18145;08200913435200102610;08;4;35;036;2020;09;11;1;3;0;1;0;1;0;0;0;0;0;520563,342899999580000;5282466,773800000500000;9,274054670000055;47,695258739000053;0
18147;08200915121600112100;08;1;25;110;2020;09;18;3;3;5;3;1;1;1;0;0;0;0;527499,602900000290000;5440991,047499999400000;9,376888110000039;49,121141616000045;0
18149;08200909222400130020;08;2;26;105;2020;09;16;4;3;0;1;0;1;0;0;0;0;0;471518,599899999800000;5478469,280999999500000;8,606985768000072;49,458211839000057;0
18150;08200909222400092320;08;2;22;000;2020;09;07;4;3;6;2;0;0;1;1;0;0;0;466577,817400000060000;5477908,114399999400000;8,538857527000062;49,452912612000034;0
18154;08200909221011097130;08;2;21;000;2020;09;16;4;3;6;4;0;0;0;1;0;0;1;477691,025500000450000;5472888,633500000500000;8,692471448000049;49,408273034000047;0
18162;08200909211021093630;08;2;11;000;2020;09;18;4;3;5;3;0;1;1;0;0;0;0;443256,306900000200000;5402277,266000000800000;8,227736309000022;48,770911910000052;0
18164;08200909128300095740;08;1;28;131;2020;09;12;4;3;0;1;0;1;0;0;0;0;0;536623,586299999620000;5512902,977900000300000;9,508576377000054;49,767482700000073;0
18166;08200909127202119400;08;1;27;032;2020;09;08;4;3;3;6;0;1;1;0;0;0;0;565808,580099999900000;5454105,935100000400000;9,904018601000075;49,236192304000042;0
18171;08200915118300143290;08;1;18;046;2020;09;22;3;3;0;7;2;1;0;0;0;0;0;513635,241600000300000;5413705,637000000100000;9,185959603000072;48,876157697000053;0
18178;08200909121200157590;08;1;21;000;2020;09;13;4;3;5;3;0;1;1;0;0;0;0;515933,967299999670000;5444978,576799999900000;9,218537824000066;49,157419395000034;0
18180;08200909119300141520;08;1;19;076;2020;09;18;4;3;5;2;0;1;1;0;0;0;0;541387,007500000300000;5406421,145999999700000;9,563693992000026;48,809399123000048;0
18191;08200909117200105730;08;1;17;024;2020;09;10;4;3;6;4;0;0;1;1;0;0;0;561527,170699999670000;5385195,551999999200000;9,834813983000061;48,616804953000042;0
18192;08200909116500139190;08;1;16;011;2020;09;11;4;3;4;6;0;1;0;0;0;0;0;529189,486499999650000;5379995,900200000000000;9,395700793000060;48,572373316000039;0
18199;08200914111500107160;08;1;11;000;2020;09;17;2;3;6;2;0;0;1;1;0;0;0;512416,683000000190000;5406898,600999999800000;9,169134446000044;48,814948434000030;0
18205;08200908437100146130;08;4;37;088;2020;09;11;3;2;5;3;0;1;1;0;0;0;0;521870,940799999980000;5307989,204500000900000;9,292769016000023;47,924850531000061;0
18208;08200908436400365680;08;4;36;013;2020;09;12;3;3;0;1;0;1;0;0;0;0;0;545431,957200000060000;5296459,067700000500000;9,606935598000064;47,819878182000082;0
18209;08200908435200091060;08;4;35;036;2020;09;12;3;2;0;1;0;1;0;0;0;0;0;519981,220999999900000;5282351,563999999300000;9,266291343000034;47,694240397000044;0
18211;08200908435100093590;08;4;35;024;2020;09;15;3;3;4;6;0;1;0;0;0;0;0;529813,206899999640000;5279876,067299999300000;9,397151206000046;47,671588306000046;0
18214;08200914421300121030;08;4;21;000;2020;09;10;2;3;3;2;0;1;1;0;0;0;0;571829,452499999660000;5361346,926300000400000;9,970472865000033;48,401186445000064;0
18219;08200912435200129040;08;4;35;036;2020;09;06;7;3;5;3;0;1;1;0;0;0;0;519977,254999999890000;5282336,732999999100000;9,266237810000064;47,694107077000069;0
18222;08200908335100106270;08;3;35;043;2020;09;18;3;3;0;1;0;1;0;0;0;0;0;514863,590800000350000;5280248,445599999300000;9,198017137000022;47,675455321000072;0
18239;08200908311400100970;08;3;15;074;2020;09;05;3;3;2;3;2;1;1;0;0;0;0;395948,669200000350000;5296369,696799999100000;7,610147715000039;47,812264293000055;0
18243;08200913317100117010;08;3;17;110;2020;09;11;1;2;6;2;0;0;1;1;0;0;0;427262,089700000360000;5382126,199500000100000;8,013635751000038;48,587993493000056;0
18244;08200915335400110270;08;3;35;098;2020;09;15;3;3;8;1;0;1;0;0;0;0;0;501825,473899999630000;5294490,100299999100000;9,024379324000051;47,803764270000045;0
18250;08200915119300144110;08;1;19;067;2020;09;19;3;2;5;3;2;1;1;0;0;0;0;539747,555300000120000;5405984,549699999400000;9,541323323000029;48,805578740000044;0
18254;08200908311010094500;08;3;11;000;2020;09;12;3;3;7;7;0;1;0;0;0;0;0;414810,068300000390000;5319254,736400000800000;7,857505548000063;48,020901061000075;0
18256;08200908311010089770;08;3;11;000;2020;09;09;3;3;3;2;0;1;1;0;0;0;0;414603,514000000430000;5317484,844000000500000;7,855088518000059;48,004952648000028;0
18259;08200908231202184120;08;2;36;070;2020;09;06;3;3;3;6;0;1;0;0;0;0;1;468957,490899999630000;5416558,209599999700000;8,576425493000045;48,901190923000058;0
18270;08200919436000150830;08;4;35;057;2020;09;13;7;3;5;3;0;1;1;0;0;0;0;543262,369400000200000;5279327,053600000200000;9,576249500000074;47,665888711000036;0
18271;08200919435100150750;08;4;35;016;2020;09;18;7;3;5;3;0;1;0;0;0;0;1;529952,267099999820000;5279802,290200000600000;9,398998565000056;47,670918071000074;0
18273;08200919426100123150;08;4;26;021;2020;09;16;7;3;0;1;0;1;0;0;0;0;0;558356,792999999600000;5327803,213999999700000;9,783840863000023;48,100820369000076;0
18279;08200919335400129440;08;3;35;079;2020;09;15;7;3;8;1;0;1;0;0;0;0;0;500599,799999999810000;5296593,424000000600000;9,008013280000057;47,822691195000061;0
18280;08200919335200122250;08;3;35;063;2020;09;18;7;3;8;1;0;1;0;0;0;0;0;501110,920800000430000;5287533,856000000600000;9,014818629000047;47,741176777000078;0
18281;08200919335010154220;08;3;35;075;2020;09;19;7;2;9;1;1;1;0;0;0;0;0;487864,312500000000000;5289151,521099999500000;8,838076642000033;47,755618589000051;0
18282;08200919327100289310;08;3;27;030;2020;09;23;7;3;3;6;2;1;1;0;0;0;0;491752,598600000140000;5324298,791999999400000;8,889284399000076;48,071910819000038;0
18293;08200919311010142000;08;3;15;064;2020;09;17;7;3;0;1;0;1;0;0;0;0;0;420132,114699999800000;5315294,263100000100000;7,929604342000062;47,985961781000071;0
18305;08200919215102136770;08;2;15;109;2020;09;11;7;3;0;2;0;1;1;0;0;0;0;462268,765900000000000;5438306,939899999600000;8,483141161000049;49,096454952000045;0
18306;08200919215102133370;08;2;15;102;2020;09;01;7;3;0;1;2;1;0;0;0;0;0;455550,984100000000000;5436538,104100000100000;8,391317626000046;49,080095644000039;0
18309;08200919128100139250;08;1;28;020;2020;09;21;7;2;3;6;2;1;0;0;0;0;0;575597,561999999920000;5476742,510999999900000;10,042761642000073;49,438646221000056;0
18326;08200919116400177990;08;1;16;079;2020;09;10;7;3;5;3;0;1;1;0;0;0;0;534088,094999999740000;5379006,661000000300000;9,462024528000029;48,563226770000028;0
18327;08200919116100169150;08;1;16;058;2020;09;13;7;3;0;1;0;1;0;0;0;0;0;534105,825400000440000;5396158,409099999800000;9,463676895000049;48,717520986000068;0
18333;08200918435200152740;08;4;35;034;2020;09;06;6;3;0;1;1;1;0;0;0;0;0;528862,754999999890000;5285390,754000000700000;9,384855180000045;47,721249617000069;0
18334;08200918435200120940;08;4;35;034;2020;09;14;6;3;5;2;0;1;0;0;1;0;0;529654,218299999830000;5285169,266499999900000;9,395393195000054;47,719220926000048;0
18335;08200918435100126880;08;4;35;029;2020;09;17;6;2;0;7;0;1;0;0;0;0;0;542791,020999999720000;5271477,913000000600000;9,569204165000031;47,595298809000042;0