OBJECTID;UIDENTSTLAE;ULAND;UREGBEZ;UKREIS;UGEMEINDE;UJAHR;UMONAT;USTUNDE;UWOCHENTAG;UKATEGORIE;UART;UTYP1;ULICHTVERH;IstRad;IstPKW;IstFuss;IstKrad;IstGkfz;IstSonstige;LINREFX;LINREFY;XGCSWGS84;YGCSWGS84;STRZUSTAND
18336;08200918425000151910;08;4;25;020;2020;09;15;6;3;3;1;0;1;0;0;0;0;1;560398,704499999990000;5357042,390399999900000;9,815433453000026;48,363663163000069;0
18337;08200918417300118010;08;4;17;013;2020;09;14;6;2;8;1;0;1;0;0;0;0;0;504175,251400000420000;5348458,421499999200000;9,056287323000049;48,289312229000075;0
18344;08200918336200150350;08;3;36;105;2020;09;11;6;3;5;3;0;1;1;0;0;0;0;400086,934299999850000;5267258,438899999500000;7,672071506000066;47,551056934000030;0
18347;08200918335300119690;08;3;35;075;2020;09;12;6;3;2;6;0;1;1;0;0;0;0;487819,521800000220000;5289812,807199999700000;8,837460483000029;47,761567687000081;0
18349;08200918317500151420;08;3;17;100;2020;09;07;6;3;0;3;0;1;0;0;0;0;0;423926,392300000410000;5366436,782900000000000;7,971270977000074;48,446472167000081;0
18353;08200918317100139550;08;3;17;001;2020;09;13;6;3;5;3;0;1;1;0;0;0;0;430625,209999999960000;5387906,389000000400000;8,058268310000074;48,640367915000070;0
18355;08200918317100130400;08;3;17;110;2020;09;15;6;3;9;1;0;1;0;0;0;0;0;429679,812199999580000;5380370,121099999200000;8,046713617000023;48,572473661000060;0
18356;08200918317000137650;08;3;17;098;2020;09;17;6;2;4;1;0;1;1;0;0;0;0;440659,102400000210000;5369981,758600000300000;8,197014999000032;48,480161411000040;0
18359;08200918311400139990;08;3;15;111;2020;09;17;6;3;0;1;0;1;0;0;0;0;0;402909,943699999710000;5299864,383800000000000;7,702323033000027;47,844787534000034;0
18362;08200918311010148100;08;3;15;020;2020;09;06;6;3;5;3;1;1;0;0;1;0;0;425372,752999999560000;5312590,027200000400000;8,000298042000054;47,962267839000049;0
18363;08200918311010121350;08;3;15;084;2020;09;15;6;3;2;6;0;0;1;1;0;0;0;420951,683000000190000;5309057,069399999500000;7,941732860000059;47,929955585000073;0
18364;08200918311010117320;08;3;36;091;2020;09;07;6;3;0;1;0;1;0;0;0;0;0;394999,557300000450000;5271708,075899999600000;7,603412296000045;47,590279580000072;0
18367;08200918231202139160;08;2;36;004;2020;09;16;6;3;5;3;0;1;1;0;0;0;0;469827,110999999570000;5413125,714999999900000;8,588544519000038;48,870356672000071;0
18371;08200918231000120070;08;2;31;000;2020;09;14;6;3;0;2;0;1;1;0;0;0;0;477467,799499999730000;5416239,342800000700000;8,692564022000056;48,898690548000047;0
18373;08200918225200176190;08;2;25;075;2020;09;05;6;2;6;6;2;0;1;1;0;0;0;533788,117200000210000;5473051,166099999100000;9,465777459000037;49,409205852000071;0
18378;08200918216200124230;08;2;16;063;2020;09;12;6;3;2;2;0;1;0;0;0;0;0;429839,263799999840000;5399630,661800000800000;8,045609667000065;48,745738286000062;0
18379;08200918216200119000;08;2;16;063;2020;09;11;6;2;5;2;0;1;1;0;0;0;0;429337,516999999990000;5399905,495999999300000;8,038738296000076;48,748153626000033;0
18395;08200918127202134740;08;1;27;014;2020;09;18;6;3;0;7;0;1;0;0;0;0;0;570929,519799999890000;5444799,525200000000000;9,972712417000025;49,151918458000068;0
18397;08200918127010144920;08;1;27;014;2020;09;18;6;2;0;1;0;1;0;0;0;0;0;578025,150000000370000;5439395,577099999400000;10,068957993000026;49,102455532000079;0
18399;08200918126200154020;08;1;26;011;2020;09;08;6;3;1;7;0;1;1;0;0;0;0;531996,559399999680000;5447064,290300000500000;9,439000517000068;49,175553527000034;0
18404;08200918119010154340;08;1;19;067;2020;09;12;6;2;0;2;0;1;1;0;0;0;0;540263,741299999880000;5405106,937599999800000;9,548266888000057;48,797650940000040;0
18405;08200918118400118320;08;1;18;048;2020;09;09;6;3;5;3;0;1;1;0;0;0;0;515966,478299999610000;5414233,714700000400000;9,217773780000073;48,880852493000077;0
18409;08200918117010151940;08;1;17;030;2020;09;11;6;2;5;3;0;1;1;0;0;0;0;547988,639000000430000;5389832,380999999100000;9,651671440000030;48,659701001000030;0
18415;08200918116010123930;08;1;16;019;2020;09;16;6;2;4;2;0;1;1;0;0;0;0;524952,893500000240000;5397813,576500000400000;9,339343443000075;48,732844239000030;0
18416;08200918115400291400;08;1;15;001;2020;09;13;6;3;4;6;0;1;0;0;0;0;0;493490,590499999930000;5391735,032600000500000;8,911571283000058;48,678626906000034;0
18417;08200918115100121150;08;1;15;003;2020;09;18;6;3;5;3;0;1;1;0;0;0;0;496460,008100000210000;5393197,350199999300000;8,951897538000026;48,691805972000054;0
18419;08200918111500148640;08;1;11;000;2020;09;08;6;3;3;6;0;1;0;0;0;1;0;509588,732699999590000;5398622,148499999200000;9,130420484000069;48,740544032000059;0
18422;08200918111110120120;08;1;11;000;2020;09;13;6;3;5;3;0;1;0;0;0;0;0;513428,464999999850000;5402566,392000000900000;9,182774783000070;48,775955308000050;0
18424;08200917436100145700;08;4;36;055;2020;09;21;5;3;8;1;2;0;1;1;0;0;0;576611,945799999870000;5298075,801699999700000;10,023707229000024;47,831464732000029;0
18427;08200917426200114530;08;4;26;014;2020;09;06;5;2;5;3;0;1;1;0;0;0;0;548658,887000000100000;5317495,039000000800000;9,652416866000067;48,008897351000030;0
18434;08200917335300131190;08;3;35;075;2020;09;07;5;3;5;3;0;1;1;0;0;0;0;488438,261800000440000;5290156,711400000400000;8,845707932000039;47,764673370000025;0
18435;08200917335000117560;08;3;35;063;2020;09;19;5;2;4;6;1;1;0;0;0;0;0;495335,643699999900000;5286636,594100000300000;8,937791550000043;47,733087669000042;0
18436;08200917326400149850;08;3;26;041;2020;09;11;5;3;6;7;0;0;0;1;0;0;1;464902,221599999820000;5331113,623999999800000;8,528284043000042;48,132309360000079;0
18444;08200917316100133930;08;3;16;037;2020;09;15;5;1;0;1;0;1;0;0;0;0;0;406702,647699999620000;5337087,160700000800000;7,744902587000070;48,180168872000081;0
18446;08200917311010145580;08;3;11;000;2020;09;16;5;3;5;3;0;1;1;0;0;0;0;413497,281999999660000;5316419,852000000000000;7,840475103000074;47,995223922000037;0
18448;08200917311010136480;08;3;15;056;2020;09;18;5;2;2;6;0;1;0;0;0;0;1;414895,881599999960000;5310596,188699999800000;7,860371980000025;47,943025131000070;0
18451;08200917235100157250;08;2;35;008;2020;09;06;5;2;4;2;1;1;1;0;0;0;0;480254,753100000320000;5402098,390499999700000;8,731270825000024;48,771576815000060;0
18455;08200917212102137560;08;2;15;101;2020;09;16;5;3;5;2;0;1;1;0;0;0;0;465648,959999999960000;5428339,520999999700000;8,530288244000076;49,006993731000080;0
18467;08200917119200128640;08;1;19;020;2020;09;09;5;3;0;1;0;1;0;0;0;0;0;519001,416899999600000;5407195,567900000100000;9,258841679000057;48,817453402000069;0
18470;08200917115400147550;08;1;15;054;2020;09;08;5;3;4;2;0;1;1;0;0;0;0;492192,676799999550000;5395942,866599999400000;8,893859924000026;48,716466015000037;0
18473;08200917111320169630;08;1;11;000;2020;09;17;5;3;3;6;0;1;1;0;0;0;0;516484,605100000280000;5405772,102099999800000;9,224500208000052;48,804720008000061;0
18476;08200916436300111450;08;4;36;018;2020;09;09;4;2;5;3;0;1;0;0;1;0;0;552330,572999999860000;5285860,819000000100000;9,697812310000074;47,724002821000056;0
18478;08200916435200161790;08;4;35;034;2020;09;12;4;3;6;4;0;0;1;1;0;0;0;529431,075199999850000;5285438,166300000600000;9,392436168000074;47,721650542000077;0
18479;08200916435200129180;08;4;35;034;2020;09;14;4;2;0;7;0;1;0;0;0;0;0;525956,459999999960000;5282344,134999999800000;9,345922068000050;47,693961128000069;0
18480;08200916435100186220;08;4;35;016;2020;09;06;4;3;5;3;0;1;1;0;0;0;0;537036,394999999550000;5281757,497800000000000;9,493529890000048;47,688142816000038;0
18482;08200916435100147410;08;4;35;016;2020;09;15;4;3;1;1;0;1;1;0;0;0;0;536560,698499999940000;5278109,695900000600000;9,486885840000070;47,655349249000039;0
18486;08200916415400147040;08;4;15;061;2020;09;07;4;3;5;3;0;1;1;0;0;0;0;516344,491000000390000;5373322,146999999900000;9,221310454000047;48,512801180000054;0
18487;08200916336400156830;08;3;36;091;2020;09;18;4;3;9;2;0;1;0;0;0;0;0;395522,403900000270000;5271897,400000000400000;7,610319358000027;47,592067033000035;1
18489;08200916336400110930;08;3;36;091;2020;09;10;4;3;6;2;0;0;0;1;0;0;1;394410,908099999650000;5271776,423000000400000;7,595568770000057;47,590798791000054;0
18492;08200916335200112840;08;3;35;063;2020;09;20;4;3;0;1;2;1;0;0;0;0;0;496673,144000000320000;5287500,783800000300000;8,955623158000037;47,740871584000047;0
18493;08200916317010135210;08;3;17;100;2020;09;05;4;2;0;1;2;1;0;0;0;0;0;423402,618499999870000;5366378,049000000600000;7,964200027000061;48,445880327000054;0
18495;08200916311010126890;08;3;11;000;2020;09;17;4;3;0;7;0;1;0;0;0;0;0;414815,877199999990000;5319286,531899999800000;7,857577116000073;48,021187848000068;0
18501;08200916222700127620;08;2;22;000;2020;09;08;4;3;4;6;0;1;0;0;0;0;1;460869,054700000210000;5481267,630000000800000;8,459762127000033;49,482788864000042;0
18505;08200916221011148520;08;2;21;000;2020;09;18;4;3;5;2;0;1;1;0;0;0;0;476757,506799999620000;5472136,543500000600000;8,679647143000068;49,401473163000048;0
18507;08200916215502140450;08;2;15;106;2020;09;13;4;3;4;6;0;1;0;0;1;0;0;464782,282100000420000;5455624,952500000600000;8,516054847000021;49,252379896000036;0
18511;08200916211000114410;08;2;16;017;2020;09;18;4;2;5;2;0;1;1;0;0;0;0;449101,002999999560000;5401805,222799999600000;8,307332759000076;48,767171260000055;0
18512;08200916136300145520;08;1;36;027;2020;09;13;4;3;5;3;0;1;1;0;0;0;0;556116,604700000030000;5419799,261900000300000;9,766130974000021;48,928579996000053;0
18514;08200916135010113650;08;1;35;019;2020;09;11;4;2;5;2;0;1;1;0;0;0;0;585240,610500000420000;5392450,062200000500000;10,157997358000046;48,679273120000062;0
18516;08200916121500128990;08;1;25;068;2020;09;13;4;2;0;1;0;1;0;0;0;0;0;518725,119900000280000;5458565,177300000600000;9,257452730000068;49,279554571000062;0
18517;08200916121500114550;08;1;25;103;2020;09;06;4;3;6;7;1;0;1;1;0;0;0;530642,387299999590000;5462931,957000000400000;9,421635112000047;49,318352108000056;0
18518;08200916121200173660;08;1;21;000;2020;09;16;4;3;5;3;0;1;1;0;0;0;0;515505,942999999970000;5446347,460999999200000;9,212720157000035;49,169743877000030;0
18525;08200916118300149980;08;1;18;003;2020;09;19;4;3;5;3;0;1;0;0;0;0;1;509460,998999999840000;5416503,901000000500000;9,129095585000073;48,901407985000048;0
18526;08200916118100132470;08;1;18;040;2020;09;17;4;3;5;2;0;1;1;0;0;0;0;510908,333999999800000;5431256,699999999300000;9,149239974000068;49,034095007000076;0
18527;08200924335000173400;08;3;35;063;2020;09;14;5;2;0;1;0;1;0;0;0;1;0;496771,468999999580000;5287713,926999999200000;8,956933131000028;47,742789859000027;0
18528;08200922311010148440;08;3;11;000;2020;09;15;3;3;0;7;0;1;0;0;0;0;0;412568,082999999630000;5314117,063999999300000;7,828491229000065;47,974383201000080;0
18530;08200921231000125580;08;2;37;028;2020;09;07;2;3;0;2;0;1;1;0;0;0;0;457683,336900000460000;5368191,639900000800000;8,427549142000032;48,465434093000056;0
18531;08200924121200140120;08;1;21;000;2020;09;20;5;3;1;7;2;0;1;1;0;0;0;516501,128999999720000;5442040,994999999200000;9,226196203000029;49,130979923000041;1
18532;08200922121200132220;08;1;21;000;2020;09;10;3;3;6;7;0;0;1;1;0;0;0;515924,070500000380000;5442434,031700000200000;9,218301514000075;49,134530648000066;0
18533;08200923222800155890;08;2;22;000;2020;09;17;4;3;5;3;0;1;1;0;0;0;0;463005,774000000210000;5486364,550799999400000;8,488782732000061;49,528766950000033;0
18536;08200922435100142240;08;4;35;029;2020;09;13;3;3;0;1;0;1;0;0;0;0;0;543279,673100000250000;5271578,376700000800000;9,575713771000039;47,596170282000060;0
18541;08200923421300150780;08;4;25;039;2020;09;07;4;3;1;5;0;0;1;1;0;0;0;565958,690000000410000;5353193,346999999100000;9,889885911000022;48,328482356000052;0
18544;08200922118500148610;08;1;18;014;2020;09;15;3;3;3;6;0;1;1;0;0;0;0;521896,155100000090000;5421640,088300000900000;9,299047642000062;48,947296382000047;0
18552;08200923335000187050;08;3;35;075;2020;09;18;4;2;6;4;0;0;1;1;0;0;0;488298,840200000440000;5288055,684200000000000;8,843903897000075;47,745766779000064;0
18558;08200921226700127580;08;2;26;065;2020;09;08;2;2;4;2;0;1;1;0;0;0;0;475956,763199999930000;5456414,878200000200000;8,669558525000070;49,260026489000040;0
18562;08200924435100156600;08;4;35;016;2020;09;23;5;3;0;1;2;1;0;0;0;0;0;533929,769999999550000;5279523,527100000500000;9,451960211000028;47,668213440000045;1
18565;08200924212010159160;08;2;12;000;2020;09;16;5;3;4;6;0;1;0;0;0;0;0;461758,745600000020000;5430086,787200000100000;8,476931502000070;49,022481974000073;0
18568;08200923317000163470;08;3;17;065;2020;09;07;4;2;6;4;1;0;1;1;0;0;0;420882,173299999910000;5353140,163599999600000;7,932616095000071;48,326493585000037;0
18569;08200922111500131690;08;1;11;000;2020;09;07;3;3;5;3;0;1;1;0;0;0;0;515526,013199999930000;5405781,421599999100000;9,211445804000050;48,804828531000055;0
18575;08200922121500162630;08;1;25;065;2020;09;06;3;3;5;3;0;1;0;0;0;0;0;515800,485000000340000;5448528,762000000100000;9,216846543000031;49,189357757000039;0
18578;08200923311010147640;08;3;36;105;2020;09;16;4;2;5;3;0;1;1;0;0;0;0;403957,233000000010000;5266559,179999999700000;7,723650349000025;47,545350613000039;0
18581;08200924326100178600;08;3;26;012;2020;09;13;5;3;0;1;0;1;1;0;0;0;0;461987,843000000340000;5310818,495999999300000;8,490918392000026;47,949551408000048;0
18582;08200922311010133140;08;3;11;000;2020;09;16;3;3;3;2;0;1;1;0;0;0;0;412831,481399999930000;5314709,791699999900000;7,831899495000073;47,979750933000048;0
18592;08200924231000137490;08;2;36;004;2020;09;05;5;3;5;3;2;1;1;0;0;0;0;469843,345999999900000;5413126,414000000800000;8,588765851000062;48,870363750000081;1
18593;08200922221200174060;08;2;21;000;2020;09;23;3;3;0;7;2;1;0;0;0;0;0;478720,031999999660000;5472903,646999999900000;8,706655267000031;49,408444933000055;0
18600;08200923436000181150;08;4;36;064;2020;09;17;4;1;5;3;0;1;1;0;0;0;0;538935,480999999680000;5292971,899000000200000;9,519838601000060;47,788929721000045;0
18607;08200922212010165820;08;2;15;009;2020;09;14;3;3;6;2;0;0;1;1;0;0;0;469908,651700000280000;5441674,207800000900000;8,587541408000050;49,127165356000035;0
18608;08200920435200143470;08;4;37;124;2020;09;08;1;3;0;7;0;1;0;0;0;0;0;516573,970300000160000;5301252,914300000300000;9,221604537000076;47,864401075000046;0
18610;08200922111500134770;08;1;11;000;2020;09;07;3;3;5;3;0;1;1;0;0;0;0;517834,183699999940000;5404421,161499999500000;9,242820990000041;48,792529887000057;0
18613;08200922116010165690;08;1;16;078;2020;09;09;3;3;6;4;0;0;1;1;0;0;0;510203,907800000160000;5393404,184800000900000;9,138658654000039;48,693593280000073;0
18616;08200922335300181410;08;3;35;075;2020;09;23;3;3;8;1;2;1;0;0;0;0;0;488711,440000000410000;5287914,416999999400000;8,849411717000066;47,744503073000033;0
18618;08200924211000170590;08;2;16;005;2020;09;12;5;2;5;3;0;1;0;0;0;0;0;444922,879399999980000;5417374,141699999600000;8,248386645000039;48,906859500000053;0
18620;08200920421300123280;08;4;21;000;2020;09;14;1;3;0;1;0;1;0;0;0;0;0;571354,171699999830000;5356863,917500000400000;9,963291156000025;48,360914353000055;0
18624;08200924335200169640;08;3;35;063;2020;09;20;5;3;6;2;2;0;0;1;1;0;0;496859,442499999890000;5287875,823799999400000;8,958105481000075;47,744246974000077;1
18628;08200924417010150820;08;4;17;002;2020;09;05;5;2;5;3;2;1;1;0;0;0;0;489012,906000000420000;5345763,353000000100000;8,851951279000048;48,264983841000060;0
18629;08200922317300151970;08;3;17;026;2020;09;13;3;3;5;3;0;1;1;0;0;0;0;411972,881099999880000;5346503,721300000300000;7,813829415000043;48,265622130000054;0
18639;08200922311010131660;08;3;15;073;2020;09;07;3;3;4;6;0;1;0;0;0;0;0;412747,853000000120000;5312491,242000000600000;7,831229508000035;47,959782880000034;0
18642;08200924115400168710;08;1;15;045;2020;09;06;5;3;5;3;2;1;0;0;0;0;1;497750,487900000070000;5396158,539899999300000;8,969416821000039;48,718451052000034;1
18647;08200922121200164950;08;1;21;000;2020;09;21;3;3;6;2;2;0;1;1;0;0;0;516232,718299999830000;5441270,877100000200000;9,222485882000058;49,124059593000027;0
18648;08200921311010173410;08;3;15;109;2020;09;19;2;3;0;6;1;1;1;0;0;0;0;425264,359799999740000;5317341,992000000600000;7,998019215000056;48,005003091000049;0
18656;08200923435100178250;08;4;35;016;2020;09;14;4;3;3;6;0;1;0;0;0;0;1;533165,414400000130000;5278484,012099999900000;9,441700051000055;47,658900109000058;0
18658;08200921311010149540;08;3;11;000;2020;09;14;2;3;3;6;0;1;0;0;0;0;0;413255,848699999970000;5315842,386299999400000;7,837356207000028;47,989996710000071;0
18662;08200920317500138800;08;3;17;096;2020;09;11;1;3;5;2;0;1;1;0;0;0;0;420475,233000000010000;5368148,949999999300000;7,924284659000023;48,461446310000042;0
18663;08200925115200179820;08;1;15;021;2020;09;19;6;3;6;4;2;0;1;1;0;0;0;490054,357599999760000;5382300,479599999300000;8,865117471000076;48,593706847000078;1
18664;08200922421300132410;08;4;21;000;2020;09;19;3;3;6;2;1;0;1;1;0;0;0;570093,876699999910000;5362006,443099999800000;9,947137384000030;48,407314388000032;0
18674;08200922335100292450;08;3;35;002;2020;09;18;3;3;4;2;0;1;1;0;0;0;0;505619,884600000460000;5289967,016100000600000;9,074995341000033;47,763045779000038;0
18676;08200921215302279900;08;2;15;025;2020;09;09;2;3;3;6;0;1;0;0;0;1;0;474977,901700000280000;5434923,028300000400000;8,657441752000068;49,066663761000029;0
18686;08200922111500132740;08;1;11;000;2020;09;11;3;3;5;3;0;1;0;0;1;0;0;511392,290199999700000;5396820,571599999400000;9,154901566000035;48,724306666000075;0
18687;08200923118010167170;08;1;15;045;2020;09;22;4;2;0;1;2;1;0;0;0;0;0;501289,780100000090000;5394840,242100000400000;9,017531050000059;48,706594281000037;0
18689;08200922316100162760;08;3;16;017;2020;09;08;3;3;5;3;0;1;1;0;0;0;0;408984,127299999820000;5340501,489900000400000;7,774855123000066;48,211211123000055;0
18695;08200921235100131960;08;2;35;079;2020;09;12;2;3;6;4;0;0;0;1;0;0;1;469162,326999999580000;5402600,319000000100000;8,580270781000024;48,775641169000039;0
18698;08200924335000173090;08;3;35;043;2020;09;20;5;2;6;4;2;0;1;1;0;0;0;513024,140599999580000;5280531,837400000500000;9,173520017000044;47,678044857000032;1
18699;08200922311010136300;08;3;15;098;2020;09;15;3;3;4;6;0;1;0;0;0;0;0;408302,859799999740000;5313097,004799999300000;7,771572022000044;47,964610563000065;0
18701;08200921215202128350;08;2;15;039;2020;09;07;2;3;0;7;0;1;0;0;0;0;0;471393,381000000050000;5452654,023000000000000;8,607110967000040;49,226001113000052;0
18702;08200924118400168920;08;1;18;048;2020;09;15;5;3;5;2;0;1;1;0;0;0;0;516141,516999999990000;5417232,910000000100000;9,220279695000045;48,907827867000037;0
18703;08200922119400132280;08;1;19;091;2020;09;07;3;3;3;6;0;1;0;0;0;0;0;527042,688400000330000;5406855,728199999800000;9,368357319000040;48,814098305000073;0
18713;08200922116400165730;08;1;16;054;2020;09;17;3;2;0;1;0;1;0;0;0;0;0;533239,050400000070000;5381707,084899999200000;9,450732987000038;48,587565394000080;0
18714;08200921231402128160;08;2;31;000;2020;09;20;2;3;0;1;2;1;0;0;0;0;0;475762,070000000300000;5414470,145999999700000;8,669395885000029;48,882711103000076;0
18715;08200924317100159450;08;3;17;089;2020;09;07;5;2;0;7;1;1;0;0;0;0;0;430667,221800000410000;5376445,236300000900000;8,060751195000023;48,537278949000040;1
18716;08200922231000281130;08;2;36;025;2020;09;11;3;2;3;6;0;1;0;0;0;1;0;489781,799300000070000;5409188,335400000200000;8,860755129000040;48,835586621000061;0
18720;08200923136300169710;08;1;36;028;2020;09;19;4;3;0;7;1;1;0;0;0;0;0;568570,184500000440000;5404818,287900000800000;9,933621960000039;48,792577005000055;0
18725;08200922212702135840;08;2;15;046;2020;09;17;3;2;6;4;0;1;0;1;0;0;0;450729,745299999600000;5412276,798599999400000;8,328238782000028;48,861497195000027;0
18726;08200920212702163040;08;2;15;017;2020;09;14;1;3;0;7;0;1;1;0;0;0;0;457293,408999999990000;5420580,944000000100000;8,416855638000072;48,936682180000048;0
18732;08200920136300123780;08;1;36;028;2020;09;10;1;3;0;1;0;1;0;0;0;0;0;569868,239699999800000;5405746,600400000800000;9,951451104000057;48,800782392000031;0
18733;08200923127100136150;08;1;27;086;2020;09;06;4;3;0;1;2;1;0;0;0;0;0;553589,802299999630000;5444482,893500000200000;9,734900912000057;49,150828709000052;0
18737;08200924211100168270;08;2;11;000;2020;09;18;5;3;3;6;0;1;0;0;0;0;1;440852,628100000320000;5403797,087899999700000;8,194807676000039;48,784358994000058;0
18745;08200922311010171570;08;3;11;000;2020;09;18;3;3;3;6;0;1;0;0;0;0;0;414615,410099999980000;5317575,783199999500000;7,855229873000042;48,005772270000080;0
18751;08200922121600163300;08;1;25;008;2020;09;12;3;3;5;3;0;1;1;0;0;0;0;523129,684999999590000;5431834,514000000400000;9,316474707000054;49,038955333000047;0
18753;08200921416000129230;08;4;16;025;2020;09;18;2;3;5;3;0;1;1;0;0;0;0;503627,012099999930000;5361490,370100000900000;9,049008697000033;48,406559316000028;0
18754;08200923111500157410;08;1;11;000;2020;09;15;4;3;5;3;0;1;1;0;0;0;0;510813,410000000150000;5404610,447000000600000;9,147235198000033;48,794394419000071;0
18756;08200922311010131680;08;3;11;000;2020;09;22;3;3;0;7;2;1;0;0;0;0;0;415425,633799999950000;5315644,202500000600000;7,866471210000043;47,988504603000081;0
18758;08200921212010137610;08;2;12;000;2020;09;12;2;2;5;3;0;1;1;0;0;0;0;452804,473899999630000;5427425,775000000400000;8,354770644000041;48,997925945000077;0
18765;08200923226300168930;08;2;26;006;2020;09;08;4;2;5;3;0;1;1;0;0;0;0;484173,236499999650000;5467288,141000000800000;8,782050636000065;49,358100000000036;0
18772;08200923435200175730;08;4;35;066;2020;09;19;4;3;5;3;1;1;1;0;0;0;0;518213,825000000190000;5286902,971000000800000;9,242927605000034;47,735244177000027;0
18773;08200922118000166240;08;1;18;048;2020;09;08;3;2;6;2;0;0;1;1;0;0;0;511595,568599999880000;5415245,370799999700000;9,158186014000023;48,890050286000076;0
18774;08200923136300135690;08;1;36;079;2020;09;07;4;3;0;1;0;1;0;0;0;0;0;560286,658999999990000;5402485,667999999600000;9,820507869000039;48,772453334000033;0
18775;08200924436300140530;08;4;36;081;2020;09;14;5;3;5;2;0;1;1;0;0;0;0;561866,167999999600000;5282993,297000000300000;9,824546967000060;47,697360986000035;0
18783;08200922216100132100;08;2;16;043;2020;09;09;3;3;5;3;0;1;1;0;0;0;0;442429,534300000410000;5412424,450699999900000;8,215061459000026;48,862110510000036;0
18784;08200920118300184700;08;1;18;003;2020;09;17;1;3;6;4;0;1;0;1;0;0;0;510071,799899999980000;5416844,264000000400000;9,137438351000071;48,904460173000075;0
18789;08200922335300166290;08;3;35;075;2020;09;07;3;3;5;2;0;1;1;0;0;0;0;486963,254999999890000;5289708,934499999500000;8,826037401000065;47,760616340000070;0
18791;08200924136100167460;08;1;36;033;2020;09;07;5;3;5;3;0;1;1;0;0;0;0;580649,292000000370000;5416101,542999999600000;10,100277639000069;48,892611616000067;0
18795;08200921436200162840;08;4;36;064;2020;09;15;2;3;0;6;0;1;0;0;0;0;0;544675,010599999690000;5292186,345699999500000;9,596383814000035;47,781489463000071;0
18797;08200922111500134080;08;1;11;000;2020;09;15;3;3;6;4;0;0;1;1;0;0;0;513420,933600000110000;5405066,062300000300000;9,182753911000077;48,798442265000062;0
18798;08200923118400134110;08;1;18;048;2020;09;08;4;3;5;3;0;1;0;0;0;0;1;519432,296199999750000;5417059,333499999700000;9,265179504000059;48,906171913000037;0
18811;08200920116010149960;08;1;16;011;2020;09;16;1;3;8;1;0;1;0;0;0;0;0;531849,781999999660000;5379248,964999999900000;9,431706275000067;48,565524282000069;0
18813;08200929317500178880;08;3;17;096;2020;09;09;3;3;5;3;0;1;1;0;0;0;0;422066,924899999980000;5369805,538599999600000;7,945502605000058;48,476546410000026;1
18818;08200929316200160010;08;3;16;055;2020;09;17;3;3;1;5;0;1;1;0;0;0;0;427446,201399999670000;5332790,753399999800000;8,024643556000058;48,144227964000038;0
18824;08201001311100194380;08;3;15;043;2020;10;10;5;3;2;6;0;1;1;0;0;0;0;404182,814000000250000;5322246,481200000300000;7,714347658000065;48,046305819000054;0
18839;08200926118500173730;08;1;18;006;2020;09;14;7;3;6;7;0;0;1;1;0;0;0;517737,833599999550000;5421413,328700000400000;9,242245914000023;48,945389790000036;1
18846;08200926118200166460;08;1;18;011;2020;09;16;7;3;2;6;0;1;0;0;0;0;1;505033,370299999600000;5407751,390200000300000;9,068572890000041;48,822723722000035;1
18853;08201001212402194190;08;2;12;000;2020;10;19;5;3;6;6;2;1;0;1;0;0;0;455714,656800000000000;5427993,480299999900000;8,394492640000067;49,003248144000054;0
18854;08200929128200156810;08;1;28;115;2020;09;10;3;3;5;3;0;1;1;0;0;0;0;548267,061400000010000;5496880,255000000800000;9,668275150000056;49,622553225000047;0
18856;08200930335300182910;08;3;35;075;2020;09;09;4;3;5;3;0;1;1;0;0;0;0;488051,005800000390000;5288940,895600000400000;8,840573421000045;47,753726965000055;0
18857;08200929128100177110;08;1;28;082;2020;09;08;3;2;6;4;0;0;1;1;0;0;0;566762,372999999670000;5472089,089800000200000;9,920127489000038;49,397828858000025;0
18858;08200929127010165450;08;1;27;076;2020;09;05;3;1;6;2;2;0;0;1;0;0;1;552461,339499999770000;5439596,538200000300000;9,718791427000042;49,106974833000038;0
18866;08200930235100177840;08;2;35;047;2020;09;15;4;2;0;7;0;1;0;0;0;1;0;476671,634600000460000;5389172,633600000300000;8,683236763000025;48,655173616000070;0
18869;08200930311300169070;08;3;11;000;2020;09;21;4;3;0;1;2;1;0;0;0;0;0;413275,298700000160000;5315906,029500000200000;7,837603985000044;47,990571841000076;0
18886;08200929116200169880;08;1;16;077;2020;09;13;3;3;5;3;0;1;1;0;0;0;0;517532,979899999690000;5391267,490800000700000;9,238160441000048;48,674208601000032;0
18888;08200930436000178200;08;4;35;016;2020;09;06;4;2;4;2;1;1;1;0;0;0;0;530400,946800000030000;5279693,087400000500000;9,404967739000028;47,669914581000057;0
18889;08200929111500460470;08;1;11;000;2020;09;15;3;3;5;3;0;1;1;0;0;0;0;513304,527999999930000;5404339,580900000400000;9,181145284000024;48,791909419000035;0
18891;08201001317100195680;08;3;17;089;2020;10;06;5;3;5;3;1;1;1;0;0;0;0;431304,029799999670000;5376226,560200000200000;8,069412874000022;48,535381975000064;0
18892;08200929111500175380;08;1;11;000;2020;09;08;3;3;6;4;0;0;1;1;0;0;0;511551,401899999940000;5406468,304199999200000;9,157335913000054;48,811094228000059;1
18893;08200925436200171990;08;4;36;064;2020;09;12;6;3;4;2;0;1;1;0;0;0;0;544776,844499999660000;5292237,363800000400000;9,597748419000027;47,781941404000065;0
18896;08200929111500156060;08;1;11;000;2020;09;07;3;3;5;2;0;1;1;0;0;0;0;512619,183299999680000;5399777,416400000500000;9,171674174000032;48,750882772000068;1