OBJECTID;UIDENTSTLAE;ULAND;UREGBEZ;UKREIS;UGEMEINDE;UJAHR;UMONAT;USTUNDE;UWOCHENTAG;UKATEGORIE;UART;UTYP1;ULICHTVERH;IstRad;IstPKW;IstFuss;IstKrad;IstGkfz;IstSonstige;LINREFX;LINREFY;XGCSWGS84;YGCSWGS84;STRZUSTAND
18897;08200930136010168820;08;1;36;075;2020;09;12;4;2;5;3;0;1;1;0;0;0;0;598203,308100000020000;5420714,136800000400000;10,340809961000048;48,931560762000061;0
18900;08200925435100143790;08;4;35;016;2020;09;20;6;3;5;3;2;1;1;0;0;0;0;536055,238800000400000;5280311,525499999500000;9,480336496000064;47,675188353000067;1
18901;08201001226100192050;08;2;26;013;2020;10;19;5;3;0;7;2;1;0;0;0;0;1;499166,483000000010000;5478647,537000000500000;8,988497799000072;49,460482377000062;1
18902;08200928435100176480;08;4;35;029;2020;09;11;2;2;0;7;0;1;0;0;0;0;0;542318,511400000190000;5271516,969499999700000;9,562922947000061;47,595681231000071;0
18910;08200930121400180010;08;1;25;013;2020;09;06;4;3;5;3;2;1;1;0;0;0;0;504784,469999999740000;5435796,451999999600000;9,065511409000067;49,075010395000049;0
18911;08200928327200158220;08;3;27;051;2020;09;06;2;2;4;1;2;1;0;0;0;0;0;484124,781600000340000;5333595,072799999300000;8,786540714000068;48,155404670000053;0
18913;08200928317300151400;08;3;17;150;2020;09;11;2;3;5;3;0;1;1;0;0;0;0;409113,752799999900000;5353957,786800000800000;7,773706558000072;48,332265074000077;0
18917;08200925426010162830;08;4;21;000;2020;09;12;6;2;6;2;0;0;1;1;0;0;0;573127,854500000370000;5361719,648800000500000;9,988077556000064;48,404389876000039;1
18921;08200928235100179790;08;2;35;055;2020;09;16;2;3;4;2;0;1;1;0;0;0;0;475643,882600000130000;5396615,664699999600000;8,668842954000070;48,722091566000074;0
18922;08201001436200200280;08;4;36;064;2020;10;07;5;3;5;3;0;1;1;0;0;0;0;545608,798299999910000;5292252,882300000600000;9,608855574000074;47,782022653000070;0
18935;08200928226400176920;08;2;26;037;2020;09;15;2;3;2;6;0;1;1;0;0;0;0;465244,168600000440000;5468304,814700000000000;8,521297829000048;49,366459365000026;0
18947;08200928216300175910;08;2;16;017;2020;09;15;2;3;2;6;0;1;1;0;0;0;0;458164,612099999560000;5395026,150100000200000;8,431357542000058;48,706864828000050;0
18950;08200930118300179380;08;1;18;081;2020;09;07;4;3;5;3;0;1;1;0;0;0;0;519840,620600000020000;5413492,772900000200000;9,270578393000051;48,874075299000026;0
18951;08200930226600181140;08;2;26;096;2020;09;16;4;3;6;7;0;0;1;1;0;0;0;476068,484500000250000;5489062,422199999900000;8,669126386000073;49,553689990000066;0
18952;08200928212702152760;08;2;15;017;2020;09;08;2;3;5;2;0;1;1;0;0;0;0;457147,077200000170000;5420681,974500000500000;8,414847012000053;48,937580856000068;0
18954;08200928212010177410;08;2;12;000;2020;09;15;2;3;5;3;0;1;1;0;0;0;0;452860,736100000330000;5429799,966700000700000;8,355264090000048;49,019286176000037;0
18960;08200928136010165380;08;1;36;088;2020;09;16;2;3;0;1;0;1;0;0;0;0;0;576961,809899999760000;5414515,982200000400000;10,049680759000069;48,878819612000029;0
18964;08200928128200156400;08;1;28;139;2020;09;18;2;3;5;2;0;1;1;0;0;0;0;551122,646999999880000;5491122,088999999700000;9,707059525000034;49,570529336000050;0
18970;08201001231202196910;08;2;36;043;2020;10;14;5;3;2;6;0;1;1;0;0;0;0;470705,409199999650000;5409881,565700000200000;8,600753346000033;48,841215640000030;0
18973;08200930435100161660;08;4;35;016;2020;09;12;4;3;3;1;0;1;1;0;0;0;0;537384,772499999960000;5278844,985799999900000;9,497922666000022;47,661917841000047;0
18984;08200928121200165830;08;1;21;000;2020;09;07;2;3;5;3;0;1;1;0;0;0;0;515853,321100000290000;5444612,398099999900000;9,217417335000050;49,154127593000055;0
18985;08200925231302172590;08;2;31;000;2020;09;23;6;3;0;7;2;1;0;0;0;0;0;477023,336400000380000;5415922,091900000300000;8,686517577000075;48,895820346000050;1
18989;08200928118600173300;08;1;18;050;2020;09;17;2;2;3;6;0;1;0;0;0;0;0;508203,218100000170000;5417061,938100000800000;9,111944380000068;48,906445882000071;0
18991;08200930337010176580;08;3;37;002;2020;09;14;4;3;5;3;0;1;1;0;0;0;0;434673,247000000440000;5270758,596999999100000;8,131163116000039;47,586948233000044;0
18993;08200928118000158770;08;1;15;028;2020;09;08;2;3;4;2;0;1;0;0;0;0;1;500917,494099999780000;5405250,544500000800000;9,012494035000032;48,800246051000045;0
18994;08200928117200172580;08;1;17;024;2020;09;14;2;3;5;3;0;1;1;0;0;0;0;560495,722000000070000;5386346,685599999500000;9,820988501000045;48,627260315000058;0
18995;08201002111500255420;08;1;11;000;2020;10;11;6;3;5;3;0;1;1;0;0;0;0;510748,523900000380000;5403422,983999999200000;9,146320651000053;48,783713224000053;0
19005;08200928111500162530;08;1;11;000;2020;09;16;2;3;6;7;0;0;0;1;0;0;1;512987,020600000400000;5406463,303600000200000;9,176889513000049;48,811020896000059;0
19010;08200925231000154260;08;2;37;061;2020;09;14;6;2;0;1;0;1;0;0;0;0;0;466539,816599999550000;5363374,986700000200000;8,547738193000043;48,422636018000048;0
19011;08200929335300172350;08;3;35;100;2020;09;19;3;2;0;1;1;1;0;0;0;0;0;488033,750000000000000;5286843,322000000600000;8,840400891000058;47,734853612000052;0
19018;08200927435200177530;08;4;35;020;2020;09;15;1;3;2;2;0;1;1;0;0;0;0;524487,110899999740000;5300752,599700000100000;9,327378425000063;47,859646664000081;0
19019;08200925222014170890;08;2;22;000;2020;09;07;6;3;0;7;1;1;0;0;0;0;0;461817,247899999840000;5481272,529699999800000;8,472851723000076;49,482893327000056;1
19022;08200925221300142800;08;2;21;000;2020;09;07;6;3;0;1;0;1;0;0;0;0;0;478541,115500000310000;5473592,090399999200000;8,704151722000063;49,414631096000051;0
19039;08200925212302172120;08;2;12;000;2020;09;19;6;3;5;2;2;1;1;0;0;0;0;455886,482800000350000;5430218,172700000900000;8,396600049000028;49,023271771000054;1
19045;08200927136300165560;08;1;36;065;2020;09;19;1;2;0;1;1;1;0;0;0;0;0;555135,133299999870000;5406317,217100000000000;9,750915775000067;48,807396578000066;0
19057;08200930116010163850;08;1;16;019;2020;09;21;4;3;5;3;2;1;1;0;0;0;0;524109,427000000140000;5397707,153999999200000;9,327866811000035;48,731920082000045;0
19059;08201001436500205840;08;4;36;052;2020;10;12;5;2;0;1;0;1;0;0;0;0;0;566705,370799999680000;5293580,132600000100000;9,890659087000074;47,792123942000046;0
19062;08200929326300178640;08;3;26;052;2020;09;15;3;3;5;3;0;1;1;0;0;0;0;450752,837600000200000;5330401,323000000800000;8,338209197000026;48,124963444000059;0
19069;08200930311100162800;08;3;15;013;2020;09;07;4;3;6;4;0;0;1;1;0;0;0;405103,229700000030000;5325690,680299999200000;7,725930045000041;48,077423437000050;0
19072;08200927115200159050;08;1;15;021;2020;09;03;1;3;6;6;2;0;1;1;0;0;0;490635,825899999590000;5383136,221100000700000;8,872984460000055;48,601234333000036;1
19074;08200926437200145850;08;4;37;105;2020;09;13;7;3;0;7;0;1;1;0;0;0;0;519422,266300000250000;5323441,764299999900000;9,260690265000051;48,063957688000073;0
19076;08200929317600172130;08;3;17;011;2020;09;06;3;3;5;3;2;1;1;0;0;0;0;428330,798600000330000;5353797,540599999900000;8,032978543000070;48,333295508000049;1
19085;08200926417100172340;08;4;17;079;2020;09;04;7;3;6;4;2;0;1;1;0;0;0;500013,701999999580000;5346814,323000000800000;9,000184666000052;48,274534470000049;1
19086;08200925121500172890;08;1;25;005;2020;09;17;6;2;5;3;0;1;1;0;0;0;0;515686,141999999990000;5454167,323000000800000;9,215497680000055;49,240080770000077;0
19089;08201001317000191600;08;3;17;040;2020;10;13;5;2;6;4;0;0;0;1;0;1;0;432812,637600000020000;5347667,594900000800000;8,094419286000061;48,278645560000029;0
19090;08200926335200181280;08;3;35;063;2020;09;13;7;2;5;3;0;1;1;0;0;0;0;496587,093999999580000;5288547,914000000800000;8,954467124000075;47,750292777000027;0
19092;08201001111500188410;08;1;11;000;2020;10;16;5;3;5;2;0;1;1;0;0;0;0;515526,269100000150000;5399207,922700000900000;9,211201090000031;48,745693935000077;1
19095;08200930128100180670;08;1;28;126;2020;09;18;4;3;8;1;2;1;0;0;0;0;0;565235,025700000110000;5480937,946499999600000;9,900536299000066;49,477579479000042;0
19098;08200925121400163670;08;1;25;074;2020;09;13;6;3;6;7;0;1;0;1;0;0;0;509793,466400000270000;5439453,794199999400000;9,134185638000076;49,107850527000039;1
19111;08201002119400190460;08;1;19;079;2020;10;15;6;3;1;1;0;1;1;0;0;0;0;522804,299100000410000;5409188,732400000100000;9,310755532000030;48,835255468000071;0
19113;08200925119400141320;08;1;19;091;2020;09;07;6;3;5;3;0;1;1;0;0;0;0;529341,724299999890000;5404546,869599999900000;9,399507471000050;48,793224174000045;0
19114;08201001212102207110;08;2;12;000;2020;10;16;5;3;0;7;0;1;0;0;0;0;0;459209,168899999930000;5428074,162499999600000;8,442262043000028;49,004214735000062;1
19116;08200925119200167560;08;1;19;020;2020;09;11;6;3;5;3;0;1;1;0;0;0;0;518931,884100000370000;5408826,252200000000000;9,257969778000074;48,832124834000069;0
19121;08201001436000208790;08;4;36;013;2020;10;13;5;3;6;4;0;0;1;1;0;0;0;544712,930700000380000;5297021,279799999700000;9,597388539000065;47,824986772000045;0
19126;08200925118500144460;08;1;18;006;2020;09;18;6;3;5;2;0;1;1;0;0;0;0;517734,964100000450000;5421630,014399999800000;9,242216159000066;48,947339095000075;1
19127;08200929317600156730;08;3;17;040;2020;09;09;3;2;6;4;0;0;1;1;0;0;0;432483,691899999980000;5347518,682099999900000;8,090009983000073;48,277271001000031;1
19133;08200930111500163950;08;1;11;000;2020;09;14;4;3;5;3;0;1;1;0;0;0;0;509279,915000000040000;5398326,879000000700000;9,126213482000026;48,737892463000037;0
19142;08201008212010231210;08;2;12;000;2020;10;17;5;3;2;6;0;1;1;0;0;0;0;455242,753800000060000;5429269,135299999300000;8,387900115000036;49,014688734000060;0
19150;08201006415300220290;08;4;15;059;2020;10;17;3;3;2;1;0;1;1;0;0;0;0;515330,012600000020000;5363543,370600000000000;9,207215661000021;48,424853072000076;1
19164;08201007136010197770;08;1;36;088;2020;10;19;4;2;2;6;2;1;0;0;0;0;1;582632,085500000040000;5414713,607799999400000;10,127042375000030;48,879867212000079;0
19167;08201006325302216800;08;3;25;053;2020;10;10;3;3;5;3;0;1;1;0;0;0;0;456886,195100000130000;5341347,473899999600000;8,419514980000031;48,223884985000041;1
19173;08201005127100194540;08;1;27;076;2020;10;07;2;3;5;3;2;1;1;0;0;0;0;556459,975999999790000;5439577,833000000600000;9,773570499000073;49,106452485000034;0
19182;08201006111140193860;08;1;11;000;2020;10;16;3;3;0;1;0;1;0;0;0;0;0;512410,410000000150000;5402286,578099999600000;9,168909661000043;48,773459262000074;1
19184;08201003317000191370;08;3;17;089;2020;10;21;7;2;2;6;2;1;0;0;0;0;0;430641,387799999680000;5378145,099500000500000;8,060118170000067;48,552566565000063;0
19187;08201003316100214960;08;3;16;039;2020;10;18;7;3;5;3;0;1;1;0;0;0;0;417951,360000000340000;5327261,958000000600000;7,898089597000023;48,093340691000037;0
19188;08201008111370222220;08;1;11;000;2020;10;05;5;3;0;1;1;1;0;0;0;0;0;512456,735999999570000;5406788,515000000600000;9,169676685000070;48,813957313000060;0
19189;08201005121500215930;08;1;25;096;2020;10;19;2;3;5;3;2;1;1;0;0;0;0;515121,217799999750000;5448920,522399999200000;9,207539057000076;49,192898870000079;1
19196;08201008226600199310;08;2;26;031;2020;10;07;5;3;3;2;0;1;1;0;0;0;0;474429,178000000310000;5493318,974999999600000;8,646185375000073;49,591908741000054;1
19202;08201009226300202560;08;2;26;056;2020;10;17;6;2;5;3;0;1;1;0;0;0;0;485610,092100000010000;5469822,207499999600000;8,801745714000049;49,380929500000036;1
19207;08201005117200192800;08;1;17;024;2020;10;13;2;3;0;7;0;1;0;0;0;0;0;562662,020100000310000;5386787,713300000900000;9,850450717000058;48,631014151000045;0
19210;08201009115100217620;08;1;15;046;2020;10;15;6;3;5;3;0;1;1;0;0;0;0;508566,202100000340000;5389802,813899999500000;9,116329664000034;48,661219607000078;0
19218;08201005111500203880;08;1;11;000;2020;10;16;2;2;6;4;0;0;0;1;0;0;1;517871,545699999670000;5406202,797100000100000;9,243407226000045;48,808556137000039;0
19221;08201006327100194200;08;3;27;050;2020;10;06;3;3;6;2;2;0;1;1;0;0;0;485477,889200000090000;5315043,223999999500000;8,805365019000021;47,988525628000048;0
19222;08201003216200217240;08;2;16;007;2020;10;17;7;2;0;2;0;1;1;0;0;0;0;435951,411299999800000;5398918,261099999800000;8,128852917000074;48,739988808000078;0
19238;08201006316200207710;08;3;16;009;2020;10;16;3;3;5;3;0;1;1;0;0;0;0;415185,549899999980000;5324824,435200000200000;7,861436361000074;48,071052347000034;0
19243;08201008117010204760;08;1;17;051;2020;10;07;5;2;6;7;0;0;1;1;0;0;0;543033,540900000370000;5394978,730499999600000;9,584922390000031;48,706356735000043;1
19247;08201004335100213550;08;3;35;043;2020;10;19;1;3;3;6;1;1;0;0;1;0;0;509980,900000000370000;5288098,975999999800000;9,133148513000037;47,746185217000061;0
19271;08201008311010229750;08;3;11;000;2020;10;14;5;3;0;3;0;1;1;0;0;0;0;416072,480999999680000;5315560,991000000400000;7,875155269000061;47,987841293000031;0
19277;08201009231000225140;08;2;31;000;2020;10;20;6;3;1;5;2;1;1;0;0;0;0;481361,879999999890000;5417548,284000000000000;8,745635646000039;48,910594761000027;1
19295;08201007211000253920;08;2;11;000;2020;10;07;4;3;5;3;0;1;0;0;0;0;1;441458,008000000380000;5403700,527899999200000;8,203061825000077;48,783547703000067;0
19300;08201002436100222790;08;4;36;004;2020;10;13;6;2;6;4;0;0;1;1;0;0;0;580789,779199999760000;5313782,827099999400000;10,082464396000034;47,972249702000056;0
19301;08201008436500245270;08;4;36;052;2020;10;18;5;3;0;1;0;1;0;0;0;0;0;565917,799999999810000;5293593,077999999700000;9,880146592000074;47,792321512000058;0
19303;08201002435201193320;08;4;35;059;2020;10;09;6;3;5;3;0;1;1;0;0;0;0;512668,127600000240000;5290680,481399999900000;9,169072107000034;47,769365201000028;0
19305;08201005136010193640;08;1;36;040;2020;10;19;2;2;6;4;2;0;1;1;0;0;0;564336,960500000040000;5411072,536299999800000;9,876972455000043;48,849285409000061;1
19307;08201004311010200770;08;3;11;000;2020;10;15;1;2;0;7;0;1;0;0;0;0;0;415053,180800000210000;5320028,704800000400000;7,860611854000069;48,027895566000041;0
19314;08201008337010235030;08;3;37;126;2020;10;13;5;3;5;3;0;1;1;0;0;0;0;444710,911000000310000;5275772,723700000000000;8,264017639000031;47,632994084000075;0
19329;08201006231000221180;08;2;31;000;2020;10;19;3;1;6;4;2;0;1;1;0;0;0;480755,651100000370000;5416838,327099999400000;8,737395675000073;48,904189681000048;0
19341;08201009311010213580;08;3;11;000;2020;10;14;6;3;5;3;0;1;1;0;0;0;0;404435,328800000250000;5317069,539500000000000;7,718889500000046;47,999777621000078;0
19343;08201004326300212890;08;3;26;060;2020;10;14;1;3;6;4;0;0;1;1;0;0;0;442797,904000000100000;5331003,883300000800000;8,231237987000043;48,129718953000065;0
19345;08201006222800216880;08;2;22;000;2020;10;22;3;3;5;7;2;1;1;0;0;0;0;463003,812099999750000;5486366,150900000700000;8,488755472000037;49,528781223000067;1
19355;08201004226600192090;08;2;26;096;2020;10;15;1;3;5;3;0;1;1;0;0;0;0;475276,209999999960000;5491001,565999999600000;8,658050934000073;49,571099930000059;0
19356;08201006435100204320;08;4;35;016;2020;10;12;3;3;5;3;0;1;1;0;0;0;0;537360,135999999940000;5278833,128000000500000;9,497593535000021;47,661812575000056;1
19359;08201006437100231520;08;4;37;100;2020;10;09;3;2;6;4;0;0;1;1;0;0;0;537282,092400000430000;5317837,571599999400000;9,499913868000022;48,012744071000043;0
19362;08201002317300189740;08;3;17;065;2020;10;11;6;3;5;2;0;1;1;0;0;0;0;416091,108900000340000;5354491,722699999800000;7,867723109000053;48,338032824000038;0
19366;08201007317200203460;08;3;17;057;2020;10;07;4;3;5;3;0;1;1;0;0;0;0;411895,002999999560000;5380958,757999999400000;7,805540556000040;48,575519896000060;1
19378;08201009327200291920;08;3;27;048;2020;10;06;6;3;3;6;2;1;1;0;0;0;0;473835,143799999730000;5319461,161399999600000;8,649054002000071;48,027903456000047;0
19382;08201002311010198700;08;3;11;000;2020;10;16;6;3;3;2;0;1;1;0;0;0;0;414587,014499999580000;5317879,992699999400000;7,854788660000054;48,008504955000035;0
19386;08201007231000206860;08;2;31;000;2020;10;16;4;3;0;7;0;1;0;0;0;0;0;478172,935800000090000;5411042,722699999800000;8,702462333000028;48,851968609000039;1
19389;08201009136300201960;08;1;36;042;2020;10;16;6;3;0;1;0;1;0;0;0;0;0;548852,260999999940000;5405447,693000000000000;9,665248828000074;48,800100580000048;0
19402;08201002226700209340;08;2;26;046;2020;10;15;6;3;5;3;0;1;1;0;0;0;0;475044,868099999610000;5454561,232599999800000;8,657141494000030;49,243316310000068;0
19403;08201004416010191300;08;4;15;059;2020;10;16;1;2;6;4;0;0;0;1;1;0;0;515739,377100000160000;5365729,227199999600000;9,212831115000029;48,444507906000069;0
19414;08201007111500222730;08;1;11;000;2020;10;18;4;2;5;3;2;1;1;0;0;0;0;508066,792999999600000;5397170,250000000000000;9,109691552000072;48,727504297000053;1
19429;08201009231101227270;08;2;36;068;2020;10;23;6;3;1;5;2;1;1;0;0;0;0;485336,793999999760000;5414213,229000000300000;8,800002738000046;48,880700408000052;0
19433;08201002222014202690;08;2;22;000;2020;10;21;6;2;5;3;2;1;1;0;0;0;0;462939,842600000090000;5482900,153699999700000;8,488196915000060;49,497602562000054;0
19447;08201002216300195980;08;2;16;017;2020;10;15;6;3;5;3;0;1;1;0;0;0;0;452069,974100000230000;5398906,711699999900000;8,348071116000028;48,741333680000025;0
19450;08201008437200225230;08;4;37;104;2020;10;18;5;2;0;7;1;1;0;0;0;0;0;516821,868099999610000;5326346,447100000500000;9,225901778000036;48,090164993000030;0
19459;08201009127202201490;08;1;27;073;2020;10;07;6;3;5;3;0;1;1;0;0;0;0;578649,594999999740000;5445773,669999999900000;10,078755442000045;49,159739403000060;1
19461;08201002136200209880;08;1;36;089;2020;10;15;6;2;0;1;0;1;0;0;0;0;0;585676,221599999820000;5418985,261900000300000;10,169449362000023;48,917872804000069;0
19473;08201007118600197050;08;1;18;050;2020;10;11;4;3;0;7;0;1;0;0;0;0;0;505674,271999999880000;5416940,003000000500000;9,077431720000050;48,905377318000035;1
19480;08201002127100193980;08;1;27;023;2020;10;05;6;3;5;3;2;1;1;0;0;0;0;552461,969700000250000;5426068,179300000900000;9,717048178000027;48,985289392000027;0
19492;08201008231000198640;08;2;37;004;2020;10;16;5;3;5;3;0;1;1;0;0;0;0;453500,651899999940000;5373154,999600000700000;8,370417606000046;48,509788539000056;0
19498;08201005116500202360;08;1;16;071;2020;10;10;2;2;5;3;0;1;1;0;0;0;0;527358,460199999620000;5391264,929099999400000;9,371622958000046;48,673832332000075;0
19500;08201004212702289500;08;2;15;110;2020;10;05;1;3;6;4;2;0;1;1;0;0;0;460650,878499999640000;5420024,905700000000000;8,462752249000062;48,931903096000042;0
19502;08201009111500202370;08;1;11;000;2020;10;14;6;3;5;2;0;1;1;0;0;0;0;512887,318300000390000;5402828,273299999500000;9,175417482000057;48,778322617000072;0
19508;08201014127202245990;08;1;27;014;2020;10;21;4;3;5;3;2;1;1;0;0;0;0;575346,886900000270000;5442348,917999999600000;10,032823075000067;49,129351706000080;1
19516;08201013115400226160;08;1;15;045;2020;10;05;3;3;5;3;2;1;1;0;0;0;0;499855,133700000120000;5394624,217000000200000;8,998031013000059;48,704652219000081;0
19517;08201014127202244770;08;1;27;046;2020;10;18;4;3;6;4;2;0;1;1;0;0;0;571946,180499999780000;5450869,650599999400000;9,987738472000046;49,206394880000062;1
19520;08201014127202241900;08;1;27;014;2020;10;10;4;2;6;2;0;0;1;1;0;0;0;577082,723600000140000;5442469,844699999300000;10,056636106000042;49,130224023000039;1
19527;08201013111500238410;08;1;11;000;2020;10;08;3;2;6;6;0;1;0;1;0;0;0;515592,358000000010000;5408546,894400000600000;9,212454440000045;48,829704624000044;0
19536;08201017435100254170;08;4;35;016;2020;10;18;7;3;0;1;0;1;1;0;0;0;0;536062,019199999980000;5280361,223799999800000;9,480430928000033;47,675635130000046;0
19538;08201017226700280820;08;2;26;041;2020;10;17;7;3;5;2;0;1;1;0;0;0;0;476258,902900000100000;5463978,811400000000000;8,673261553000032;49,328075944000034;0
19539;08201012436300290970;08;4;36;081;2020;10;18;2;3;5;2;0;1;1;0;0;0;0;558084,254099999550000;5277185,587200000900000;9,773374449000073;47,645460807000063;0
19542;08201016435100254870;08;4;35;016;2020;10;19;6;3;6;2;2;0;1;1;0;0;0;537780,767099999820000;5278775,035100000000000;9,503190608000068;47,661265459000049;1
19546;08201012435100211620;08;4;35;016;2020;10;17;2;3;6;4;0;1;0;1;0;0;0;536294,085599999870000;5278911,539200000500000;9,483402027000068;47,662578769000049;0
19547;08201015426300217980;08;4;26;097;2020;10;07;5;2;2;2;2;1;1;0;0;0;0;535046,766599999740000;5333779,412200000100000;9,471249865000061;48,156295350000050;1
19551;08201014317500215910;08;3;17;096;2020;10;18;4;3;5;3;1;1;1;0;0;0;0;421591,030600000170000;5369683,534800000500000;7,939087401000052;48,475389828000061;0
19556;08201014121500233330;08;1;25;005;2020;10;14;4;3;4;2;0;1;1;0;0;0;0;516408,430700000380000;5450939,592900000500000;9,225288433000060;49,211027777000027;0
19563;08201012335200207460;08;3;35;061;2020;10;14;2;3;5;3;0;1;1;0;0;0;0;492046,021499999800000;5278474,430800000200000;8,894066824000049;47,659615211000073;0
19568;08201014121200380960;08;1;21;000;2020;10;16;4;3;6;4;2;0;1;1;0;0;0;515947,988900000230000;5442381,114099999900000;9,218627313000070;49,134054016000050;0
19570;08201012326300240250;08;3;26;052;2020;10;15;2;3;2;7;0;1;1;0;0;0;0;450752,454800000410000;5330401,803600000200000;8,338203998000040;48,124967738000066;0
19576;08201012325202208450;08;3;25;072;2020;10;19;2;3;5;3;1;1;1;0;0;0;0;470660,820000000300000;5329004,153999999200000;8,605823045000022;48,113622509000038;0
19577;08201014121200279570;08;1;21;000;2020;10;07;4;3;5;3;1;1;1;0;0;0;0;516326,567800000310000;5444684,897099999700000;9,223910475000025;49,154767342000071;0
19585;08201014121200241740;08;1;21;000;2020;10;11;4;3;5;3;0;1;1;0;0;0;0;515965,143699999900000;5446234,484099999100000;9,219015227000057;49,168715842000040;0
19588;08201014317300247640;08;3;17;065;2020;10;07;4;3;5;3;2;1;1;0;0;0;0;415650,580099999900000;5353102,937200000500000;7,862057791000041;48,325482191000049;0
19598;08201017325000289190;08;3;25;024;2020;10;15;7;2;5;3;0;1;1;0;0;0;0;456809,236800000070000;5335603,769700000100000;8,419063368000025;48,172207019000041;0
19618;08201012231000210980;08;2;31;000;2020;10;17;2;3;6;4;0;0;1;1;0;0;0;477646,842299999670000;5415235,948300000300000;8,695061801000065;48,889670844000079;0
19629;08201015436200219520;08;4;36;064;2020;10;18;5;3;5;3;0;1;1;0;0;0;0;538217,449000000020000;5288496,513000000300000;9,509858651000059;47,748706817000027;1
19636;08201016421200219830;08;4;21;000;2020;10;07;6;2;5;2;2;1;1;0;0;0;0;570788,948499999940000;5364270,485999999600000;9,956910286000039;48,427602388000025;1
19644;08201012212010240280;08;2;12;000;2020;10;15;2;3;5;2;0;1;0;0;0;1;0;458065,713999999690000;5427693,892000000900000;8,426667522000059;49,000717509000026;0
19651;08201012212010213680;08;2;12;000;2020;10;14;2;3;5;3;0;1;1;0;0;0;0;454126,694000000130000;5432696,237299999200000;8,372250114000053;49,045433645000060;0
19663;08201017116100256430;08;1;16;076;2020;10;14;7;3;3;3;0;1;1;0;0;0;0;527261,220599999650000;5401376,081700000900000;9,370970396000075;48,764795182000057;0
19666;08201012135010227080;08;1;35;015;2020;10;05;2;2;5;3;2;1;1;0;0;0;0;583713,668300000020000;5382933,091700000700000;10,135335430000055;48,593880161000072;0
19668;08201014437100221080;08;4;37;100;2020;10;07;4;3;3;6;1;1;0;0;0;1;0;536868,837399999610000;5319258,885399999100000;9,494495037000036;48,025555357000030;0
19685;08201012119200211070;08;1;19;093;2020;10;17;2;3;4;1;0;1;1;0;0;0;0;523330,569600000050000;5406440,657299999100000;9,317770612000061;48,810514903000069;0
19691;08201015436400261010;08;4;35;024;2020;10;18;5;3;5;3;1;1;1;0;0;0;0;527883,902400000020000;5279314,028699999700000;9,371415024000044;47,666617432000066;0
19694;08201012118000230040;08;1;15;053;2020;10;19;2;2;5;3;2;1;1;0;0;0;0;484059,866299999880000;5380981,415200000600000;8,783871442000077;48,581716365000034;0
19700;08201012117300242700;08;1;17;026;2020;10;15;2;3;0;1;0;1;1;0;0;0;0;547648,911299999800000;5394360,474400000600000;9,647580294000022;48,700459667000075;1
19712;08201017136300246090;08;1;36;065;2020;10;19;7;3;6;4;1;0;0;1;0;0;1;558147,044999999930000;5405655,308000000200000;9,791838928000061;48,801168158000053;0
19718;08201016416100235100;08;4;16;048;2020;10;13;6;3;5;7;0;1;1;0;0;0;0;496027,192999999970000;5375907,491000000400000;8,946181891000038;48,536260024000057;0
19721;08201016135010223280;08;4;21;000;2020;10;13;6;2;5;3;0;1;1;0;0;0;0;572635,509100000370000;5364882,382799999800000;9,981973995000033;48,432896252000035;1
19729;08201015326300265950;08;3;26;052;2020;10;17;5;3;5;3;0;1;1;0;0;0;0;450332,547700000000000;5330575,910299999600000;8,332541324000033;48,126501438000048;1
19735;08201013121500262310;08;1;25;007;2020;10;13;3;3;6;4;0;0;1;1;0;0;0;511703,048000000420000;5452528,506999999300000;9,160729994000064;49,225428379000050;0
19741;08201014435100217970;08;4;35;035;2020;10;17;4;3;4;2;0;1;1;0;0;0;0;542236,438799999650000;5282792,475700000300000;9,562920239000050;47,697135810000077;0
19745;08201011311010250110;08;3;11;000;2020;10;12;1;3;1;5;0;1;1;0;0;0;0;414017,701999999580000;5315498,883700000100000;7,847634080000034;47,987009661000059;0
19747;08201013335200243540;08;3;35;025;2020;10;21;3;2;6;6;2;1;0;1;0;0;0;498036,427799999710000;5280463,446399999800000;8,973839666000060;47,677557716000081;0
19775;08201011111500208550;08;1;11;000;2020;10;13;1;2;5;2;0;1;1;0;0;0;0;513043,647300000300000;5406994,638800000800000;9,177677682000024;48,815799531000039;0
19781;08201015121500379880;08;1;25;005;2020;10;21;5;3;6;4;2;0;1;1;0;0;0;515879,525000000370000;5452454,106499999800000;9,218086524000057;49,224665081000069;1
19792;08201015436200233140;08;4;36;064;2020;10;06;5;3;0;7;1;1;0;0;0;0;0;543786,949500000100000;5292007,740499999400000;9,584511377000069;47,779943523000043;0
19795;08201010336400205610;08;3;36;091;2020;10;19;7;3;0;1;2;1;0;0;0;0;0;394952,455099999900000;5271696,405700000000000;7,602788787000065;47,590166977000081;1
19796;08201015119200251530;08;1;19;020;2020;10;18;5;3;5;3;1;1;1;0;0;0;0;519790,098100000060000;5406482,920099999800000;9,269550783000057;48,811017935000052;1
19801;08201010335100231730;08;3;35;043;2020;10;11;7;3;0;2;0;1;1;0;0;0;0;515209,855499999600000;5281026,922100000100000;9,202657271000021;47,682451716000060;1
19808;08201010317300212870;08;3;17;065;2020;10;18;7;3;0;7;1;1;0;0;0;0;0;414843,664699999620000;5356535,638800000800000;7,850480013000038;48,356250589000069;1
19809;08201014221011231300;08;2;21;000;2020;10;15;4;3;0;7;0;1;0;0;0;0;0;476555,681900000200000;5472864,200099999100000;8,676822468000069;49,408010577000027;0