OBJECTID;UIDENTSTLAE;ULAND;UREGBEZ;UKREIS;UGEMEINDE;UJAHR;UMONAT;USTUNDE;UWOCHENTAG;UKATEGORIE;UART;UTYP1;ULICHTVERH;IstRad;IstPKW;IstFuss;IstKrad;IstGkfz;IstSonstige;LINREFX;LINREFY;XGCSWGS84;YGCSWGS84;STRZUSTAND
19815;08201014212010217910;08;2;12;000;2020;10;16;4;3;5;3;0;1;1;0;0;0;0;456364,194400000390000;5426313,822799999300000;8,403553584000065;48,988185660000056;0
19818;08201016335300239930;08;3;35;075;2020;10;13;6;3;5;3;0;1;1;0;0;0;0;488575,394299999810000;5290029,298699999200000;8,847541316000047;47,763529416000040;1
19823;08201015316200228510;08;3;16;010;2020;10;08;5;2;5;3;0;1;1;0;0;0;0;430394,872299999930000;5335485,874099999700000;8,063836586000036;48,168802088000064;1
19828;08201010212102233380;08;2;15;101;2020;10;12;7;3;5;3;0;1;1;0;0;0;0;465479,524000000210000;5428101,971000000800000;8,527991677000046;49,004847443000074;0
19834;08201013225100243810;08;2;25;058;2020;10;15;3;2;6;4;0;0;0;1;0;1;0;510823,528099999760000;5467416,643200000700000;9,149053919000039;49,359365249000064;0
19835;08201017311010240430;08;3;11;000;2020;10;12;7;3;5;3;0;1;1;0;0;0;0;413652,488199999560000;5317106,644200000900000;7,842416915000058;48,001422839000043;0
19844;08201015311010217010;08;3;36;050;2020;10;13;5;3;3;2;0;1;1;0;0;0;0;399241,350499999710000;5274993,511700000600000;7,659059967000076;47,620506163000073;0
19858;08201016426010249680;08;4;26;021;2020;10;16;6;2;0;1;0;1;0;0;0;0;0;558643,724799999970000;5327142,554999999700000;9,787603730000058;48,094850610000037;1
19859;08201010118100204870;08;1;18;071;2020;10;16;7;2;0;7;0;1;0;0;0;0;0;508886,378600000400000;5419073,221200000500000;9,121310840000035;48,924529414000062;0
19863;08201010118100202160;08;1;18;071;2020;10;06;7;2;0;1;2;1;0;0;0;0;0;508795,209300000220000;5419315,473400000500000;9,120071486000029;48,926709947000063;1
19865;08201016222800236330;08;2;22;000;2020;10;06;6;3;4;6;2;1;0;0;0;0;0;462850,714999999850000;5486478,662200000100000;8,486629339000047;49,529783831000032;1
19868;08201015436100218300;08;4;36;055;2020;10;20;5;3;5;3;2;1;1;0;0;0;0;578548,740199999880000;5292184,048000000400000;10,048515414000065;47,778228935000072;1
19875;08201016417300256560;08;4;17;008;2020;10;07;6;3;5;2;2;1;1;0;0;0;0;493786,926400000230000;5351071,281899999800000;8,916201985000043;48,312802634000036;0
19876;08201010111500214200;08;1;11;000;2020;10;02;7;3;6;4;2;0;1;1;0;0;0;515311,025999999610000;5399431,463999999700000;9,208281506000049;48,747710231000042;1
19892;08201014335100265500;08;3;35;043;2020;10;14;4;3;0;7;0;1;0;0;0;0;1;513232,405100000090000;5279546,920700000600000;9,176264857000035;47,669178683000041;0
19894;08201009436300203380;08;4;36;081;2020;10;17;6;3;4;2;0;1;1;0;0;0;0;562465,801199999640000;5281757,292799999900000;9,832360985000037;47,686183299000049;0
19906;08201021425000239900;08;4;25;123;2020;10;19;4;3;6;7;2;0;1;1;0;0;0;547049,542600000280000;5343247,307800000500000;9,633683637000047;48,240696667000066;0
19920;08201024335010247830;08;3;35;075;2020;10;17;7;2;6;6;0;1;0;1;0;0;0;488217,546000000090000;5288532,193399999300000;8,842806510000060;47,750052714000049;0
19925;08201022311500253200;08;3;15;113;2020;10;11;5;2;5;3;0;1;1;0;0;0;0;439794,687800000420000;5308122,959499999900000;8,194096138000020;47,923599380000041;0
19927;08201023119500254390;08;1;19;089;2020;10;19;6;3;5;3;2;1;1;0;0;0;0;533232,870600000020000;5410653,294600000600000;9,452981173000069;48,847959432000039;1
19935;08201022119010449880;08;1;19;086;2020;10;15;5;2;8;1;0;1;0;0;0;0;0;534261,078700000420000;5404349,015599999600000;9,466469163000056;48,791192742000078;0
19937;08201019421200247900;08;4;25;130;2020;10;17;2;2;0;7;0;1;0;0;0;0;0;573699,675099999640000;5378308,142599999900000;9,998727606000045;48,553537932000040;0
19940;08201023116500275630;08;1;16;049;2020;10;18;6;2;6;4;1;0;0;1;0;0;1;525781,570600000210000;5384083,347300000500000;9,349756781000053;48,609293850000029;1
19949;08201022111500241090;08;1;11;000;2020;10;17;5;3;5;2;0;1;1;0;0;0;0;508068,802699999880000;5397259,858100000800000;9,109720634000041;48,728310387000079;0
19950;08201025115200278170;08;1;15;016;2020;10;13;1;3;5;3;0;1;0;0;0;0;0;487143,336400000380000;5377748,436699999500000;8,825779201000046;48,552702549000060;0
19961;08201020317600289870;08;3;17;093;2020;10;17;3;3;6;4;0;0;1;1;0;0;0;441953,768099999990000;5351820,761099999800000;8,217043459000024;48,316911105000031;0
19967;08201020212010240870;08;2;12;000;2020;10;10;3;3;0;7;0;1;0;0;0;0;0;455636,835699999700000;5427048,818600000800000;8,393531843000062;48,994745216000069;0
19979;08201022437000263080;08;4;35;015;2020;10;16;5;2;5;3;0;1;1;0;0;0;0;520192,100999999790000;5295115,320000000300000;9,269694423000033;47,809075465000035;0
19982;08201023435100262500;08;4;35;016;2020;10;12;6;2;5;3;0;1;1;0;0;0;0;536046,620500000190000;5279199,926300000400000;9,480129944000055;47,665187342000081;1
20001;08201022127202258750;08;1;27;014;2020;10;16;5;3;5;2;0;1;1;0;0;0;0;576026,624800000340000;5443813,873600000500000;10,042415303000041;49,142443671000080;0
20017;08201019311010227800;08;3;36;050;2020;10;07;2;3;6;4;1;0;1;1;0;0;0;400859,681300000290000;5276758,565300000800000;7,680191761000060;47,636633195000059;0
20018;08201021311010266100;08;3;11;000;2020;10;08;4;3;5;3;0;1;1;0;0;0;0;414530,293999999760000;5316014,951999999600000;7,854399851000039;47,991720612000051;0
20019;08201024311010276320;08;3;11;000;2020;10;15;7;2;6;4;0;0;1;1;0;0;0;414222,336199999790000;5316770,480900000800000;7,850121962000060;47,998475646000031;0
20020;08201023111500291080;08;1;11;000;2020;10;15;6;3;3;2;0;1;1;0;0;0;0;516111,610899999740000;5405650,177400000400000;9,219415737000077;48,803632972000059;1
20038;08201024226700248490;08;2;26;095;2020;10;17;7;3;0;1;0;1;0;0;0;0;0;475238,638700000010000;5461854,464600000500000;8,659352171000023;49,308926986000074;0
20039;08201023111250275020;08;1;11;000;2020;10;17;6;3;5;2;1;1;1;0;0;0;0;517861,026999999770000;5404365,384700000300000;9,243184046000067;48,792027356000062;1
20044;08201025231000253790;08;2;37;004;2020;10;15;1;1;5;3;0;1;0;0;0;0;1;454298,526999999770000;5373564,309000000400000;8,381175015000054;48,513529202000029;0
20045;08201023212102242340;08;2;15;101;2020;10;08;6;3;0;7;1;1;0;0;0;0;0;465585,169599999670000;5428236,389000000400000;8,529424755000036;49,006062474000032;0
20051;08201025235100265150;08;2;35;073;2020;10;15;1;3;0;1;0;1;0;0;0;0;0;477737,353900000450000;5409405,483500000100000;8,696613722000052;48,837224965000075;0
20053;08201019216100244780;08;2;16;043;2020;10;16;2;3;0;1;0;1;0;0;0;0;0;441210,612300000150000;5414248,846699999600000;8,198181688000034;48,878406510000048;0
20064;08201022135200270360;08;1;35;019;2020;10;06;5;2;5;2;2;1;1;0;0;0;0;584339,127999999560000;5392391,641400000100000;10,145741330000021;48,678870104000055;0
20071;08201020231000233710;08;2;31;000;2020;10;18;3;3;6;2;2;0;0;1;0;0;1;478285,054700000210000;5415647,403100000700000;8,703746201000058;48,893394847000081;0
20072;08201021121500269170;08;1;25;007;2020;10;16;4;3;5;3;0;1;1;0;0;0;0;511895,094600000420000;5452839,560200000200000;9,163376781000068;49,228222672000072;0
20078;08201022426010289430;08;4;21;000;2020;10;19;5;3;0;6;2;1;0;0;0;0;0;570799,815899999810000;5355902,679500000600000;9,955646624000053;48,352330077000033;0
20084;08201025135200277110;08;1;35;026;2020;10;17;1;3;6;7;2;1;0;1;0;0;0;590448,408499999900000;5395158,239000000100000;10,229321912000046;48,702897750000034;0
20088;08201024335200284670;08;3;35;025;2020;10;14;7;3;0;3;0;1;1;0;0;0;0;498184,546199999750000;5282066,421099999900000;8,975806354000042;47,691981207000026;0
20091;08201026119400251170;08;1;19;079;2020;10;11;2;2;6;4;0;0;1;1;0;0;0;522926,246000000280000;5415133,187000000800000;9,312750292000033;48,888725501000067;1
20097;08201019128300229410;08;1;28;131;2020;10;07;2;2;6;4;1;0;1;1;0;0;0;536841,767599999900000;5512155,176699999700000;9,511535268000046;49,760743592000040;0
20098;08201022118000257960;08;1;18;076;2020;10;06;5;2;6;4;2;0;1;1;0;0;0;504310,322999999860000;5422223,239199999700000;9,058874989000060;48,952914842000041;0
20101;08201025335100249040;08;3;35;043;2020;10;12;1;3;3;1;0;1;0;0;0;0;0;508218,383000000380000;5287773,476500000800000;9,109629852000069;47,743281381000031;0
20104;08201019128200229160;08;1;28;115;2020;10;11;2;3;5;3;0;1;1;0;0;0;0;547395,758799999950000;5498072,125299999500000;9,656356505000076;49,633341963000078;0
20113;08201020437200278200;08;4;37;005;2020;10;13;3;2;0;1;0;1;0;0;0;0;0;502450,619400000200000;5325641,661299999800000;9,032905585000037;48,084041328000069;0
20115;08201022311010239060;08;3;36;050;2020;10;16;5;3;0;7;0;1;1;0;0;0;0;399596,030000000260000;5274758,930999999900000;7,663832644000024;47,618451102000051;1
20116;08201025311010276780;08;3;15;056;2020;10;17;1;3;7;7;1;1;0;0;0;0;0;414827,711000000130000;5310703,683000000200000;7,859438022000063;47,943983034000041;0
20121;08201025116100292210;08;1;16;019;2020;10;14;1;3;0;1;0;1;0;0;0;0;0;523122,389600000340000;5401760,610099999200000;9,314671806000035;48,768421866000040;0
20127;08201021231202267950;08;2;36;071;2020;10;07;4;3;5;3;2;1;1;0;0;0;0;468652,699000000020000;5420887,149000000200000;8,571934078000027;48,940116504000059;0
20138;08201021436500254640;08;4;36;049;2020;10;16;4;2;4;1;0;1;1;0;0;0;0;581049,131699999790000;5286128,160100000000000;10,080757444000028;47,723440597000035;0
20146;08201020311500267430;08;3;15;102;2020;10;15;3;3;5;3;0;1;1;0;0;0;0;437714,404400000350000;5298822,675400000100000;8,167594154000028;47,839731326000049;0
20149;08201025136300281450;08;1;36;040;2020;10;13;1;2;8;1;0;1;0;0;0;0;0;563761,049200000240000;5410571,886600000800000;9,869045264000022;48,844841596000037;0
20159;08201021417010234630;08;4;17;079;2020;10;08;4;2;6;4;0;0;1;1;0;0;0;502044,079300000330000;5342842,300899999200000;9,027529464000054;48,238795751000055;0
20160;08201024426100265040;08;4;26;058;2020;10;15;7;3;0;1;0;1;0;0;0;0;0;559412,225899999960000;5322032,322200000300000;9,797213474000046;48,048806727000056;0
20162;08201024128100277860;08;1;28;007;2020;10;11;7;2;0;1;0;1;0;0;0;0;0;554382,019000000320000;5485025,491000000400000;9,751293547000046;49,515412417000050;0
20168;08201022119500270580;08;1;19;085;2020;10;20;5;3;6;2;2;0;1;1;0;0;0;528661,072999999860000;5413759,204199999600000;9,390884366000023;48,876127011000051;1
20175;08201026118400257110;08;1;18;048;2020;10;15;2;3;5;2;1;1;1;0;0;0;0;513973,886400000190000;5414973,971599999800000;9,190621423000039;48,887559780000061;0
20177;08201021337010260330;08;3;37;123;2020;10;18;4;2;5;2;2;1;1;0;0;0;0;453294,119500000030000;5274739,935599999500000;8,378375895000033;47,624377901000059;0
20185;08201023317010244550;08;3;17;096;2020;10;17;6;3;5;3;0;1;1;0;0;0;0;420362,083100000400000;5368092,480100000300000;7,922765133000041;48,460924056000067;1
20187;08201022118600290980;08;1;18;073;2020;10;15;5;3;6;6;0;1;0;1;0;0;0;496773,644399999640000;5421722,493000000700000;8,955934955000032;48,948416890000033;0
20188;08201025121400251940;08;1;25;013;2020;10;14;1;3;0;1;0;1;0;0;0;0;0;506327,876000000160000;5435191,343599999300000;9,086635025000021;49,069553218000067;0
20192;08201023111500292970;08;1;11;000;2020;10;07;6;2;5;2;2;1;1;0;0;0;0;514854,242999999780000;5404674,387000000100000;9,202257111000051;48,794886205000068;1
20199;08201018317100226450;08;3;17;056;2020;10;19;1;3;0;7;2;1;0;0;0;0;0;435920,436300000180000;5381382,255300000300000;8,131147173000045;48,582247336000080;0
20201;08201024119010264360;08;1;19;001;2020;10;06;7;2;6;6;2;1;0;1;0;0;0;549259,604799999860000;5410171,512199999800000;9,671362765000026;48,842560505000051;1
20207;08201025118010264380;08;1;15;045;2020;10;14;1;2;5;7;0;1;1;0;0;0;0;497984,303600000220000;5397057,397199999500000;8,972591262000037;48,726538017000053;0
20210;08201024231000246670;08;2;36;062;2020;10;17;7;2;2;6;0;1;1;0;0;0;0;487551,476400000040000;5405385,763599999200000;8,830477719000044;48,801338496000028;0
20214;08201020317500237230;08;3;17;034;2020;10;07;3;3;4;6;0;1;0;0;0;0;0;426524,618400000040000;5362547,038400000000000;8,007082628000035;48,411791989000051;0
20216;08201022212702258760;08;2;15;017;2020;10;17;5;3;0;2;0;1;1;0;0;0;0;457515,135499999860000;5420709,571399999800000;8,419869669000036;48,937854483000081;0
20220;08201020118600269590;08;1;18;050;2020;10;13;3;3;0;4;0;0;1;1;0;0;0;506608,545500000010000;5416889,905799999800000;9,090180089000057;48,904917392000073;0
20226;08201021437100284920;08;4;37;100;2020;10;19;4;3;5;3;2;1;1;0;0;0;0;537160,575000000190000;5318040,820000000300000;9,498302129000024;48,014579740000045;0
20228;08201021215302268500;08;2;15;089;2020;10;17;4;3;0;1;0;1;0;0;0;0;0;469456,752000000330000;5430363,685599999500000;8,582201611000073;49,025402007000025;0
20232;08201020316200236190;08;3;16;055;2020;10;17;3;2;5;3;0;1;1;0;0;0;0;426669,541500000280000;5332069,329900000200000;8,014328598000077;48,137649236000073;0
20241;08201021121600239670;08;1;25;107;2020;10;13;4;3;0;7;0;1;0;0;0;0;0;533707,870099999940000;5437223,222400000300000;9,461656640000058;49,086940321000043;0
20242;08201024127202275510;08;1;27;014;2020;10;10;7;3;5;3;0;1;1;0;0;0;0;577549,694099999960000;5443274,656800000000000;10,063190906000045;49,137403633000076;0
20244;08201025335400276360;08;3;35;079;2020;10;10;1;3;0;3;0;1;1;0;0;0;0;500997,717199999840000;5299291,510099999600000;9,013335640000037;47,846966588000043;0
20248;08201022436000276230;08;4;35;016;2020;10;18;5;2;6;4;2;0;1;1;0;0;0;536180,399899999610000;5278372,739700000700000;9,481843290000029;47,657737342000075;0
20258;08201024335300259950;08;3;35;075;2020;10;20;7;3;5;3;2;1;1;0;0;0;0;487612,299399999900000;5289837,974700000100000;8,834694547000026;47,761790183000073;0
20268;08201025119400248230;08;1;19;091;2020;10;10;1;3;4;2;0;1;1;0;0;0;0;529838,929499999620000;5404230,002699999100000;9,406254066000031;48,790350067000077;0
20269;08201018212502250210;08;2;12;000;2020;10;02;1;2;0;7;2;1;0;0;0;0;0;452576,478799999690000;5428385,781500000500000;8,351541731000054;49,006543766000050;0
20270;08201021235100257980;08;2;35;085;2020;10;06;4;3;5;3;2;1;1;0;0;0;0;479733,497999999670000;5391805,992100000400000;8,724682593000068;48,678970224000068;0
20275;08201021317300267730;08;3;17;065;2020;10;13;4;3;6;4;0;0;1;1;0;0;0;416640,013799999840000;5354643,547100000100000;7,875098562000062;48,339471137000032;0
20281;08201022311010239500;08;3;11;000;2020;10;22;5;3;0;7;2;1;0;0;0;0;0;413513,771399999970000;5316453,318900000300000;7,840689344000055;47,995527199000037;1
20285;08201022111500255410;08;1;11;000;2020;10;19;5;2;6;2;2;0;1;1;0;0;0;510649,184500000440000;5402046,304899999900000;9,144932682000047;48,771330415000079;1
20286;08201025117010251300;08;4;21;000;2020;10;18;1;2;5;3;2;1;1;0;0;0;0;570813,826999999580000;5361355,948200000500000;9,956754485000033;48,401382511000065;0
20296;08201023111500258090;08;1;11;000;2020;10;19;6;3;1;5;2;1;1;0;0;0;0;512611,622899999840000;5402490,284800000500000;9,171654468000043;48,775287748000039;1
20300;08201022221200273170;08;2;21;000;2020;10;13;5;3;5;2;0;1;1;0;0;0;0;476574,733199999670000;5472473,564999999500000;8,677108127000054;49,404497611000068;0
20312;08201025435100290170;08;4;35;016;2020;10;17;1;3;5;3;2;1;1;0;0;0;0;535750,459999999960000;5281504,091800000500000;9,476373976000048;47,685935250000057;0
20322;08201030311010264670;08;3;36;069;2020;10;12;6;3;0;5;0;1;1;0;0;0;0;409649,201999999580000;5268905,277899999200000;7,798793153000077;47,567272670000079;0
20339;08201030231000286190;08;2;37;019;2020;10;12;6;1;6;4;0;0;1;1;0;0;0;460627,472900000400000;5368239,135399999100000;8,467370461000030;48,466052565000041;0
20352;08201030221400283040;08;2;21;000;2020;10;02;6;3;0;7;2;1;0;0;0;0;0;477702,963999999690000;5472616,230200000100000;8,692651313000056;49,405823244000032;0
20359;08201027317100280060;08;3;17;116;2020;10;10;3;3;3;6;0;1;0;0;0;1;0;432834,746299999770000;5387366,175100000600000;8,088345320000030;48,635749975000067;0
20360;08201030136300277780;08;1;36;028;2020;10;10;6;3;6;4;0;0;1;1;0;0;0;568425,471499999990000;5404871,436200000300000;9,931660735000037;48,793071003000080;1
20362;08201105317600298850;08;3;17;039;2020;11;09;5;3;5;3;0;1;1;0;0;0;0;441563,105499999600000;5343689,711799999700000;8,212899076000042;48,243729049000081;0
20364;08201030136100285310;08;1;36;002;2020;10;16;6;3;5;3;0;1;1;0;0;0;0;570558,400999999610000;5417359,893999999400000;9,962849365000068;48,905161112000030;0
20371;08201027311010287550;08;3;11;000;2020;10;16;3;3;5;3;0;1;0;0;0;0;0;412587,594700000250000;5314173,661299999800000;7,828741096000044;47,974894979000055;0
20377;08201104116010297970;08;1;16;046;2020;11;15;4;3;5;3;0;1;1;0;0;0;0;527685,125400000250000;5378925,349999999600000;9,375236466000047;48,562810812000066;0
20382;08201030121500284750;08;1;25;113;2020;10;08;6;3;6;7;0;0;1;1;0;0;0;527765,509700000290000;5452672,185200000200000;9,381338600000049;49,226203195000039;0
20385;08201102437200459060;08;4;37;031;2020;11;18;2;3;2;6;2;1;1;0;0;0;0;515723,255099999720000;5344628,983400000300000;9,211824918000048;48,254678369000032;0
20387;08201031118600278780;08;1;18;073;2020;10;14;7;3;5;3;0;1;1;0;0;0;0;498579,422799999830000;5418382,006500000100000;8,980609624000067;48,918373592000080;0
20397;08201030118010287780;08;1;15;001;2020;10;16;6;2;3;6;0;1;1;0;0;0;0;493383,106300000100000;5391779,270199999200000;8,910110430000032;48,679023742000027;0
20398;08201031221200290560;08;2;21;000;2020;10;18;7;3;6;4;2;0;1;1;0;0;0;476615,735500000420000;5471980,807299999500000;8,677702300000021;49,400066909000032;0
20409;08201104317500298980;08;3;17;096;2020;11;17;4;3;1;3;2;1;1;0;0;0;0;422044,447999999860000;5369508,358100000800000;7,945253944000058;48,473870510000040;0
20415;08201030117100276850;08;1;17;019;2020;10;13;6;3;6;4;0;0;1;1;0;0;0;552028,522400000130000;5393676,306900000200000;9,707011389000058;48,693955393000067;0
20422;08201102317600302970;08;3;17;040;2020;11;16;2;3;0;2;0;1;1;0;0;0;0;431797,163200000300000;5347891,680700000400000;8,080697925000038;48,280552757000066;0
20425;08201027216100272490;08;3;17;151;2020;10;05;3;3;6;6;2;0;1;1;0;0;0;414613,976900000130000;5363700,208200000200000;7,845923742000025;48,420663088000026;0
20441;08201105121300322420;08;1;21;000;2020;11;15;5;3;1;5;0;1;1;0;0;0;0;512714,009899999950000;5443016,497700000200000;9,174313723000068;49,139844955000058;0
20444;08201029436400264960;08;4;36;082;2020;10;19;5;3;6;2;2;0;1;1;0;0;0;548356,635800000280000;5296741,415200000600000;9,646036056000071;47,822205223000026;1
20450;08201029435200267490;08;4;35;059;2020;10;15;5;3;5;3;0;1;1;0;0;0;0;514320,151200000200000;5291537,275299999900000;9,191148571000042;47,777039604000038;1
20458;08201031436400285840;08;4;36;011;2020;10;02;7;2;0;1;2;1;0;0;0;0;0;547759,946100000290000;5297769,720400000000000;9,638178304000064;47,831501366000055;0
20464;08201029337010284790;08;3;37;125;2020;10;20;5;2;0;7;2;1;0;0;0;0;0;447751,843500000420000;5270801,400699999200000;8,305086723000045;47,588518944000043;1
20469;08201029335300261560;08;3;35;075;2020;10;06;5;3;6;2;1;0;1;1;0;0;0;487753,089300000110000;5289900,331599999200000;8,836571527000046;47,762353931000064;1
20473;08201031317300283390;08;3;17;121;2020;10;15;7;3;5;3;0;1;1;0;0;0;0;422351,770499999630000;5344312,502299999800000;7,954061878000061;48,247268979000069;0
20475;08201102436400294590;08;4;36;093;2020;11;13;2;3;0;1;0;1;0;0;0;0;0;540882,161000000310000;5310380,807000000000000;9,547475081000073;47,945436786000073;0
20481;08201027135010276890;08;1;35;015;2020;10;16;3;2;0;4;0;0;1;1;0;0;0;584310,366999999620000;5383612,941999999800000;10,143564282000057;48,599914984000065;0
20483;08201029317200275600;08;3;17;057;2020;10;16;5;3;5;3;0;1;1;0;0;0;0;412695,043999999760000;5381006,368200000400000;7,816374473000053;48,576060109000082;1
20488;08201027127202258970;08;1;27;014;2020;10;18;3;3;5;3;2;1;1;0;0;0;0;575421,772699999620000;5443649,047900000600000;10,034092638000061;49,141035808000026;0
20490;08201029311100281160;08;3;16;012;2020;10;00;5;2;0;1;2;1;0;0;0;0;0;399832,563799999650000;5329436,189799999800000;7,654307648000042;48,110306347000062;0
20499;08201104317100307130;08;3;17;110;2020;11;17;4;3;5;2;1;1;1;0;0;0;0;426963,158400000070000;5381876,451899999800000;8,009626616000048;48,585712243000046;0
20504;08201030327200263880;08;3;27;049;2020;10;09;6;3;6;7;0;0;1;1;0;0;0;472699,068900000300000;5324440,949899999400000;8,633498526000039;48,072658678000039;0
20507;08201031111500287450;08;1;11;000;2020;10;16;7;2;3;6;2;1;1;0;0;0;0;512915,891200000420000;5405964,100199999300000;9,175904992000028;48,806531608000057;0
20517;08201105136100309800;08;1;36;088;2020;11;16;5;3;6;4;0;0;1;1;0;0;0;580486,030700000000000;5409900,697100000500000;10,096831110000039;48,836861342000077;0
20524;08201101417200318080;08;4;17;002;2020;11;04;1;2;0;7;2;1;0;0;0;0;0;489404,730700000190000;5344639,423900000800000;8,857259168000041;48,254878808000058;0
20527;08201029221011379500;08;2;21;000;2020;10;08;5;2;3;6;0;1;1;0;0;0;0;483457,473399999550000;5473636,745500000200000;8,771929810000074;49,415186312000060;1
20539;08201027118100279030;08;1;18;079;2020;10;19;3;3;5;3;2;1;1;0;0;0;0;510218,039499999960000;5421282,973700000000000;9,139545116000022;48,944387115000040;0
20540;08201029212010290820;08;2;12;000;2020;10;06;5;3;6;4;2;0;1;1;0;0;0;460507,110500000420000;5425700,810200000200000;8,460238812000057;48,982950310000035;1
20566;08201027111500259100;08;1;11;000;2020;10;17;3;3;5;3;1;1;0;0;0;0;1;517157,995500000190000;5406835,538200000300000;9,233715342000039;48,814268284000036;0
20569;08201105225100333190;08;2;25;064;2020;11;13;5;2;1;7;0;1;0;0;0;1;0;506092,628200000150000;5470566,508999999600000;9,083951677000073;49,387764006000054;0
20574;08201103111500311360;08;1;11;000;2020;11;07;3;2;6;4;0;0;0;1;0;0;1;517334,583399999890000;5405986,592299999700000;9,236084832000074;48,806626403000053;0
20576;08201031118600281590;08;1;18;050;2020;10;13;7;3;5;7;0;1;1;0;0;0;0;505784,859000000170000;5416637,953099999600000;9,078936521000060;48,902659127000049;0
20581;08201103417100295490;08;4;17;079;2020;11;06;3;2;6;2;2;0;1;1;0;0;0;501626,745799999680000;5343687,663699999500000;9,021912105000070;48,246402524000075;1
20598;08201102426010295970;08;4;26;021;2020;11;15;2;3;6;6;0;1;0;1;0;0;0;557288,755699999630000;5327475,084300000200000;9,769452425000054;48,097965392000049;0
20611;08201105127010313420;08;1;27;099;2020;11;14;5;2;6;4;0;0;0;1;0;1;0;560116,893799999730000;5445702,448999999100000;9,824582714000030;49,161193600000047;0
20612;08201026435100250170;08;4;35;035;2020;10;10;2;3;5;2;0;1;1;0;0;0;0;541977,961099999960000;5282257,992300000000000;9,559424023000076;47,692343783000069;1
20613;08201102327100296130;08;3;27;030;2020;11;16;2;3;8;7;2;1;0;0;0;0;0;493804,459599999710000;5322994,118300000200000;8,916848073000040;48,060195812000075;1
20620;08201028417200281360;08;4;17;016;2020;10;04;4;2;6;7;2;1;0;1;0;0;0;485209,939899999650000;5343020,123400000900000;8,800803293000058;48,240226340000049;0
20628;08201103216100297000;08;2;16;043;2020;11;12;3;3;5;3;0;1;1;0;0;0;0;442457,586900000460000;5412501,694499999300000;8,215433041000040;48,862807920000080;1
20629;08201028416200272500;08;4;16;041;2020;10;09;4;3;5;3;0;1;1;0;0;0;0;505493,146499999800000;5373317,359600000100000;9,074379429000032;48,512946813000042;0
20643;08201103118300315650;08;1;18;046;2020;11;18;3;3;5;2;2;1;1;0;0;0;0;513881,184600000270000;5414358,395899999900000;9,189335955000047;48,882024300000069;1
20645;08201031119500278990;08;1;19;068;2020;10;12;7;3;5;2;0;1;0;0;0;0;1;525789,250000000000000;5413586,428999999500000;9,351707897000040;48,874698901000045;0
20651;08201026317100255560;08;3;17;001;2020;10;13;2;3;5;3;0;1;1;0;0;0;0;432205,530299999750000;5386467,197399999900000;8,079952962000050;48,627595730000053;0
20652;08201028335200267850;08;3;35;063;2020;10;18;4;3;5;3;2;1;1;0;0;0;0;496950,661299999800000;5287946,678400000600000;8,959321828000043;47,744884932000048;0
20656;08201102222014297370;08;2;26;082;2020;11;17;2;2;4;6;2;1;0;0;0;0;0;475152,466699999760000;5481515,904100000900000;8,656937075000030;49,485774862000028;0
20658;08201104116010297300;08;1;16;049;2020;11;14;4;3;9;1;0;1;0;0;0;0;0;523858,529199999760000;5387326,573899999300000;9,323855570000035;48,638546393000070;1
20660;08201028311500258590;08;3;15;113;2020;10;17;4;3;3;6;1;1;1;0;0;0;0;439970,707000000400000;5312250,198000000800000;8,195876411000029;47,960746144000041;1
20661;08201101221200297930;08;2;21;000;2020;11;21;1;3;0;1;2;1;0;0;0;0;0;477703,795500000010000;5473314,688200000700000;8,692623553000033;49,412105798000027;0
20662;08201026311010270240;08;3;11;000;2020;10;11;2;3;3;6;0;1;1;0;0;0;0;413205,420800000430000;5315283,042899999800000;7,836793537000062;47,984958378000044;1
20664;08201031317500288100;08;3;17;096;2020;10;17;7;3;5;3;2;1;1;0;0;0;0;421816,124900000170000;5369736,634199999300000;7,942122567000070;48,475895483000045;0
20671;08201102128300313190;08;1;28;131;2020;11;15;2;3;6;4;0;0;1;1;0;0;0;536916,631900000390000;5512221,062599999800000;9,512580936000063;49,761331581000036;0
20672;08201028311010380710;08;3;15;098;2020;10;17;4;3;5;2;2;1;1;0;0;0;0;407698,774000000210000;5312437,698000000800000;7,763622825000027;47,958593171000075;0
20675;08201028311010282240;08;3;11;000;2020;10;05;4;3;5;3;2;1;1;0;0;0;0;413146,981300000100000;5315422,517400000200000;7,835982295000065;47,986205067000071;1
20685;08201105222600300390;08;2;22;000;2020;11;13;5;3;5;3;0;1;0;0;0;0;1;463240,575100000020000;5483179,757999999400000;8,492323861000045;49,500135756000077;0
20688;08201104317200298130;08;3;17;153;2020;11;07;4;3;5;3;0;1;0;0;0;1;0;421834,374400000090000;5390538,893200000700000;7,938459818000069;48,663008907000062;0
20693;08201030311010277190;08;3;15;098;2020;10;08;6;3;5;3;0;1;1;0;0;0;0;406769,259999999780000;5312149,012000000100000;7,751237594000031;47,955861718000051;0
20704;08201031221011288350;08;2;21;000;2020;10;13;7;3;1;6;0;1;1;0;0;0;0;476648,055599999610000;5472029,228800000600000;8,678144904000021;49,400503694000065;0
20710;08201026221200251730;08;2;21;000;2020;10;22;2;3;3;2;2;1;0;0;0;0;0;476594,200100000020000;5472422,964299999200000;8,677379435000034;49,404043215000058;0
20718;08201103212402303470;08;2;12;000;2020;11;16;3;3;0;7;1;1;0;0;0;0;0;455730,012500000190000;5428182,599700000100000;8,394681966000064;49,004950395000037;1