OBJECTID;UIDENTSTLAE;ULAND;UREGBEZ;UKREIS;UGEMEINDE;UJAHR;UMONAT;USTUNDE;UWOCHENTAG;UKATEGORIE;UART;UTYP1;ULICHTVERH;IstRad;IstPKW;IstFuss;IstKrad;IstGkfz;IstSonstige;LINREFX;LINREFY;XGCSWGS84;YGCSWGS84;STRZUSTAND
20725;08201104116200375860;08;1;16;080;2020;11;07;4;3;0;7;0;1;0;0;0;0;0;519417,747000000440000;5395174,881999999300000;9,263945702000058;48,709303738000074;0
20737;08201031436000290510;08;4;35;045;2020;10;15;7;1;5;3;0;1;1;0;0;0;0;534403,954300000330000;5284368,562100000700000;9,458658411000045;47,711781041000052;0
20752;08201031316200275890;08;3;16;014;2020;10;20;7;3;0;1;2;1;0;0;0;0;0;425743,582200000060000;5330215,992900000900000;8,002207296000051;48,120869922000054;0
20760;08201031119300268680;08;1;19;061;2020;10;13;7;3;5;2;0;1;0;0;1;0;0;539930,416400000450000;5415719,741499999500000;9,544762787000025;48,893139414000075;0
20764;08201027426200256700;08;4;26;070;2020;10;16;3;2;0;1;0;1;0;0;0;0;0;565181,110000000340000;5341924,757999999400000;9,877658323000048;48,227194287000032;1
20766;08201026127010253820;08;1;27;076;2020;10;11;2;2;6;4;0;0;1;1;0;0;0;556439,889800000000000;5439289,935000000500000;9,773255080000070;49,103864792000081;1
20767;08201030311010265010;08;3;11;000;2020;10;22;6;3;0;7;2;1;0;0;0;0;0;414752,705099999900000;5319051,387199999800000;7,856776849000028;48,019064209000078;0
20770;08201030435100271420;08;4;35;057;2020;10;15;6;3;0;1;0;1;0;0;0;0;0;544056,952899999920000;5280743,453400000900000;9,586975577000032;47,678578745000038;0
20774;08201105212502307680;08;2;12;000;2020;11;14;5;3;4;6;0;1;0;0;1;0;0;449332,726900000130000;5431743,274499999400000;8,306771367000067;49,036486378000063;0
20776;08201102416100295650;08;4;16;006;2020;11;13;2;3;5;3;0;1;1;0;0;0;0;498290,872000000440000;5359532,625000000000000;8,976913989000025;48,388954462000072;0
20816;08201116231000349550;08;2;36;004;2020;11;18;2;2;6;2;2;0;1;1;0;0;0;472926,138399999590000;5413159,127499999500000;8,630801520000034;48,870800290000034;1
20824;08201107127100329780;08;1;27;076;2020;11;16;7;3;0;1;0;1;0;0;0;0;0;553244,990699999970000;5440179,569399999500000;9,729604501000040;49,112151683000036;0
20825;08201118316100345050;08;3;16;043;2020;11;16;4;2;0;7;1;1;0;0;0;0;0;414244,009899999950000;5327469,954800000400000;7,848268430000076;48,094723502000079;1
20827;08201115417300318910;08;4;17;051;2020;11;15;1;3;0;7;0;1;0;0;0;0;0;489588,153599999850000;5361090,998400000900000;8,859323771000049;48,402890790000072;0
20829;08201112317500336300;08;3;17;096;2020;11;08;5;3;0;7;0;1;0;0;0;0;0;421933,217000000180000;5369845,439999999500000;7,943686298000046;48,476888731000031;0
20832;08201109426010324450;08;4;21;000;2020;11;12;2;2;0;1;0;1;0;0;0;0;0;574508,316399999890000;5362025,310900000900000;10,006781168000032;48,406977682000047;0
20837;08201113416200314820;08;4;16;025;2020;11;11;6;3;0;1;0;1;0;0;0;0;0;507683,653300000350000;5358967,884400000800000;9,103776373000073;48,383829242000047;0
20843;08201118216100329650;08;2;16;043;2020;11;11;4;3;6;7;0;0;1;1;0;0;0;442105,906100000250000;5411069,588099999400000;8,210841017000064;48,849893416000043;0
20848;08201113121200343420;08;1;21;000;2020;11;15;6;2;0;7;0;1;1;0;0;0;0;515681,462000000290000;5446326,729000000300000;9,215127210000048;49,169552927000041;0
20849;08201107121200324250;08;1;21;000;2020;11;16;7;2;0;1;0;1;0;0;0;0;0;516066,832999999630000;5442271,946799999100000;9,220252157000061;49,133068923000053;0
20853;08201115119400322710;08;1;19;091;2020;11;15;1;3;5;2;0;1;1;0;0;0;0;528134,880300000310000;5405818,838300000900000;9,383163005000029;48,804722242000025;0
20861;08201109118000334310;08;1;18;071;2020;11;11;2;2;6;4;0;0;1;1;0;0;0;509199,136400000190000;5418717,588199999200000;9,125572367000075;48,921325671000034;0
20868;08201107325202308930;08;3;25;049;2020;11;21;7;3;1;5;2;1;1;0;0;0;0;472981,970200000330000;5333412,349300000800000;8,636727785000062;48,153384871000071;0
20869;08201118135010328410;08;1;35;019;2020;11;16;4;2;1;4;0;0;0;1;0;1;0;584775,270399999800000;5392444,923399999700000;10,151675975000046;48,679290265000077;0
20883;08201117111500329540;08;1;11;000;2020;11;15;3;2;5;2;0;1;1;0;0;0;0;518456,571999999690000;5400505,137000000100000;9,251119261000042;48,757283625000071;0
20887;08201111116200310070;08;1;16;077;2020;11;06;4;3;0;7;1;1;1;0;0;0;0;516740,651800000110000;5391832,184100000200000;9,227420753000047;48,679310359000056;0
20892;08201107317500325110;08;3;17;096;2020;11;11;7;3;5;3;0;1;1;0;0;0;0;422850,010700000450000;5368535,262599999100000;7,956330915000024;48,465216919000056;0
20895;08201114415300347970;08;4;15;091;2020;11;13;7;2;0;7;0;1;1;0;0;0;0;513522,663599999620000;5361645,515200000300000;9,182724683000060;48,407820439000034;0
20897;08201109231202335300;08;2;36;043;2020;11;19;2;3;5;3;2;1;0;0;0;0;0;469856,848000000230000;5410394,870500000200000;8,589151114000060;48,845792513000049;0
20900;08201111317300336970;08;3;17;065;2020;11;18;4;3;5;3;2;1;1;0;0;0;0;414263,688900000420000;5355414,672599999200000;7,842880945000047;48,346089234000033;0
20901;08201116317600325230;08;3;17;041;2020;11;13;2;3;6;4;0;0;1;1;0;0;0;438746,474999999630000;5348288,468000000300000;8,174299087000065;48,284832772000073;0
20906;08201115436000327790;08;4;36;009;2020;11;14;1;1;0;7;0;1;0;0;0;0;0;555895,256799999620000;5308110,515300000100000;9,748213451000027;47,923877786000048;0
20908;08201112335300312300;08;3;35;075;2020;11;09;5;3;6;4;0;0;1;1;0;0;0;488316,033200000410000;5289992,263699999100000;8,844081212000049;47,763191543000062;0
20912;08201107115100315640;08;1;15;013;2020;11;16;7;3;5;3;0;1;1;0;0;0;0;496680,819000000130000;5389766,326500000400000;8,954925526000068;48,660941280000031;0
20924;08201109212010321280;08;2;12;000;2020;11;18;2;3;6;4;2;0;1;1;0;0;0;455226,657200000250000;5429036,426000000900000;8,387705664000066;49,012594328000034;0
20930;08201118311010331370;08;3;36;091;2020;11;17;4;2;0;5;0;1;1;0;0;0;0;396012,292700000110000;5273793,566199999300000;7,616383797000026;47,609202156000038;0
20936;08201117436000352280;08;4;35;016;2020;11;15;3;3;6;4;0;0;1;1;0;0;0;535549,093399999660000;5279501,890300000100000;9,473527843000056;47,667931773000078;0
20938;08201114212010332930;08;2;12;000;2020;11;16;7;3;5;3;1;1;1;0;0;0;0;458991,124900000170000;5428137,147700000600000;8,439274489000070;49,004766848000031;0
20951;08201113121200314450;08;1;21;000;2020;11;15;6;3;6;7;0;0;1;1;0;0;0;516470,995600000020000;5441984,248999999800000;9,225780822000047;49,130470281000044;0
20954;08201110317600305570;08;3;17;040;2020;11;06;3;3;5;3;2;1;1;0;0;0;0;432494,796000000090000;5347426,096999999100000;8,090174415000035;48,276439325000069;0
20961;08201114128100334910;08;1;28;007;2020;11;14;7;2;4;6;0;1;1;0;0;0;0;555538,146099999550000;5481205,567600000600000;9,766727114000048;49,480951100000027;0
20962;08201112116500340090;08;1;16;071;2020;11;13;5;2;2;6;0;1;0;0;1;0;0;529463,209699999540000;5390366,903599999800000;9,400148097000056;48,665657998000029;0
20964;08201109116400307490;08;1;16;033;2020;11;16;2;3;5;3;1;1;1;0;0;0;0;531991,073400000110000;5390533,897900000200000;9,434491646000026;48,667035891000069;0
20971;08201107317100329460;08;3;17;089;2020;11;16;7;3;0;7;0;1;0;0;0;0;0;431954,851900000130000;5375452,144400000600000;8,078354457000046;48,528486882000038;0
20974;08201119118400360610;08;1;18;048;2020;11;13;5;3;5;3;0;1;1;0;0;0;0;513708,355399999770000;5416639,255400000100000;9,187055148000070;48,902546159000053;0
20980;08201118212010359440;08;2;12;000;2020;11;10;4;2;5;2;0;1;1;0;0;0;0;461445,342000000180000;5424655,814999999500000;8,473160408000069;48,973609574000079;0
20982;08201114436500343570;08;4;36;055;2020;11;14;7;3;5;3;0;1;0;0;1;0;0;575248,072999999860000;5297885,849999999600000;10,005452749000028;47,829916964000063;0
20984;08201117311010329520;08;3;11;000;2020;11;17;3;3;0;7;2;1;0;0;0;0;0;412598,557699999770000;5314411,139699999200000;7,828839646000063;47,977032677000068;0
20985;08201109325000327510;08;3;26;017;2020;11;11;2;1;6;2;0;0;1;1;0;0;0;440295,941200000230000;5321926,672800000800000;8,198885749000056;48,047829045000071;0
20986;08201114119100316950;08;1;19;083;2020;11;16;7;3;3;6;1;1;0;0;0;0;0;534097,116200000050000;5419440,958100000400000;9,465494062000062;48,926961942000048;0
20987;08201111426100316050;08;4;26;021;2020;11;14;4;2;6;7;0;1;0;1;0;0;0;558141,999699999580000;5327223,680700000400000;9,780877106000048;48,095626415000027;0
20989;08201116437200323630;08;4;37;008;2020;11;17;2;3;6;4;2;0;1;1;0;0;0;520493,920099999760000;5328463,225999999800000;9,275315092000028;48,109101980000048;0
20993;08201111111500340970;08;1;11;000;2020;11;17;4;3;5;3;2;1;1;0;0;0;0;512771,756000000050000;5407632,083799999200000;9,173993902000063;48,821539545000064;0
21000;08201110135100306890;08;1;35;015;2020;11;05;3;3;3;6;2;1;1;0;0;0;0;580424,750799999570000;5383177,788100000500000;10,090786696000066;48,596512195000059;1
21002;08201108211100303240;08;2;16;049;2020;11;16;1;3;0;3;0;1;0;0;0;0;1;438927,085699999700000;5402599,908500000800000;8,168775317000041;48,773404255000059;0
21003;08201117212010330290;08;2;12;000;2020;11;07;3;3;6;4;2;0;0;1;0;0;1;459010,156000000420000;5429538,016499999900000;8,439393227000039;49,017369163000069;1
21005;08201114116200318060;08;1;16;078;2020;11;15;7;3;5;3;0;1;1;0;0;0;0;510228,173999999650000;5393407,587999999500000;9,138988485000027;48,693623498000079;0
21007;08201108127202333870;08;1;27;032;2020;11;18;1;3;0;1;2;1;0;0;0;0;0;567433,906700000170000;5455520,610600000200000;9,926580883000042;49,248739112000067;0
21009;08201109311300306290;08;3;15;095;2020;11;18;2;3;0;1;2;1;0;0;0;0;0;428906,917999999600000;5321688,891000000800000;8,046126536000031;48,044522913000037;0
21010;08201114117100348070;08;1;17;015;2020;11;14;7;2;3;7;0;1;0;0;1;0;0;557617,816599999550000;5392703,066199999300000;9,782821093000052;48,684709731000055;0
21011;08201106415400323490;08;4;15;061;2020;11;15;6;3;3;6;0;1;0;0;0;1;0;517037,735000000340000;5378877,862999999900000;9,230924366000068;48,562763465000046;0
21012;08201111335300321090;08;3;35;075;2020;11;10;4;3;5;3;0;1;1;0;0;0;0;486709,451799999920000;5289338,284099999800000;8,822661996000022;47,757276221000041;1
21017;08201118426010328230;08;4;26;021;2020;11;14;4;3;5;3;0;1;1;0;0;0;0;559284,527400000020000;5326089,414799999400000;9,796062813000049;48,085317071000077;0
21018;08201110435200307650;08;4;35;052;2020;11;17;3;3;5;3;2;1;1;0;0;0;0;523188,485000000340000;5289656,410000000100000;9,309423234000064;47,759858495000060;0
21028;08201117126200355830;08;1;26;069;2020;11;17;3;2;6;4;2;0;1;1;0;0;0;539697,418600000440000;5444747,514699999200000;9,544425128000057;49,154264283000032;0
21030;08201113437100331450;08;4;37;044;2020;11;17;6;3;6;4;1;0;1;1;0;0;0;529786,224100000230000;5324668,005400000100000;9,399880322000058;48,074590205000050;0
21032;08201116231000360710;08;2;31;000;2020;11;08;2;3;6;4;0;0;1;1;0;0;0;480282,518199999820000;5414814,412900000800000;8,731037166000021;48,885968312000045;0
21035;08201118226300357660;08;2;26;022;2020;11;15;4;3;2;6;0;1;1;0;0;0;0;481360,854000000280000;5467755,664999999100000;8,743299983000043;49,362225854000030;0
21037;08201115336091324020;08;3;36;069;2020;11;13;1;2;0;1;0;1;0;0;0;0;0;410513,405899999660000;5270471,025000000400000;7,809960987000068;47,581477737000057;0
21038;08201115121200360330;08;1;21;000;2020;11;13;1;3;6;6;0;0;0;1;0;1;0;516233,433699999940000;5444480,483500000100000;9,222624958000040;49,152931048000028;0
21039;08201111317100336720;08;3;17;001;2020;11;16;4;3;5;3;0;1;1;0;0;0;0;432211,457999999630000;5386460,679999999700000;8,080034462000072;48,627537748000066;0
21041;08201113212102345180;08;2;12;000;2020;11;05;6;3;6;4;2;1;0;1;0;0;0;459579,702300000000000;5427982,407800000200000;8,447337276000042;49,003413761000047;0
21043;08201118317500332000;08;3;17;096;2020;11;12;4;3;5;3;0;1;1;0;0;0;0;422054,508999999610000;5369726,260999999900000;7,945349420000071;48,475831775000074;0
21044;08201110426010324980;08;4;25;066;2020;11;06;3;3;4;2;2;1;1;0;0;0;0;577463,626500000250000;5346916,439500000300000;10,043928735000065;48,270714728000030;1
21051;08201114221011318860;08;2;21;000;2020;11;16;7;2;0;1;1;1;0;0;0;0;0;479368,759100000370000;5471745,916500000300000;8,715658002000055;49,398053633000075;1
21055;08201109126100455920;08;1;26;039;2020;11;17;2;3;5;3;1;1;1;0;0;0;0;547860,478000000120000;5460819,187000000800000;9,658286987000054;49,298241605000044;0
21059;08201113119010331040;08;1;19;084;2020;11;17;6;2;6;4;2;0;1;1;0;0;0;545572,800599999730000;5413576,169500000800000;9,621497298000065;48,873468092000053;0
21063;08201110311010346120;08;3;15;125;2020;11;07;3;3;5;3;0;1;1;0;0;0;0;411885,968000000340000;5311036,675000000700000;7,819984774000034;47,946580489000041;0
21071;08201112311010338550;08;3;11;000;2020;11;14;5;3;2;6;0;1;1;0;0;0;0;413054,744500000030000;5317580,528799999500000;7,834309166000026;48,005604559000062;0
21079;08201113335200343150;08;3;35;055;2020;11;13;6;3;0;7;0;1;0;0;0;0;0;495064,089700000360000;5285990,035900000500000;8,934177171000044;47,727268172000038;0
21086;08201118135010356870;08;1;35;015;2020;11;12;4;2;5;3;0;1;1;0;0;0;0;575044,104299999770000;5386067,612600000600000;10,018344970000044;48,623173672000064;0
21091;08201109317300305670;08;3;17;065;2020;11;15;2;3;5;3;0;1;1;0;0;0;0;411264,484100000000000;5352201,186100000500000;7,803088676000073;48,316770640000072;0
21092;08201114118300319370;08;1;18;046;2020;11;13;7;3;5;2;0;1;1;0;0;0;0;514606,419800000270000;5412672,272900000200000;9,199167704000047;48,866839678000076;0
21095;08201116436200333220;08;4;36;064;2020;11;17;2;3;6;4;2;0;1;1;0;0;0;545446,513100000100000;5292297,488600000700000;9,606693940000071;47,782435447000069;0
21105;08201119116200357980;08;1;16;080;2020;11;13;5;3;6;4;0;0;1;1;0;0;0;522120,365299999710000;5395744,771800000200000;9,300712483000041;48,714340423000067;0
21107;08201116211100323120;08;2;11;000;2020;11;10;2;3;5;2;0;1;1;0;0;0;0;443583,322599999610000;5401943,587999999500000;8,232232234000037;48,767940155000076;0
21113;08201110216200306220;08;2;11;000;2020;11;14;3;3;5;3;0;1;1;0;0;0;0;438671,890900000000000;5398028,684000000400000;8,165983303000076;48,732260765000035;0
21114;08201114417010338890;08;4;17;031;2020;11;16;7;1;6;4;0;0;1;1;0;0;0;498506,968100000170000;5358414,689799999800000;8,979836875000046;48,378897414000051;0
21116;08201109311010310110;08;3;15;014;2020;11;11;2;3;5;3;0;1;1;0;0;0;0;410148,572599999610000;5308535,569599999100000;7,797244932000069;47,923840901000062;0
21120;08201116325000327310;08;3;26;074;2020;11;17;2;2;6;4;1;0;1;1;0;0;0;459554,428999999540000;5324230,914500000000000;8,457065003000025;48,070070759000032;0
21124;08201110435100308220;08;4;35;057;2020;11;16;3;3;6;4;1;1;0;1;0;0;0;544192,174599999560000;5280095,064500000300000;9,588711429000057;47,672735816000056;0
21129;08201118117100331780;08;1;17;019;2020;11;14;4;3;5;3;0;1;1;0;0;0;0;550673,285000000150000;5394004,288699999500000;9,688636823000024;48,697017272000039;0
21139;08201114335300331150;08;3;35;055;2020;11;12;7;3;0;1;0;1;0;0;0;0;0;493684,964999999850000;5282790,219000000500000;8,915832246000036;47,698465382000052;1
21142;08201109212702330200;08;2;15;046;2020;11;09;2;3;6;2;0;0;1;1;0;0;0;451148,806099999700000;5414729,332499999600000;8,333659023000053;48,883591391000039;0
21148;08201118311100455250;08;3;15;115;2020;11;13;4;3;6;4;0;0;1;1;0;0;0;407638,286399999630000;5320472,356699999400000;7,761083647000021;48,030856945000039;0
21151;08201115212010348520;08;2;12;000;2020;11;17;1;1;6;4;2;0;1;1;0;0;0;459184,632000000220000;5428640,085000000900000;8,441869671000063;49,009303686000067;0
21155;08201109425000334700;08;4;25;134;2020;11;15;2;3;3;6;0;1;1;0;0;0;0;545360,286299999800000;5373780,216700000700000;9,614228871000023;48,515496219000056;0
21156;08201114215102345460;08;2;15;109;2020;11;13;7;2;5;1;0;1;0;0;0;0;0;463904,766999999990000;5438209,597899999500000;8,505559617000074;49,095677511000076;0
21160;08201113415400341350;08;4;15;061;2020;11;18;6;3;0;1;2;1;0;0;0;0;0;515251,662499999630000;5375684,866299999900000;9,206599685000072;48,534084421000045;0
21161;08201119121200378960;08;1;21;000;2020;11;15;5;3;6;4;0;1;0;1;0;0;0;515884,762099999930000;5441977,085599999900000;9,217744641000024;49,130421279000075;1
21181;08201112118000313720;08;1;15;050;2020;11;09;5;2;6;4;0;0;1;1;0;0;0;489046,520700000230000;5401778,193800000500000;8,850933097000052;48,768913220000059;0
21182;08201107435200303130;08;4;35;052;2020;11;13;7;3;1;5;0;1;1;0;0;0;0;521401,834800000300000;5290111,859300000600000;9,285605223000061;47,764018173000068;0
21192;08201118128010343180;08;1;28;139;2020;11;22;4;2;2;6;2;1;1;0;0;0;0;552063,844700000250000;5490239,885800000300000;9,719959132000042;49,562514529000055;0
21195;08201117231000338600;08;2;31;000;2020;11;14;3;3;6;3;0;0;1;1;0;0;0;478287,519299999810000;5416450,857000000800000;8,703737116000070;48,900622530000078;0
21199;08201110311010309400;08;3;11;000;2020;11;16;3;3;3;6;0;1;0;0;0;0;0;412762,502799999900000;5314612,250399999300000;7,830995158000064;47,978864113000043;0
21205;08201111436400323250;08;4;36;011;2020;11;10;4;3;6;4;0;0;0;1;1;0;0;548763,827800000090000;5297440,309399999700000;9,651554394000073;47,828462349000063;0
21206;08201117111500324110;08;1;11;000;2020;11;07;3;2;5;2;1;1;1;0;0;0;0;510009,133000000380000;5402150,470000000700000;9,136224306000031;48,772278104000065;0
21212;08201115231000364150;08;2;36;062;2020;11;12;1;3;6;6;0;0;1;1;0;0;0;486024,208599999550000;5404630,035800000700000;8,809705426000051;48,794507594000038;0
21213;08201112436400336650;08;4;36;087;2020;11;20;5;2;0;1;2;1;0;0;0;0;0;546174,074400000270000;5304228,477499999100000;9,617678738000052;47,889725889000033;0
21218;08201114415200343630;08;4;15;053;2020;11;15;7;3;6;4;0;0;1;1;0;0;0;537009,991999999620000;5361950,008899999800000;9,500114942000039;48,409618073000047;0
21222;08201111317100341040;08;3;17;089;2020;11;12;4;3;5;3;0;1;1;0;0;0;0;431938,678299999800000;5375897,939700000000000;8,078062623000051;48,532495141000027;0
21223;08201116311400363980;08;3;15;022;2020;11;07;2;3;5;2;0;1;1;0;0;0;0;398232,588600000370000;5301548,106599999600000;7,639428525000028;47,859208873000057;0
21225;08201106118400310100;08;1;18;048;2020;11;07;6;3;4;6;0;1;0;0;0;0;0;514211,485799999910000;5416352,480599999400000;9,193910513000049;48,899955074000047;0
21227;08201114118000342510;08;1;15;028;2020;11;13;7;2;8;1;0;1;0;0;0;0;0;503097,216099999850000;5401230,663499999800000;9,042146244000037;48,764076341000077;0
21231;08201108327200328110;08;3;27;002;2020;11;14;1;2;3;6;0;1;1;0;0;0;0;478312,315399999730000;5327350,425499999900000;8,708704671000021;48,099050680000062;0
21234;08201118426010351270;08;4;26;019;2020;11;17;4;3;6;4;2;0;1;1;0;0;0;580677,316200000230000;5321533,055299999200000;10,082415765000064;48,041981617000033;0
21242;08201114311300335430;08;3;11;000;2020;11;16;7;3;6;1;1;1;0;1;0;0;0;411319,180499999780000;5316159,351600000600000;7,811339015000044;47,992582264000077;0
21245;08201109136300332810;08;1;36;028;2020;11;15;2;2;2;6;0;1;1;0;0;0;0;568692,324900000360000;5404810,045600000800000;9,935283361000074;48,792489387000046;0
21247;08201111311010322050;08;3;11;000;2020;11;17;4;3;5;3;2;1;1;0;0;0;0;411631,833599999550000;5319281,211600000000000;7,814885602000061;48,020707461000029;0
21249;08201113126200330460;08;1;26;058;2020;11;16;6;3;2;6;0;1;0;0;0;0;0;541612,046199999750000;5449191,137399999400000;9,571141378000050;49,194107430000031;0
21250;08201106116500329760;08;1;16;081;2020;11;12;6;3;6;6;0;1;0;1;0;0;0;518320,373200000260000;5385818,818600000800000;9,248614868000061;48,625169296000081;0
21254;08201115127100344050;08;1;27;079;2020;11;14;1;3;0;1;0;1;0;0;0;0;1;562581,006000000050000;5421055,973999999500000;9,854569290000029;48,939263821000054;0
21257;08201117435100329260;08;4;35;016;2020;11;12;3;3;5;2;0;1;1;0;0;0;0;536191,362999999900000;5278079,247999999700000;9,481964988000073;47,655096063000030;0
21259;08201114136200345810;08;1;36;019;2020;11;14;7;3;0;7;0;1;0;0;0;0;0;585174,128999999720000;5422897,183800000700000;10,163414880000062;48,953125371000056;0
21263;08201112317500340130;08;3;17;034;2020;11;17;5;3;8;1;2;1;0;0;0;0;0;425908,580000000070000;5363370,724999999600000;7,998613541000054;48,419129048000059;1
21264;08201106116400323480;08;1;16;033;2020;11;18;6;3;6;4;2;0;1;1;0;0;0;534398,735600000250000;5387862,452999999700000;9,466968585000075;48,642875977000074;0
21269;08201117118500353560;08;1;18;049;2020;11;08;3;3;5;2;0;1;1;0;0;0;0;518918,551300000400000;5421039,478199999800000;9,258353470000031;48,941991785000027;0
21281;08201117326400329410;08;3;26;074;2020;11;12;3;3;5;3;0;1;1;0;0;0;0;458965,492499999700000;5323311,367000000600000;8,449247855000067;48,061760270000036;0
21290;08201112119010311430;08;1;19;008;2020;11;06;5;2;5;3;2;1;1;0;0;0;0;533065,285000000150000;5419005,417999999600000;9,451372649000064;48,923100051000063;0
21294;08201119118400346440;08;1;18;048;2020;11;17;5;3;5;2;2;1;1;0;0;0;0;512658,763199999930000;5415278,923200000100000;9,172691021000048;48,890331308000043;1
21311;08201108415400303290;08;4;15;060;2020;11;19;1;2;0;7;2;1;0;0;0;0;0;512819,427799999710000;5377713,849800000000000;9,173715153000046;48,552392158000032;0
21312;08201113231000357200;08;2;36;013;2020;11;13;6;2;8;1;0;0;0;1;1;0;0;475407,474200000060000;5408767,150299999900000;8,664901910000026;48,831394774000046;0
21313;08201118437200330380;08;4;37;102;2020;11;16;4;3;6;4;0;0;1;1;0;0;0;499767,486100000330000;5327999,945000000300000;8,996876645000043;48,105263566000076;0
21317;08201112435100312840;08;4;35;035;2020;11;18;5;3;0;1;2;1;0;0;0;0;0;542217,659300000410000;5283109,912799999100000;9,562700692000021;47,699993092000057;0
21322;08201125121600370810;08;1;25;094;2020;11;14;4;3;0;1;0;1;0;0;0;0;0;513937,245000000110000;5436734,853000000100000;9,190867737000076;49,083312564000039;0
21325;08201125325102350910;08;3;25;070;2020;11;17;4;3;6;4;2;0;1;1;0;0;0;462321,486800000070000;5349227,338800000000000;8,491990747000045;48,295121776000030;0
21327;08201126317300352350;08;3;17;026;2020;11;07;5;3;0;5;1;1;1;0;0;0;0;411974,283499999900000;5345682,523499999200000;7,814019212000062;48,258235777000039;0
21334;08201120311010349150;08;3;11;000;2020;11;06;6;3;4;7;2;1;0;0;0;0;1;412856,067599999720000;5317723,558399999500000;7,831616981000025;48,006864096000072;0
21340;08201127119200353450;08;1;19;020;2020;11;10;6;3;6;2;0;0;1;1;0;0;0;519802,189000000250000;5406040,338999999700000;9,269694113000071;48,807036172000039;0
21352;08201127326200373870;08;3;26;061;2020;11;12;6;3;6;4;0;0;1;1;0;0;0;470318,441800000150000;5319293,323400000100000;8,601897650000069;48,026239662000080;1
21365;08201120221011338950;08;2;26;085;2020;11;11;6;2;6;4;0;0;0;1;0;1;0;493439,503999999720000;5454046,040699999800000;8,909873004000076;49,239155641000082;0
21366;08201130136010369550;08;1;36;019;2020;11;17;2;3;6;6;2;0;1;1;0;0;0;590128,099999999630000;5425366,058900000500000;10,231613249000077;48,974627194000050;0
21369;08201125117010371850;08;1;17;030;2020;11;11;4;2;0;1;0;1;0;0;0;0;0;547896,963700000200000;5390042,794600000600000;9,650450955000054;48,661600827000029;0
21376;08201120216100362990;08;2;16;043;2020;11;13;6;2;5;3;0;1;1;0;0;0;0;441813,536999999550000;5414391,634999999800000;8,206383725000023;48,879747766000037;0
21391;08201130119500376690;08;1;19;089;2020;11;05;2;3;0;3;2;1;0;0;0;0;1;534435,349999999630000;5412168,606799999300000;9,469498473000044;48,861524927000062;1
21401;08201120212401360440;08;2;12;000;2020;11;12;6;3;6;4;0;1;0;1;0;0;0;455650,482099999670000;5427322,952299999100000;8,393688458000042;48,997212062000074;0
21408;08201126118010370480;08;1;18;050;2020;11;20;5;3;5;3;2;1;1;0;0;0;0;505887,724999999630000;5416670,570000000300000;9,080340634000038;48,902951572000063;0
21410;08201202231202402320;08;2;36;004;2020;12;07;4;3;5;3;1;1;1;0;0;0;0;473360,134999999780000;5415373,222999999300000;8,636575408000056;48,890736254000046;1
21415;08201126121200353820;08;1;21;000;2020;11;14;5;3;6;2;0;0;1;1;0;0;0;515772,712399999610000;5444412,164300000300000;9,216304009000055;49,152328504000081;0
21417;08201202325202424660;08;3;25;049;2020;12;20;4;3;0;1;2;1;0;0;0;0;0;472335,012199999760000;5334876,345400000000000;8,627934039000024;48,166528252000035;1
21436;08201130231000363300;08;2;31;000;2020;11;17;2;2;6;2;2;0;1;1;0;0;0;477952,808600000110000;5416067,347300000500000;8,699190817000044;48,897160788000065;0
21438;08201120212000347390;08;2;12;000;2020;11;09;6;2;5;3;0;1;1;0;0;0;0;455139,903599999850000;5428250,126199999800000;8,386606234000055;49,005515192000075;0
21446;08201124216100367800;08;2;16;039;2020;11;21;3;3;6;6;2;0;0;1;1;0;0;444107,172899999660000;5413721,274900000500000;8,237755734000075;48,873928917000057;1
21450;08201124215402349270;08;2;15;009;2020;11;11;3;3;3;6;0;1;1;0;0;0;0;470334,235999999570000;5440918,533099999700000;8,593430262000027;49,120388606000063;0
21451;08201124215202347770;08;2;15;084;2020;11;17;3;3;1;7;2;0;0;1;0;1;1;473983,386699999680000;5447399,350700000300000;8,643022249000069;49,178850187000080;0
21455;08201126235100361250;08;2;35;007;2020;11;07;5;3;5;3;2;1;1;0;0;0;0;484470,204199999570000;5396665,120100000900000;8,788846753000030;48,722818866000068;0
21473;08201128325102358730;08;3;25;045;2020;11;13;7;3;5;3;0;1;1;0;0;0;0;471757,122200000100000;5347450,052100000900000;8,619324321000022;48,279623920000063;0
21476;08201126225100363150;08;2;25;002;2020;11;15;5;3;0;6;0;1;1;0;0;0;0;498929,825299999680000;5466834,418800000100000;8,985263855000028;49,354223261000072;0
21477;08201124121300369160;08;1;21;000;2020;11;15;3;3;6;4;0;0;1;1;0;0;0;514676,480600000360000;5446255,786200000000000;9,201337808000062;49,168939635000072;0
21478;08201129119010372630;08;1;19;020;2020;11;01;1;3;6;7;2;0;1;1;0;0;0;519377,621399999600000;5405117,524299999700000;9,263868265000042;48,798748071000034;0
21487;08201124118200370980;08;1;18;011;2020;11;16;3;3;6;4;0;1;0;1;0;0;0;505216,775299999860000;5407990,839800000200000;9,071074580000072;48,824876270000061;0
21490;08201130119400367870;08;1;19;079;2020;11;09;2;3;6;2;0;0;1;1;0;0;0;521755,667299999860000;5411173,772099999700000;9,296571390000054;48,853150001000074;0
21496;08201124116200374620;08;1;16;077;2020;11;11;3;3;6;4;0;0;1;1;0;0;0;515695,752999999560000;5390861,686000000700000;9,213189132000025;48,670606843000030;0