OBJECTID;UIDENTSTLAE;ULAND;UREGBEZ;UKREIS;UGEMEINDE;UJAHR;UMONAT;USTUNDE;UWOCHENTAG;UKATEGORIE;UART;UTYP1;ULICHTVERH;IstRad;IstPKW;IstFuss;IstKrad;IstGkfz;IstSonstige;LINREFX;LINREFY;XGCSWGS84;YGCSWGS84;STRZUSTAND
21497;08201202111500400580;08;1;11;000;2020;12;07;4;3;5;3;2;1;1;0;0;0;0;506973,151300000030000;5408883,925300000200000;9,095019022000031;48,832893117000026;0
21503;08201126317300371180;08;3;17;065;2020;11;05;5;3;5;3;2;1;0;0;0;0;1;413611,608599999920000;5355264,827199999200000;7,834112935000064;48,344652554000049;0
21513;08201130116200370500;08;1;16;080;2020;11;16;2;3;5;3;0;1;1;0;0;0;0;518138,627999999560000;5397598,093000000300000;9,246665359000076;48,731141394000076;0
21525;08201123436200341230;08;4;36;064;2020;11;14;2;3;5;3;0;1;1;0;0;0;0;545257,766599999740000;5292291,674100000400000;9,604173783000022;47,782396424000069;0
21528;08201201311010393510;08;3;15;094;2020;12;07;3;3;1;6;1;0;1;1;0;1;0;432052,039800000380000;5313666,759700000300000;8,089590859000055;47,972698117000050;2
21529;08201126311010351980;08;3;11;000;2020;11;12;5;3;3;6;0;1;1;0;0;1;0;413973,827800000090000;5315910,509199999300000;7,846963702000039;47,990706489000047;0
21534;08201123435200347020;08;4;35;034;2020;11;12;2;3;0;1;0;1;0;0;0;0;0;529362,678999999540000;5285304,832699999200000;9,391515202000051;47,720453999000028;1
21535;08201202211000383440;08;2;16;017;2020;12;06;4;2;5;2;2;1;1;0;0;0;0;451451,342699999920000;5401207,462400000500000;8,339385993000064;48,761981962000050;1
21536;08201123435100354210;08;4;35;016;2020;11;04;2;3;5;3;2;1;1;0;0;0;0;535716,778400000180000;5277958,140499999700000;9,475635215000068;47,654032783000048;0
21537;08201126111500351810;08;1;11;000;2020;11;17;5;3;5;3;2;1;1;0;0;0;0;509921,880499999970000;5399171,082499999600000;9,134964980000063;48,745477022000046;0
21541;08201123435100352680;08;4;35;035;2020;11;17;2;3;0;7;2;1;0;0;0;0;0;542061,797000000250000;5280932,180999999900000;9,560413426000025;47,680409675000078;0
21547;08201120118200381670;08;1;18;027;2020;11;08;6;3;5;3;0;1;0;0;0;0;1;503411,440600000320000;5412963,721599999800000;9,046519704000048;48,869624124000040;1
21558;08201129212010378140;08;2;12;000;2020;11;21;1;2;6;2;2;0;1;1;0;0;0;455182,768899999560000;5428478,577800000100000;8,387167099000067;49,007573249000075;0
21559;08201201119100456420;08;1;19;008;2020;12;07;3;3;6;4;2;0;1;1;0;0;0;532047,964999999850000;5421109,366599999400000;9,437651091000021;48,942079546000059;2
21562;08201127327200354680;08;3;27;046;2020;11;13;6;3;6;2;0;0;1;1;0;0;0;480444,812699999660000;5324311,155899999700000;8,737485883000034;48,071775530000082;0
21563;08201123416010341450;08;4;15;060;2020;11;09;2;3;6;4;0;0;0;1;0;1;0;512843,850200000220000;5380729,040100000800000;9,174139199000024;48,579517082000052;0
21575;08201123311010367350;08;3;11;000;2020;11;17;2;3;5;3;2;1;0;0;0;0;1;413145,493800000290000;5315421,986300000900000;7,835962471000073;47,986200087000043;0
21576;08201120117010354830;08;1;17;019;2020;11;18;6;2;6;4;2;0;1;1;0;0;0;553952,344399999830000;5394654,426899999400000;9,733279644000049;48,702590539000028;0
21584;08201123231000347080;08;2;36;076;2020;11;13;2;2;0;1;0;1;0;0;0;0;0;473171,466300000440000;5423283,898000000000000;8,633481192000033;48,961888971000064;0
21606;08201128325000372870;08;3;25;049;2020;11;17;7;1;2;6;1;1;1;0;0;0;0;471447,411399999630000;5336699,351700000500000;8,615874498000039;48,182890053000051;0
21608;08201123212000362290;08;2;15;094;2020;11;21;2;3;6;7;2;0;0;1;1;0;0;486558,473199999890000;5439342,179600000400000;8,815834241000061;49,106777590000036;0
21617;08201125417300346200;08;4;17;031;2020;11;05;4;3;5;3;2;1;1;0;0;0;0;497656,067400000060000;5355992,493799999400000;8,968359119000070;48,357103281000036;0
21622;08201202311010402810;08;3;11;000;2020;12;16;4;3;4;7;1;1;0;0;0;0;0;412803,263399999590000;5318152,551300000400000;7,830821933000038;48,010715813000047;0
21629;08201123127100343090;08;1;27;059;2020;11;14;2;2;6;7;0;0;0;1;0;1;0;549007,961600000040000;5438055,489900000400000;9,671292016000052;49,093398245000060;1
21630;08201130337010363100;08;3;37;090;2020;11;16;2;2;6;2;0;0;0;1;0;0;1;421613,168300000020000;5273924,881899999500000;7,956926953000050;47,613986127000032;0
21646;08201119425000345820;08;4;25;020;2020;11;16;5;2;6;2;0;0;1;1;0;0;0;558551,234500000250000;5361519,805199999400000;9,791117535000069;48,404114839000044;0
21650;08201119421200340400;08;4;25;072;2020;11;17;5;3;3;6;2;1;1;0;0;0;0;576045,775999999610000;5370725,388000000300000;10,029132432000040;48,485051546000079;0
21655;08201119416100332570;08;4;16;036;2020;11;07;5;3;5;3;0;1;1;0;0;0;0;498199,121799999850000;5369211,409000000000000;8,975633077000055;48,476029449000066;0
21663;08201123116200368650;08;1;16;078;2020;11;18;2;2;4;3;2;1;1;0;0;0;0;512321,444099999960000;5393101,579099999700000;9,167424245000063;48,690832797000041;1
21665;08201130222700376220;08;2;22;000;2020;11;08;2;3;5;3;0;1;1;0;0;0;0;462058,088999999690000;5481717,977000000000000;8,476133864000076;49,486914999000078;0
21672;08201202136300399190;08;1;36;061;2020;12;06;4;3;6;6;2;0;0;1;0;0;1;560366,411899999720000;5415396,335799999500000;9,823494236000045;48,888576466000075;2
21680;08201119335100352650;08;3;35;002;2020;11;08;5;3;6;4;0;0;1;1;0;0;0;505104,691100000400000;5284618,326400000600000;9,068057527000065;47,714924738000036;0
21683;08201126221011353300;08;2;21;000;2020;11;08;5;3;4;6;0;1;0;0;0;0;0;479146,611800000070000;5473684,749099999700000;8,712494568000068;49,415485604000025;0
21704;08201126136300354350;08;1;36;065;2020;11;16;5;3;5;3;0;1;1;0;0;0;0;562589,364400000310000;5403705,531899999800000;9,852030076000062;48,783198609000067;0
21730;08201202317200394080;08;3;17;005;2020;12;13;4;3;6;3;0;0;1;1;0;0;0;424676,345599999650000;5376933,923699999200000;7,979517516000044;48,540983990000029;0
21733;08201121336200339040;08;3;36;105;2020;11;17;7;3;5;3;2;1;1;0;0;0;0;398713,270200000140000;5267587,243300000200000;7,653743755000050;47,553801852000049;0
21737;08201121335300337950;08;3;35;075;2020;11;13;7;3;6;2;0;0;1;1;0;0;0;487536,622700000180000;5289993,580900000400000;8,833680235000031;47,763188794000030;0
21741;08201126311010372200;08;3;11;000;2020;11;16;5;3;3;2;0;1;1;0;0;0;0;414755,487700000410000;5319063,178400000600000;7,856811812000046;48,019170646000077;0
21745;08201121317300359250;08;3;17;065;2020;11;10;7;2;5;3;0;1;1;0;0;0;0;417993,852800000460000;5354740,966099999800000;7,893345403000069;48,340524613000071;0
21746;08201202212010396350;08;2;12;000;2020;12;07;4;3;6;4;1;0;1;1;0;0;0;454282,013100000100000;5432518,138599999200000;8,374395531000062;49,043843187000050;1
21747;08201127416100373920;08;4;16;036;2020;11;14;6;3;6;4;0;0;1;1;0;0;0;495023,830599999990000;5368821,987800000200000;8,932674208000037;48,472508932000039;0
21749;08201121311010363290;08;3;36;091;2020;11;12;7;2;6;4;0;0;1;1;0;0;1;394455,896900000050000;5271767,470599999700000;7,596169131000067;47,590725587000065;0
21757;08201121221011341110;08;2;21;000;2020;11;20;7;3;1;5;2;1;1;0;0;0;0;477634,646200000310000;5472272,643200000700000;8,691728964000049;49,402730223000049;0
21760;08201127121400354460;08;1;25;081;2020;11;15;6;3;7;7;0;1;0;0;0;0;0;498179,132199999880000;5434494,089999999900000;8,975073601000077;49,063310887000057;0
21767;08201121126200351660;08;1;26;066;2020;11;17;7;3;6;4;2;0;1;1;0;0;0;536845,958800000140000;5449575,520400000700000;9,505763090000073;49,197869895000053;0
21769;08201201119200390880;08;1;19;093;2020;12;16;3;2;5;3;1;1;1;0;0;0;0;523324,523500000130000;5407003,356899999100000;9,317720247000068;48,815577047000033;1
21778;08201121118600364590;08;1;18;073;2020;11;22;7;3;0;7;2;1;0;0;0;0;0;498023,905100000090000;5418816,923000000400000;8,973024898000062;48,922284464000029;0
21791;08201121115200363440;08;1;15;015;2020;11;16;7;3;5;3;0;1;1;0;0;0;0;491312,963000000450000;5387696,478000000100000;8,882073589000072;48,642269038000052;0
21792;08201128426010372700;08;4;26;021;2020;11;10;7;2;5;3;0;1;0;0;0;0;0;558411,173200000080000;5327164,329099999700000;9,784483773000034;48,095067856000071;0
21796;08201127317500356520;08;3;17;096;2020;11;17;6;3;4;6;2;1;0;0;0;0;0;420611,711000000130000;5371986,232300000300000;7,925401599000054;48,495979333000037;1
21810;08201120426010342090;08;4;26;021;2020;11;07;6;2;5;3;2;1;1;0;0;0;0;557717,683799999770000;5327092,714099999500000;9,775161157000071;48,094486793000044;1
21830;08201202311010418000;08;3;11;000;2020;12;16;4;2;6;4;0;0;1;1;0;0;0;403974,916000000200000;5316776,324300000400000;7,712784576000047;47,997071183000060;0
21836;08201127212010369320;08;2;15;017;2020;11;15;6;3;2;2;0;1;1;0;0;0;0;459110,686400000010000;5423716,497800000000000;8,441353881000055;48,965010099000040;0
21838;08201120327200343220;08;3;27;051;2020;11;14;6;3;6;3;0;0;1;1;0;0;0;484286,667600000280000;5332915,723600000100000;8,788742519000039;48,149296664000076;0
21866;08201210119200421970;08;1;19;093;2020;12;17;5;3;5;3;2;1;1;0;0;0;0;523906,458999999800000;5406249,502000000300000;9,325603165000075;48,808773425000027;0
21892;08201206221011444300;08;2;26;041;2020;12;14;1;3;5;3;0;1;1;0;0;0;0;477619,967199999840000;5465851,484500000300000;8,691887868000038;49,344971997000073;0
21895;08201204116200410010;08;1;16;077;2020;12;14;6;3;5;3;0;1;1;0;0;0;0;517533,424999999810000;5391266,516000000800000;9,238166446000037;48,674199819000080;0
21900;08201208212102404030;08;2;12;000;2020;12;11;3;3;0;1;0;1;0;0;0;0;0;461558,028800000440000;5424541,471799999500000;8,474710983000023;48,972588046000055;0
21909;08201209311010396000;08;3;11;000;2020;12;18;4;3;6;2;2;0;1;1;0;0;0;414100,163999999870000;5316800,123299999200000;7,848478611000076;47,998725886000045;1
21915;08201203435100395060;08;4;35;016;2020;12;17;5;3;5;3;1;1;1;0;0;0;0;533878,627000000330000;5279553,068000000000000;9,451281276000032;47,668481913000051;1
21916;08201210116010421650;08;1;16;019;2020;12;16;5;2;6;4;2;0;1;1;0;0;0;524765,660500000230000;5397743,491800000900000;9,336793029000035;48,732221235000054;0
21926;08201208118500418870;08;1;18;006;2020;12;18;3;3;3;6;2;1;1;0;0;0;0;516208,336400000380000;5421355,200600000100000;9,221355401000039;48,944908867000038;1
21928;08201207311010391160;08;3;11;000;2020;12;07;2;3;1;7;1;1;1;0;0;0;0;414739,898099999870000;5312978,421000000100000;7,857811424000033;47,964433689000032;1
21931;08201206335000407750;08;3;35;075;2020;12;17;1;2;6;4;2;0;0;1;0;0;1;487640,060700000260000;5289711,794399999100000;8,835068590000049;47,760655405000080;1
21933;08201208111500394300;08;1;11;000;2020;12;06;3;3;7;7;2;1;0;0;0;0;1;513527,607699999590000;5405814,099899999800000;9,184231137000040;48,805169210000031;0
21945;08201203337010398130;08;3;37;066;2020;12;07;5;3;6;4;1;0;1;1;0;0;0;429656,377500000410000;5268436,242699999400000;8,064820399000041;47,565530052000042;1
21957;08201203325000458650;08;3;26;012;2020;12;17;5;2;6;2;2;0;1;1;0;0;0;461814,424999999810000;5311682,932000000000000;8,488519224000072;47,957318336000071;0
21962;08201209311010394560;08;3;11;000;2020;12;10;4;3;0;7;0;1;0;0;0;0;0;414612,867600000460000;5317544,218299999800000;7,855202076000069;48,005487993000031;1
21966;08201208127010392180;08;1;27;025;2020;12;13;3;2;6;4;0;0;1;1;0;0;0;556298,274299999700000;5427777,662499999600000;9,769714718000046;49,000328098000068;0
21972;08201203311010384530;08;3;11;000;2020;12;07;5;3;5;3;2;1;1;0;0;0;0;411678,885200000370000;5319207,663699999500000;7,815531633000035;48,020052388000067;0
21973;08201210212702397240;08;2;15;108;2020;12;13;5;3;5;3;0;1;0;0;0;0;0;447419,458300000060000;5423743,350099999500000;8,281631870000069;48,964367592000031;0
21981;08201204311010396020;08;3;11;000;2020;12;12;6;3;5;2;0;1;1;0;0;0;0;414946,864500000140000;5315692,099800000000000;7,860046208000028;47,988871964000055;1
21992;08201203215302393430;08;2;15;059;2020;12;17;5;3;5;3;2;1;1;0;0;0;0;483301,933000000190000;5433115,184000000400000;8,771473025000034;49,050683340000035;0
21996;08201209317300401320;08;3;17;065;2020;12;18;4;3;3;7;2;1;1;0;0;0;0;414180,498800000180000;5354849,765399999900000;7,841873560000067;48,340996705000066;0
21999;08201208231000401660;08;2;36;076;2020;12;06;3;3;6;4;2;0;1;1;0;0;0;471377,210400000210000;5423440,188600000000000;8,608958500000028;48,963214395000080;0
22005;08201207215402411430;08;2;15;009;2020;12;07;2;3;6;2;2;0;1;1;0;0;0;468995,877000000330000;5441304,572000000600000;8,575058881000075;49,123795046000055;1
22024;08201208128200406080;08;1;28;138;2020;12;14;3;3;3;6;0;1;1;0;0;0;0;542138,129900000060000;5479836,694000000100000;9,581600158000072;49,469717109000044;0
22030;08201209221011394070;08;2;21;000;2020;12;07;4;2;6;4;1;1;0;1;0;0;0;477346,027700000440000;5468504,854100000100000;8,687965573000042;49,368828742000062;0
22044;08201208111500406720;08;1;11;000;2020;12;14;3;2;2;6;0;1;0;0;0;0;1;513480,664900000210000;5402497,075500000300000;9,183482999000034;48,775330613000051;0
22046;08201204215102387150;08;2;15;090;2020;12;14;6;3;4;6;0;1;0;0;0;0;0;463731,246100000110000;5434067,681500000900000;8,503554229000031;49,058410116000061;1
22048;08201209317010394180;08;3;17;096;2020;12;07;4;3;5;3;2;1;1;0;0;0;0;424369,850999999790000;5368224,225999999800000;7,976943788000028;48,462603729000080;1
22049;08201204212402394460;08;2;12;000;2020;12;17;6;3;5;3;2;1;1;0;0;0;0;452846,120299999600000;5429740,676599999900000;8,355071090000024;49,018751744000042;1
22051;08201209336200409570;08;3;36;105;2020;12;17;4;3;6;2;2;0;1;1;0;0;0;399833,445000000300000;5267277,695000000300000;7,668698969000047;47,551191099000050;1
22053;08201208311010393710;08;3;11;000;2020;12;17;3;3;0;6;2;1;1;0;0;0;0;414572,547100000080000;5317309,647299999400000;7,854708322000022;48,003372549000062;0
22055;08201203118500385550;08;1;18;078;2020;12;11;5;3;5;3;0;1;1;0;0;0;0;514687,523799999620000;5419196,170199999600000;9,200508178000064;48,925524943000028;1
22057;08201207212010396680;08;2;12;000;2020;12;08;2;3;6;2;0;0;1;1;0;0;0;461314,518000000160000;5430422,079399999200000;8,470823594000024;49,025470291000033;1
22086;08201202435200401130;08;4;35;052;2020;12;06;4;3;6;4;2;0;1;1;0;0;0;521592,886800000440000;5291475,183599999200000;9,288222525000037;47,776278223000077;1
22088;08201202435100385580;08;4;35;016;2020;12;14;4;2;0;1;0;1;0;0;0;0;0;536899,556200000460000;5278294,167600000300000;9,491413876000024;47,656989776000046;0
22094;08201205135200398470;08;1;35;019;2020;12;18;7;3;6;2;2;0;1;1;0;0;0;585240,750599999910000;5392448,124800000300000;10,157998861000067;48,679255675000036;1
22096;08201202435100383520;08;4;35;035;2020;12;10;4;3;5;3;0;1;1;0;0;0;0;542647,468600000250000;5282465,610500000400000;9,568366139000034;47,694167927000080;0
22105;08201202335300427210;08;3;35;028;2020;12;16;4;3;5;3;0;1;1;0;0;0;0;483255,341799999590000;5286878,977000000000000;8,776668228000062;47,735068095000031;0
22110;08201216127202423250;08;1;27;014;2020;12;17;4;2;0;7;0;1;0;1;0;0;0;577110,214900000020000;5443973,989000000100000;10,057300615000031;49,143748650000077;0
22111;08201216311010413880;08;3;11;000;2020;12;15;4;3;0;7;0;1;0;0;0;0;0;414532,038499999790000;5313161,716399999300000;7,854990959000077;47,966054790000044;0
22112;08201216117010441420;08;1;17;009;2020;12;17;4;3;0;1;2;1;0;0;0;0;0;548244,552299999630000;5399353,260800000300000;9,656258977000050;48,745326299000055;0
22116;08201216117010412560;08;1;17;028;2020;12;12;4;3;0;1;0;1;0;0;0;0;0;547648,144600000230000;5385110,393200000700000;9,646504890000074;48,617249906000040;0
22118;08201217121400414650;08;1;25;108;2020;12;12;5;3;6;7;0;0;1;1;0;0;0;494658,281100000250000;5433993,137700000800000;8,926882266000064;49,058784091000064;0
22130;08201215435100435420;08;4;35;016;2020;12;16;3;3;6;4;1;0;1;1;0;0;0;536821,110000000340000;5279795,121999999500000;9,490495692000025;47,670498913000074;0
22132;08201217115100437450;08;1;15;003;2020;12;14;5;3;5;3;0;1;1;0;0;0;0;499625,549499999730000;5392614,245699999900000;8,994912383000042;48,686570233000054;0
22133;08201215426300407610;08;4;26;097;2020;12;05;3;3;5;3;2;1;1;0;0;0;0;536466,120099999940000;5333533,596400000200000;9,490313157000060;48,154004013000076;0
22136;08201215416041435040;08;4;16;041;2020;12;16;3;3;2;6;2;1;1;0;0;0;0;499995,182799999600000;5372048,734899999600000;8,999934788000076;48,501557800000057;1
22138;08201215416000408060;08;4;16;025;2020;12;09;3;3;0;7;0;1;0;0;0;0;0;505940,472099999900000;5361712,347100000800000;9,080271611000057;48,408538780000072;1
22139;08201217316100439130;08;3;16;051;2020;12;18;5;3;5;3;2;1;1;0;0;0;0;399222,993400000040000;5335212,708300000100000;7,644753883000021;48,162166813000056;0
22150;08201215327100436580;08;3;27;025;2020;12;18;3;2;6;4;2;0;1;1;0;0;1;479912,749800000340000;5309376,528899999300000;8,731042844000058;47,937390948000029;1
22161;08201218119400418920;08;1;19;079;2020;12;18;6;2;0;1;2;1;0;0;0;0;0;521279,544900000100000;5407194,667199999100000;9,289874424000061;48,817371442000081;0
22164;08201215311010410480;08;3;11;000;2020;12;15;3;3;0;7;0;1;0;0;0;0;0;414607,661999999550000;5318497,557199999700000;7,854942454000025;48,014062936000073;1
22187;08201217426010451160;08;4;26;070;2020;12;09;5;3;2;2;0;1;1;0;0;0;0;565178,400999999610000;5342167,882999999400000;9,877659249000033;48,229381663000026;0
22202;08201215119300443760;08;1;19;067;2020;12;05;3;3;5;3;2;1;1;0;0;0;0;539302,516699999570000;5405869,317399999100000;9,535251573000039;48,804570467000076;0
22209;08201217216200423620;08;2;11;000;2020;12;07;5;2;5;3;2;1;1;0;0;0;0;437851,551199999640000;5397697,774700000900000;8,154878440000061;48,729202937000082;0
22231;08201214436000414380;08;4;35;016;2020;12;17;2;3;5;3;2;1;1;0;0;0;0;537231,002999999560000;5281808,377000000300000;9,496127388000048;47,688589411000066;0
22232;08201216222700414870;08;2;22;000;2020;12;16;4;3;0;7;0;1;0;0;0;0;0;461577,001500000250000;5481166,411200000000000;8,469545359000051;49,481923685000027;0
22238;08201217121500438600;08;1;25;005;2020;12;06;5;3;6;4;2;0;1;1;0;0;0;515761,257899999620000;5452843,222500000100000;9,216477568000073;49,228168311000047;1
22244;08201214317500419330;08;3;17;096;2020;12;16;2;3;3;2;1;1;1;0;0;0;0;422848,081399999560000;5368535,392000000900000;7,956304796000040;48,465217846000030;0
22247;08201214311010422930;08;3;11;000;2020;12;13;2;2;3;2;0;1;1;0;0;0;0;415102,066999999810000;5315672,003000000500000;7,862129912000057;47,988711808000062;0
22248;08201211212010417700;08;2;12;000;2020;12;07;6;3;5;3;1;1;1;0;0;0;0;455242,430100000460000;5429262,016799999400000;8,387896473000069;49,014624679000065;0
22249;08201216436400439890;08;4;36;008;2020;12;15;4;3;0;1;0;1;0;0;0;0;0;545247,275799999940000;5308573,140200000300000;9,605737474000023;47,928880087000039;0
22252;08201214311010405170;08;3;11;000;2020;12;09;2;3;0;7;0;1;0;0;0;0;0;403828,596199999560000;5311563,607000000800000;7,711990430000071;47,950161056000070;0
22259;08201216211000429240;08;2;16;043;2020;12;16;4;1;5;2;1;1;1;0;0;0;0;443784,808600000110000;5412227,650499999500000;8,233565088000034;48,860464594000064;1
22262;08201217316200431120;08;3;16;039;2020;12;17;5;3;5;3;2;1;1;0;0;0;0;417327,368300000210000;5326266,802899999500000;7,889903722000042;48,084308261000047;1
22266;08201216416200436110;08;4;16;022;2020;12;14;4;3;0;1;0;1;0;0;0;0;0;510122,896099999550000;5375413,754400000000000;9,137118866000037;48,531749121000075;1
22273;08201214212702455340;08;2;12;000;2020;12;07;2;3;2;3;2;1;1;0;0;0;0;451216,582000000400000;5426181,943900000300000;8,333212771000035;48,986614224000050;0
22274;08201217226600416440;08;2;26;107;2020;12;13;5;3;0;7;0;1;0;0;0;0;0;475134,937800000420000;5484634,258800000000000;8,656498789000068;49,513822724000079;0
22275;08201214212010427300;08;2;12;000;2020;12;15;2;3;5;3;0;1;0;0;0;0;1;455732,533800000320000;5428217,590600000700000;8,394712623000032;49,005265323000060;0
22276;08201211127100398620;08;1;27;062;2020;12;05;6;3;0;1;2;1;0;0;0;0;0;549297,983699999750000;5429055,538200000300000;9,674168749000046;49,012421327000027;0
22285;08201217127100429990;08;1;27;076;2020;12;13;5;3;5;3;0;1;0;0;0;0;1;556236,578999999910000;5438739,699999999300000;9,770393270000056;49,098934248000035;1
22289;08201214127202432010;08;1;27;104;2020;12;06;2;3;6;4;2;0;1;1;0;0;0;579996,832100000230000;5434493,076500000400000;10,094995402000052;49,058109936000051;0
22303;08201214119300407070;08;1;19;067;2020;12;11;2;3;5;3;0;1;1;0;0;0;0;539002,222799999640000;5405651,203900000100000;9,531141407000064;48,802627336000057;0
22304;08201216136010430650;08;1;36;088;2020;12;13;4;3;5;3;0;1;1;0;0;0;0;586951,552899999540000;5406322,368499999900000;10,184163205000061;48,803806115000043;0
22310;08201214111500449780;08;1;11;000;2020;12;13;2;1;6;4;0;0;0;1;0;0;1;513399,863199999560000;5405070,348099999100000;9,182467135000024;48,798481274000039;0
22314;08201217111500424960;08;1;11;000;2020;12;10;5;2;6;7;0;0;1;1;0;0;0;517296,088399999770000;5406951,476500000800000;9,235601226000028;48,815307417000042;0
22327;08201211116500414830;08;1;16;035;2020;12;10;6;3;5;3;0;1;1;0;0;0;0;527008,925800000320000;5391693,356499999800000;9,366903154000056;48,677701657000057;0
22334;08201217221011416940;08;2;21;000;2020;12;09;5;3;6;4;0;0;1;1;0;0;0;477393,795500000010000;5471867,863199999600000;8,688432305000049;49,399080387000026;0
22339;08201213221400448900;08;2;21;000;2020;12;13;1;3;6;2;0;0;1;1;0;0;0;477286,047500000340000;5469971,208599999500000;8,687055693000048;49,382016213000043;1
22346;08201217212402415840;08;2;12;000;2020;12;10;5;3;0;7;0;1;0;0;0;0;0;455737,751099999990000;5428237,989199999700000;8,394781734000048;49,005449184000042;0
22348;08201211111500412730;08;1;11;000;2020;12;11;6;3;6;2;0;0;1;1;0;0;0;508066,581399999560000;5397430,563500000200000;9,109693768000057;48,729846086000066;1
22352;08201218111500430560;08;1;11;000;2020;12;18;6;3;6;2;2;0;1;1;0;0;0;516836,358099999840000;5406662,280600000200000;9,229327129000069;48,812718486000051;0
22354;08201211111500398910;08;1;11;000;2020;12;07;6;3;5;2;2;1;1;0;0;0;0;515155,952899999920000;5394472,009999999800000;9,205989714000054;48,703098831000034;1
22355;08201212426010416510;08;4;21;000;2020;12;19;7;2;6;4;2;0;1;1;0;0;0;574357,007199999880000;5361904,216399999300000;10,004715498000053;48,405906287000050;1
22363;08201212336400404520;08;3;36;091;2020;12;15;7;3;0;7;0;1;0;0;0;0;0;394420,598100000060000;5273119,639299999900000;7,595374231000051;47,602882754000063;1
22373;08201212231000427950;08;2;31;000;2020;12;08;7;2;6;2;0;0;1;1;0;0;0;475980,800999999980000;5415493,552999999400000;8,672319165000033;48,891925825000044;1
22380;08201212212010456890;08;2;12;000;2020;12;13;7;2;5;3;0;1;1;0;0;0;0;452781,399000000210000;5429571,214999999900000;8,354205669000066;49,017222483000069;1
22397;08201216335000432720;08;3;35;043;2020;12;11;4;1;6;4;0;0;1;1;0;0;0;511889,540199999700000;5283109,642300000400000;9,158474099000046;47,701260885000067;0
22410;08201222226400431240;08;2;21;000;2020;12;17;3;3;4;6;1;1;1;0;0;0;0;470012,812500000000000;5473591,794800000300000;8,586576924000042;49,414267850000044;0
22411;08201221111230451080;08;1;11;000;2020;12;20;2;3;5;3;2;1;1;0;0;0;0;512432,899600000120000;5398356,573499999900000;9,169097054000076;48,738104648000046;1
22416;08201219436200439330;08;4;36;094;2020;12;17;7;3;3;6;2;1;1;0;0;0;0;574009,810800000090000;5284016,713899999900000;9,986547367000071;47,705290948000027;0
22424;08201226317300436320;08;3;17;065;2020;12;16;7;3;8;1;0;1;0;0;0;0;0;415793,919499999840000;5353735,903599999800000;7,863864688000035;48,331194773000050;0
22427;08201224415100437790;08;4;15;050;2020;12;04;5;2;0;1;2;1;0;0;0;0;0;519837,838499999610000;5376550,460899999400000;9,268764813000075;48,541743276000034;1
22428;08201219327100419710;08;3;27;050;2020;12;14;7;3;5;3;0;1;1;0;0;0;0;487181,912999999710000;5315984,360999999600000;8,828175257000055;47,997029613000052;0
22431;08201228222400440780;08;2;22;000;2020;12;08;2;3;6;4;0;0;1;1;0;0;0;468668,687800000420000;5479039,389299999900000;8,567615899000032;49,463199449000058;1
22446;08201222435100447990;08;4;35;016;2020;12;08;3;3;0;7;0;1;0;0;0;0;0;535911,665400000290000;5281005,884800000100000;9,478480963000038;47,681443759000047;1
22463;08201229426010457120;08;4;26;120;2020;12;17;3;2;4;6;2;1;0;0;0;0;0;563166,492100000380000;5321969,407500000700000;9,847574666000071;48,047880178000071;1
22465;08201223136300449220;08;1;36;065;2020;12;08;4;3;5;3;0;1;1;0;0;0;0;558947,598000000230000;5405799,562999999200000;9,802760353000053;48,802390337000077;1
22485;08201219126200454730;08;1;26;066;2020;12;06;7;2;6;4;2;0;1;1;0;0;0;536484,852400000210000;5450078,214400000900000;9,500852252000072;49,202413205000028;0
22486;08201222127202438680;08;1;27;014;2020;12;19;3;3;6;7;2;0;1;1;0;0;0;579015,402700000440000;5443721,752699999100000;10,083369397000070;49,141237953000029;1
22491;08201222436300426740;08;4;36;081;2020;12;07;3;3;1;5;1;1;1;0;0;0;0;563073,830199999730000;5280806,973700000000000;9,840324796000061;47,677574490000040;1
22496;08201230211100450480;08;2;11;000;2020;12;19;4;3;6;4;2;0;1;1;0;0;0;445680,225800000130000;5399250,465700000500000;8,261121579000076;48,743901408000056;1
22503;08201219121400434880;08;1;25;013;2020;12;12;7;3;5;3;0;1;1;0;0;0;0;504945,802000000140000;5436157,232999999100000;9,067724860000055;49,078254522000066;0
22507;08201219118300423390;08;1;18;046;2020;12;18;7;3;6;7;2;1;0;1;0;0;0;513075,888000000270000;5411690,674799999200000;9,178266691000033;48,858043588000044;0
22508;08201221337101443880;08;3;37;097;2020;12;10;2;3;6;1;0;0;1;1;0;0;0;434294,816399999890000;5290467,860700000100000;8,123164851000070;47,764227286000050;0
22514;08201222226700446200;08;2;26;065;2020;12;05;3;3;8;7;2;1;0;0;0;0;0;477885,097299999560000;5456891,320100000100000;8,696034115000032;49,264384879000033;1
22516;08201231119300453770;08;1;19;067;2020;12;17;5;3;6;4;2;0;1;1;0;0;0;538809,674700000320000;5406687,618200000400000;9,528617347000022;48,811962489000052;0
22519;08201222311010430850;08;3;36;084;2020;12;19;3;2;6;4;2;0;1;1;0;0;0;405881,764200000090000;5277228,426300000400000;7,746930372000065;47,641609445000029;1
22523;08201221231000429840;08;2;37;028;2020;12;17;2;2;6;4;2;0;1;1;0;0;0;456292,792000000370000;5368246,653000000900000;8,408733423000058;48,465833893000081;1
22534;08201227136200457060;08;1;36;019;2020;12;19;1;3;6;7;2;0;1;1;0;0;0;582990,172399999570000;5425173,911200000000000;10,134054116000073;48,973899035000045;0