OBJECTID;UIDENTSTLAE;ULAND;UREGBEZ;UKREIS;UGEMEINDE;UJAHR;UMONAT;USTUNDE;UWOCHENTAG;UKATEGORIE;UART;UTYP1;ULICHTVERH;IstRad;IstPKW;IstFuss;IstKrad;IstGkfz;IstSonstige;LINREFX;LINREFY;XGCSWGS84;YGCSWGS84;STRZUSTAND
22535;08201221212502425630;08;2;12;000;2020;12;12;2;3;5;3;0;1;0;0;0;0;0;455205,993599999700000;5428813,594799999100000;8,387447689000055;49,010588443000074;0
22537;08201227317500444620;08;3;17;096;2020;12;04;1;3;8;1;2;1;0;0;0;0;0;423266,436300000180000;5368037,443499999100000;7,962054582000064;48,460789987000055;0
22538;08201221135200447080;08;1;35;019;2020;12;11;2;3;6;7;0;0;0;1;0;0;1;584689,295300000350000;5391498,655500000300000;10,150314441000035;48,670790906000036;0
22546;08201219111500421490;08;1;11;000;2020;12;17;7;3;5;2;0;1;1;0;0;0;0;515971,207899999800000;5405608,818000000000000;9,217502066000066;48,803264532000071;0
22548;08201230335100455840;08;3;35;043;2020;12;08;4;3;0;1;1;1;0;0;0;0;0;513432,072100000460000;5279351,127499999500000;9,178918526000075;47,667412884000044;2
22553;08201219111130421840;08;1;11;000;2020;12;18;7;3;0;7;2;1;0;0;0;0;0;513352,697800000200000;5401466,720699999500000;9,181707821000032;48,766064372000073;0
22557;08201219111130419770;08;1;11;000;2020;12;13;7;3;5;3;0;1;0;0;0;0;0;510072,067200000400000;5402744,926799999500000;9,137095399000032;48,777624788000026;0
22566;08201223426010446420;08;4;26;135;2020;12;10;4;2;6;4;0;0;1;1;0;0;0;571438,033599999730000;5331612,663699999500000;9,960161523000068;48,133756516000062;1
22569;08201222317500431500;08;3;17;096;2020;12;12;3;3;5;3;0;1;1;0;0;0;0;422513,295699999670000;5368722,881600000000000;7,951741938000055;48,466863149000062;1
22577;08201218426010425200;08;4;26;070;2020;12;12;6;2;5;3;0;1;0;0;0;1;0;565211,659400000240000;5341710,763699999100000;9,878036688000066;48,225266103000081;0
22591;08201221121200446450;08;1;21;000;2020;12;16;2;3;5;2;2;0;1;1;0;0;0;516760,118900000120000;5443329,447000000600000;9,229799960000037;49,142562964000035;1
22598;08201218416010429420;08;4;15;093;2020;12;18;6;2;2;6;2;1;1;0;0;0;0;524860,797899999660000;5368580,873400000900000;9,336340471000028;48,469868012000063;1
22599;08201222221300452290;08;2;21;000;2020;12;09;3;3;0;7;0;1;0;0;0;0;0;476991,177400000390000;5475234,272299999400000;8,682688213000063;49,429345579000028;1
22628;08201223335300439020;08;3;35;100;2020;12;12;4;3;0;1;0;1;0;0;0;0;0;493544,214800000190000;5283663,763299999800000;8,913943373000052;47,706323833000056;1
22630;08201218325000437580;08;3;25;036;2020;12;20;6;2;3;6;2;1;0;0;0;0;0;448930,327800000090000;5344718,100900000000000;8,311997958000063;48,253617010000028;1
22638;08201218317010430230;08;3;17;078;2020;12;15;6;2;2;6;0;1;1;0;0;0;0;434079,330299999560000;5343468,703800000300000;8,112144529000034;48,241006779000031;0
22639;08201221435100446400;08;4;35;016;2020;12;17;2;3;5;3;2;1;1;0;0;0;0;536748,077499999660000;5279415,568299999500000;9,489490927000077;47,667088079000052;1
22643;08201223216100433430;08;2;16;043;2020;12;12;4;3;4;3;0;1;1;0;0;0;0;441020,178100000140000;5412094,959100000600000;8,195895174000043;48,859014342000080;1
22647;08201220119010438810;08;1;19;086;2020;12;14;1;2;0;2;0;1;1;0;0;0;0;535163,366700000130000;5405867,236899999900000;9,478883480000036;48,804799713000079;0
22655;08201229426010456280;08;4;21;000;2020;12;16;3;3;0;4;0;0;0;1;0;0;1;572284,247100000270000;5356826,929199999200000;9,975839065000059;48,360475815000029;0
22656;08201225231000441980;08;2;31;000;2020;12;12;6;3;6;2;0;0;1;1;0;0;0;477766,618499999870000;5414945,053799999900000;8,696711571000037;48,887058363000051;1
22660;08201218311400441400;08;3;15;050;2020;12;15;6;3;3;6;0;1;0;0;0;1;0;398804,744500000030000;5303820,925100000600000;7,646543432000044;47,879742984000075;0
22667;08201223117010436470;08;1;17;006;2020;12;19;4;2;6;6;2;0;0;1;1;0;0;551693,732900000180000;5381821,455800000600000;9,700983037000071;48,587342852000063;1
22671;08201223127202440480;08;1;27;014;2020;12;19;4;3;5;3;2;1;1;0;0;0;0;576445,549700000320000;5443819,744699999700000;10,048159370000064;49,142444480000051;1
22694;08201223435100458870;08;4;35;016;2020;12;08;4;3;0;1;0;1;0;0;0;0;0;536157,685999999750000;5279049,410000000100000;9,481596792000062;47,663826887000027;1
22696;08201218136300432370;08;1;36;027;2020;12;17;6;3;3;6;2;1;0;0;0;0;1;560066,039900000210000;5418332,181500000900000;9,819828954000059;48,915013141000031;0
22702;08201230111320453020;08;1;11;000;2020;12;17;4;3;5;3;1;1;1;0;0;0;0;516607,776100000370000;5407356,346200000500000;9,226241746000028;48,818968338000047;0
22714;08201221118000429120;08;1;18;073;2020;12;09;2;2;4;2;0;1;1;0;0;0;0;494140,517599999900000;5420346,512099999900000;8,919991950000053;48,936019637000072;1
22717;08201221111500428360;08;1;11;000;2020;12;17;2;3;6;4;2;0;0;1;1;0;1;512530,955900000410000;5402373,326400000600000;9,170552965000070;48,774237228000061;0
22718;08201223136010430630;08;1;36;088;2020;12;12;4;2;3;2;0;1;0;0;0;1;0;580698,122999999670000;5411630,915300000500000;10,100061692000054;48,852395740000077;1
145822;08200106617133364440;08;1;17;019;2020;01;16;2;2;6;7;0;0;1;1;0;0;0;552022,616700000130000;5393576,418299999100000;9,706918563000045;48,693057346000046;0
145832;08200103222500342170;08;2;22;000;2020;01;14;6;3;5;3;0;1;1;0;0;0;0;462393,108199999670000;5478369,555299999200000;8,481077549000077;49,456818446000057;0
145833;08200103317600356160;08;3;17;129;2020;01;08;6;3;0;1;0;1;0;0;0;0;0;430060,777800000270000;5350952,297199999900000;8,056789549000030;48,307895086000030;2
145834;08200107136300369910;08;1;36;065;2020;01;07;3;3;0;1;2;1;0;0;0;0;0;557527,998100000430000;5405020,204500000900000;9,783320694000054;48,795512944000052;2
145835;08200102212702341910;08;2;15;017;2020;01;16;5;3;1;7;0;1;1;0;0;0;0;456619,970499999820000;5420834,705800000600000;8,407633558000043;48,938917972000070;0
145837;08200107119300354430;08;1;19;067;2020;01;08;3;3;0;1;0;1;0;0;0;0;0;539424,964599999600000;5406097,046700000800000;9,536940956000024;48,806611257000043;2
145840;08200106118100344660;08;1;18;079;2020;01;11;2;3;0;1;0;1;0;0;0;0;0;508287,283800000320000;5423129,704299999400000;9,113214930000027;48,961028585000065;2
145845;08200107117300369260;08;1;17;026;2020;01;06;3;2;6;4;2;0;1;1;0;0;0;547177,032499999740000;5394919,103199999800000;9,641231404000052;48,705520689000082;2
145860;08200104222600343570;08;2;22;000;2020;01;17;7;3;5;5;1;1;1;0;0;0;0;463650,605800000020000;5483489,114499999200000;8,497958006000033;49,502942969000060;0
145863;08200102226600344880;08;2;26;096;2020;01;09;5;2;0;2;0;1;0;0;0;0;0;476004,596699999650000;5488401,957499999600000;8,668283329000076;49,547746843000027;2
145865;08200107317500347790;08;3;17;096;2020;01;16;3;3;1;5;0;1;1;0;0;0;0;422706,381000000050000;5368587,961999999400000;7,954378520000034;48,465673313000082;0
145866;08200102311010340290;08;3;36;050;2020;01;08;5;3;0;1;0;1;0;0;0;0;0;399134,043999999760000;5272562,798000000400000;7,658191758000044;47,598624390000055;2
145885;08200107136100345910;08;1;36;002;2020;01;07;3;3;6;1;0;0;1;1;0;0;0;565613,432699999770000;5418438,072300000100000;9,895551929000021;48,915402563000043;2
145886;08200102135100373790;08;1;35;020;2020;01;10;5;3;6;7;0;0;1;1;0;0;0;586611,333300000060000;5386108,842800000700000;10,175288195000064;48,622049831000027;0
145888;08200107118600398540;08;1;18;076;2020;01;09;3;3;6;4;0;0;1;1;0;0;0;501357,541500000280000;5427426,787499999600000;9,018560125000022;48,999737691000064;1
145892;08200103118400342620;08;1;18;048;2020;01;13;6;3;0;4;0;0;0;1;0;0;1;513675,575600000100000;5415593,367699999400000;9,186572841000043;48,893138362000059;0
145894;08200103212010349530;08;2;12;000;2020;01;15;6;3;5;2;0;1;0;0;0;0;1;456584,591699999760000;5428771,979000000300000;8,406303216000026;49,010312640000052;1
145897;08200107118100345870;08;1;18;079;2020;01;08;3;3;0;1;0;1;0;0;0;0;0;507889,249599999750000;5422890,842599999200000;9,107772653000041;48,958885074000079;2
145900;08200105116200353300;08;1;16;077;2020;01;19;1;3;0;1;2;1;0;0;0;0;0;516247,384499999690000;5391240,656500000500000;9,220696554000028;48,674001976000056;1
145902;08200101326200354630;08;3;26;074;2020;01;01;4;2;6;4;2;0;1;1;0;0;0;467513,851499999870000;5323833,658399999100000;8,563937634000070;48,066951888000062;1
145911;08200104316100343650;08;3;16;011;2020;01;13;7;3;1;3;0;1;1;0;0;0;0;414514,122999999670000;5330461,003000000500000;7,851295903000050;48,121664898000063;0
145912;08200107311010345160;08;3;36;050;2020;01;07;3;3;6;4;2;0;1;1;0;0;0;399453,491100000220000;5274970,648199999700000;7,661887680000064;47,620333461000030;0
145915;08200101221200349160;08;2;21;000;2020;01;01;4;3;6;7;2;0;1;1;0;0;0;478890,117700000290000;5473439,374700000500000;8,708971384000051;49,413269651000064;0
145918;08200106415100365790;08;4;15;014;2020;01;14;2;3;0;7;0;1;0;0;0;0;0;524212,833899999970000;5375159,312300000300000;9,327955881000037;48,529074606000052;2
145921;08200103421300342310;08;4;21;000;2020;01;16;6;3;6;2;0;0;1;1;0;0;0;572023,560800000090000;5361528,887399999400000;9,973126252000043;48,402801084000032;0
145922;08200107212010348670;08;2;12;000;2020;01;11;3;2;5;3;0;1;0;0;0;0;1;454776,122700000180000;5428146,815500000500000;8,381643891000067;49,004559354000037;1
145925;08200104121200403650;08;1;21;000;2020;01;02;7;3;0;6;2;1;0;0;0;0;0;515373,481999999840000;5442758,350999999800000;9,210765974000026;49,137462036000045;1
145926;08200107215502357870;08;2;15;066;2020;01;12;3;3;5;2;0;1;1;0;0;0;0;460629,229799999860000;5453458,818900000300000;8,459200917000032;49,232642740000074;0
145928;08200102222800357900;08;2;22;000;2020;01;17;5;2;6;4;2;0;1;1;0;0;0;462107,312599999830000;5485061,329600000800000;8,476492741000072;49,516989710000075;0
145943;08200106118300344410;08;1;18;046;2020;01;11;2;2;0;1;0;1;0;0;0;0;0;513613,513399999590000;5413963,482899999200000;9,185671856000056;48,878477695000072;2
145945;08200103128100342240;08;1;28;126;2020;01;17;6;3;6;2;2;0;0;1;0;0;1;563031,554299999960000;5479838,826600000300000;9,869947155000034;49,467926964000071;1
145952;08200105115200394340;08;1;15;053;2020;01;10;1;3;5;3;0;1;1;0;0;0;0;483270,658999999990000;5379284,893999999400000;8,773239111000066;48,566433516000075;0
145961;08200107116500345950;08;1;16;071;2020;01;06;3;3;0;1;2;1;0;0;0;0;0;527357,102500000040000;5390620,041300000600000;9,371561858000064;48,668031018000079;2
145965;08200107231000346400;08;2;31;000;2020;01;11;3;3;6;4;0;0;1;1;0;0;0;477240,450000000190000;5415524,325799999800000;8,689501884000038;48,892250196000077;1
145967;08200102226700353280;08;2;26;098;2020;01;10;5;3;0;7;0;1;0;0;0;0;0;477993,464599999600000;5460243,289799999400000;8,697339133000071;49,294539934000056;2
145985;08200106317500344170;08;3;17;097;2020;01;12;2;3;0;1;0;1;0;0;0;0;0;426131,047899999660000;5364662,918099999400000;8,001392142000043;48,430778646000078;0
145987;08200103317500342710;08;3;17;096;2020;01;14;6;3;5;2;0;1;0;0;0;0;0;422320,565600000320000;5368832,432000000000000;7,949114750000035;48,467824774000064;0
145989;08200102136100340320;08;1;36;088;2020;01;13;5;3;6;4;0;0;0;1;0;0;1;580304,287899999880000;5410230,953400000900000;10,094419582000057;48,839855277000026;0
145991;08200107119200370050;08;1;19;008;2020;01;07;3;3;6;4;2;0;0;1;0;0;1;531502,297399999570000;5421393,685699999300000;9,430221591000077;48,944665157000031;1
145994;08200106116500345980;08;1;16;020;2020;01;14;2;3;0;1;0;1;0;0;0;0;0;526270,220300000160000;5382979,900299999900000;9,356315911000024;48,599346849000028;2
145995;08200103127100345330;08;1;27;076;2020;01;05;6;3;0;1;2;1;0;0;0;0;0;553496,426599999890000;5439074,248800000200000;9,732903126000053;49,102187819000051;2
146006;08200102435100354840;08;4;35;016;2020;01;06;5;3;8;7;2;1;0;0;0;0;0;535840,605899999850000;5277698,497600000400000;9,477262863000021;47,651689818000079;0
146010;08200107111500353530;08;1;11;000;2020;01;07;3;3;6;4;2;0;1;1;0;0;0;515262,070399999620000;5403486,582900000700000;9,207765979000044;48,784190976000048;1
146016;08200104617123359120;08;4;26;070;2020;01;12;7;3;4;2;0;1;1;0;0;0;0;566234,493900000120000;5341633,415500000100000;9,891794747000063;48,224464308000051;0
146022;08200106416010344310;08;4;16;036;2020;01;14;2;3;0;2;0;1;0;0;0;0;0;497027,351300000210000;5369632,730200000100000;8,959775352000065;48,479815388000077;2
146025;08200107212702347440;08;2;15;017;2020;01;16;3;2;6;7;1;0;0;1;0;0;1;454638,229199999940000;5418160,122600000400000;8,380871454000044;48,914717404000044;0
146028;08200107216200362050;08;2;16;007;2020;01;13;3;3;6;2;0;0;1;1;0;0;0;436026,170800000430000;5394159,942800000300000;8,130607574000067;48,697195321000038;0
146030;08200102222800423610;08;2;22;000;2020;01;08;5;3;0;7;0;1;0;0;0;0;0;467607,478000000120000;5484260,898000000000000;8,552543432000050;49,510109057000079;2
146034;08200106317200364260;08;3;17;141;2020;01;18;2;3;0;7;2;1;1;0;0;0;0;420115,706799999810000;5380618,832000000400000;7,917033993000075;48,573564453000074;0
146036;08200103226400341410;08;2;26;084;2020;01;11;6;3;2;7;0;1;1;0;0;0;0;469984,901800000110000;5470582,951500000400000;8,586419488000047;49,387202668000043;1
146039;08200107118200384750;08;1;18;011;2020;01;12;3;3;6;7;0;0;1;1;0;0;0;504548,324300000440000;5408419,284600000800000;9,061972204000028;48,828735764000044;0
146042;08200105435100362840;08;4;35;042;2020;01;12;1;2;0;1;0;1;0;0;0;0;0;554714,839200000280000;5277069,880799999500000;9,728501080000058;47,644713425000077;2
146046;08200106118400354900;08;1;18;048;2020;01;13;2;3;0;1;0;1;0;0;0;0;0;516366,252999999560000;5418778,467599999200000;9,223408581000058;48,921725313000081;2
146047;08200103135100354980;08;1;35;031;2020;01;09;6;3;7;1;0;1;0;0;0;0;0;595471,866499999540000;5378858,207800000900000;10,293826171000035;48,555548343000055;0
146054;08200107327100370480;08;3;27;050;2020;01;10;3;2;0;1;0;1;0;0;0;0;0;486508,000900000330000;5314384,852299999400000;8,819191875000058;47,982624712000074;0
146057;08200102111500341170;08;1;11;000;2020;01;18;5;3;6;2;2;0;1;1;0;0;0;513299,296199999750000;5401884,979299999800000;9,180994640000051;48,769828143000041;1
146069;08200106325202366960;08;3;25;049;2020;01;10;2;3;6;4;0;0;1;1;0;0;0;472185,621000000280000;5335147,359999999400000;8,625907191000067;48,168959976000053;0
146071;08200113115200391940;08;1;15;004;2020;01;17;2;2;6;4;2;0;1;1;0;0;0;488307,084999999960000;5374512,575400000400000;8,841639929000053;48,523614530000032;1
146072;08200115118000366010;08;1;18;040;2020;01;15;4;2;6;7;0;0;1;1;0;0;0;510484,549599999560000;5432159,848700000000000;9,143465444000071;49,042226659000050;0
146076;08200116119300400070;08;1;19;067;2020;01;15;5;2;1;1;0;1;1;0;0;0;0;539395,592000000180000;5407353,055999999900000;9,536661514000059;48,817911571000081;0
146078;08200115117300363110;08;1;17;026;2020;01;15;4;3;6;7;0;0;1;1;0;0;0;548229,323400000110000;5394524,996300000700000;9,655487161000053;48,701895018000073;0
146079;08200113111000368530;08;1;11;000;2020;01;16;2;3;1;5;0;1;1;0;0;0;0;515572,168200000190000;5394486,916899999600000;9,211647160000041;48,703222682000046;0
146084;08200115437100363400;08;4;37;100;2020;01;11;4;3;5;3;0;1;1;0;0;0;0;537663,527999999930000;5317578,364000000100000;9,505005546000064;48,010389657000076;0
146087;08200112311200394960;08;3;11;000;2020;01;00;1;3;0;1;2;1;0;0;0;0;0;413408,632399999540000;5316636,111500000600000;7,839243416000045;47,997157251000033;0
146088;08200112311010367350;08;3;11;000;2020;01;03;1;2;1;5;2;1;1;0;0;0;0;413692,511599999850000;5316387,149499999400000;7,843098080000061;47,994956135000052;0
146090;08200112311010355910;08;3;11;000;2020;01;11;1;3;1;5;0;1;1;0;0;0;0;415048,665400000290000;5317163,046900000400000;7,861119171000041;48,002117275000046;0
146093;08200112221400398800;08;2;21;000;2020;01;17;1;3;0;7;1;1;0;0;0;0;0;476474,843100000170000;5470269,406400000700000;8,675861765000036;49,384667672000035;0
146097;08200115231000364500;08;2;31;000;2020;01;14;4;3;5;3;0;1;1;0;0;0;0;478273,734699999910000;5415268,579399999200000;8,703611910000063;48,889986679000060;0
146108;08200111421300356060;08;4;21;000;2020;01;13;7;3;6;4;0;0;1;1;0;0;0;572272,271099999550000;5356756,244100000700000;9,975665270000036;48,359841351000057;0
146109;08200114415400387770;08;4;15;061;2020;01;08;3;3;6;7;1;1;0;1;0;0;0;514736,711000000130000;5374669,576999999600000;9,199588277000032;48,524962880000032;0
146110;08200115226600395090;08;2;26;096;2020;01;14;4;3;8;7;0;1;0;0;0;0;0;475843,315000000410000;5487204,362500000700000;8,666127187000029;49,536968524000031;0
146111;08200111335300380620;08;3;35;075;2020;01;16;7;3;6;1;0;1;0;1;0;0;0;487995,493099999610000;5292937,879799999300000;8,839722295000058;47,789688846000047;0
146112;08200111335100380170;08;3;35;043;2020;01;20;7;3;6;4;2;0;1;1;0;0;0;511075,524600000120000;5280412,837600000200000;9,147555775000058;47,677010459000030;0
146115;08200114415400378130;08;4;15;061;2020;01;13;3;3;0;7;0;1;0;0;0;0;0;514581,791000000200000;5371480,581000000200000;9,197378660000027;48,496277235000036;0
146117;08200111311400379220;08;3;15;006;2020;01;11;7;2;6;4;0;0;1;1;0;0;0;401953,422199999910000;5307966,221899999300000;7,687702378000040;47,917518488000042;0
146119;08200111311100354060;08;3;15;132;2020;01;20;7;3;5;3;2;1;1;0;0;0;0;409270,703900000080000;5323081,654699999800000;7,782422244000031;48,054561826000054;0
146120;08200114415400361590;08;4;15;061;2020;01;13;3;3;0;2;0;0;0;1;0;0;1;514722,283099999650000;5369499,060699999300000;9,199210514000072;48,478447476000042;0
146122;08200111235100375920;08;2;35;033;2020;01;14;7;2;0;1;0;1;0;0;0;0;0;458762,428100000140000;5405402,120200000700000;8,438443586000062;48,800242421000064;0
146125;08200111231000353620;08;2;37;040;2020;01;11;7;3;6;7;0;0;1;1;0;0;0;477557,213299999940000;5366033,542199999100000;8,696508807000043;48,447042301000067;0
146126;08200114317010360310;08;3;17;096;2020;01;18;3;2;5;2;2;1;1;0;0;0;0;421816,765800000170000;5369738,806600000700000;7,942130831000043;48,475915103000034;0
146127;08200111226700381100;08;2;26;010;2020;01;16;7;3;0;1;0;1;0;0;0;0;0;484069,995199999770000;5458557,312300000300000;8,780977457000063;49,279563058000065;0
146128;08200114311010392420;08;3;11;000;2020;01;17;3;3;2;2;2;1;0;0;0;0;0;413691,964700000360000;5316512,880500000000000;7,843065465000052;47,996087056000079;0
146129;08200111226600422260;08;2;26;031;2020;01;03;7;3;1;5;2;1;1;0;0;0;0;474907,116299999880000;5492593,017899999400000;8,652844653000045;49,585399123000059;1
146130;08200114311010375640;08;3;11;000;2020;01;11;3;3;5;7;0;1;1;0;0;0;0;412900,467899999580000;5318060,733599999900000;7,832143670000050;48,009903142000041;0
146131;08200114311010360410;08;3;11;000;2020;01;10;3;3;5;3;0;1;1;0;0;0;0;414033,115699999970000;5317942,861500000600000;7,847350973000062;48,008996213000046;0
146133;08200114311010360390;08;3;11;000;2020;01;19;3;3;5;3;2;1;0;0;0;0;0;411995,825899999590000;5314823,790799999600000;7,820680392000043;47,980661978000057;0
146134;08200111222800413510;08;2;22;000;2020;01;12;7;3;1;5;0;1;1;0;0;0;0;463488,187800000420000;5486488,481599999600000;8,495437384000070;49,529910899000072;0
146136;08200116111500366790;08;1;11;000;2020;01;07;5;2;6;4;1;0;1;1;0;0;0;518524,860000000340000;5402884,851399999100000;9,252155537000022;48,778689254000028;0
146137;08200111212402380360;08;2;12;000;2020;01;17;7;3;1;6;2;1;1;0;0;0;0;456347,808899999600000;5427832,797499999400000;8,403166418000069;49,001847886000064;0
146139;08200114235200396250;08;2;35;022;2020;01;17;3;3;6;4;1;0;1;1;0;0;0;471863,745699999850000;5379134,883999999600000;8,618635027000039;48,564675713000042;0
146142;08200114221400378530;08;2;21;000;2020;01;13;3;3;5;3;0;1;1;0;0;0;0;477103,291699999940000;5471015,287399999800000;8,684477658000049;49,391400728000065;0
146143;08200111118600364890;08;1;18;059;2020;01;19;7;3;6;4;2;0;1;1;0;0;0;501869,004999999890000;5419045,338999999700000;9,025514295000050;48,924339566000071;0
146146;08200115426100365440;08;4;26;128;2020;01;15;4;3;6;4;0;0;1;1;0;0;0;558966,611899999900000;5330677,823400000100000;9,792428608000023;48,126624620000030;0
146149;08200114215302387660;08;2;15;007;2020;01;07;3;3;6;4;0;0;1;1;0;0;0;478822,867300000040000;5431324,978800000600000;8,710267573000067;49,034442008000042;0
146150;08200110436300376850;08;4;36;081;2020;01;11;6;2;6;4;0;0;1;1;0;0;0;562886,330699999820000;5281098,939200000800000;9,837869096000077;47,680219491000059;0
146152;08200114211000387280;08;2;16;043;2020;01;12;3;3;5;2;0;1;0;0;0;0;1;441923,252500000410000;5412962,073999999100000;8,208082996000030;48,866899219000061;0
146154;08200110421300353060;08;4;21;000;2020;01;13;6;3;5;3;0;1;1;0;0;0;0;572282,381199999710000;5360859,570599999300000;9,976507455000046;48,396750785000052;0
146157;08200115222600364490;08;2;22;000;2020;01;16;4;2;6;2;1;0;1;1;0;0;0;463482,014399999750000;5483061,193199999600000;8,495669148000047;49,499083911000071;0
146158;08200110317300372620;08;3;17;065;2020;01;12;6;3;6;7;0;0;1;1;0;0;0;413043,636900000270000;5353876,434499999500000;7,826735955000061;48,332086349000065;1
146159;08200110317100383100;08;3;17;008;2020;01;18;6;3;6;7;2;0;0;1;0;0;1;443580,127399999650000;5366591,030899999700000;8,236995135000029;48,449928543000055;1
146160;08200114119400361640;08;1;19;090;2020;01;18;3;3;6;4;2;0;1;1;0;0;0;532393,934500000440000;5406101,722500000100000;9,441186810000033;48,807059579000054;0
146165;08200115415400369890;08;4;15;061;2020;01;06;4;2;8;7;2;1;0;0;0;0;1;516170,609000000170000;5369612,447799999300000;9,218812382000067;48,479431961000046;0
146169;08200115221400410670;08;2;21;000;2020;01;10;4;3;5;3;0;1;1;0;0;0;0;476946,165199999700000;5469577,674100000400000;8,682395811000049;49,378463646000057;0
146173;08200116116010383790;08;1;16;078;2020;01;18;5;2;6;7;2;0;1;1;0;0;0;512164,491299999880000;5393656,623099999500000;9,165307919000043;48,695829086000060;0
146175;08200110221011411950;08;2;26;095;2020;01;08;6;2;6;7;1;0;0;1;0;0;1;474806,092199999840000;5460359,662000000500000;8,653495929000030;49,295463575000042;0
146177;08200116119400372270;08;1;19;079;2020;01;16;5;3;3;7;0;1;1;0;0;0;0;522380,084999999960000;5408544,961300000500000;9,304939680000075;48,829479700000036;0
146178;08200110221011351430;08;2;26;012;2020;01;12;6;2;6;7;0;0;1;1;0;0;0;476196,096499999990000;5477537,875000000000000;8,671585197000070;49,450035374000038;0
146179;08200114118500374010;08;1;18;070;2020;01;10;3;3;5;3;0;1;1;0;0;0;0;519557,633899999780000;5424240,215600000700000;9,267234501000075;48,970764420000080;0
146180;08200110212502352030;08;2;12;000;2020;01;10;6;3;0;7;0;1;0;0;0;0;0;454291,339700000360000;5429214,706800000700000;8,374895513000070;49,014129395000055;1
146181;08200114118100360630;08;1;18;007;2020;01;06;3;3;6;4;2;0;1;1;0;0;0;510343,166500000280000;5427708,630999999100000;9,141417336000075;49,002187878000029;0
146182;08200110212200375860;08;2;12;000;2020;01;07;6;3;5;2;1;1;1;0;0;0;0;460430,810399999840000;5427480,084300000200000;8,459022785000059;48,998950405000073;1
146185;08200115335200389770;08;3;35;063;2020;01;10;4;2;5;3;0;1;0;0;0;0;0;497799,206500000320000;5287077,744699999700000;8,970645812000043;47,737070073000041;0
146187;08200110212010363010;08;2;12;000;2020;01;10;6;2;5;3;0;1;0;0;0;0;1;459193,461699999870000;5429138,965199999500000;8,441940252000052;49,013791783000045;0
146188;08200110128100379030;08;1;28;007;2020;01;15;6;2;0;4;0;1;0;1;0;0;0;555643,698300000280000;5482232,927300000600000;9,768328756000074;49,490181555000049;0
146191;08200110121100353030;08;1;25;047;2020;01;12;6;3;6;7;0;0;1;1;0;0;0;495354,387900000440000;5448260,910199999800000;8,936246294000057;49,187134317000073;0
146192;08200113437000379400;08;4;37;078;2020;01;07;2;1;6;4;2;0;1;1;0;0;0;508579,259800000120000;5315560,160000000100000;9,114995498000042;47,993283939000037;1
146193;08200110119500367010;08;1;19;085;2020;01;14;6;1;5;3;0;1;1;0;0;0;0;528145,254599999640000;5412674,093000000300000;9,383775053000022;48,866389399000070;0
146196;08200110116010378300;08;1;16;019;2020;01;08;6;3;3;6;0;1;1;0;0;0;0;522345,072200000290000;5399611,750199999700000;9,303976816000045;48,749119402000076;1
146202;08200115221400367400;08;2;21;000;2020;01;14;4;3;3;2;0;1;1;0;0;0;0;475650,383999999610000;5469677,866000000400000;8,664538490000041;49,379314441000076;0
146203;08200110111240334440;08;1;11;000;2020;01;15;6;3;0;7;0;1;0;0;0;0;0;514320,785000000150000;5402108,851399999100000;9,194904142000041;48,771819409000045;1
146205;08200113416010360210;08;4;15;061;2020;01;12;2;3;6;4;0;0;1;1;0;0;0;515787,454499999990000;5370313,672100000100000;9,213654262000034;48,485750171000063;1
146207;08200109426010358190;08;4;26;014;2020;01;15;5;2;2;6;0;1;1;0;0;0;0;548678,699000000020000;5317498,666999999400000;9,652682899000070;48,008928482000044;0
146209;08200109416100381910;08;4;16;036;2020;01;09;5;3;3;2;0;1;1;0;0;0;0;494955,939799999820000;5368981,359400000400000;8,931753748000062;48,473942167000075;0
146212;08200113415300384550;08;4;15;073;2020;01;07;2;3;6;4;1;0;1;1;0;0;0;516135,995900000450000;5348536,304500000600000;9,217534509000075;48,289820965000047;0
146214;08200109335100351210;08;3;35;043;2020;01;18;5;2;6;4;2;1;0;1;0;0;0;513323,656299999920000;5279733,519099999200000;9,177486073000068;47,670855759000062;0
146215;08200109326400393750;08;3;26;074;2020;01;12;5;3;0;2;0;1;0;0;0;1;0;459081,726200000380000;5322299,739900000400000;8,450904618000038;48,052666448000082;0
146217;08200109317500374250;08;3;17;096;2020;01;17;5;3;6;4;2;0;1;1;0;0;0;422672,328599999660000;5368926,313999999300000;7,953855385000054;48,468712587000027;0
146218;08200115316100392540;08;3;16;024;2020;01;22;4;3;0;1;2;1;0;0;0;0;0;410377,844800000080000;5335209,822699999400000;7,794728012000064;48,163811489000068;0
146220;08200109311010367050;08;3;15;073;2020;01;08;5;3;0;3;0;1;0;0;1;0;0;412570,472000000070000;5313912,104000000300000;7,828564938000056;47,972539841000071;1
146221;08200109311010361890;08;3;36;091;2020;01;08;5;3;6;4;0;0;1;1;0;0;0;395860,498100000430000;5272164,366699999200000;7,614751685000044;47,594522837000056;0
146222;08200109311010350970;08;3;36;050;2020;01;07;5;3;1;5;1;1;1;0;0;0;0;399740,837100000120000;5275041,716399999300000;7,665694454000061;47,621017280000046;0
146223;08200113336400459460;08;3;36;091;2020;01;08;2;3;0;7;0;1;0;0;0;0;0;397855,025999999610000;5271884,471000000800000;7,641340017000061;47,592322379000052;2