OBJECTID;UIDENTSTLAE;ULAND;UREGBEZ;UKREIS;UGEMEINDE;UJAHR;UMONAT;USTUNDE;UWOCHENTAG;UKATEGORIE;UART;UTYP1;ULICHTVERH;IstRad;IstPKW;IstFuss;IstKrad;IstGkfz;IstSonstige;LINREFX;LINREFY;XGCSWGS84;YGCSWGS84;STRZUSTAND
146227;08200116119200382680;08;1;19;020;2020;01;10;5;3;6;3;0;0;1;1;0;1;0;520337,228500000200000;5406126,805800000200000;9,276985231000026;48,807796732000043;0
146228;08200109231202362340;08;2;36;071;2020;01;13;5;3;0;6;0;1;0;0;0;0;0;468991,516900000160000;5421416,091299999500000;8,576520449000043;48,944891661000042;0
146229;08200113335400361160;08;3;35;079;2020;01;22;2;3;6;2;2;0;1;1;0;0;0;500746,314600000160000;5300731,653000000900000;9,009977840000033;47,859924496000076;0
146231;08200113317500417770;08;3;17;096;2020;01;14;2;3;0;7;0;1;0;0;0;0;1;421906,386199999600000;5369347,738500000900000;7,943416285000069;48,472408619000078;0
146232;08200109222800349790;08;2;22;000;2020;01;19;5;3;5;2;2;1;1;0;0;0;0;463311,523000000040000;5485588,977000000000000;8,493079783000042;49,521809686000040;0
146233;08200113317100386270;08;3;17;067;2020;01;04;2;2;7;7;2;1;0;0;0;0;0;435121,862599999640000;5374291,057600000900000;8,121425692000059;48,518377953000027;1
146235;08200115316100378110;08;3;16;011;2020;01;07;4;3;5;3;2;1;1;0;0;0;0;416238,150999999610000;5328584,282700000300000;7,874826257000052;48,105012483000053;0
146239;08200109221400373710;08;2;26;018;2020;01;22;5;3;5;3;2;1;1;0;0;0;0;473235,572999999860000;5472127,957000000400000;8,631105659000070;49,401251249000040;1
146240;08200116111500377690;08;1;11;000;2020;01;19;5;2;6;4;2;0;0;1;0;0;1;516812,570000000300000;5406633,231499999800000;9,229001926000024;48,812457809000080;0
146242;08200109216200348850;08;2;16;007;2020;01;07;5;3;0;7;1;1;0;0;0;0;0;436080,495099999940000;5394991,879100000500000;8,131216955000070;48,704684198000052;1
146244;08200109212702350620;08;2;15;017;2020;01;12;5;3;3;6;0;1;0;0;0;0;0;456544,293999999760000;5421049,784800000500000;8,406577296000023;48,940847345000066;0
146245;08200109212502350540;08;2;12;000;2020;01;09;5;3;0;7;0;1;0;0;0;0;0;454300,589800000190000;5429320,463899999900000;8,375010099000065;49,015081371000065;0
146246;08200113311010357290;08;3;15;113;2020;01;06;2;2;0;1;2;1;0;0;0;0;0;441052,384100000370000;5307843,772600000700000;8,210968096000045;47,921204591000048;2
146251;08200109121400387410;08;1;25;017;2020;01;10;5;3;6;4;0;0;1;1;0;0;0;502785,751299999650000;5432767,847600000000000;9,038123096000049;49,047778817000051;1
146258;08200115311400363670;08;3;15;076;2020;01;20;4;3;5;2;2;1;1;0;0;0;0;392871,498999999840000;5296815,645300000900000;7,568947642000069;47,815770519000068;0
146259;08200109118400387250;08;1;18;048;2020;01;07;5;3;3;7;1;1;1;0;0;0;0;513620,759300000030000;5415530,745999999300000;9,185822911000059;48,892576241000029;1
146261;08200113212202383920;08;2;12;000;2020;01;16;2;3;5;3;1;1;1;0;0;0;0;459242,023400000300000;5428143,688699999800000;8,442704265000032;49,004842306000057;0
146262;08200115215402366510;08;2;15;009;2020;01;09;4;3;4;2;0;1;1;0;0;0;0;470482,021399999970000;5441263,223700000000000;8,595430389000057;49,123496282000076;0
146263;08200109111500434540;08;1;11;000;2020;01;17;5;2;2;6;2;1;1;0;0;0;0;507049,886900000270000;5397998,872600000400000;9,095877945000041;48,734970940000039;0
146264;08200109111320435690;08;1;11;000;2020;01;11;5;3;0;7;0;1;0;0;0;0;0;516467,685200000180000;5406486,124399999200000;9,224298427000065;48,811143693000076;0
146265;08200116212010369030;08;2;12;000;2020;01;10;5;3;5;3;0;1;1;0;0;0;0;455040,118700000460000;5429893,603599999100000;8,385059852000040;49,020291138000061;0
146266;08200108436200403870;08;4;36;064;2020;01;06;4;3;0;7;2;1;0;0;0;0;0;543296,083100000400000;5289359,437100000700000;9,577695237000057;47,756149667000045;2
146268;08200108426010403120;08;4;26;070;2020;01;08;4;3;0;1;0;1;0;0;0;0;0;565825,785199999810000;5343501,596300000300000;9,886582787000066;48,241312531000062;0
146269;08200108426010346790;08;4;26;021;2020;01;07;4;2;0;1;2;1;0;0;0;0;0;559380,213200000110000;5326742,879100000500000;9,797438416000034;48,091186844000049;0
146273;08200113212202358790;08;2;12;000;2020;01;20;2;3;5;3;1;1;1;0;0;0;0;457880,308100000020000;5427942,244799999500000;8,424106998000070;49,002938859000039;1
146275;08200108317300355470;08;3;17;065;2020;01;18;4;3;5;3;1;1;0;0;0;0;0;414942,702600000430000;5354057,130100000600000;7,852317333000030;48,333970159000046;0
146276;08200108311100459590;08;3;15;015;2020;01;15;4;3;0;7;0;1;0;0;0;0;0;393779,993800000290000;5320895,027899999200000;7,575142910000068;48,032503933000044;1
146278;08200108311010358170;08;3;15;098;2020;01;06;4;3;1;1;2;1;0;0;0;1;0;407822,617100000380000;5313034,621099999200000;7,765153333000058;47,963980431000039;0
146279;08200108311010347890;08;3;11;000;2020;01;08;4;2;6;2;0;0;1;1;0;0;0;415206,939600000160000;5319473,093100000200000;7,862783752000041;48,022918065000056;0
146280;08200113212010377050;08;2;12;000;2020;01;06;2;3;0;7;2;1;0;0;0;0;0;454419,917799999940000;5428837,771099999500000;8,376696148000065;49,010748346000071;0
146283;08200113135010376340;08;4;21;000;2020;01;18;2;2;0;1;2;1;0;0;0;0;0;569932,618599999700000;5361921,178700000000000;9,944944497000051;48,406565322000063;0
146285;08200113135010372690;08;1;35;026;2020;01;11;2;3;6;7;0;0;1;1;0;0;0;591406,292200000030000;5394845,907700000300000;10,242268589000048;48,699949022000055;1
146286;08200108231000346810;08;2;31;000;2020;01;07;4;3;6;4;2;0;1;1;0;0;0;478264,048299999910000;5415147,941099999500000;8,703486188000056;48,888901117000046;0
146287;08200108226600349570;08;2;26;096;2020;01;18;4;3;6;3;2;0;0;1;0;0;1;475061,228199999780000;5488672,235999999600000;8,655225172000030;49,550139771000033;0
146288;08200116111250365500;08;1;11;000;2020;01;06;5;3;6;4;2;1;0;1;0;0;0;517806,283999999990000;5402247,555700000400000;9,242346965000024;48,772977197000046;0
146289;08200108222301371130;08;2;22;000;2020;01;10;4;3;6;4;0;0;1;1;0;0;0;464656,214999999850000;5483982,506999999300000;8,511802348000060;49,507440224000050;0
146291;08200113127100373460;08;1;27;076;2020;01;12;2;3;6;4;0;0;0;1;0;0;1;552678,406899999830000;5439580,910399999500000;9,721763258000067;49,106815709000045;1
146292;08200108221200373840;08;2;21;000;2020;01;13;4;3;0;7;0;1;0;0;0;0;0;477517,206000000240000;5472847,270300000900000;8,690077730000041;49,407894581000050;1
146293;08200108216100429850;08;2;16;043;2020;01;11;4;3;5;3;0;1;1;0;0;0;0;441403,395399999800000;5411892,091700000700000;8,201148296000042;48,857225874000051;0
146294;08200113119400405530;08;1;19;079;2020;01;13;2;3;6;7;0;0;1;1;0;0;0;523001,235100000170000;5408535,537900000800000;9,313402497000027;48,829372233000072;0
146296;08200108212010368330;08;2;12;000;2020;01;15;4;3;6;4;0;0;0;1;0;0;1;455178,771900000050000;5431085,247400000700000;8,386824480000030;49,031020136000052;0
146298;08200113119200384740;08;1;19;020;2020;01;07;2;3;5;3;1;1;1;0;0;0;0;520597,511099999770000;5405581,526100000400000;9,280502777000038;48,802882925000063;1
146300;08200115421300363150;08;4;21;000;2020;01;14;4;3;6;3;0;1;0;1;0;0;0;571371,241600000300000;5360527,480000000400000;9,964143682000042;48,393867337000074;0
146301;08200108119300354500;08;1;19;067;2020;01;05;4;2;0;1;2;1;0;0;0;0;0;539105,858000000010000;5405451,055299999200000;9,532533611000076;48,800820380000062;2
146302;08200108116500348590;08;1;16;049;2020;01;18;4;3;0;7;2;1;0;0;0;0;0;525078,333999999800000;5385660,400800000900000;9,340312085000051;48,623509695000052;0
146303;08200113118400387800;08;1;18;048;2020;01;07;2;3;3;6;1;1;0;0;0;0;0;514531,564699999990000;5415610,207399999700000;9,198251438000057;48,893270363000056;0
146305;08200108111500358770;08;1;11;000;2020;01;22;4;3;5;3;2;1;1;0;0;0;0;514001,599999999630000;5406208,422000000300000;9,190699804000076;48,808705983000038;1
146306;08200113116200358940;08;1;16;077;2020;01;15;2;3;0;7;0;1;0;0;0;0;0;516053,768799999730000;5391646,984699999900000;9,218082369000058;48,677662337000072;1
146307;08200108111500357330;08;1;11;000;2020;01;14;4;3;3;6;0;1;1;0;0;0;0;516242,575299999680000;5406376,459200000400000;9,221227998000074;48,810163087000035;1
146308;08200108111230353910;08;1;11;000;2020;01;07;4;3;6;7;1;0;0;1;0;0;1;509488,899000000210000;5397574,858999999200000;9,129038492000063;48,731124136000062;0
146309;08200107416200345570;08;4;16;041;2020;01;18;3;2;0;1;2;1;0;0;0;0;0;504402,505800000390000;5373895,314400000500000;9,059617821000074;48,518154904000028;0
146310;08200107416010347630;08;4;15;093;2020;01;17;3;2;6;1;2;0;1;1;0;0;0;524874,107699999590000;5367097,529899999500000;9,336432331000026;48,456522877000054;1
146313;08200107415100346410;08;4;15;050;2020;01;18;3;3;2;1;2;1;1;0;0;0;0;521754,620199999770000;5376144,610500000400000;9,294712006000054;48,538028607000058;1
146314;08200107415100345650;08;4;15;050;2020;01;07;3;3;0;1;1;1;0;0;0;0;0;521311,440999999640000;5378104,659299999500000;9,288808609000057;48,555676836000032;2
146318;08200107337010347300;08;3;37;123;2020;01;17;3;3;1;1;2;0;1;1;0;0;0;451310,032100000420000;5277238,020800000100000;8,351692764000063;47,646707515000060;1
146319;08200107335300386600;08;3;35;022;2020;01;11;3;3;6;7;0;0;1;1;0;0;0;482907,029799999670000;5300006,118499999900000;8,771505455000067;47,853169629000035;0
146320;08200113116010380030;08;1;16;076;2020;01;07;2;3;6;4;2;0;1;1;0;0;0;527726,163399999960000;5400774,588199999200000;9,377256663000026;48,759363732000054;0
146321;08200107335300367820;08;3;35;075;2020;01;07;3;3;5;3;1;1;0;0;1;0;0;487595,764999999660000;5290403,789999999100000;8,834457756000063;47,766880800000081;0
146322;08200115415400617100;08;4;15;080;2020;01;21;4;3;6;7;2;0;1;1;0;0;0;510733,294300000180000;5372865,134299999100000;9,145321339000077;48,508810723000067;0
146324;08200117222301370990;08;2;22;000;2020;01;11;6;3;1;5;0;1;1;0;0;0;0;467369,708599999550000;5482702,834100000600000;8,549387809000052;49,496082223000030;0
146326;08200120211000384580;08;2;16;023;2020;01;15;2;1;6;2;0;0;0;1;0;1;0;437460,997000000440000;5407567,589700000400000;8,148067250000054;48,817942631000051;0
146327;08200124212502390040;08;2;12;000;2020;01;11;6;3;8;7;0;1;0;0;0;0;0;454602,849399999720000;5428224,415899999400000;8,379266156000028;49,005244655000070;0
146330;08200117222200373110;08;2;22;000;2020;01;14;6;3;5;3;0;1;1;0;0;0;0;462344,793800000100000;5481057,740499999400000;8,480155118000027;49,480994368000040;0
146331;08200122136100416070;08;1;36;088;2020;01;16;4;3;5;3;0;1;1;0;0;0;0;581203,932099999860000;5409010,656300000800000;10,106436171000041;48,828762655000048;0
146332;08200117222014369490;08;2;26;009;2020;01;11;6;3;0;3;0;1;0;0;0;0;1;465591,901100000370000;5473310,848500000300000;8,525653741000042;49,411506866000082;0
146333;08200121118000409690;08;1;15;045;2020;01;09;3;2;6;4;0;0;1;1;0;0;0;500011,592000000180000;5394726,254799999300000;9,000157558000069;48,705570176000037;0
146336;08200124116010394890;08;1;16;077;2020;01;17;6;2;6;4;0;0;1;1;0;0;0;514500,575000000190000;5388706,096000000800000;9,196880074000035;48,651243848000036;1
146337;08200122421300418300;08;4;21;000;2020;01;15;4;3;0;3;0;1;1;0;0;0;0;570151,418700000270000;5361367,060200000200000;9,947807928000032;48,401556533000075;0
146342;08200117212010380650;08;2;12;000;2020;01;15;6;3;6;4;0;0;1;1;0;0;0;455458,565000000410000;5428767,593000000300000;8,390906413000039;49,010192935000077;1
146345;08200123426101402540;08;4;26;021;2020;01;07;5;3;5;3;1;1;0;0;0;0;1;558393,226200000380000;5324186,978800000600000;9,783835723000038;48,068284617000074;0
146346;08200119416100390160;08;4;16;036;2020;01;14;1;3;0;7;0;0;1;1;0;0;0;494069,449799999590000;5368239,394400000600000;8,919770052000047;48,467259388000059;1
146347;08200122415400386180;08;4;15;061;2020;01;13;4;3;6;3;0;0;1;1;0;0;0;515038,265300000090000;5370163,747099999300000;9,203510032000054;48,484419764000052;0
146349;08200117212010369420;08;2;12;000;2020;01;12;6;3;0;3;0;1;0;0;0;0;1;453565,264800000000000;5428908,523700000700000;8,365001490000054;49,011321047000081;0
146350;08200117335300384080;08;3;35;075;2020;01;14;6;2;0;7;0;1;0;0;0;0;0;488584,201000000350000;5288808,982000000800000;8,847690887000056;47,752549728000076;0
146351;08200120311010412740;08;3;11;000;2020;01;18;2;2;6;4;2;1;0;1;0;0;0;414498,423299999910000;5316330,712899999700000;7,853909855000040;47,994556745000068;0
146353;08200122111500403800;08;1;11;000;2020;01;12;4;3;6;4;0;0;1;1;0;0;0;514029,462000000290000;5408796,644500000400000;9,191167801000063;48,831988611000043;0
146354;08200117121200416330;08;1;21;000;2020;01;08;6;3;5;3;0;1;1;0;0;0;0;515894,301400000230000;5442019,336300000500000;9,217877068000064;49,130801092000070;0
146356;08200117119400404730;08;1;19;079;2020;01;18;6;3;0;3;2;1;0;0;1;0;0;523272,689799999820000;5407901,278599999800000;9,317065137000043;48,823656480000068;1
146357;08200123326000401850;08;3;26;074;2020;01;13;5;3;5;2;0;1;1;0;0;0;0;460511,115399999540000;5322592,973700000000000;8,470058113000050;48,055394654000054;0
146360;08200121231202415030;08;2;36;071;2020;01;08;3;3;0;7;1;0;1;1;0;0;0;469588,302699999880000;5422375,274800000700000;8,584598842000048;48,953549590000080;1
146361;08200117119400400990;08;1;19;079;2020;01;13;6;2;6;7;0;0;1;1;0;0;0;523934,016699999570000;5409009,037799999100000;9,326139513000044;48,833596461000070;0
146362;08200117335010432070;08;3;35;043;2020;01;00;6;2;6;6;2;1;0;1;0;0;0;512906,637600000020000;5278999,121500000400000;9,171909242000027;47,664256350000073;0
146364;08200124311000404430;08;3;15;047;2020;01;15;6;3;6;4;0;0;1;1;0;0;0;415603,185600000430000;5321675,705900000400000;7,867662943000028;48,042783876000044;0
146365;08200123212302391880;08;2;12;000;2020;01;17;5;3;5;3;1;1;1;0;0;0;0;456686,742300000040000;5428460,595200000300000;8,407733249000046;49,007518883000046;0
146366;08200118317300399100;08;3;17;026;2020;01;14;7;3;6;6;0;0;1;1;0;0;0;413525,681599999780000;5345785,646400000900000;7,834895772000039;48,259377018000066;0
146369;08200124335100418860;08;3;35;043;2020;01;23;6;3;0;1;2;1;0;0;0;0;0;512257,983000000010000;5280573,081000000200000;9,163313738000056;47,678430935000051;0
146370;08200123221200389040;08;2;21;000;2020;01;09;5;3;5;2;0;1;0;0;0;0;0;475916,392300000410000;5474103,015699999400000;8,667934919000061;49,419128532000059;0
146371;08200118426200376140;08;4;26;013;2020;01;18;7;3;6;4;2;0;1;1;0;0;0;545726,803999999540000;5323823,006799999600000;9,613781829000061;48,066044155000043;0
146372;08200122311010388720;08;3;11;000;2020;01;16;4;3;2;7;0;1;1;0;0;0;0;415248,514999999660000;5319671,858999999200000;7,863301919000037;48,024711557000046;0
146373;08200121215402413010;08;2;15;009;2020;01;13;3;3;6;7;0;0;1;1;0;0;0;471006,057099999860000;5442237,790599999900000;8,602542507000067;49,132287650000080;0
146374;08200117115300385980;08;1;15;052;2020;01;16;6;3;5;2;1;1;1;0;0;0;0;494669,292100000200000;5410431,198699999600000;8,927341435000074;48,846828446000075;0
146375;08200117326200368590;08;3;26;074;2020;01;07;6;3;6;4;1;0;1;1;0;0;0;465072,573400000110000;5322755,347999999300000;8,531257480000022;48,057121528000039;1
146376;08200120135010376870;08;1;35;019;2020;01;07;2;2;6;2;2;0;1;1;0;0;0;585340,443199999630000;5395411,088099999400000;10,159964995000053;48,705891699000063;1
146379;08200118222200416150;08;2;22;000;2020;01;09;7;3;2;6;0;1;1;0;0;0;0;461494,561900000090000;5482207,969000000500000;8,468305833000045;49,491286718000026;0
146381;08200122121200413330;08;1;21;000;2020;01;08;4;2;6;4;0;0;1;1;0;0;0;516122,668100000360000;5443041,898199999700000;9,221048362000033;49,139993431000050;0
146382;08200117115100385780;08;1;15;003;2020;01;06;6;3;5;3;2;1;1;0;0;0;0;500708,771499999800000;5393393,030999999500000;9,009631335000051;48,693575975000044;0
146383;08200121116010408160;08;1;16;019;2020;01;18;3;2;6;4;2;0;1;1;0;0;0;522166,016099999660000;5398678,448899999300000;9,301490791000049;48,740729924000050;0
146386;08200121121200414990;08;1;21;000;2020;01;07;3;3;6;4;1;0;1;1;0;0;0;514736,076299999840000;5440893,698999999100000;9,201959246000058;49,120704443000079;0
146387;08200117111500370320;08;1;11;000;2020;01;08;6;3;5;2;0;1;1;0;0;0;0;512781,864000000060000;5401524,848999999500000;9,173941575000072;48,766599276000079;0
146389;08200124118200410560;08;1;18;080;2020;01;12;6;3;5;2;0;1;1;0;0;0;0;508641,101599999700000;5408706,782500000700000;9,117743417000042;48,831278593000036;0
146390;08200122436100388700;08;4;36;055;2020;01;12;4;3;6;2;0;0;1;1;0;0;0;576212,781000000420000;5297647,395999999700000;10,018298966000032;47,827658214000053;1
146392;08200122111500533680;08;1;11;000;2020;01;18;4;2;6;4;2;0;1;1;0;0;0;512935,009100000370000;5403423,782400000800000;9,176085367000042;48,783678778000080;0
146394;08200120417200521900;08;4;17;002;2020;01;08;2;3;6;4;0;0;1;1;0;0;0;488585,316100000400000;5346122,839800000200000;8,846179914000061;48,268210487000033;0
146395;08200116437100398100;08;4;37;076;2020;01;14;5;3;0;7;0;0;1;1;0;0;0;524520,173299999910000;5321753,694199999800000;9,329017758000020;48,048594592000029;0
146396;08200123421200388510;08;4;21;000;2020;01;23;5;3;0;1;2;1;0;0;0;0;0;573546,911600000230000;5360929,458100000400000;9,993600373000049;48,397233193000034;0
146398;08200122335100517740;08;3;35;043;2020;01;19;4;2;5;7;2;1;1;0;0;0;0;513270,122299999930000;5278674,646099999500000;9,176740778000067;47,661329470000055;0
146399;08200123436400409850;08;4;36;005;2020;01;10;5;3;6;4;0;0;1;1;0;0;0;540480,984000000170000;5309504,852900000300000;9,542020564000040;47,937581418000036;0
146400;08200120111330379310;08;1;11;000;2020;01;16;2;3;0;7;0;1;0;0;0;0;0;511714,329400000160000;5408663,891799999400000;9,159617763000028;48,830842381000082;0
146401;08200124111500420630;08;1;11;000;2020;01;17;6;2;6;7;2;0;1;1;0;0;0;512778,250199999660000;5401611,327199999200000;9,173895083000048;48,767377303000046;0
146403;08200121415400435820;08;4;15;061;2020;01;19;3;3;5;3;2;1;1;0;0;0;0;516090,941999999810000;5371448,448400000100000;9,217805096000063;48,495951319000028;1
146404;08200116437100368180;08;4;37;076;2020;01;16;5;3;0;1;0;1;0;0;0;0;0;525529,912999999710000;5321318,289500000000000;9,342540474000032;48,044637680000051;1
146407;08200124416200394580;08;4;16;041;2020;01;13;6;3;0;7;0;1;0;0;0;0;0;505793,807799999600000;5370949,082000000400000;9,078417629000057;48,491638164000051;0
146408;08200123311010427840;08;3;11;000;2020;01;09;5;3;3;6;0;1;0;0;0;0;0;414848,716099999850000;5316651,311200000300000;7,858540709000067;47,997487404000026;0
146412;08200116421300395750;08;4;21;000;2020;01;18;5;2;0;1;2;1;0;0;0;0;0;570603,566399999890000;5360768,111099999400000;9,953815234000047;48,396118318000049;1
146413;08200117317600381230;08;3;17;085;2020;01;11;6;3;0;1;0;1;0;0;0;0;0;431683,353500000200000;5360942,190999999600000;8,077047226000047;48,397936188000074;0
146414;08200121316100409530;08;3;16;011;2020;01;10;3;2;6;4;0;0;0;1;0;0;1;414298,239000000060000;5330348,198000000800000;7,848418282000068;48,120621169000060;0
146416;08200117317300386400;08;3;17;065;2020;01;09;6;3;5;2;0;1;1;0;0;0;0;416669,295500000010000;5354820,250700000700000;7,875458662000028;48,341064435000078;0
146417;08200120311010383010;08;3;11;000;2020;01;05;2;3;0;1;2;1;0;0;0;0;0;408765,347099999900000;5314954,953999999900000;7,777371801000072;47,981389239000066;1
146418;08200124317300425520;08;3;17;114;2020;01;18;6;3;5;2;0;1;1;0;0;0;0;405897,038800000210000;5346829,720100000500000;7,731904694000036;48,267680789000053;0
146419;08200123215102387970;08;2;15;090;2020;01;07;5;3;5;3;2;1;1;0;0;0;0;465288,461000000130000;5433643,913100000500000;8,524904892000052;49,054687940000065;0
146420;08200118337010398950;08;3;37;128;2020;01;15;7;2;0;1;0;1;0;0;0;0;0;451908,606800000180000;5285143,450600000100000;8,358791255000028;47,717878407000057;0
146424;08200116416100368150;08;4;16;036;2020;01;15;5;2;6;4;0;1;0;1;0;0;0;495251,721300000320000;5364641,080700000700000;8,935804919000077;48,434897297000077;0
146425;08200117316200396540;08;3;16;055;2020;01;05;6;3;6;4;2;0;1;1;0;0;0;428971,948099999690000;5333832,714500000700000;8,044977608000067;48,153773348000072;0
146427;08200118116200398600;08;1;16;078;2020;01;18;7;3;0;7;2;1;0;0;0;0;0;512372,199400000270000;5392546,885399999100000;9,168097297000031;48,685841731000039;1
146429;08200123119010392790;08;1;19;020;2020;01;17;5;2;6;4;2;0;1;1;0;0;0;519423,036600000230000;5409937,315099999300000;9,264714909000077;48,842104537000068;0
146430;08200118212702372800;08;2;15;017;2020;01;19;7;3;6;7;2;0;1;1;0;0;0;456481,048499999570000;5421174,583699999400000;8,405700348000039;48,941965493000055;0
146431;08200120216200376560;08;2;16;007;2020;01;07;2;3;6;4;1;0;1;1;0;0;0;436484,838299999940000;5394114,907700000300000;8,136846965000075;48,696837092000067;0
146433;08200124226300403170;08;2;26;048;2020;01;07;6;3;6;4;2;0;1;1;0;0;0;485211,663900000040000;5464861,898499999200000;8,796440713000038;49,336301986000080;0
146435;08200118311010372170;08;3;11;000;2020;01;14;7;3;0;7;0;1;1;0;0;0;0;414369,804499999620000;5316076,302500000200000;7,852236924000067;47,992251012000054;0
146436;08200116336400377620;08;3;36;019;2020;01;09;5;2;5;2;0;1;1;0;0;0;0;394800,096400000150000;5275697,211100000900000;7,599802587000056;47,626129986000080;0
146437;08200122212010409780;08;2;12;000;2020;01;11;4;3;6;7;0;0;0;1;0;0;1;455692,684700000100000;5428300,726199999500000;8,394158710000056;49,006010276000040;0
146438;08200116336400370130;08;3;36;091;2020;01;16;5;3;5;3;0;1;1;0;0;0;0;395956,276899999940000;5271307,159600000800000;7,616228644000046;47,586827461000041;0
146439;08200121118600399730;08;1;18;073;2020;01;09;3;3;1;7;0;1;1;0;0;0;0;496951,660699999890000;5421432,374900000200000;8,958368444000030;48,945807978000062;0
146440;08200116336300393170;08;3;36;081;2020;01;08;5;3;5;3;0;1;1;0;0;0;0;412738,522599999790000;5279323,637700000800000;7,837781464000045;47,661418398000080;0
146443;08200124116500418750;08;1;16;035;2020;01;21;6;3;0;7;2;1;0;0;0;0;0;526976,190000000410000;5391890,709000000700000;9,366471342000068;48,679478443000050;1
146445;08200122111500417200;08;1;11;000;2020;01;17;4;2;6;4;2;0;0;1;0;0;1;512707,808000000190000;5407744,708000000600000;9,173126211000067;48,822554007000065;0
146448;08200116335300398120;08;3;35;100;2020;01;17;5;3;6;4;2;0;1;1;0;0;0;488784,673299999910000;5287437,262599999100000;8,850400939000053;47,740211124000041;0
146449;08200120435100432650;08;4;35;016;2020;01;16;2;3;6;2;0;0;1;1;0;0;0;535516,076399999670000;5277796,504899999100000;9,472949458000073;47,652589527000032;0
146450;08200116335300397660;08;3;35;075;2020;01;16;5;3;6;6;0;1;0;1;0;0;0;487951,230800000020000;5289291,709699999500000;8,839232480000021;47,756881571000065;0
146455;08200122415400401790;08;4;15;061;2020;01;16;4;3;0;7;0;1;0;0;0;0;0;514905,664300000300000;5371644,245500000200000;9,201768414000071;48,497742018000054;1
146457;08200116335100380500;08;3;35;043;2020;01;16;5;3;5;3;0;1;1;0;0;0;0;512002,251699999910000;5280349,818000000000000;9,159900492000077;47,676426889000027;0
146458;08200117311400371520;08;3;15;006;2020;01;17;6;3;5;2;1;1;1;0;0;0;0;403830,076000000350000;5307920,933000000200000;7,712823804000038;47,917395365000061;1
146461;08200124335100422340;08;3;35;043;2020;01;14;6;3;5;2;0;1;1;0;0;0;0;513324,207999999630000;5278763,786599999300000;9,177463844000044;47,662130415000036;0
146463;08200118435000376260;08;4;37;107;2020;01;16;7;2;6;7;0;0;1;1;0;0;0;507393,309000000360000;5329381,271999999900000;9,099338066000030;48,117648492000058;1
146464;08200120335100376370;08;3;35;043;2020;01;07;2;3;9;1;1;1;0;0;0;0;0;512752,238499999980000;5278134,373500000700000;9,169827506000047;47,656478684000035;2
146466;08200123337010419860;08;3;37;096;2020;01;07;5;2;6;4;1;0;1;1;0;0;0;420065,116299999880000;5267373,289699999600000;7,937524499000062;47,554856959000062;0
146467;08200119222600403470;08;2;22;000;2020;01;02;1;2;0;7;2;1;0;0;0;0;0;461269,768799999730000;5483062,329399999200000;8,465118229000041;49,498956912000040;1
146468;08200122335100413210;08;3;35;043;2020;01;20;4;2;6;2;2;0;1;1;0;0;0;511147,299399999900000;5281492,286800000800000;9,148539573000051;47,686721740000053;0
146470;08200116326400366080;08;3;26;074;2020;01;13;5;3;0;1;0;1;0;0;0;0;0;459116,252899999730000;5323147,296800000600000;8,451286904000028;48,060293864000073;0
146473;08200118111250388660;08;1;11;000;2020;01;17;7;2;5;7;1;1;1;0;0;0;0;514557,334200000390000;5403248,689899999600000;9,198163884000053;48,782067808000079;1
146474;08200124311010404630;08;3;36;050;2020;01;12;6;3;5;3;0;1;1;0;0;0;0;399213,310399999840000;5274123,423599999400000;7,658887086000050;47,612675078000052;0
146475;08200123212502417400;08;2;12;000;2020;01;19;5;3;2;2;0;1;1;0;0;0;0;454301,084800000300000;5429331,324300000400000;8,375015645000076;49,015179098000033;0
146479;08200121126200385190;08;1;26;066;2020;01;07;3;3;5;7;0;0;1;1;0;0;0;536819,518299999650000;5449474,133199999100000;9,505390879000061;49,196959510000056;0
146480;08200122311010395430;08;3;11;000;2020;01;13;4;3;1;5;0;1;1;0;0;0;0;414044,670400000180000;5317761,413499999800000;7,847542234000059;48,007365579000066;1
146481;08200121216300401480;08;2;16;015;2020;01;14;3;3;0;7;0;1;0;0;0;0;0;451473,733099999840000;5404597,178600000200000;8,339290591000065;48,792475450000040;0
146482;08200116326300377330;08;3;26;052;2020;01;08;5;3;6;4;0;0;1;1;0;0;0;450411,172000000250000;5330548,786000000300000;8,333601003000069;48,126263548000054;1
146483;08200117311010431540;08;3;11;000;2020;01;10;6;2;6;6;0;1;0;1;0;0;0;414143,725899999960000;5316281,911699999100000;7,849166133000040;47,994070230000034;0
146485;08200124212010418610;08;2;12;000;2020;01;08;6;3;1;7;0;1;1;0;0;0;0;455061,810499999670000;5431095,005300000300000;8,385223408000059;49,031099396000059;0
146488;08200116317500366120;08;3;17;122;2020;01;16;5;3;8;7;0;1;0;0;0;0;0;417609,360500000420000;5367524,758199999100000;7,885648987000025;48,455463022000060;0
146492;08200116311010426200;08;3;11;000;2020;01;18;5;3;0;7;2;0;1;1;0;0;0;410130,755300000310000;5315785,032500000700000;7,795491576000075;47,989049262000037;0
146493;08200120111500378480;08;1;11;000;2020;01;10;2;3;1;5;0;1;1;0;0;0;0;511699,575400000440000;5406151,577600000400000;9,159345074000044;48,808242221000057;0
146494;08200117435100397630;08;4;35;016;2020;01;08;6;3;4;7;0;1;1;0;0;0;0;537567,391699999570000;5278765,771400000900000;9,500348041000052;47,661194538000075;2