OBJECTID;UIDENTSTLAE;ULAND;UREGBEZ;UKREIS;UGEMEINDE;UJAHR;UMONAT;USTUNDE;UWOCHENTAG;UKATEGORIE;UART;UTYP1;ULICHTVERH;IstRad;IstPKW;IstFuss;IstKrad;IstGkfz;IstSonstige;LINREFX;LINREFY;XGCSWGS84;YGCSWGS84;STRZUSTAND
146497;08200120118400433370;08;1;18;048;2020;01;17;2;3;6;2;2;0;1;1;0;0;0;512325,456600000150000;5416032,803500000400000;9,168166813000028;48,897119742000029;0
146498;08200124119010409460;08;1;19;020;2020;01;19;6;2;6;4;2;0;0;1;0;0;1;520022,340699999590000;5406270,449200000600000;9,272703638000053;48,809099147000040;0
146501;08200122116010401720;08;1;16;056;2020;01;13;4;3;0;7;0;1;1;0;0;0;0;531831,137600000020000;5395112,323000000800000;9,432672223000054;48,708230888000060;0
146502;08200116311010395630;08;3;11;000;2020;01;07;5;3;6;4;2;0;1;1;0;0;0;410340,137000000100000;5316184,066800000100000;7,798213911000062;47,992668053000045;0
146503;08200120421200392230;08;4;21;000;2020;01;08;2;3;6;4;0;0;0;1;0;0;1;572834,252100000160000;5361160,274900000500000;9,984014050000042;48,399392177000038;0
146504;08200116311010394870;08;3;36;050;2020;01;07;5;2;5;3;1;1;1;0;0;0;0;399785,404099999930000;5274825,594699999300000;7,666336861000048;47,619080087000043;0
146507;08200122415400385800;08;4;15;061;2020;01;10;4;3;0;1;0;1;0;0;0;0;0;515895,946000000460000;5370552,543999999800000;9,215131574000054;48,487896414000033;2
146510;08200122416200400960;08;4;16;041;2020;01;14;4;2;1;5;0;1;1;0;0;0;0;502994,806499999950000;5375477,907800000200000;9,040566424000076;48,532400776000031;1
146511;08200121436200406100;08;4;36;064;2020;01;07;3;3;6;4;0;0;1;1;0;0;0;546192,299499999730000;5293454,994699999700000;9,616772516000026;47,792796477000081;1
146512;08200116311010377420;08;3;15;073;2020;01;11;5;3;0;5;0;1;1;0;0;0;0;412684,728600000030000;5313866,188100000800000;7,830104819000042;47,972142413000029;0
146513;08200120317500384960;08;3;17;096;2020;01;09;2;3;0;7;0;1;0;0;0;0;0;423201,554100000300000;5368647,416400000500000;7,961065113000075;48,466268762000027;0
146514;08200116311010376180;08;3;36;105;2020;01;16;5;3;1;7;0;1;1;0;0;0;0;402017,826999999580000;5266315,032800000200000;7,697938015000034;47,542864682000072;0
146515;08200124426300406750;08;4;26;097;2020;01;13;6;3;0;3;0;1;0;0;0;0;1;535430,042600000280000;5334054,514100000300000;9,476426245000027;48,158749095000076;0
146516;08200123317100390990;08;3;17;001;2020;01;13;5;3;5;3;0;1;1;0;0;0;0;432026,436499999840000;5386792,292999999600000;8,077469479000058;48,630500535000067;0
146522;08200117311010387980;08;3;11;000;2020;01;15;6;3;5;3;0;1;1;0;0;0;0;414097,578499999830000;5318054,871600000200000;7,848192674000075;48,010012452000069;1
146523;08200120221400397030;08;2;21;000;2020;01;15;2;3;6;4;0;1;0;1;0;0;0;474158,221300000320000;5471302,503200000200000;8,643875956000045;49,393866312000057;0
146524;08200124226700433050;08;2;26;095;2020;01;16;6;3;5;3;0;1;1;0;0;0;0;474413,605999999680000;5461256,349999999600000;8,648040549000029;49,303512952000062;0
146525;08200123212010401160;08;2;12;000;2020;01;12;5;3;5;3;0;1;0;0;0;0;1;457499,442999999970000;5428573,888599999200000;8,418833677000066;49,008594478000077;0
146526;08200117231000397600;08;2;31;000;2020;01;09;6;3;6;7;0;0;0;1;0;0;1;478320,574900000360000;5415436,755699999600000;8,704241969000066;48,891501178000055;0
146527;08200120311010392870;08;3;11;000;2020;01;10;2;3;5;3;0;1;1;0;0;0;0;414416,714399999940000;5319070,128399999800000;7,852268181000056;48,019187869000064;0
146529;08200123215102404080;08;2;15;102;2020;01;19;5;3;0;7;2;1;0;0;0;0;0;455589,468799999920000;5436217,429899999900000;8,391879819000053;49,077213962000030;0
146530;08200118415400373900;08;4;15;061;2020;01;14;7;3;6;2;0;0;1;1;0;0;0;516882,101800000300000;5373815,016499999900000;9,228609791000054;48,517220960000031;0
146531;08200122311000409130;08;3;11;000;2020;01;11;4;3;1;7;0;1;1;0;0;0;0;413197,827800000090000;5316804,743599999700000;7,836384071000055;47,998645567000040;1
146532;08200121215402381870;08;2;15;009;2020;01;10;3;3;1;3;0;1;1;0;0;0;0;469040,983599999920000;5440677,360899999700000;8,575725223000063;49,118155443000035;0
146533;08200116311010365390;08;3;11;000;2020;01;07;5;3;5;2;1;1;1;0;0;0;0;412336,832399999720000;5317634,998400000900000;7,824674944000037;48,005996465000067;0
146535;08200120119500406120;08;1;19;042;2020;01;20;2;2;5;3;2;1;1;0;0;0;0;528736,401800000110000;5414756,077299999100000;9,391981756000064;48,885090989000048;0
146536;08200124212010401170;08;2;12;000;2020;01;07;6;3;5;3;2;1;1;0;0;0;0;456118,460199999620000;5428523,096799999500000;8,399956231000033;49,008040945000062;0
146537;08200123119500391740;08;1;19;085;2020;01;10;5;3;6;4;0;0;1;1;0;0;0;529479,970300000160000;5413594,814300000700000;9,402040486000033;48,874609829000065;0
146539;08200122117010412440;08;1;17;019;2020;01;15;4;2;3;7;0;1;1;0;0;0;0;552976,442999999970000;5394261,969300000000000;9,719966677000059;48,699143885000069;0
146540;08200116231102415670;08;2;36;040;2020;01;16;5;3;2;1;0;1;1;0;0;0;0;490538,540000000040000;5422430,198999999100000;8,870760614000062;48,954719215000068;0
146542;08200116231000522920;08;2;31;000;2020;01;11;5;3;6;4;0;0;1;1;0;0;0;477631,724100000230000;5415151,686100000500000;8,694860176000077;48,888912304000030;0
146543;08200122215202385260;08;2;15;100;2020;01;08;4;3;6;7;0;0;1;1;0;0;0;474766,061999999920000;5452318,434599999300000;8,653452204000075;49,223130717000060;0
146546;08200116225100397000;08;2;25;058;2020;01;07;5;3;1;6;2;1;1;0;0;0;1;510459,511699999680000;5466313,880200000500000;9,144011999000043;49,349452214000053;1
146548;08200124117300407880;08;1;17;026;2020;01;09;6;3;4;2;0;1;1;0;0;0;0;546894,049599999560000;5395278,193399999300000;9,637426140000059;48,708772233000047;0
146551;08200116222600523370;08;2;22;000;2020;01;22;5;3;3;2;2;1;1;0;0;0;0;460725,085799999540000;5484727,121799999800000;8,457430697000063;49,513895732000037;0
146553;08200116222500383430;08;2;26;009;2020;01;14;5;3;1;2;0;1;1;0;0;0;0;465329,861399999820000;5472555,149700000900000;8,522107406000032;49,404694734000032;0
146554;08200123416010387960;08;4;16;041;2020;01;18;5;3;5;3;2;1;1;0;0;0;0;503565,593399999660000;5374413,188400000300000;9,048288960000036;48,522819199000025;0
146558;08200120111110378720;08;1;11;000;2020;01;22;2;3;5;3;2;1;1;0;0;0;0;512488,000000000000000;5402608,716700000700000;9,169975464000061;48,776355646000070;0
146560;08200122416000434520;08;4;16;025;2020;01;10;4;3;5;3;0;1;1;0;0;0;0;504560,011300000360000;5361581,328500000800000;9,061616495000067;48,407371567000041;0
146562;08200116215102381980;08;2;15;105;2020;01;10;5;2;0;3;0;1;1;0;0;0;0;457200,090599999760000;5442202,123700000300000;8,413298773000065;49,131160255000054;0
146563;08200120316100410030;08;3;16;011;2020;01;17;2;3;4;6;0;1;1;0;0;0;0;413579,287800000050000;5330801,524700000900000;7,838667800000053;48,124601711000025;0
146564;08200116212702381340;08;2;15;017;2020;01;11;5;3;3;6;0;1;1;0;0;0;0;454634,928500000390000;5422087,839299999200000;8,380389336000064;48,950047745000063;0
146566;08200123311010388600;08;3;11;000;2020;01;10;5;2;3;2;0;1;0;0;0;1;0;414076,773000000040000;5317980,336999999400000;7,847928701000058;48,009339190000048;1
146567;08200119111500376030;08;1;11;000;2020;01;13;1;3;6;2;0;0;1;1;0;0;0;511980,627600000240000;5395871,795399999200000;9,162873629000046;48,715760426000031;1
146568;08200122311100413080;08;3;15;059;2020;01;09;4;2;0;1;0;1;0;0;0;0;0;402606,445600000210000;5321773,061100000500000;7,693309697000075;48,041808912000079;2
146569;08200119311010397520;08;3;36;050;2020;01;18;1;2;0;1;2;1;0;0;0;0;0;401490,317599999720000;5276266,130100000600000;7,688695692000067;47,632299804000070;0
146571;08200121311010395920;08;3;11;000;2020;01;16;3;3;0;7;0;1;0;0;0;0;0;411479,172100000080000;5314561,524800000700000;7,813812439000060;47,978231534000031;0
146572;08200116212302377610;08;2;12;000;2020;01;17;5;3;0;2;2;1;0;0;0;0;1;455166,889299999920000;5430984,736600000400000;8,386673044000077;49,030115173000070;0
146576;08200124311010417700;08;3;11;000;2020;01;09;6;3;6;7;0;1;0;1;0;0;0;414513,596400000150000;5315871,894600000200000;7,854204580000044;47,990431521000062;0
146577;08200123212502426900;08;2;12;000;2020;01;12;5;3;5;3;0;1;1;0;0;0;0;454530,118300000210000;5427265,643100000900000;8,378379077000034;48,996615058000032;0
146579;08200117336200368850;08;3;36;105;2020;01;07;6;3;5;2;2;1;1;0;0;0;0;401483,003299999980000;5266913,038300000100000;7,690698804000022;47,548163174000081;0
146580;08200122222014385140;08;2;26;003;2020;01;17;4;2;6;4;2;0;1;1;0;0;0;464265,227500000040000;5460275,408099999700000;8,508534601000065;49,294180102000041;0
146582;08200116212202372540;08;2;12;000;2020;01;18;5;3;5;3;2;1;0;0;0;0;0;457441,893000000160000;5428822,355000000400000;8,418020713000033;49,010825501000056;0
146587;08200131221300423190;08;2;21;000;2020;01;10;6;3;5;3;0;1;1;0;0;0;0;476922,126199999820000;5473919,795800000400000;8,681812415000024;49,417519490000075;0
146588;08200201421200436100;08;4;21;000;2020;02;07;7;3;6;4;1;0;1;1;0;0;0;574529,189500000330000;5362267,260199999400000;10,007106143000044;48,409151585000075;0
146589;08200131221201432820;08;2;21;000;2020;01;06;6;3;0;7;2;1;0;1;0;0;0;477708,832000000400000;5472984,301000000900000;8,692711535000058;49,409134201000029;0
146598;08200131115300532300;08;1;15;052;2020;01;11;6;2;0;6;0;1;0;0;0;0;1;494558,288300000130000;5410381,122899999800000;8,925829099000055;48,846377008000047;0
146600;08200131111500429390;08;1;11;000;2020;01;10;6;3;0;1;0;1;0;0;0;0;0;511278,640800000170000;5400888,680900000000000;9,153467655000043;48,760905395000066;0
146601;08200127212010402010;08;2;12;000;2020;01;17;2;2;5;3;2;1;1;0;0;0;0;453848,861800000070000;5428889,692399999100000;8,368881594000072;49,011172935000047;1
146603;08200203111370437710;08;1;11;000;2020;02;08;2;3;6;4;0;0;1;1;0;0;0;508602,612900000070000;5406791,597600000000000;9,117178802000069;48,814050362000046;1
146605;08200130436300411480;08;4;36;049;2020;01;06;5;3;6;2;2;0;1;1;0;0;0;578779,566999999810000;5283736,972999999300000;10,050066760000050;47,702210177000040;2
146606;08200130426010419610;08;4;21;000;2020;01;08;5;2;0;5;0;1;1;0;0;0;0;572039,539900000210000;5360187,963600000400000;9,973112037000021;48,390737294000076;1
146607;08200130426010413360;08;4;26;070;2020;01;16;5;2;0;1;0;1;0;0;0;0;0;565448,932599999940000;5342064,934200000000000;9,881285741000056;48,228427697000029;0
146608;08200130415100435740;08;4;15;050;2020;01;14;5;2;0;1;0;1;0;0;0;0;0;520318,981800000180000;5376415,917199999100000;9,275276745000042;48,540517488000035;0
146610;08200131317300415180;08;3;17;065;2020;01;07;6;3;0;3;1;1;0;0;0;0;1;413800,064399999570000;5357019,145099999400000;7,836296463000053;48,360457996000036;0
146611;08200130336091429620;08;3;36;050;2020;01;13;5;2;0;1;0;1;0;0;0;0;0;399777,664599999790000;5273952,380999999100000;7,666433655000049;47,611224024000080;0
146612;08200202135010455650;08;1;35;019;2020;02;15;1;2;4;2;0;1;1;0;0;0;0;584464,776300000030000;5391921,507700000000000;10,147351855000068;48,674624585000061;1
146613;08200127128100426520;08;1;28;007;2020;01;14;2;2;5;3;0;1;1;0;0;0;0;555740,361999999730000;5482290,789000000800000;9,769671523000056;49,490693093000061;0
146616;08200130326200426250;08;3;26;003;2020;01;11;5;3;3;6;0;1;1;0;0;0;0;465052,258999999610000;5318688,274000000200000;8,531316861000050;48,020529664000037;1
146617;08200202311010523670;08;3;11;000;2020;02;15;1;3;5;2;0;1;1;0;0;0;0;414610,733300000430000;5317484,545299999400000;7,855185346000042;48,004950926000049;1
146619;08200130326200409950;08;3;26;074;2020;01;15;5;3;6;2;0;0;1;1;0;0;0;465486,524799999780000;5323657,680999999900000;8,536739881000074;48,065262163000057;0
146621;08200130317300418890;08;3;17;065;2020;01;14;5;2;5;6;0;1;0;0;0;0;1;413683,942300000230000;5356075,908299999300000;7,834922629000062;48,351957937000066;0
146622;08200130317100424390;08;3;17;001;2020;01;13;5;3;5;3;0;1;1;0;0;0;0;431845,372200000100000;5386442,435499999700000;8,075069945000053;48,627333850000070;0
146626;08200201435200436310;08;4;35;034;2020;02;07;7;3;2;6;1;1;0;0;0;1;0;529064,969300000000000;5285381,766400000100000;9,387550837000049;47,721159678000049;0
146627;08200130316100410160;08;3;16;011;2020;01;14;5;3;5;3;0;1;1;0;0;0;0;414480,440899999810000;5329400,064700000000000;7,851056221000022;48,112117031000025;0
146628;08200130311010424420;08;3;15;073;2020;01;13;5;3;0;1;0;1;0;0;0;0;0;412189,264899999830000;5313728,573000000800000;7,823495906000062;47,970836720000079;0
146630;08200130311010424410;08;3;11;000;2020;01;18;5;3;6;7;2;0;1;1;0;0;0;410838,488400000150000;5316473,674100000400000;7,804832057000056;47,995342823000044;1
146632;08200130237200437670;08;2;37;027;2020;01;07;5;2;0;1;1;1;0;0;0;0;0;481795,099000000390000;5369679,703500000800000;8,753657944000054;48,479981396000028;2
146633;08200130235200428300;08;2;35;060;2020;01;16;5;2;6;4;0;0;0;1;0;0;1;477125,717699999920000;5379930,145700000200000;8,689912000000049;48,572044148000032;0
146635;08200127119200426170;08;1;19;020;2020;01;08;2;2;0;1;0;1;0;0;0;0;0;519593,387400000360000;5408593,280899999700000;9,266972324000051;48,830008553000027;0
146637;08200130226600419660;08;2;26;031;2020;01;15;5;3;5;3;0;1;1;0;0;0;0;474911,018199999820000;5493044,524499999400000;8,652869820000035;49,589460376000034;0
146641;08200127119010408760;08;1;19;008;2020;01;17;2;2;6;4;2;0;1;1;0;0;0;531626,880900000220000;5422823,937100000700000;9,432034030000068;48,957524535000061;1
146643;08200127118000404670;08;1;15;045;2020;01;07;2;3;8;3;1;1;1;0;0;0;0;498742,005099999720000;5396460,536100000100000;8,982896044000029;48,721170616000052;0
146644;08200130222200433570;08;2;22;000;2020;01;18;5;3;3;6;2;1;1;0;0;0;0;461730,051199999640000;5481902,332699999200000;8,471586982000076;49,488552582000068;0
146649;08200130221011424980;08;2;21;000;2020;01;11;5;3;6;7;0;0;1;1;0;0;0;477614,148900000380000;5472968,273099999900000;8,691407232000074;49,408986556000059;0
146650;08200201221400440790;08;2;21;000;2020;02;08;7;3;0;7;0;1;0;0;0;0;0;477297,565999999640000;5469821,015000000600000;8,687222963000068;49,380665668000063;0
146651;08200130215402422560;08;2;15;009;2020;01;06;5;3;5;3;2;1;1;0;0;0;0;468232,692200000400000;5440740,117699999400000;8,564643463000039;49,118678713000065;1
146652;08200130215102421110;08;2;12;000;2020;01;21;5;3;5;3;2;1;1;0;0;0;0;460619,580500000160000;5430292,607599999800000;8,461330593000071;49,024261687000035;1
146653;08200130212702409770;08;2;15;108;2020;01;12;5;3;0;7;0;1;0;0;0;0;0;449320,393000000160000;5424618,663899999100000;8,307491848000041;48,972399842000073;0
146659;08200130135200417390;08;1;35;019;2020;01;06;5;3;6;4;2;0;1;1;0;0;0;584157,891900000160000;5391472,157900000000000;10,143092628000034;48,670624420000081;1
146660;08200130127010430140;08;1;36;002;2020;01;07;5;2;6;4;2;0;1;1;0;0;0;573480,172100000080000;5415955,515399999900000;10,002461333000042;48,892189831000053;1
146664;08200130117010422530;08;1;17;026;2020;01;22;5;3;6;4;2;0;1;1;0;0;0;548573,241100000220000;5394834,622600000400000;9,660197470000071;48,704653570000062;1
146665;08200126335200400160;08;3;35;063;2020;01;13;1;3;5;3;0;1;1;0;0;0;0;498392,993999999950000;5287223,312999999200000;8,978565213000024;47,738381591000064;0
146666;08200130116500428980;08;1;16;049;2020;01;09;5;3;0;1;0;1;0;0;0;0;0;525239,326399999670000;5386816,083799999200000;9,342567070000030;48,633899787000075;1
146667;08200202222000456840;08;2;22;000;2020;02;02;1;3;5;3;2;1;1;0;0;0;0;461864,700899999590000;5482660,820900000600000;8,473372891000054;49,495383255000036;1
146669;08200130116400424570;08;1;16;054;2020;01;17;5;3;5;3;1;0;1;1;0;0;0;532929,546099999920000;5381608,681500000900000;9,446528337000075;48,586696509000035;0
146670;08200130116200411070;08;1;16;078;2020;01;10;5;3;0;1;0;1;0;0;0;0;0;508452,928899999710000;5393070,733100000800000;9,114858219000041;48,690619700000070;2
146671;08200130115400411670;08;1;15;045;2020;01;13;5;3;6;4;0;0;1;1;0;0;0;500782,157999999820000;5396810,142000000900000;9,010635044000026;48,724316467000051;0
146674;08200131311010425800;08;3;11;000;2020;01;08;6;2;5;3;0;1;1;0;0;0;0;409964,855100000280000;5316301,618699999500000;7,793160188000059;47,993672724000078;1
146677;08200131311010413090;08;3;36;050;2020;01;07;6;3;6;2;1;0;1;1;0;0;0;399007,992700000290000;5273421,849099999300000;7,656317491000038;47,606332219000080;1
146678;08200129426100515760;08;4;26;021;2020;01;12;4;3;6;4;0;1;0;1;0;0;0;559341,524899999610000;5326634,297900000600000;9,796903816000054;48,090213632000030;0
146681;08200129416200408120;08;4;16;041;2020;01;07;4;2;0;7;1;1;0;0;0;0;0;504540,008799999950000;5376111,737400000900000;9,061503998000035;48,538093645000060;2
146683;08200129416010405810;08;4;16;041;2020;01;08;4;3;0;1;0;1;0;0;0;0;0;503967,218899999750000;5372524,006100000800000;9,053710219000038;48,505820997000058;2
146685;08200126221011421920;08;2;21;000;2020;01;07;1;2;0;7;2;1;0;0;0;0;0;476117,768199999820000;5472664,606100000400000;8,670797981000021;49,406198233000055;0
146686;08200131311010412670;08;3;11;000;2020;01;08;6;3;1;5;0;1;1;0;0;0;0;414561,628600000400000;5316728,040999999300000;7,854677796000033;47,998139317000039;0
146687;08200129335300613880;08;3;35;075;2020;01;16;4;2;6;4;0;0;1;1;0;0;0;488221,987300000150000;5290976,654799999700000;8,842799518000049;47,772046910000029;0
146688;08200201231000436690;08;2;31;000;2020;02;18;7;3;6;4;2;0;0;1;1;0;0;478812,463899999860000;5415465,261299999400000;8,710950916000058;48,891774620000035;1
146689;08200201115100493830;08;1;15;003;2020;02;00;7;3;0;7;2;1;0;0;0;0;0;503969,830299999560000;5393315,264499999600000;9,053944364000074;48,692864154000063;0
146690;08200129335100427520;08;3;35;043;2020;01;22;4;3;5;3;2;1;1;0;0;0;0;511035,582100000230000;5280771,484500000300000;9,147032701000057;47,680238127000052;0
146692;08200129311010433850;08;3;15;064;2020;01;13;4;3;0;3;0;1;0;0;0;0;1;421783,309500000440000;5313496,387299999600000;7,952057283000045;47,969992670000067;0
146693;08200201421200436730;08;4;21;000;2020;02;13;7;3;6;7;0;0;1;1;0;0;0;572621,081500000320000;5360766,725999999800000;9,981066412000075;48,395876703000056;0
146695;08200129311010407010;08;3;11;000;2020;01;08;4;3;5;2;1;1;1;0;0;0;0;415740,969999999740000;5317065,241000000400000;7,870417730000042;48,001329101000067;1
146700;08200129222500434280;08;2;22;000;2020;01;09;4;3;0;7;0;1;0;0;0;0;0;461955,518899999560000;5479338,427999999400000;8,474946591000048;49,465505741000072;0
146701;08200126136100423800;08;1;36;088;2020;01;18;1;3;6;4;2;0;1;1;0;0;0;579909,113300000320000;5409741,370799999700000;10,088939538000034;48,835502845000065;0
146705;08200129221400407800;08;2;21;000;2020;01;22;4;3;2;6;2;1;1;0;0;0;0;476960,621600000190000;5469080,653999999200000;8,682623756000055;49,373993552000059;0
146707;08200129221011419890;08;2;21;000;2020;01;06;4;3;5;3;2;1;1;0;0;0;0;474668,304399999790000;5472865,955099999900000;8,650805539000032;49,407950721000077;1
146709;08200129216100430150;08;2;16;043;2020;01;10;4;3;6;4;0;0;0;1;0;0;1;442435,502299999820000;5413015,004000000700000;8,215059744000030;48,867423081000027;1
146713;08200131437200430630;08;4;37;104;2020;01;16;6;3;0;7;0;1;1;0;0;0;0;516301,108500000090000;5325759,258600000300000;9,218886105000024;48,084895602000074;0
146717;08200131235100424520;08;2;35;007;2020;01;16;6;3;0;7;0;1;0;0;0;0;0;484424,052099999970000;5397050,405600000200000;8,788204690000043;48,726283738000063;0
146719;08200202212302436560;08;2;12;000;2020;02;02;1;3;0;7;2;1;0;0;0;0;0;455703,628399999810000;5428748,929199999200000;8,394259437000073;49,010042693000059;0
146720;08200126115100424910;08;1;15;002;2020;01;16;1;3;0;1;0;1;0;0;0;0;0;499069,938500000160000;5387789,063500000200000;8,987374206000027;48,643161628000030;0
146721;08200129118300432490;08;1;18;046;2020;01;09;4;3;6;7;0;0;1;1;0;0;0;513535,533800000320000;5411798,929199999200000;9,184536697000056;48,859007563000034;1
146723;08200129116500427090;08;1;16;073;2020;01;10;4;3;6;4;0;0;1;1;0;0;0;521740,423000000420000;5388718,900000000400000;9,295177909000074;48,651149084000053;0
146726;08200129116400428610;08;1;16;033;2020;01;14;4;3;5;3;0;1;1;0;0;0;0;533348,179499999620000;5386806,346699999600000;9,452622577000057;48,633432280000079;0
146728;08200128436200406140;08;4;36;064;2020;01;08;3;3;4;2;0;1;1;0;0;0;0;544059,365600000140000;5292151,176699999700000;9,588162215000068;47,781215452000026;1
146735;08200128435100417830;08;4;35;016;2020;01;16;3;3;5;2;0;1;1;0;0;0;0;533237,541199999860000;5280225,259199999300000;9,442793096000059;47,674563179000074;1
146736;08200128435100402900;08;4;35;057;2020;01;16;3;3;0;1;0;1;0;0;0;0;0;544860,021300000140000;5278788,187799999500000;9,597473531000048;47,660931565000055;2
146737;08200131416200425040;08;4;16;011;2020;01;13;6;3;5;3;0;1;1;0;0;0;0;505385,488099999730000;5365985,298699999200000;9,072827209000025;48,446985408000046;0
146738;08200128426010409980;08;4;21;000;2020;01;10;3;2;6;4;0;0;1;1;0;0;0;573190,099399999720000;5361180,208799999200000;9,988824393000073;48,399530274000028;1
146739;08200128421200427610;08;4;21;000;2020;01;11;3;3;0;1;0;1;0;0;0;0;0;573619,430499999780000;5360945,448499999900000;9,994582735000051;48,397368566000068;1
146740;08200128421200417540;08;4;21;000;2020;01;16;3;3;0;7;1;1;1;0;0;0;0;573881,124900000170000;5361191,996400000500000;9,998161002000074;48,399555699000075;0
146742;08200125415100412240;08;4;15;078;2020;01;17;7;2;5;3;1;1;1;0;0;0;0;529834,957399999720000;5371299,211100000900000;9,403828103000024;48,494106413000054;0
146743;08200131226700412530;08;2;26;065;2020;01;08;6;3;5;3;0;1;1;0;0;0;0;478603,365100000050000;5457365,321300000000000;8,705881113000032;49,268674108000027;0
146745;08200201335100516530;08;3;35;043;2020;02;14;7;3;3;6;0;1;1;0;0;0;0;512813,707000000400000;5280086,994999999200000;9,170703378000042;47,674046523000072;0
146746;08200128415400432360;08;4;15;061;2020;01;12;3;3;5;3;0;1;1;0;0;0;0;515963,953999999910000;5374528,177999999400000;9,216204045000040;48,523660797000048;0
146749;08200128336100431110;08;3;36;050;2020;01;18;3;2;6;7;2;0;1;1;0;0;0;400837,300999999980000;5276587,512000000100000;7,679932665000024;47,635091079000063;1
146750;08200125317600394880;08;3;17;040;2020;01;07;7;3;0;7;1;1;0;0;0;0;0;432535,237999999900000;5347417,462799999900000;8,090720793000060;48,276365966000071;0
146751;08200128316200408130;08;3;16;009;2020;01;18;3;3;5;3;2;1;1;0;0;0;0;416454,390100000430000;5325141,661100000100000;7,878404063000062;48,074073404000046;0
146752;08200125311100395460;08;3;15;072;2020;01;14;7;2;5;3;0;1;1;0;0;0;0;402094,247999999670000;5319411,031700000200000;7,686979521000069;48,020484644000078;0
146753;08200128311010426600;08;3;11;000;2020;01;08;3;3;5;3;0;1;1;0;0;0;0;414227,838200000110000;5316768,262199999800000;7,850196146000030;47,998456426000075;1
146756;08200128311010405100;08;3;11;000;2020;01;18;3;3;5;3;2;1;1;0;0;0;0;414092,227300000380000;5318057,256300000500000;7,848120461000065;48,010033184000065;1
146758;08200128311010403270;08;3;36;081;2020;01;17;3;2;6;4;1;0;1;1;0;0;0;411145,060800000090000;5277939,094200000200000;7,816844510000067;47,648746387000074;1
146760;08200128231202432680;08;2;36;071;2020;01;07;3;3;1;5;1;1;1;0;0;0;0;468638,379599999640000;5421015,055099999500000;8,571728700000051;48,941266352000071;1
146763;08200203111250471940;08;1;11;000;2020;02;07;2;3;6;4;0;0;1;1;0;0;0;515284,183000000190000;5403464,265100000400000;9,208066171000041;48,783989664000046;0
146764;08200125222200396950;08;2;22;000;2020;01;12;7;3;6;4;0;0;1;1;0;0;0;461676,207799999970000;5481830,806600000700000;8,470850506000033;49,487905844000068;0
146765;08200128226400411600;08;2;26;062;2020;01;08;3;3;6;7;1;0;1;1;0;0;0;469721,292200000030000;5468756,669099999600000;8,582926329000031;49,370762601000081;1
146768;08200128221200425630;08;2;21;000;2020;01;07;3;3;6;7;2;0;1;1;0;0;0;479299,803799999880000;5473413,152499999900000;8,714620760000059;49,413047863000031;0
146774;08200202226300461060;08;2;26;048;2020;02;18;1;3;6;3;2;0;1;1;0;0;0;485181,941399999890000;5465741,583200000200000;8,795998885000074;49,344214052000041;0
146776;08200128212010409550;08;2;12;000;2020;01;09;3;3;6;7;0;0;0;1;0;0;1;455645,315399999730000;5428739,062599999800000;8,393463148000024;49,009949753000058;1
146779;08200128135200418710;08;1;35;019;2020;01;16;3;3;4;6;0;1;1;0;0;0;0;585247,416000000200000;5391729,482000000800000;10,157941229000073;48,672791087000064;1
146780;08200128128300402940;08;1;28;131;2020;01;12;3;3;1;7;0;1;1;0;0;0;0;538561,352199999620000;5508501,051300000400000;9,535048455000037;49,727770304000046;1
146781;08200125211100394710;08;2;11;000;2020;01;19;7;2;6;4;2;0;1;1;0;0;0;440651,475499999710000;5403962,024399999500000;8,192045788000030;48,785823446000052;0
146785;08200128121400420170;08;1;25;058;2020;01;13;3;3;0;1;0;1;1;0;0;0;0;508415,704499999990000;5443549,803799999900000;9,115393680000068;49,144716171000027;0
146787;08200128119400428330;08;1;19;085;2020;01;17;3;2;5;3;0;1;1;0;0;0;0;530095,678799999880000;5413410,082599999400000;9,410423548000040;48,872918478000031;0
146789;08200128119100432440;08;1;19;008;2020;01;18;3;3;6;2;2;0;1;1;0;0;0;531517,792399999690000;5422769,994500000000000;9,430539711000051;48,957044870000061;1
146790;08200128118600405140;08;1;18;050;2020;01;12;3;3;5;3;0;1;1;0;0;0;0;503813,851400000040000;5420424,330700000700000;9,052076813000042;48,936735663000036;0
146791;08200128118400417790;08;1;18;048;2020;01;13;3;3;5;2;0;1;1;0;0;0;0;514960,967000000180000;5415624,677699999900000;9,204110185000047;48,893390314000044;1
146792;08200128118400405370;08;1;18;048;2020;01;18;3;3;6;4;2;0;1;1;0;0;0;512654,765700000340000;5417222,680400000900000;9,172696715000029;48,907816912000044;1
146793;08200125125102393450;08;1;21;000;2020;01;13;7;2;6;6;0;0;1;1;0;0;0;515999,749800000340000;5444642,299699999400000;9,219426676000069;49,154392769000026;0
146795;08200128118400404810;08;1;18;048;2020;01;15;3;3;0;7;0;1;0;0;0;0;0;515039,452499999660000;5415915,400800000900000;9,205191647000049;48,896003678000056;0
146797;08200128118000413170;08;1;18;049;2020;01;16;3;2;6;2;0;0;1;1;0;0;0;519375,769700000060000;5421164,197100000500000;9,264603149000038;48,943099554000071;0
146802;08200125118200395600;08;1;18;080;2020;01;17;7;3;0;1;1;1;0;0;0;0;0;508634,575799999760000;5408153,435000000500000;9,117642844000045;48,826300843000070;1