OBJECTID;UIDENTSTLAE;ULAND;UREGBEZ;UKREIS;UGEMEINDE;UJAHR;UMONAT;USTUNDE;UWOCHENTAG;UKATEGORIE;UART;UTYP1;ULICHTVERH;IstRad;IstPKW;IstFuss;IstKrad;IstGkfz;IstSonstige;LINREFX;LINREFY;XGCSWGS84;YGCSWGS84;STRZUSTAND
146804;08200125118010422440;08;1;18;003;2020;01;21;7;3;6;4;2;0;1;1;0;0;0;511241,243099999610000;5417158,551599999900000;9,153405004000035;48,907267298000079;0
146805;08200128116400427910;08;1;16;033;2020;01;10;3;3;6;4;0;0;1;1;0;0;0;533252,928700000050000;5388209,176599999900000;9,451442414000042;48,646057074000055;1
146807;08200128116200417010;08;1;16;080;2020;01;10;3;3;6;4;0;0;1;1;0;0;0;519940,917899999770000;5396533,550499999900000;9,271122759000036;48,721509758000082;0
146808;08200201221011485480;08;2;21;000;2020;02;11;7;2;5;3;0;1;1;0;0;0;0;476124,526999999770000;5472666,066299999100000;8,670891057000063;49,406211633000055;1
146813;08200202327100452400;08;3;27;025;2020;02;16;1;3;6;4;0;0;1;1;0;0;0;483908,203099999580000;5307688,963999999700000;8,784602368000037;47,922320353000032;1
146814;08200124437100389760;08;4;35;059;2020;01;08;6;3;6;4;0;0;1;1;0;0;0;511705,145899999890000;5290515,494999999200000;9,156215511000028;47,767898945000070;0
146815;08200127436200401040;08;4;36;064;2020;01;07;2;3;5;3;1;1;0;0;0;0;1;546377,561400000010000;5293363,689600000200000;9,619236276000038;47,791961688000072;1
146818;08200127426010403400;08;4;26;021;2020;01;12;2;3;3;2;0;1;1;0;0;0;0;558849,007500000300000;5327074,156500000500000;9,790351039000029;48,094216356000061;0
146819;08200127421300421410;08;4;21;000;2020;01;07;2;3;5;3;1;0;1;1;0;0;1;571750,292799999940000;5360548,406999999700000;9,969267045000038;48,394012562000057;1
146823;08200127311010416580;08;3;11;000;2020;01;19;2;3;5;3;2;1;1;0;0;0;0;411449,739299999550000;5315692,883199999100000;7,813184836000062;47,988404348000074;1
146827;08200127311010402170;08;3;11;000;2020;01;18;2;3;3;6;2;1;0;0;0;0;0;412913,518099999990000;5316265,087700000000000;7,832683126000063;47,993752521000033;1
146831;08200127222500433820;08;2;22;000;2020;01;18;2;3;5;3;2;1;1;0;0;0;0;462248,692800000310000;5478774,097899999500000;8,479046336000067;49,460448158000077;1
146837;08200127221300400650;08;2;21;000;2020;01;07;2;3;0;7;0;1;0;0;0;0;0;475107,174300000070000;5474813,487199999400000;8,656733043000031;49,425486499000044;1
146838;08200127221011420820;08;2;26;098;2020;01;08;2;2;5;2;0;1;1;0;0;0;0;479370,904099999930000;5460845,535499999300000;8,716252021000059;49,300005222000038;1
146839;08200131335300424400;08;3;35;075;2020;01;08;6;3;5;3;0;1;1;0;0;0;0;488041,122000000440000;5290635,189999999500000;8,840394929000070;47,768971244000056;1
146840;08200127212402400680;08;2;12;000;2020;01;09;2;3;3;6;0;1;0;0;0;0;1;456024,048999999650000;5426997,717000000200000;8,398830480000072;48,994313252000040;1
146841;08200127212302418170;08;2;12;000;2020;01;19;2;3;5;3;2;1;1;0;0;0;0;455133,263500000350000;5428785,351500000800000;8,386456295000073;49,010329108000064;1
146842;08200124436100417590;08;4;36;055;2020;01;07;6;2;3;6;1;1;1;0;0;0;0;576316,022300000300000;5297955,666899999600000;10,019732503000057;47,830419185000039;0
146843;08200201212010473090;08;2;12;000;2020;02;16;7;3;5;2;0;1;1;0;0;0;0;456794,268299999650000;5428778,498099999500000;8,409169646000066;49,010385997000071;1
146846;08200204111500464090;08;1;11;000;2020;02;17;3;3;6;2;1;0;1;1;0;0;0;516247,298399999740000;5406380,439099999100000;9,221292484000060;48,810198766000042;1
146847;08200206311010443620;08;3;11;000;2020;02;06;5;3;0;7;1;1;0;0;0;0;0;412134,169300000180000;5317163,968800000800000;7,822054861000026;48,001731594000034;0
146851;08200207415300444420;08;4;15;059;2020;02;07;6;3;0;7;0;1;0;0;0;0;0;517559,777200000360000;5366077,982599999800000;9,237461360000054;48,447597296000026;2
146852;08200206311010443580;08;3;11;000;2020;02;07;5;3;3;2;0;1;0;0;0;1;0;411775,192099999640000;5321132,137599999100000;7,816426562000061;48,037376763000054;0
146854;08200206311000444700;08;3;11;000;2020;02;20;5;3;1;7;2;1;1;0;0;0;0;414762,137900000440000;5315988,896199999400000;7,857511923000061;47,991517176000059;0
146856;08200203327100438900;08;3;27;050;2020;02;17;2;3;0;1;2;1;0;0;0;0;0;486231,875699999740000;5314018,274199999900000;8,815503255000067;47,979320662000077;1
146862;08200204335100449230;08;3;35;043;2020;02;09;3;3;5;3;0;1;1;0;0;0;0;512833,852699999700000;5278790,689999999500000;9,170933670000068;47,662382399000080;1
146863;08200206231000445560;08;2;31;000;2020;02;17;5;2;6;4;2;0;1;1;0;0;0;480928,216400000270000;5414520,279400000300000;8,739858654000045;48,883342580000033;0
146864;08200210311100483460;08;3;15;015;2020;02;11;2;3;6;4;0;0;1;1;0;0;0;395016,555399999950000;5320953,945800000800000;7,591710739000064;48,033238362000077;1
146865;08200203311010437960;08;3;11;000;2020;02;16;2;3;0;7;0;1;0;0;0;0;0;412793,138600000180000;5314676,805500000700000;7,831392491000031;47,979448985000033;1
146866;08200206226600463500;08;2;26;107;2020;02;15;5;3;6;2;0;0;1;1;0;0;0;474840,078999999910000;5482892,098200000800000;8,652536500000053;49,498140418000048;0
146867;08200208221300472210;08;2;21;000;2020;02;13;7;3;4;7;0;1;1;0;0;0;0;477532,606999999840000;5473907,086999999400000;8,690230045000021;49,417428030000053;0
146868;08200207135100461420;08;1;35;031;2020;02;14;6;3;9;7;0;1;0;0;0;0;0;593861,777300000190000;5380801,627599999300000;10,272450504000062;48,573270714000046;0
146870;08200204212010450430;08;2;12;000;2020;02;16;3;2;0;5;1;1;1;0;0;0;0;453575,783099999650000;5429974,375700000700000;8,365023382000061;49,020909218000043;1
146871;08200206225100467980;08;2;25;058;2020;02;09;5;3;6;4;0;0;1;1;0;0;0;510356,786799999890000;5466702,963999999700000;9,142607751000071;49,352953791000061;0
146872;08200206421300474920;08;4;21;000;2020;02;16;5;3;5;3;0;1;0;0;0;0;0;571555,110399999660000;5362171,775100000200000;9,966907476000074;48,408637382000052;0
146873;08200210128100451760;08;1;28;007;2020;02;06;2;3;5;2;2;1;1;0;0;0;0;560444,761900000270000;5480803,842800000700000;9,834396330000061;49,476869239000052;1
146874;08200203231000440910;08;2;31;000;2020;02;07;2;3;6;4;2;0;1;1;0;0;0;476114,015599999580000;5416314,885999999900000;8,674088482000059;48,899319386000059;1
146875;08200206221400466590;08;2;21;000;2020;02;07;5;3;6;4;0;0;1;1;0;0;0;477158,802199999800000;5468103,832699999200000;8,685409797000034;49,365214603000027;0
146878;08200210221400451670;08;2;26;018;2020;02;07;2;3;2;6;2;1;1;0;0;0;0;473474,898000000040000;5472060,323999999100000;8,634408723000036;49,400653380000051;1
146880;08200206221011457730;08;2;26;018;2020;02;16;5;3;5;2;0;1;1;0;0;0;0;473011,448300000280000;5472315,954199999600000;8,628003840000076;49,402932349000025;0
146881;08200208136300487520;08;1;36;066;2020;02;01;7;3;6;2;2;0;1;1;0;0;0;555862,617899999950000;5414622,545800000400000;9,761955452000052;48,882038581000074;0
146882;08200207121200471620;08;1;21;000;2020;02;15;6;3;6;4;0;0;1;1;0;0;0;516788,247999999670000;5443465,315400000700000;9,230191299000069;49,143784375000052;0
146886;08200206421200457560;08;4;21;000;2020;02;13;5;3;1;2;0;1;1;0;0;0;0;573770,787800000050000;5361189,715500000900000;9,996670142000028;48,399548103000029;0
146887;08200209416200451980;08;4;16;041;2020;02;14;1;2;0;1;0;1;0;0;0;0;0;506523,572300000120000;5373292,666400000500000;9,088331410000023;48,512714803000051;1
146890;08200206212010445070;08;2;12;000;2020;02;08;5;2;4;3;0;1;1;0;0;0;0;453593,187300000340000;5430712,753699999300000;8,365176936000069;49,027552257000082;0
146891;08200204435100448550;08;4;35;016;2020;02;15;3;3;6;4;0;0;1;1;0;0;0;536183,003600000400000;5283394,252200000000000;9,482294191000051;47,702917611000032;0
146893;08200205116200529110;08;1;16;080;2020;02;11;4;3;1;5;0;1;1;0;0;0;0;519404,592000000180000;5395350,933000000200000;9,263775165000027;48,710887898000067;0
146895;08200203416200459300;08;4;16;041;2020;02;11;2;3;6;7;0;0;1;1;0;0;0;503775,262400000360000;5374512,904699999800000;9,051129417000027;48,523715057000061;1
146896;08200206212010443050;08;2;12;000;2020;02;17;5;3;5;3;1;1;1;0;0;0;0;455003,568500000050000;5429277,309000000400000;8,384628309000050;49,014744860000064;0
146897;08200206415400984800;08;4;15;061;2020;02;16;5;2;6;7;0;0;1;1;0;0;0;514842,230000000450000;5369938,165300000500000;9,200849127000026;48,482395006000047;0
146901;08200206136100468840;08;1;36;088;2020;02;14;5;2;1;1;0;1;0;0;0;0;1;581282,259200000200000;5409932,603399999400000;10,107686009000076;48,837044581000043;0
146903;08200206135010452510;08;1;35;019;2020;02;14;5;2;6;1;0;0;1;1;0;0;0;584758,805399999950000;5392419,325200000800000;10,151447096000027;48,679062262000059;0
146905;08200203317100453210;08;3;17;089;2020;02;07;2;3;6;4;2;0;1;1;0;0;0;431730,280299999750000;5375733,576899999800000;8,075267035000024;48,530994029000055;1
146906;08200206121400467690;08;1;25;056;2020;02;06;5;2;6;2;2;0;1;1;0;0;0;510743,410000000150000;5435930,884600000500000;9,147107629000061;49,076144533000047;0
146907;08200206119500500460;08;1;19;085;2020;02;18;5;3;4;6;2;1;0;0;0;0;0;529814,325100000020000;5413337,811100000500000;9,406581479000067;48,872281945000054;0
146908;08200211116100487400;08;1;16;019;2020;02;16;3;3;2;7;0;1;1;0;0;0;0;523130,492300000040000;5396186,181800000400000;9,314469063000047;48,718274659000031;0
146911;08200208436200479810;08;4;36;064;2020;02;13;7;3;3;6;0;1;0;0;0;0;0;544344,898000000040000;5289489,905099999200000;9,591702015000067;47,757252210000047;0
146912;08200203222700492580;08;2;22;000;2020;02;16;2;3;3;6;0;1;0;0;0;0;0;462602,097099999900000;5482018,449699999800000;8,483616265000023;49,489651366000032;0
146913;08200207235200455690;08;2;35;046;2020;02;14;6;3;6;7;0;0;1;1;0;0;0;479269,450299999680000;5377217,458599999500000;8,719107601000076;48,547714867000082;0
146914;08200204311010453970;08;3;36;050;2020;02;07;3;3;1;5;1;1;1;0;0;0;0;399359,094700000250000;5274402,019300000700000;7,660762415000022;47,615203799000028;0
146915;08200206117300445820;08;1;17;026;2020;02;17;5;3;0;1;2;1;0;0;0;0;0;547144,926300000400000;5394784,845699999500000;9,640779712000040;48,704315402000077;0
146918;08200206117100485300;08;1;17;019;2020;02;12;5;3;6;4;0;1;0;1;0;0;0;552893,709699999540000;5394280,990900000600000;9,718844834000038;48,699322012000039;0
146919;08200208212010448110;08;2;15;009;2020;02;13;7;2;5;3;0;0;1;1;0;0;0;474511,563000000080000;5438788,199999999300000;8,650813898000024;49,101413084000058;0
146920;08200207135010445190;08;4;25;031;2020;02;14;6;3;6;2;0;0;0;1;0;1;0;571662,154500000180000;5367737,894300000700000;9,969305692000035;48,458693672000038;0
146921;08200208311010446790;08;3;36;050;2020;02;10;7;2;5;2;0;1;1;0;0;0;0;398920,803799999880000;5273077,189600000200000;7,655237262000071;47,603218302000073;0
146923;08200211222600482310;08;2;22;000;2020;02;10;3;3;6;2;0;0;1;1;0;0;0;462058,777599999680000;5481976,438899999500000;8,476118564000046;49,489239771000030;0
146925;08200206116500444380;08;1;16;049;2020;02;16;5;3;6;7;0;0;1;1;0;0;0;525422,824799999590000;5386223,591499999200000;9,345021260000067;48,628562274000046;0
146926;08200210212010478660;08;2;12;000;2020;02;20;2;3;5;2;2;1;0;0;0;1;0;456869,998499999750000;5428268,755100000600000;8,410259340000039;49,005806092000057;1
146928;08200206116500442440;08;1;16;071;2020;02;07;5;3;4;6;0;1;1;0;0;0;0;527479,235000000340000;5390698,044999999900000;9,373225797000032;48,668727372000035;0
146929;08200208117010469240;08;1;17;051;2020;02;14;7;3;5;3;0;1;1;0;0;0;0;542432,347099999900000;5395338,261800000400000;9,576788215000022;48,709632135000049;0
146930;08200211135010480150;08;1;35;019;2020;02;21;3;2;6;2;2;0;1;1;0;0;0;585291,096300000320000;5391277,243100000500000;10,158441167000035;48,668717553000079;1
146933;08200206415200443350;08;4;15;053;2020;02;12;5;2;6;1;0;0;1;1;0;0;0;536790,968200000000000;5362166,417799999900000;9,497174375000043;48,411577757000032;1
146935;08200204121300475850;08;1;21;000;2020;02;07;3;2;5;3;0;1;1;0;0;0;0;513888,828700000420000;5441925,297900000600000;9,190383234000024;49,130003785000042;1
146936;08200206115400516940;08;1;15;045;2020;02;15;5;3;0;7;0;0;0;1;0;0;1;501337,689299999740000;5394969,875800000500000;9,018182665000040;48,707760374000031;0
146937;08200206335100461220;08;3;35;043;2020;02;13;5;3;9;1;0;1;0;0;0;0;0;512699,047399999570000;5280683,471699999600000;9,169193246000077;47,679415678000055;0
146944;08200203416010437880;08;4;16;041;2020;02;14;2;3;0;7;0;1;0;0;0;0;0;504391,421000000090000;5374517,086999999400000;9,059474262000038;48,523748673000057;1
146945;08200206115100481780;08;1;15;022;2020;02;19;5;3;6;4;2;1;0;1;0;0;0;497874,392699999730000;5385635,270500000600000;8,971155451000072;48,623782774000063;0
146946;08200206327100530010;08;3;27;050;2020;02;15;5;3;6;4;0;0;0;1;0;0;1;486610,802600000050000;5314490,576899999800000;8,820566231000043;47,983578094000052;0
146947;08200209118000477870;08;1;18;048;2020;02;09;1;2;3;6;0;1;1;0;0;0;0;513241,157899999990000;5415705,459799999400000;9,180649841000047;48,894156149000025;0
146948;08200203217113689810;08;2;16;043;2020;02;07;2;2;6;4;2;0;1;1;0;0;0;443790,454300000330000;5412506,982999999100000;8,233603689000063;48,862977709000063;1
146955;08200206115100454600;08;1;15;003;2020;02;11;5;3;0;7;0;1;0;0;0;0;0;502299,829800000410000;5393074,834599999700000;9,031250092000050;48,690709613000081;2
146958;08200211111500482780;08;1;11;000;2020;02;07;3;3;6;2;1;0;1;1;0;0;0;511473,626199999820000;5402850,759299999100000;9,156175527000073;48,778552579000063;1
146959;08200203335100456980;08;3;35;043;2020;02;08;2;3;5;3;0;1;1;0;0;0;0;512329,173499999570000;5280653,550200000400000;9,164264481000032;47,679153615000075;1
146960;08200206111500470850;08;1;11;000;2020;02;17;5;3;5;4;0;1;1;1;0;0;0;506547,322100000460000;5405994,655899999700000;9,089170389000060;48,806906210000079;0
146964;08200211311010455290;08;3;11;000;2020;02;20;3;3;3;2;2;1;1;0;0;0;0;412978,164800000380000;5316371,363800000400000;7,833527923000077;47,994717311000045;1
146965;08200204222014440690;08;2;22;000;2020;02;15;3;3;3;2;0;1;1;0;0;0;0;461282,531100000250000;5481862,679099999400000;8,465412006000065;49,488167530000055;0
146966;08200206111210443800;08;1;11;000;2020;02;11;5;3;6;4;0;0;1;1;0;0;0;510782,548100000250000;5397471,944100000000000;9,146627935000026;48,730177270000070;0
146970;08200210317100452300;08;3;17;001;2020;02;18;2;3;5;2;2;1;1;0;0;0;0;430727,566999999810000;5386531,934000000400000;8,059887310000022;48,628016075000062;0
146972;08200205436000482230;08;4;35;016;2020;02;09;4;3;2;4;0;0;1;1;0;0;1;536902,695299999790000;5279815,962400000500000;9,491584213000067;47,670681771000034;0
146973;08200208226200448260;08;2;26;059;2020;02;12;7;3;5;3;0;1;1;0;0;0;0;465263,110000000340000;5460204,480000000400000;8,522264278000023;49,293599666000034;0
146974;08200207115200462460;08;1;15;021;2020;02;11;6;3;5;3;0;1;1;0;0;0;0;489643,907800000160000;5381901,007099999100000;8,859560939000062;48,590106447000039;0
146977;08200204212502440660;08;2;12;000;2020;02;18;3;3;5;2;2;1;1;0;0;0;0;454735,106399999930000;5427790,690700000200000;8,381122796000057;49,001352974000042;0
146978;08200205435200464000;08;4;35;034;2020;02;07;4;3;4;2;0;1;1;0;0;0;0;528928,340099999680000;5285469,362400000900000;9,385734891000027;47,721953954000071;1
146982;08200205426010453270;08;4;26;021;2020;02;05;4;2;6;2;2;0;1;1;0;0;0;557581,920699999670000;5328256,216700000700000;9,773495010000033;48,104966190000027;1
146983;08200208111500449380;08;1;11;000;2020;02;16;7;2;6;7;0;0;1;1;0;0;0;514487,794700000440000;5396043,859999999400000;9,196963788000062;48,717255100000045;0
146985;08200205421300455130;08;4;21;000;2020;02;15;4;3;0;1;0;1;0;0;0;0;0;571164,924999999810000;5362245,198999999100000;9,961648221000075;48,409342033000030;0
146988;08200211212010475070;08;2;12;000;2020;02;11;3;3;5;2;0;1;1;0;0;0;0;455466,561900000090000;5429677,075600000100000;8,390915962000065;49,018374386000062;0
146991;08200206317100453620;08;3;17;089;2020;02;16;5;3;0;7;0;1;0;0;0;0;0;432129,525200000030000;5374268,851500000800000;8,080912634000072;48,517861835000076;0
146993;08200203212202443710;08;2;12;000;2020;02;07;2;3;5;2;0;1;0;0;0;0;1;458634,727500000040000;5429273,168600000400000;8,434285855000042;49,014961757000037;0
146994;08200207111500453920;08;1;11;000;2020;02;16;6;3;5;3;0;1;1;0;0;0;0;511807,369900000280000;5401875,897299999400000;9,160690337000062;48,769776539000077;0
146995;08200207426100444530;08;4;26;087;2020;02;08;6;2;0;4;0;0;1;1;0;0;0;570896,678600000220000;5324509,185900000900000;9,951706146000049;48,069915723000065;0
146996;08200207111320457440;08;1;11;000;2020;02;13;6;3;0;7;0;1;0;0;0;0;0;516212,201700000090000;5405026,907700000300000;9,220761013000072;48,798023508000028;0
146998;08200211116500488970;08;1;16;006;2020;02;13;3;3;6;4;0;0;1;1;0;0;0;516084,025899999770000;5381877,665400000300000;9,218114237000066;48,589775534000069;0
147000;08200205118300450240;08;1;18;046;2020;02;13;4;3;5;3;0;1;1;0;0;0;0;514839,691800000150000;5412077,645500000600000;9,202326930000027;48,861485007000056;0
147001;08200211121500455110;08;1;25;065;2020;02;06;3;3;5;3;2;1;1;0;0;0;0;516323,251400000420000;5449029,242499999700000;9,224041284000066;49,193846010000073;0
147002;08200203426200438310;08;4;26;070;2020;02;11;2;3;5;3;0;1;1;0;0;0;0;565145,623599999580000;5341015,458399999900000;9,877040801000021;48,219018074000076;1
147004;08200206316100531640;08;3;16;037;2020;02;07;5;3;6;4;1;0;1;1;0;0;0;406909,377700000070000;5333650,612700000400000;7,748435311000037;48,149288215000070;0
147007;08200207336100463550;08;3;36;050;2020;02;15;6;3;0;1;0;1;0;0;0;0;0;398983,730200000110000;5272810,471200000500000;7,656135657000050;47,600828890000059;0
147013;08200205326200455330;08;3;26;074;2020;02;07;4;3;6;2;1;0;1;1;0;0;0;465175,285500000230000;5323898,685300000000000;8,532542754000076;48,067413508000072;0
147015;08200206435100443200;08;4;35;016;2020;02;07;5;3;4;2;1;1;1;0;0;0;0;535083,055999999870000;5278704,251000000200000;9,467256207000048;47,660780532000047;0
147017;08200208436300475080;08;4;36;081;2020;02;10;7;3;6;4;0;0;1;1;0;0;0;562762,680800000210000;5281536,605100000300000;9,836284754000076;47,684169069000063;0
147019;08200207311010474430;08;3;11;000;2020;02;14;6;3;1;7;0;1;1;0;0;0;0;409673,406600000340000;5316344,279300000500000;7,789245508000022;47,994015359000059;0
147020;08200204317600448290;08;3;17;145;2020;02;07;3;3;6;4;2;0;1;1;0;0;0;442254,890499999750000;5349207,799300000100000;8,221462346000067;48,293432802000041;1
147021;08200205317100441040;08;3;17;116;2020;02;17;4;3;0;7;0;1;0;0;0;0;0;433103,828700000420000;5387793,904600000000000;8,091928122000070;48,639626273000033;0
147025;08200208221011474970;08;2;26;098;2020;02;12;7;2;6;4;0;0;1;1;0;0;0;478131,788099999540000;5460085,755799999500000;8,699250121000034;49,293127877000074;0
147026;08200207135010470490;08;1;35;019;2020;02;07;6;3;6;2;0;0;1;1;0;0;0;583835,864699999800000;5392635,363600000700000;10,138955373000044;48,681130010000061;0
147027;08200211212702469820;08;2;15;017;2020;02;08;3;3;5;3;1;1;1;0;0;0;0;456212,382899999620000;5421579,665999999300000;8,401988092000067;48,945590334000030;0
147031;08200211222700487680;08;2;22;000;2020;02;13;3;3;5;3;0;1;1;0;0;0;0;461152,547100000080000;5481543,175799999400000;8,463648741000043;49,485285463000025;1
147034;08200210221200454400;08;2;21;000;2020;02;13;2;3;5;3;0;1;1;0;0;0;0;478229,841400000270000;5473302,713600000400000;8,699876195000059;49,412017138000067;0
147037;08200208127202462160;08;1;27;014;2020;02;22;7;3;6;7;2;0;1;1;0;0;0;579083,715099999680000;5442671,685399999800000;10,084099839000032;49,131785077000075;0
147038;08200206426300468170;08;4;26;035;2020;02;06;5;2;8;6;2;1;1;0;0;0;0;540008,530700000000000;5328743,004000000700000;9,537491355000043;48,110692015000041;0
147040;08200204119200465930;08;1;19;020;2020;02;13;3;3;5;3;0;1;1;0;0;0;0;518832,878999999720000;5409514,527000000700000;9,256652355000028;48,838319417000037;1
147041;08200205231000463460;08;2;37;028;2020;02;20;4;2;6;2;2;0;1;1;0;0;0;456396,719899999910000;5368373,752000000300000;8,410126020000064;48,466984486000058;2
147042;08200206311500443220;08;3;15;070;2020;02;06;5;3;6;4;2;0;0;1;0;0;1;450886,752000000330000;5303442,648000000000000;8,343095416000040;47,882437738000078;1
147043;08200209311010461010;08;3;11;000;2020;02;08;1;3;1;1;0;1;1;0;0;0;0;414602,286700000060000;5319237,704800000400000;7,854722929000047;48,020720112000049;0
147044;08200203121300460040;08;1;21;000;2020;02;07;2;3;6;4;1;0;1;1;0;0;0;514273,154500000180000;5442061,219499999700000;9,195656218000067;49,131217642000081;1
147048;08200207437100453460;08;4;37;076;2020;02;15;6;3;5;3;0;1;1;0;0;0;0;524597,720499999820000;5321625,706499999400000;9,330050930000027;48,047440107000057;0
147049;08200205116100450410;08;1;16;019;2020;02;15;4;3;4;2;0;1;1;0;0;0;0;523410,973399999550000;5396257,513000000300000;9,318286313000044;48,718905878000044;0
147051;08200203416100438320;08;4;16;036;2020;02;07;2;3;6;7;2;0;1;1;0;0;0;495337,854299999770000;5369739,852299999400000;8,936912596000070;48,480768845000057;1
147053;08200206311010487810;08;3;11;000;2020;02;19;5;3;6;6;0;0;1;1;0;0;0;410573,180300000120000;5318186,486800000100000;7,800919468000075;48,010712881000075;0
147056;08200207326300450190;08;3;26;017;2020;02;11;6;2;6;2;0;0;1;1;0;0;0;440879,571200000120000;5322328,272099999700000;8,206660675000023;48,051496264000036;0
147057;08200204335200466180;08;3;35;063;2020;02;17;3;3;6;7;1;0;1;1;0;0;0;496899,878600000400000;5287581,893400000400000;8,958646986000076;47,741602504000070;1
147058;08200205222700448450;08;2;22;000;2020;02;18;4;3;5;2;0;1;1;0;0;0;0;462026,850599999540000;5481086,480399999800000;8,475763220000033;49,481233060000079;0
147060;08200205222301463910;08;2;22;000;2020;02;15;4;3;3;2;0;1;1;0;0;0;0;463936,718799999920000;5485338,104000000300000;8,501740619000032;49,519590741000059;0
147061;08200204426010449900;08;4;25;081;2020;02;11;3;2;0;1;0;1;0;0;0;0;0;547099,117499999700000;5343044,523600000900000;9,634328736000043;48,238868687000036;1
147062;08200205222014442620;08;2;22;000;2020;02;17;4;3;5;3;0;1;1;0;0;0;0;463249,109600000080000;5480531,657400000800000;8,492687913000054;49,476317935000054;0
147064;08200203335100457010;08;3;35;043;2020;02;08;2;3;5;3;0;1;1;0;0;0;0;511013,851200000380000;5280814,869200000500000;9,146744265000052;47,680628858000034;1
147065;08200205221011443060;08;2;21;000;2020;02;07;4;2;5;3;1;1;1;0;0;0;0;474670,439000000250000;5472868,375000000000000;8,650834810000049;49,407972576000077;0
147071;08200210225200482150;08;2;25;014;2020;02;09;2;2;0;1;0;1;0;0;0;0;0;523199,298899999820000;5485602,724899999800000;9,320546660000048;49,522599782000043;1
147073;08200205212010450070;08;2;15;105;2020;02;16;4;2;6;4;0;0;1;1;0;0;0;456981,985399999660000;5441660,464900000000000;8,410366932000045;49,126272837000045;0
147077;08200205212010442910;08;2;12;000;2020;02;07;4;2;6;4;1;0;1;1;0;0;0;458687,002399999650000;5431847,323999999100000;8,434738511000035;49,038120140000046;0
147079;08200207212702447440;08;2;15;017;2020;02;19;6;3;6;4;2;0;1;1;0;0;0;456256,347599999980000;5420966,870899999500000;8,402654280000036;48,940081221000071;0
147080;08200211222500459200;08;2;22;000;2020;02;15;3;3;6;2;0;0;1;1;0;0;0;461037,513700000010000;5481883,341000000000000;8,462027070000033;49,488337690000037;0
147083;08200210212010474480;08;2;12;000;2020;02;07;2;3;1;5;0;1;1;0;0;0;0;461278,100999999790000;5427226,175000000700000;8,470630351000068;48,996720160000052;1
147084;08200203116200447490;08;1;16;080;2020;02;08;2;3;5;3;0;1;0;0;0;1;0;519597,460099999790000;5396991,580600000900000;9,266474822000021;48,725641068000073;1
147086;08200208116400532820;08;1;16;033;2020;02;13;7;3;4;6;0;1;0;0;0;0;0;533266,646099999550000;5387553,742100000400000;9,451575995000042;48,640160123000044;0
147087;08200205119101444930;08;1;19;008;2020;02;15;4;2;5;3;0;1;0;0;0;0;1;531799,950699999930000;5421877,021900000100000;9,434324203000074;48,948997746000032;0
147089;08200211212402453550;08;2;12;000;2020;02;12;3;3;6;7;0;0;0;1;0;0;1;456897,242200000210000;5427359,605499999600000;8,410728330000040;48,997630069000081;0
147093;08200210116010455520;08;1;16;078;2020;02;17;2;3;6;4;0;0;1;1;0;0;0;512304,254800000230000;5393011,099899999800000;9,167187982000030;48,690019180000036;0
147094;08200203115400461920;08;1;15;045;2020;02;19;2;3;4;2;2;1;1;0;0;0;0;498900,101700000460000;5395633,049699999400000;8,985047764000058;48,713726798000039;1
147095;08200206426100450670;08;4;26;031;2020;02;10;5;3;4;6;0;1;1;0;0;0;0;583117,953999999910000;5330107,006999999300000;10,116822804000037;48,118794198000046;0
147096;08200207426200473120;08;4;26;070;2020;02;17;6;3;6;1;0;0;1;1;0;0;0;566928,547700000000000;5339319,669999999900000;9,900773264000065;48,203577605000078;0
147098;08200205115100450350;08;1;15;003;2020;02;17;4;3;5;3;0;1;1;0;0;0;0;500550,818799999540000;5392500,670499999100000;9,007483762000049;48,685548367000081;0
147099;08200211118100484850;08;1;18;074;2020;02;07;3;3;5;3;0;1;0;0;0;0;0;511102,052699999880000;5428713,148199999700000;9,151820669000074;49,011210903000062;0
147100;08200203336200447370;08;3;36;069;2020;02;07;2;2;7;7;2;1;0;0;0;0;0;408420,013299999760000;5267975,329399999200000;7,782648813000037;47,558734710000067;1
147101;08200205121100512750;08;1;25;006;2020;02;06;4;3;4;6;2;1;1;0;0;0;0;507981,071000000460000;5453628,010800000300000;9,109634260000064;49,235378493000042;1
147102;08200203115300527080;08;1;15;028;2020;02;07;2;3;6;4;0;0;1;1;0;0;0;501287,101800000300000;5404717,545800000400000;9,017525521000039;48,795450575000075;0
147104;08200214435200493750;08;4;35;059;2020;02;19;6;2;5;3;2;1;1;0;0;0;0;512052,395800000060000;5290599,025699999200000;9,160852166000041;47,768644113000050;0
147105;08200219111500485890;08;1;11;000;2020;02;09;4;3;0;4;0;0;0;1;0;0;1;514292,656700000170000;5403998,139900000800000;9,194587007000052;48,788815924000062;0
147106;08200219311010509830;08;3;11;000;2020;02;17;4;3;3;3;0;1;1;0;0;0;0;410163,701000000350000;5316807,281700000200000;7,795719072000054;47,998249235000060;0
147108;08200221115100495810;08;1;15;003;2020;02;05;6;2;5;3;2;1;1;0;0;0;0;500893,305700000380000;5391114,818399999300000;9,012134004000075;48,673080680000055;0
147110;08200214426200463380;08;4;26;013;2020;02;07;6;2;5;3;0;1;1;0;0;0;0;545237,039599999790000;5323452,093900000700000;9,607168956000066;48,062742134000075;1