OBJECTID;UIDENTSTLAE;ULAND;UREGBEZ;UKREIS;UGEMEINDE;UJAHR;UMONAT;USTUNDE;UWOCHENTAG;UKATEGORIE;UART;UTYP1;ULICHTVERH;IstRad;IstPKW;IstFuss;IstKrad;IstGkfz;IstSonstige;LINREFX;LINREFY;XGCSWGS84;YGCSWGS84;STRZUSTAND
147111;08200218436400533280;08;4;36;082;2020;02;17;3;3;4;2;0;1;1;0;0;0;0;547265,268699999900000;5295935,128100000300000;9,631368554000062;47,815032241000040;0
147112;08200215211000493330;08;2;16;049;2020;02;15;7;2;7;7;0;1;0;0;0;0;1;436587,662800000050000;5400227,121700000000000;8,137304259000075;48,751827094000078;0
147114;08200214415400520500;08;4;15;061;2020;02;09;6;3;6;4;0;0;1;1;0;0;0;515777,771800000220000;5371122,932900000400000;9,213553793000074;48,493030812000029;1
147115;08200218416200477050;08;4;16;041;2020;02;09;3;3;3;2;0;1;1;0;0;0;0;504024,791899999600000;5374439,900599999400000;9,054508157000043;48,523056735000068;1
147116;08200214335400465540;08;3;35;079;2020;02;11;6;3;6;4;0;0;1;1;0;0;0;501004,267199999650000;5299979,595300000200000;9,013424786000030;47,853157571000054;0
147117;08200220337101514440;08;3;37;116;2020;02;17;5;3;6;7;0;0;1;1;0;0;0;417731,621199999940000;5276099,532500000700000;7,904877156000055;47,633068354000045;0
147119;08200214335300510730;08;3;35;075;2020;02;11;6;3;2;2;0;1;1;0;0;0;0;487816,455699999820000;5290097,681500000900000;8,837411582000073;47,764130792000060;0
147120;08200214327200494190;08;3;27;050;2020;02;06;6;3;5;3;2;1;1;0;0;0;0;486703,150700000110000;5313724,059800000900000;8,821827549000034;47,976683532000038;1
147122;08200220417010493270;08;4;17;054;2020;02;16;5;3;6;7;0;0;1;1;0;0;0;480031,934700000100000;5348751,845499999800000;8,730794484000057;48,291650789000073;0
147127;08200214326400491910;08;3;26;074;2020;02;09;6;3;1;1;0;1;1;0;0;0;0;460160,503600000400000;5323486,064400000500000;8,465269903000035;48,063407727000026;1
147128;08200218415100505540;08;4;15;050;2020;02;08;3;3;4;6;0;1;1;0;0;0;0;521187,359699999910000;5376270,323799999400000;9,287033767000025;48,539178968000044;0
147129;08200214317500475260;08;3;17;096;2020;02;12;6;2;5;2;0;1;1;0;0;0;0;421010,362999999900000;5369277,350299999100000;7,931308834000049;48,471663567000064;0
147130;08200220311010482570;08;3;36;091;2020;02;09;5;3;6;7;0;0;1;1;0;0;0;395653,742999999780000;5272003,012299999600000;7,612040677000039;47,593038184000079;0
147132;08200214311010503050;08;3;11;000;2020;02;14;6;3;0;6;0;1;0;0;0;0;1;418220,354100000110000;5315490,806800000400000;7,903950138000027;47,987488212000073;0
147133;08200214311010495050;08;3;11;000;2020;02;11;6;3;2;7;0;1;1;0;0;0;1;417604,529199999760000;5315384,551799999500000;7,895718532000046;47,986453348000055;0
147135;08200219311010509060;08;3;11;000;2020;02;10;4;3;6;4;0;0;1;1;0;0;0;415161,034500000070000;5317930,009199999300000;7,862473609000062;48,009031334000042;1
147136;08200214311010491960;08;3;11;000;2020;02;06;6;3;5;2;2;1;0;0;0;1;0;411871,958899999970000;5321394,823400000100000;7,817670373000055;48,039753042000029;1
147137;08200218327100476910;08;3;27;050;2020;02;07;3;3;5;3;1;1;1;0;0;0;0;486419,999499999920000;5314719,753300000000000;8,818001971000058;47,985636010000064;0
147139;08200214311010486710;08;3;11;000;2020;02;18;6;3;0;7;2;1;0;0;0;0;0;412157,237300000150000;5314218,408700000500000;7,822966746000077;47,975238557000068;0
147144;08200214231000481420;08;2;31;000;2020;02;07;6;3;6;2;2;0;1;1;0;0;0;476110,386500000020000;5416313,763100000100000;8,674039031000064;48,899309145000075;1
147146;08200218226400509610;08;2;26;084;2020;02;13;3;3;5;5;0;1;1;0;0;0;0;468910,420199999590000;5471157,399000000200000;8,571569614000055;49,392315774000053;0
147147;08200219231000511380;08;2;31;000;2020;02;09;4;3;6;4;0;0;1;1;0;0;0;477873,296500000170000;5415881,310399999800000;8,698116057000050;48,895484429000078;1
147152;08200218222014496690;08;2;22;000;2020;02;13;3;3;6;4;0;0;0;1;0;0;1;461140,983400000260000;5481495,144300000700000;8,463493814000060;49,484852705000037;0
147153;08200215212402493730;08;2;12;000;2020;02;22;7;3;0;7;2;1;0;0;0;0;0;455896,393299999650000;5428224,528400000200000;8,396952258000056;49,005339460000073;0
147155;08200220121600532580;08;1;25;094;2020;02;16;5;3;4;3;0;1;1;0;0;0;0;513431,929999999700000;5438160,903999999200000;9,183994985000027;49,096151740000039;0
147156;08200215311010466830;08;3;36;091;2020;02;16;7;3;7;1;0;1;0;0;0;0;0;395678,778500000010000;5272541,010099999600000;7,612245613000027;47,597881600000051;0
147157;08200214222400497370;08;2;26;028;2020;02;17;6;3;6;4;0;0;1;1;0;0;0;470971,678000000310000;5483658,915999999300000;8,599058049000064;49,504864861000044;0
147158;08200218221011522490;08;2;21;000;2020;02;14;3;3;3;2;0;1;1;0;0;0;0;477679,400100000200000;5472977,043899999900000;8,692306225000039;49,409067845000038;0
147161;08200221111230489250;08;1;11;000;2020;02;14;6;3;6;7;0;0;1;1;0;0;0;510673,799200000240000;5397362,850500000600000;9,145146279000073;48,729197735000071;0
147162;08200216316100474020;08;3;16;043;2020;02;14;1;3;2;7;0;1;1;0;0;0;0;411768,491200000050000;5331100,494500000000000;7,814277536000077;48,127042525000036;0
147164;08200218216100531870;08;2;16;043;2020;02;08;3;3;5;2;0;1;1;0;0;0;0;442097,198599999770000;5411642,899499999400000;8,210641265000049;48,855049536000081;0
147165;08200215121200374700;08;1;21;000;2020;02;17;7;2;4;2;1;1;0;0;0;0;0;514903,113800000400000;5440976,832800000900000;9,204251566000039;49,121448235000059;0
147166;08200218216100495070;08;2;16;009;2020;02;12;3;3;5;3;0;1;1;0;0;0;0;446542,229799999860000;5420901,941099999500000;8,270020956000053;48,938733977000027;0
147167;08200214215502498260;08;2;15;029;2020;02;13;6;3;6;4;0;0;1;1;0;0;0;466584,090099999680000;5448214,232499999900000;8,541430731000048;49,185821643000054;0
147168;08200218212702476740;08;2;15;017;2020;02;07;3;3;8;6;1;1;0;0;0;0;1;453627,669599999670000;5419366,764699999200000;8,366942353000070;48,925496517000056;0
147169;08200218212502534290;08;2;12;000;2020;02;16;3;3;5;2;0;1;1;0;0;0;0;454292,541600000110000;5428693,789599999800000;8,374970610000048;49,009443801000032;0
147171;08200218212402481020;08;2;12;000;2020;02;14;3;3;1;7;0;1;1;0;0;0;0;457086,616399999710000;5424512,591000000000000;8,413617742000042;48,972033888000055;0
147173;08200217111500488660;08;1;11;000;2020;02;22;2;2;6;4;2;0;1;1;0;0;0;511685,157700000330000;5407194,818499999100000;9,159178417000021;48,817627357000049;1
147175;08200216215102473140;08;2;15;090;2020;02;12;1;2;0;7;0;1;0;0;0;0;0;465026,815399999730000;5434041,873700000300000;8,521289517000071;49,058252884000069;0
147177;08200215115100499230;08;1;15;048;2020;02;12;7;3;6;4;0;0;1;1;0;0;0;510017,917999999600000;5386981,326999999600000;9,135975760000065;48,635815514000058;0
147178;08200218212402478080;08;2;12;000;2020;02;18;3;3;5;2;2;1;1;0;0;0;0;457103,859600000080000;5428104,182299999500000;8,413474264000058;49,004342036000025;1
147182;08200220231000516670;08;2;31;000;2020;02;16;5;2;5;3;0;1;1;0;0;0;0;478264,401600000450000;5415145,597100000800000;8,703491132000067;48,888880044000075;0
147183;08200215421300496630;08;4;21;000;2020;02;19;7;3;5;3;2;1;1;0;0;0;0;572132,637000000100000;5360395,052999999400000;9,974404975000027;48,392589477000058;0
147187;08200216118010473820;08;1;15;001;2020;02;12;1;2;6;4;0;0;0;1;0;0;1;492196,106700000350000;5392105,125099999800000;8,893979082000044;48,681941455000072;0
147188;08200214136010479660;08;1;36;088;2020;02;13;6;2;0;1;0;1;0;0;0;0;0;578681,109199999830000;5409307,117200000200000;10,072124982000048;48,831753873000025;1
147190;08200218119400476460;08;1;19;090;2020;02;10;3;3;5;3;0;1;1;0;0;0;0;531789,862700000410000;5406209,377499999500000;9,432968283000037;48,808059201000049;0
147194;08200220212010502000;08;2;12;000;2020;02;17;5;3;5;2;0;1;0;0;0;0;0;456341,937800000420000;5428056,312999999200000;8,403062120000072;49,003858020000052;0
147197;08200218115400532380;08;1;15;045;2020;02;15;3;3;5;3;0;1;1;0;0;0;0;500772,857599999760000;5395078,933100000000000;9,010505342000045;48,708742418000043;0
147198;08200219221200480370;08;2;21;000;2020;02;08;4;2;4;5;0;1;1;0;0;0;0;480128,373200000260000;5473629,866299999900000;8,726032682000039;49,415024802000062;0
147202;08200214111500480410;08;1;11;000;2020;02;09;6;2;1;5;0;1;1;0;0;0;0;508521,995000000110000;5406783,741399999700000;9,116080520000025;48,813980799000035;0
147203;08200221119300517720;08;1;19;067;2020;02;14;6;3;5;3;0;1;1;0;0;0;0;538620,790199999700000;5405263,669500000800000;9,525910750000037;48,799165068000036;0
147205;08200220118400513810;08;1;18;048;2020;02;15;5;3;6;4;0;0;1;1;0;0;0;515256,842000000180000;5414981,873199999300000;9,208122734000028;48,887600604000056;0
147206;08200220118010515870;08;1;15;015;2020;02;15;5;2;6;4;0;0;1;1;0;0;0;492721,951700000090000;5387665,725500000600000;8,901201100000037;48,642010378000066;0
147210;08200219215402479820;08;2;15;009;2020;02;05;4;3;5;3;2;1;1;0;0;0;0;469560,663399999960000;5441239,038400000000000;8,582804546000034;49,123233790000029;1
147211;08200213437100491660;08;4;37;100;2020;02;11;5;3;5;3;0;1;1;0;0;0;0;537247,106900000010000;5318183,604399999600000;9,499474833000022;48,015859307000028;0
147215;08200213436200471790;08;4;36;064;2020;02;07;5;3;0;7;0;1;0;0;0;0;0;546221,648900000380000;5292679,960300000400000;9,617081824000024;47,785821389000034;0
147218;08200220116200501090;08;1;16;077;2020;02;18;5;3;2;6;2;1;1;0;0;0;0;518638,407999999820000;5388478,994500000000000;9,253050348000045;48,649091102000057;0
147219;08200216415200472690;08;4;15;053;2020;02;18;1;3;6;2;2;0;1;1;0;0;0;536289,677899999540000;5361809,131799999600000;9,490369549000036;48,408392605000074;0
147220;08200213435100494130;08;4;35;016;2020;02;15;5;2;5;3;0;1;1;0;0;0;0;535313,516999999990000;5278043,998400000900000;9,470272165000040;47,654827419000071;1
147224;08200213421300494320;08;4;21;000;2020;02;08;5;3;0;1;0;1;0;0;0;0;0;572423,084699999540000;5360403,014200000100000;9,978329272000053;48,392627797000046;2
147228;08200220115100513700;08;1;15;003;2020;02;11;5;3;0;7;0;0;0;1;0;0;1;501163,644799999890000;5392519,469900000800000;9,015810045000023;48,685716647000049;0
147230;08200213416010491130;08;4;16;048;2020;02;18;5;3;1;5;2;1;1;0;0;0;0;497428,385300000200000;5374699,483400000300000;8,965170760000035;48,525399672000049;1
147236;08200213311100494090;08;3;15;013;2020;02;17;5;3;6;4;2;0;1;1;0;0;0;404853,075500000270000;5324563,388000000300000;7,722823353000024;48,067246345000058;1
147238;08200213311010472340;08;3;36;050;2020;02;17;5;3;6;4;2;0;1;1;0;0;0;399210,753999999720000;5274058,235500000400000;7,658868074000054;47,612088292000067;1
147242;08200213237200465950;08;2;37;054;2020;02;17;5;3;9;6;1;1;1;0;0;0;0;469425,406499999580000;5375473,111500000600000;8,585854994000044;48,531619873000068;1
147243;08200213212702476790;08;2;15;017;2020;02;11;5;3;1;5;0;1;1;0;0;0;0;456312,289499999960000;5420945,857000000800000;8,403420409000034;48,939896149000049;0
147244;08200217421300499680;08;4;21;000;2020;02;07;2;3;5;3;0;1;1;0;0;0;0;572302,776700000280000;5360530,926799999500000;9,976726358000065;48,393792211000061;0
147245;08200219212701529010;08;2;15;017;2020;02;08;4;3;6;4;0;0;1;1;0;0;0;454464,925999999980000;5422863,106000000600000;8,377980836000063;48,957008896000048;1
147247;08200217337101529470;08;3;37;097;2020;02;16;2;3;6;7;0;0;1;1;0;0;0;434041,566899999980000;5290080,355200000100000;8,119844460000024;47,760715227000048;0
147248;08200213212010491040;08;2;12;000;2020;02;18;5;2;8;1;2;1;0;0;0;0;0;460951,513500000350000;5427819,131200000600000;8,466108747000021;49,002033365000045;1
147249;08200220212010485010;08;2;12;000;2020;02;16;5;3;5;2;0;1;0;0;0;0;1;454008,826000000350000;5428456,379699999500000;8,371118064000029;49,007287205000068;0
147250;08200217335200472960;08;3;35;063;2020;02;07;2;3;8;7;0;1;0;0;0;0;0;498000,566599999550000;5287293,175699999600000;8,973330564000037;47,739009091000071;0
147252;08200220226700513710;08;2;26;095;2020;02;15;5;2;5;3;0;1;1;0;0;0;0;473795,304999999700000;5461370,894999999600000;8,639528028000029;49,304517064000038;0
147253;08200215416010466330;08;4;16;041;2020;02;10;7;2;1;7;0;1;1;0;0;0;0;506250,032999999820000;5375041,058299999700000;9,084653803000037;48,528446747000032;0
147255;08200213119200465170;08;1;19;020;2020;02;16;5;3;5;2;0;1;1;0;0;0;0;519584,640700000340000;5406654,984899999600000;9,266760597000030;48,812572308000028;0
147257;08200219212402510520;08;2;12;000;2020;02;20;4;2;5;3;2;1;0;0;0;0;0;455992,930900000040000;5428077,826099999200000;8,398288082000022;49,004026747000069;0
147258;08200213118400462630;08;1;18;048;2020;02;11;5;2;0;6;0;1;0;0;0;0;1;513774,449099999850000;5415746,628399999800000;9,187926910000044;48,894514864000030;0
147261;08200217111110503530;08;1;11;000;2020;02;17;2;3;0;7;1;1;0;0;0;0;0;512806,811499999840000;5402324,549599999600000;9,174305969000045;48,773792818000061;1
147262;08200213118400460160;08;1;18;048;2020;02;07;5;3;0;1;1;1;0;0;0;0;0;512115,492200000210000;5416019,552899999500000;9,165301708000072;48,897004684000080;2
147264;08200215212502500440;08;2;12;000;2020;02;16;7;3;5;2;0;1;1;0;0;0;0;454315,720999999900000;5429321,352000000000000;8,375216922000050;49,015090480000026;0
147265;08200213118300491890;08;1;18;051;2020;02;14;5;3;5;3;0;1;1;0;0;0;0;510556,719499999660000;5415254,366299999900000;9,144014382000023;48,890149777000033;0
147266;08200215317200497800;08;3;17;057;2020;02;22;7;3;9;7;2;0;1;1;0;0;0;412936,138799999840000;5380443,715099999700000;7,819760169000062;48,571032946000059;0
147267;08200213118300461730;08;1;18;046;2020;02;08;5;2;0;7;0;1;0;0;0;0;0;514019,106599999590000;5411213,760700000500000;9,191109410000024;48,853732770000079;2
147268;08200217311010689470;08;3;11;000;2020;02;19;2;2;4;2;2;1;1;0;0;0;0;414379,467699999920000;5318622,275299999900000;7,851858239000023;48,015154282000026;1
147269;08200219116010500970;08;1;16;019;2020;02;15;4;2;6;4;0;0;1;1;0;0;1;525947,998800000180000;5396832,875499999200000;9,352814254000066;48,723981332000051;0
147270;08200213118200492160;08;1;18;080;2020;02;14;5;3;6;6;0;0;0;1;0;0;1;506721,793600000440000;5411211,330700000700000;9,091632111000024;48,853832880000027;0
147271;08200221111500496930;08;1;11;000;2020;02;11;6;3;6;4;0;0;1;1;0;0;0;515240,333899999970000;5403682,370200000700000;9,207477338000047;48,785952791000057;0
147272;08200216317500470280;08;3;17;122;2020;02;10;1;3;3;2;0;1;1;0;0;0;0;417955,959900000130000;5367204,569100000000000;7,890398665000021;48,452628281000045;0
147273;08200213118000486100;08;1;18;076;2020;02;18;5;2;6;2;2;0;0;1;0;1;0;504778,121600000190000;5422951,417799999900000;9,065273224000066;48,959461865000037;1
147274;08200217311010471050;08;3;11;000;2020;02;05;2;3;5;3;2;1;1;0;0;0;0;414202,796799999660000;5315881,611999999700000;7,850037781000026;47,990477309000028;0
147277;08200213111320474060;08;1;11;000;2020;02;09;5;3;5;7;0;1;1;0;0;0;0;516305,381000000050000;5407849,779600000000000;9,222141975000056;48,823415191000038;0
147281;08200219436200502140;08;4;36;064;2020;02;18;4;3;6;2;2;0;1;1;0;0;0;542694,799300000070000;5291827,827999999700000;9,569915343000048;47,778398148000065;0
147282;08200216118400501890;08;1;18;048;2020;02;17;1;3;6;4;1;0;1;1;0;0;0;516436,196899999860000;5417453,991200000000000;9,224309996000045;48,909808895000026;0
147283;08200217221400514480;08;2;21;000;2020;02;11;2;3;0;7;0;1;0;0;0;0;0;477621,609199999830000;5469626,214800000200000;8,691698279000036;49,378925453000079;1
147284;08200212426010459800;08;4;26;021;2020;02;11;4;2;6;7;0;0;1;1;0;0;0;558669,919900000100000;5327744,675899999200000;9,788038282000059;48,100264987000060;0
147285;08200217116100489690;08;1;16;019;2020;02;11;2;3;0;6;0;1;1;0;0;0;0;523150,674499999730000;5399900,548299999900000;9,314952097000059;48,751687965000031;1
147287;08200216216100470590;08;2;16;002;2020;02;14;1;3;2;3;0;1;1;0;0;0;0;444420,371199999940000;5422362,327700000300000;8,240849823000076;48,951683029000037;0
147288;08200212416010457770;08;4;16;036;2020;02;16;4;3;5;7;0;1;1;0;0;0;0;495245,391300000250000;5370194,269600000200000;8,935656232000042;48,484856282000067;1
147290;08200217221011532230;08;2;26;018;2020;02;16;2;3;6;4;0;0;1;1;0;0;0;473192,450000000190000;5471953,406999999700000;8,630523086000039;49,399679308000032;0
147293;08200212415400457520;08;4;15;061;2020;02;15;4;3;0;5;0;1;1;0;0;0;0;515472,657200000250000;5370491,131200000600000;9,209400660000028;48,487354486000072;0
147295;08200215426010469100;08;4;25;033;2020;02;13;7;2;5;3;0;1;1;0;0;0;0;553669,532399999910000;5348391,380400000100000;9,723490415000072;48,286447113000065;0
147296;08200212326200493660;08;3;26;010;2020;02;08;4;3;0;1;0;1;0;0;0;0;0;467071,547799999830000;5326466,211400000400000;8,557797840000035;48,090613744000052;2
147297;08200212317600487750;08;3;17;129;2020;02;07;4;3;4;6;0;1;0;0;1;0;0;431202,821700000200000;5348334,679199999200000;8,072615777000067;48,284473464000030;1
147299;08200212317500473950;08;3;17;096;2020;02;07;4;3;5;3;1;1;1;0;0;0;0;422295,256699999790000;5371197,488900000200000;7,948332745000073;48,489095140000074;0
147300;08200212317500470350;08;3;17;096;2020;02;12;4;3;5;3;0;1;1;0;0;0;0;421235,450299999680000;5367824,403100000700000;7,934627200000023;48,458622689000038;0
147301;08200217212402493240;08;2;12;000;2020;02;14;2;3;0;1;0;1;0;0;0;0;0;456509,577399999830000;5427443,895899999900000;8,405419712000025;48,998361084000067;1
147302;08200212317100458500;08;3;17;116;2020;02;07;4;3;3;6;1;1;0;0;0;0;0;432744,637699999850000;5388455,506100000800000;8,086945564000075;48,645538861000034;0
147303;08200217212202488520;08;2;12;000;2020;02;17;2;3;6;6;1;0;1;1;0;0;0;457769,051199999640000;5428259,384899999900000;8,422552904000042;49,005783980000047;0
147305;08200220212202486650;08;2;12;000;2020;02;16;5;3;5;2;0;1;1;0;0;0;0;457814,110600000250000;5428471,996600000200000;8,423146902000042;49,007699536000075;0
147306;08200219416100481360;08;4;16;036;2020;02;18;4;3;0;7;2;1;0;0;0;0;0;495998,029000000100000;5369451,680999999900000;8,945848729000034;48,478180882000061;0
147309;08200217212102471540;08;2;12;000;2020;02;10;2;3;0;7;0;1;0;0;0;0;0;461602,236200000160000;5427510,376700000800000;8,475034563000065;48,999296869000034;1
147313;08200216416100496430;08;4;16;048;2020;02;12;1;3;0;7;0;1;0;0;0;0;0;497391,341599999930000;5374664,462600000200000;8,964669270000059;48,525084459000027;0
147314;08200219115100491920;08;1;15;003;2020;02;10;4;3;6;7;0;0;0;1;0;0;1;500886,505800000390000;5392685,547399999600000;9,012045008000030;48,687211153000078;0
147315;08200212212010485950;08;2;12;000;2020;02;19;4;3;1;7;2;1;1;0;0;0;0;455375,430499999780000;5428464,724600000300000;8,389802929000041;49,007462600000053;0
147318;08200215311010466500;08;3;36;050;2020;02;13;7;3;5;3;0;1;1;0;0;0;0;398948,792399999690000;5272510,868599999700000;7,655740043000037;47,598128418000044;0
147324;08200216311010480980;08;3;11;000;2020;02;12;1;3;4;2;0;1;1;0;0;0;0;403071,690100000240000;5314112,750600000800000;7,701281297000037;47,972976319000054;0
147330;08200215212302482620;08;2;12;000;2020;02;09;7;3;6;7;0;0;1;1;0;0;0;455974,862499999810000;5428593,580299999600000;8,397985121000033;49,008664724000027;0
147332;08200212116500491230;08;1;16;081;2020;02;12;4;3;6;4;0;0;1;1;0;0;0;519439,962899999690000;5386053,288100000500000;9,263818983000022;48,627244811000025;0
147333;08200217211021476350;08;2;11;000;2020;02;17;2;3;6;7;0;0;1;1;0;0;0;443959,916600000110000;5401545,623800000200000;8,237410987000033;48,764394419000041;1
147334;08200212115100501860;08;1;15;003;2020;02;10;4;3;5;3;0;1;1;0;0;0;0;500054,315600000320000;5392416,953299999200000;9,000737954000044;48,684795479000059;0
147336;08200220415400510410;08;4;15;061;2020;02;11;5;3;6;7;0;0;1;1;0;0;0;515558,709999999960000;5370988,667099999300000;9,210583788000065;48,491828372000043;0
147337;08200216136200500980;08;1;36;019;2020;02;09;1;3;5;3;0;1;1;0;0;0;0;582860,010200000370000;5423783,287000000500000;10,131992637000053;48,961409356000047;0
147338;08200212111500473800;08;1;11;000;2020;02;08;4;3;6;2;0;0;1;1;0;0;0;517373,665699999780000;5405899,997999999700000;9,236613436000027;48,805846323000026;0
147339;08200214436000492450;08;4;35;016;2020;02;11;6;3;6;7;0;0;1;1;0;0;0;535032,813199999740000;5277767,286200000000000;9,466511969000067;47,652352980000046;0
147340;08200217136100485620;08;1;36;088;2020;02;20;2;3;5;2;2;1;1;0;0;0;0;580701,845999999900000;5409793,818299999500000;10,099750543000027;48,835872036000069;1
147341;08200212111500461710;08;1;11;000;2020;02;12;4;3;0;2;0;1;1;0;0;0;0;513940,921400000340000;5408954,524800000700000;9,189966709000032;48,833410869000033;0
147342;08200217128100471220;08;1;28;007;2020;02;09;2;3;6;4;0;0;1;1;0;0;0;556012,842000000180000;5482511,284000000000000;9,773464857000022;49,492651138000042;1
147343;08200212111250458680;08;1;11;000;2020;02;09;4;3;6;4;0;0;0;1;0;1;0;515319,123200000260000;5403465,152100000500000;9,208541848000039;48,783996784000067;0
147346;08200211436100470040;08;4;36;010;2020;02;06;3;3;6;2;2;0;1;1;0;0;0;565743,618099999610000;5306250,132600000100000;9,879744889000051;47,906206802000042;1
147347;08200220311010484970;08;3;11;000;2020;02;06;5;3;4;2;2;1;1;0;0;0;0;414134,610700000080000;5319686,919199999400000;7,848362176000023;48,024698253000054;0
147349;08200211435100482370;08;4;35;016;2020;02;11;3;3;6;6;0;0;1;1;0;0;1;533620,017400000240000;5278730,606100000400000;9,447773277000067;47,661095358000068;1
147350;08200211435100455150;08;4;35;016;2020;02;06;3;3;1;5;2;1;1;0;0;0;0;535935,544300000180000;5278006,065400000700000;9,478552324000077;47,654451869000070;1
147353;08200217119200490990;08;1;19;020;2020;02;09;2;3;6;6;0;0;1;1;0;0;0;521257,529600000010000;5406843,158600000700000;9,289556319000042;48,814210099000036;0
147354;08200211415400502320;08;4;15;061;2020;02;15;3;3;5;3;0;1;1;0;0;0;0;517054,381699999790000;5370370,242699999400000;9,230801970000073;48,486225998000066;0
147355;08200220212010485050;08;2;12;000;2020;02;12;5;2;5;3;0;1;1;0;0;0;0;461046,121799999850000;5426843,176100000700000;8,467495814000074;48,993260401000043;0
147357;08200220231000484600;08;2;37;004;2020;02;10;5;3;4;6;0;1;1;0;0;0;0;454066,530799999830000;5372404,530799999800000;8,378161506000026;48,503079074000027;0
147358;08200215416010469390;08;4;16;041;2020;02;11;7;3;2;6;0;1;0;0;0;0;0;505201,498999999840000;5373942,101900000100000;9,070438198000034;48,518569709000076;1
147359;08200211415400466650;08;4;15;061;2020;02;05;3;3;6;4;2;0;1;1;0;0;0;515531,469999999740000;5371405,820800000800000;9,210230617000036;48,495581907000030;0
147360;08200211335100517700;08;3;35;043;2020;02;19;3;3;5;3;2;1;0;0;0;0;0;513807,366899999790000;5280256,106300000100000;9,183946131000027;47,675547670000071;0
147362;08200219111500490460;08;1;11;000;2020;02;19;4;3;6;2;0;0;1;1;0;0;0;512855,996299999770000;5403382,988800000400000;9,175008488000060;48,783313440000029;0
147364;08200221118600497130;08;1;18;059;2020;02;20;6;3;0;6;2;1;0;0;0;0;1;501935,058000000190000;5419073,331599999200000;9,026416135000034;48,924591177000082;0
147365;08200219335300507150;08;3;35;075;2020;02;10;4;3;5;3;0;1;1;0;0;0;0;487562,148000000040000;5289575,574999999300000;8,834032823000030;47,759428269000068;1
147366;08200211311010531630;08;3;11;000;2020;02;16;3;2;4;6;0;1;1;0;0;0;0;412053,973199999890000;5319095,989000000100000;7,820583721000048;48,019099595000057;0
147367;08200219326400510310;08;3;26;074;2020;02;16;4;3;5;2;0;1;1;0;0;0;0;459578,949300000440000;5323845,455900000400000;8,457430596000052;48,066604468000037;1
147369;08200211311010482440;08;3;11;000;2020;02;19;3;3;4;6;2;1;0;0;0;0;0;414770,876699999910000;5318513,710599999900000;7,857127398000046;48,014230034000036;1
147371;08200211311010464320;08;3;36;050;2020;02;18;3;2;0;6;2;1;0;0;0;0;1;400980,543700000270000;5272983,047900000600000;7,682653864000031;47,602689389000034;0
147373;08200224119200521220;08;1;19;020;2020;02;17;2;3;5;3;0;1;1;0;0;0;0;520334,732699999590000;5406626,147900000200000;9,276975980000032;48,812288800000033;0
147376;08200302222500546260;08;2;22;000;2020;03;18;2;3;6;2;2;0;1;1;0;0;0;462394,414300000300000;5478383,020300000900000;8,481094292000023;49,456939638000051;1
147379;08200224116010492900;08;1;16;019;2020;02;10;2;3;6;4;0;0;1;1;0;0;0;522107,492200000210000;5398569,087200000900000;9,300688923000053;48,739748197000040;1
147381;08200224111500510900;08;1;11;000;2020;02;19;2;3;6;2;2;0;1;1;0;0;0;520253,242399999870000;5402710,686499999800000;9,275672974000031;48,777068620000080;0
147382;08200303116500544120;08;1;16;049;2020;03;04;3;3;6;4;2;0;1;1;0;0;0;525547,262600000020000;5386285,619899999400000;9,346713835000060;48,629115212000045;1
147383;08200227128100518250;08;1;28;007;2020;02;16;5;2;5;2;0;1;1;0;0;0;0;555662,920599999840000;5482975,222400000300000;9,768698704000030;49,496856019000063;1
147384;08200224111230498340;08;1;11;000;2020;02;18;2;3;6;7;1;0;1;1;0;0;0;506826,459400000050000;5398412,358100000800000;9,092846201000043;48,738693151000064;1
147385;08200302111500537220;08;1;11;000;2020;03;18;2;3;6;7;2;1;0;1;0;0;0;516274,418899999930000;5405346,173100000200000;9,221620869000049;48,800893950000045;1
147386;08200225335000521330;08;3;35;075;2020;02;18;3;2;6;4;2;0;1;1;0;0;0;488843,203400000000000;5288637,374900000200000;8,851150877000066;47,751010219000079;1
147387;08200229121600524910;08;1;25;102;2020;02;09;7;3;5;7;0;1;1;0;0;0;0;520604,121399999600000;5444300,748700000300000;9,282554597000058;49,151183170000081;1
147388;08200225436200499060;08;4;36;064;2020;02;15;3;3;6;7;0;0;1;1;0;0;0;545994,903199999590000;5292278,802500000200000;9,614012331000026;47,782228402000044;1
147392;08200302436200536250;08;4;36;064;2020;03;13;2;3;6;6;0;0;1;1;0;0;0;546042,923999999650000;5292039,202999999700000;9,614627940000048;47,780069291000075;0
147395;08200301335100601450;08;3;35;043;2020;03;22;1;3;0;1;2;1;0;0;0;0;0;513006,517099999820000;5278602,736800000100000;9,173227776000033;47,660687807000045;1
147396;08200225135100500740;08;1;35;016;2020;02;14;3;2;0;1;0;1;0;0;0;0;0;591178,689699999990000;5386631,969399999800000;10,237366099000042;48,626105827000060;1
147400;08200224222700497510;08;2;22;000;2020;02;15;2;3;6;7;0;0;1;1;0;0;0;461857,625699999740000;5481342,886399999300000;8,473402364000037;49,483528688000035;0
147402;08200226311010526360;08;3;11;000;2020;02;14;4;3;5;2;0;1;1;0;0;0;0;413505,901700000280000;5317482,737800000200000;7,840376346000028;48,004786110000055;1