OBJECTID;UIDENTSTLAE;ULAND;UREGBEZ;UKREIS;UGEMEINDE;UJAHR;UMONAT;USTUNDE;UWOCHENTAG;UKATEGORIE;UART;UTYP1;ULICHTVERH;IstRad;IstPKW;IstFuss;IstKrad;IstGkfz;IstSonstige;LINREFX;LINREFY;XGCSWGS84;YGCSWGS84;STRZUSTAND
147405;08200223311010495030;08;3;11;000;2020;02;12;1;2;0;1;0;1;0;0;0;0;0;417592,991999999620000;5314612,784000000000000;7,895712036000020;47,979509393000058;0
147406;08200302415400554270;08;4;15;061;2020;03;21;2;3;4;2;2;1;1;0;0;0;0;515916,014999999660000;5370394,758999999600000;9,215397170000074;48,486476415000027;1
147407;08200226436200515170;08;4;36;064;2020;02;16;4;3;4;2;0;1;1;0;0;0;0;545595,718999999580000;5292790,853700000800000;9,608737491000056;47,786863717000074;2
147408;08200223225100518490;08;2;25;064;2020;02;21;1;3;6;6;2;0;0;1;0;0;1;505113,614699999800000;5471954,675000000700000;9,070479508000062;49,400259558000073;1
147411;08200228436200527690;08;4;36;039;2020;02;13;6;3;0;3;0;1;1;0;0;0;0;548987,622600000350000;5289293,926899999400000;9,653624681000053;47,755152922000036;0
147412;08200227316100503360;08;3;16;011;2020;02;12;5;2;5;3;0;1;1;0;0;0;0;414694,784500000070000;5329071,455199999700000;7,854001032000042;48,109189870000080;1
147416;08200226212010499520;08;2;12;000;2020;02;08;4;3;5;3;0;1;1;0;0;0;0;455586,359199999830000;5427321,785399999500000;8,392812000000049;48,997196955000049;1
147420;08200225111500512280;08;1;11;000;2020;02;20;3;2;6;1;2;0;1;1;0;0;0;511614,766300000250000;5410197,298299999900000;9,158304597000040;48,844638526000040;1
147421;08200228421201615070;08;4;21;000;2020;02;11;6;3;5;3;0;1;1;0;0;0;0;573497,108400000260000;5361682,895199999200000;9,993059569000025;48,404016321000029;0
147422;08200303212010552240;08;2;12;000;2020;03;09;3;3;4;3;0;1;1;0;0;0;0;455670,907100000420000;5427585,516300000300000;8,393939022000041;48,999575322000055;0
147424;08200222426010493880;08;4;26;100;2020;02;11;7;3;0;1;0;1;0;0;0;0;0;576949,898799999620000;5317639,409199999600000;10,031715800000029;48,007415823000031;0
147426;08200302121600535320;08;1;25;098;2020;03;07;2;2;5;6;0;1;1;0;0;0;0;519893,803000000310000;5437354,547000000300000;9,272471264000046;49,088723241000025;0
147427;08200302221400535610;08;2;21;000;2020;03;09;2;3;6;7;0;1;0;1;0;0;0;477207,176199999640000;5469749,734200000800000;8,685981745000049;49,380021130000046;0
147428;08200226118300516440;08;1;18;046;2020;02;14;4;3;5;3;0;1;0;0;0;0;1;513557,508700000120000;5412474,765000000600000;9,184858679000058;48,865086758000075;0
147430;08200222416200489840;08;4;16;041;2020;02;17;7;3;0;7;1;1;0;0;0;0;0;503384,257000000220000;5371833,156700000200000;9,045812187000024;48,499609256000042;0
147433;08200303111500543370;08;1;11;000;2020;03;19;3;3;5;3;2;1;1;0;0;0;0;509369,329900000240000;5396376,743699999500000;9,127385265000044;48,720347671000070;1
147434;08200227118010526030;08;1;15;013;2020;02;20;5;2;6;4;2;0;1;1;0;0;0;495599,184399999680000;5389719,446699999300000;8,940237435000029;48,660512859000050;2
147435;08200222335200513550;08;3;35;063;2020;02;14;7;2;6;7;0;0;1;1;0;0;0;496958,390599999580000;5288052,709100000600000;8,959424195000054;47,745838989000049;0
147436;08200228311010525980;08;3;11;000;2020;02;11;6;3;5;3;0;1;1;0;0;0;0;413578,811300000180000;5317345,620899999500000;7,841381261000038;48,003562560000034;0
147439;08200227212402505670;08;2;12;000;2020;02;14;5;3;5;3;0;1;1;0;0;0;0;455451,601800000300000;5427860,620300000500000;8,390910712000050;49,002034124000033;1
147440;08200222326100491080;08;3;26;012;2020;02;13;7;3;5;3;0;1;1;0;0;0;0;463176,595700000410000;5312964,361700000200000;8,506654486000059;47,968927047000079;0
147442;08200302212702616640;08;2;15;046;2020;03;13;2;3;0;7;0;1;1;0;0;0;0;451404,644999999550000;5414401,512000000100000;8,337187446000030;48,880662692000044;1
147443;08200225416200499080;08;4;16;041;2020;02;17;3;3;0;7;1;1;0;0;0;0;0;503335,511300000360000;5374974,541099999100000;9,045177442000068;48,527870594000035;1
147445;08200228215502518650;08;2;15;066;2020;02;08;6;3;5;3;0;1;1;0;0;0;0;460282,229799999860000;5453689,603700000800000;8,454411869000069;49,234696202000066;0
147446;08200222311100521050;08;3;15;015;2020;02;13;7;3;4;2;0;1;1;0;0;0;0;394804,901399999860000;5320269,255300000300000;7,589040566000051;48,027045143000066;0
147447;08200302435100536210;08;4;35;029;2020;03;16;2;3;5;3;0;1;1;0;0;0;0;545036,814000000250000;5271213,019600000200000;9,599048755000069;47,592763355000045;0
147448;08200227115100518140;08;1;15;024;2020;02;18;5;3;6;4;2;0;1;1;0;0;0;500728,791400000450000;5386845,816500000700000;9,009891848000052;48,634676273000082;1
147453;08200301436000546480;08;4;35;016;2020;03;13;1;2;4;6;0;1;1;0;0;0;0;536443,830799999650000;5277931,521700000400000;9,485314694000067;47,653752737000048;0
147454;08200225231000509800;08;2;36;062;2020;02;07;3;2;0;1;1;1;0;0;0;0;0;485640,153400000180000;5407918,569700000800000;8,804361102000030;48,824082043000033;1
147455;08200229119300525320;08;1;19;067;2020;02;00;7;3;0;1;2;1;0;0;0;0;0;538293,126000000160000;5405823,392000000900000;9,521501242000056;48,804220353000062;1
147456;08200228118300526500;08;1;18;046;2020;02;09;6;2;6;2;0;0;0;1;0;0;1;514331,807300000450000;5412007,401499999700000;9,195399928000029;48,860865050000029;0
147457;08200222231202519480;08;2;36;071;2020;02;16;7;3;6;7;0;0;1;1;0;0;0;468626,551900000310000;5422731,984899999600000;8,571434934000024;48,956710299000065;0
147459;08200226416200515570;08;4;16;041;2020;02;09;4;3;5;3;0;1;0;0;0;0;0;504312,510999999940000;5374703,890000000600000;9,058407494000051;48,525429767000048;0
147460;08200222225100532630;08;2;25;033;2020;02;10;7;2;0;1;0;1;0;0;0;0;0;510557,943500000050000;5460651,751299999700000;9,145217402000071;49,298519214000066;0
147465;08200222221300502220;08;2;21;000;2020;02;20;7;3;0;2;2;1;1;0;0;0;0;477673,732599999760000;5473605,313999999300000;8,692192765000073;49,414718828000048;0
147469;08200224222014492860;08;2;22;000;2020;02;07;2;3;6;7;0;0;0;1;0;0;1;464612,973199999890000;5476859,545499999100000;8,511842258000058;49,443369903000075;1
147470;08200302235100539810;08;2;35;046;2020;03;08;2;3;0;1;0;1;0;0;0;0;0;479425,189699999990000;5377770,712899999700000;8,721190452000030;48,552697191000050;1
147474;08200224436200499350;08;4;36;064;2020;02;16;2;3;6;7;0;0;1;1;0;0;0;546060,899799999780000;5292033,029999999300000;9,614867230000073;47,780012467000063;0
147475;08200228317200533210;08;3;17;057;2020;02;12;6;3;5;3;0;1;1;0;0;0;0;412469,538099999540000;5380211,148800000500000;7,813485275000062;48,568876160000059;0
147476;08200303211000552250;08;2;16;007;2020;03;08;3;2;5;3;0;1;0;0;0;0;0;436629,156100000250000;5394046,808199999900000;8,138818420000064;48,696239208000065;0
147479;08200224221200520270;08;2;21;000;2020;02;01;2;3;0;7;2;1;0;0;0;0;0;477844,738099999730000;5472012,062300000300000;8,694639240000072;49,400394018000043;0
147483;08200224436100495940;08;4;36;055;2020;02;17;2;3;5;2;0;1;1;0;0;0;0;576276,687699999660000;5297352,047399999600000;10,019100685000069;47,824993671000072;0
147484;08200229221011532010;08;2;26;095;2020;02;17;7;2;6;4;2;0;1;1;0;0;0;474037,725999999790000;5461216,801999999200000;8,642872721000060;49,303141357000072;1
147485;08200302212010544210;08;2;12;000;2020;03;21;2;2;5;3;2;1;1;0;0;0;0;454323,970800000240000;5429969,481300000100000;8,375256779000040;49,020921048000048;1
147486;08200302222700536920;08;2;22;000;2020;03;19;2;2;0;7;2;1;0;0;0;0;0;462378,146599999630000;5480932,552100000900000;8,480627455000047;49,479870429000073;1
147488;08200224416100531100;08;4;16;036;2020;02;18;2;2;5;3;1;1;1;0;0;0;0;495911,263299999760000;5369690,810200000200000;8,944672350000076;48,480331632000059;0
147490;08200222216200490310;08;2;16;007;2020;02;13;7;3;0;1;0;1;0;0;0;0;0;433450,101999999960000;5396168,040999999300000;8,095280000000059;48,714988601000073;0
147491;08200228231000531210;08;2;31;000;2020;02;13;6;3;6;7;0;0;1;1;0;0;0;477958,522800000380000;5415916,572100000500000;8,699276916000031;48,895804669000029;0
147492;08200222212010611630;08;2;12;000;2020;02;13;7;3;6;4;0;0;0;1;0;0;1;455751,296400000340000;5428614,113199999600000;8,394925941000054;49,008833430000038;0
147493;08200303117200558850;08;1;17;024;2020;03;16;3;3;0;3;0;1;1;0;0;0;0;561985,728099999950000;5385647,896299999200000;9,841102693000039;48,620828636000056;0
147495;08200222212010517950;08;2;12;000;2020;02;08;7;3;5;3;0;1;0;0;0;0;0;453773,915400000290000;5428577,469900000800000;8,367892320000067;49,008358867000027;0
147496;08200302111500537410;08;1;11;000;2020;03;12;2;3;5;3;0;1;1;0;0;0;0;508793,958100000400000;5406823,890300000100000;9,119785859000047;48,814338184000064;0
147497;08200225335100520830;08;3;35;043;2020;02;21;3;3;5;3;2;1;1;0;0;0;0;511065,185999999750000;5280799,520999999700000;9,147427839000045;47,680489883000064;1
147498;08200224335300495340;08;3;35;100;2020;02;16;2;3;8;1;0;1;0;0;0;0;0;489531,478699999860000;5284283,652000000700000;8,860438216000034;47,711848775000078;0
147501;08200222212010517240;08;2;15;017;2020;02;12;7;2;6;7;0;0;1;1;0;0;0;456684,008500000460000;5415904,843699999200000;8,409031324000068;48,894577031000040;0
147502;08200228222500526700;08;2;22;000;2020;02;13;6;3;5;5;0;1;1;0;0;0;0;462949,339499999770000;5479065,472100000800000;8,488687315000050;49,463112076000073;0
147503;08200222136100487790;08;1;36;088;2020;02;08;7;3;5;3;0;1;1;0;0;0;0;580925,147099999710000;5412920,427899999500000;10,103410764000046;48,863964268000075;0
147505;08200227117010526950;08;1;17;051;2020;02;19;5;2;0;1;2;1;0;0;0;0;0;543833,367600000460000;5394923,778599999800000;9,595787387000030;48,705806709000058;1
147506;08200222128100514620;08;1;28;058;2020;02;10;7;2;6;7;0;0;1;1;0;0;0;558989,433500000280000;5482530,514699999200000;9,814566341000045;49,492541999000082;0
147508;08200225212010518270;08;2;12;000;2020;02;05;3;3;6;4;2;0;0;1;0;0;1;453779,555800000210000;5428893,619500000000000;8,367933446000052;49,011203072000058;1
147509;08200224317100516370;08;3;17;098;2020;02;12;2;3;6;6;0;0;1;1;0;0;0;437599,366700000130000;5369545,266000000800000;8,155681212000047;48,475938682000049;0
147513;08200224221011531470;08;2;21;000;2020;02;07;2;3;3;2;0;1;1;0;0;0;0;475896,224299999890000;5474102,443099999800000;8,667656882000074;49,419122582000057;0
147514;08200302326400544580;08;3;26;074;2020;03;16;2;2;5;3;0;1;1;0;0;0;0;460171,957899999800000;5323930,695699999100000;8,465382212000066;48,067408654000076;1
147516;08200222121200516200;08;1;21;000;2020;02;19;7;2;0;7;2;1;0;0;0;0;0;515261,866499999540000;5445963,045199999600000;9,209357207000039;49,166292064000061;1
147518;08200225115200513190;08;1;15;021;2020;02;19;3;3;6;4;2;0;1;1;0;0;0;489831,150999999610000;5382415,905799999800000;8,862087532000032;48,594741662000047;1
147520;08200227111120506400;08;1;11;000;2020;02;18;5;3;6;6;2;0;1;1;0;0;0;512945,642699999730000;5401910,528599999800000;9,176182478000044;48,770065441000042;1
147524;08200229111500519220;08;1;11;000;2020;02;08;7;3;3;6;0;1;1;0;0;0;0;513319,316999999810000;5401905,752000000300000;9,181267782000020;48,770014584000080;0
147529;08200226212502504180;08;2;12;000;2020;02;17;4;3;2;6;1;1;1;0;0;0;0;453110,871600000190000;5431176,330000000100000;8,358525913000051;49,031685645000039;1
147531;08200229336300689040;08;3;36;081;2020;02;22;7;3;0;7;2;1;0;0;0;0;0;411477,882699999960000;5277554,866599999400000;7,821353032000047;47,645335550000027;1
147532;08200224311010522000;08;3;11;000;2020;02;09;2;3;5;3;0;1;0;0;0;0;0;415043,236200000160000;5319906,046499999200000;7,860502819000033;48,026790888000050;0
147533;08200228311010528700;08;3;11;000;2020;02;18;6;2;5;3;1;1;1;0;0;0;0;412114,521300000140000;5314782,000800000500000;7,822279199000036;47,980302382000048;0
147535;08200228421300509560;08;4;21;000;2020;02;16;6;3;6;1;0;0;1;1;0;0;0;571156,194600000050000;5362251,159099999800000;9,961531275000027;48,409396631000050;0
147538;08200224212402493700;08;2;12;000;2020;02;13;2;3;0;1;0;1;0;0;0;0;0;456116,512299999590000;5428055,981699999400000;8,399980083000060;49,003839054000082;1
147539;08200302125102546560;08;1;21;000;2020;03;18;2;2;6;4;2;0;1;1;0;0;0;516055,892799999560000;5442274,880400000100000;9,220102301000054;49,133095597000079;1
147540;08200302222014536510;08;2;26;031;2020;03;16;2;2;4;2;0;1;1;0;0;0;0;474288,274000000210000;5493823,113099999700000;8,644202790000065;49,596437242000036;0
147541;08200226121600501950;08;1;25;102;2020;02;19;4;3;6;4;2;0;1;1;0;0;0;521305,752100000160000;5443792,160399999500000;9,292149379000023;49,146584338000025;0
147545;08200222111500514900;08;1;11;000;2020;02;20;7;3;2;6;2;1;1;0;0;0;0;515965,417999999600000;5405476,602499999100000;9,217418077000048;48,802075289000072;0
147548;08200222111500490100;08;1;11;000;2020;02;16;7;3;5;3;0;1;1;0;0;0;0;508800,336000000130000;5406822,237199999400000;9,119872699000041;48,814323223000031;0
147549;08200302111250536610;08;1;11;000;2020;03;18;2;3;6;4;2;0;1;1;0;0;0;515275,726800000300000;5403491,296900000400000;9,207952061000071;48,784233047000043;1
147551;08200224311010499220;08;3;11;000;2020;02;17;2;3;0;7;0;1;0;0;0;0;1;411813,480999999680000;5316204,231000000600000;7,817953840000030;47,993054328000028;0
147557;08200229216100511870;08;2;16;043;2020;02;12;7;3;5;3;0;1;0;0;0;0;0;441448,541699999940000;5412060,661200000000000;8,201739605000057;48,858746413000063;0
147560;08200302435200571150;08;4;35;059;2020;03;11;2;3;0;7;0;1;0;0;0;0;0;512163,490399999540000;5290381,426799999500000;9,162328745000025;47,766684175000080;0
147561;08200227115100607320;08;1;15;003;2020;02;08;5;3;6;7;0;0;0;1;0;0;1;497146,741000000390000;5393370,099400000600000;8,961227873000041;48,693363559000034;0
147562;08200221417200499720;08;4;17;002;2020;02;14;6;3;0;7;0;1;0;0;0;0;0;489326,050200000410000;5346765,536699999100000;8,856145513000058;48,274005578000072;0
147567;08200221416200489360;08;4;16;041;2020;02;14;6;3;1;5;0;1;1;0;0;0;0;503800,046400000340000;5374879,806500000900000;9,051468417000024;48,527015687000073;0
147570;08200221337010503520;08;3;37;125;2020;02;17;6;3;5;3;0;1;1;0;0;0;0;448726,143299999650000;5271494,233400000300000;8,317963204000023;47,594830261000027;0
147572;08200226435100533490;08;4;35;016;2020;02;12;4;2;6;4;0;0;1;1;0;0;0;535582,271999999880000;5277738,337999999500000;9,473826186000053;47,652062537000063;0
147573;08200221335100530400;08;3;35;043;2020;02;01;6;3;0;1;2;1;0;0;0;0;0;513317,694000000130000;5278708,446599999400000;9,177375399000027;47,661632618000056;1
147575;08200225118400688440;08;1;18;048;2020;02;17;3;3;0;7;1;1;0;0;0;0;1;512847,919700000440000;5416526,997400000700000;9,175310740000043;48,901554763000036;0
147576;08200224311010497600;08;3;11;000;2020;02;12;2;3;0;7;0;1;0;0;0;0;0;414891,980000000450000;5318813,063999999300000;7,858691556000053;48,016938973000038;0
147577;08200228426200518870;08;4;26;070;2020;02;06;6;3;0;1;2;1;0;0;0;0;0;565517,763600000180000;5343222,593599999300000;9,882391504000054;48,238834606000069;2
147578;08200227311010506650;08;3;11;000;2020;02;12;5;3;5;3;0;1;1;0;0;0;0;411334,636199999600000;5316976,367000000600000;7,811377326000070;47,999933669000029;1
147580;08200224212010516850;08;2;12;000;2020;02;12;2;3;6;4;0;0;0;1;0;0;1;456772,552400000390000;5428666,660299999600000;8,408884611000076;49,009378481000056;0
147581;08200302226700552310;08;2;26;076;2020;03;19;2;2;1;1;2;1;1;0;0;0;0;475328,276899999940000;5465585,548900000800000;8,660354551000069;49,342491525000071;1
147582;08200226211021500640;08;2;11;000;2020;02;07;4;2;0;3;0;1;0;0;0;0;1;444549,033699999560000;5401227,337999999500000;8,245469807000063;48,761584136000067;1
147584;08200302311010536800;08;3;11;000;2020;03;13;2;3;2;6;0;1;1;0;0;0;0;413911,916100000030000;5315400,885299999300000;7,846236246000046;47,986113897000052;1
147585;08200226311010501450;08;3;11;000;2020;02;23;4;3;0;1;2;1;0;0;0;0;0;414041,855399999770000;5315234,648700000700000;7,848010623000050;47,984636011000077;1
147588;08200228325102519670;08;3;25;045;2020;02;10;6;3;6;4;0;0;1;1;0;0;0;468176,580699999820000;5348800,335699999700000;8,570963075000066;48,291601853000031;2
147589;08200303212010537740;08;2;12;000;2020;03;15;3;3;5;3;0;1;1;0;0;0;0;456458,100999999790000;5423861,513699999100000;8,405099667000059;48,966133360000072;0
147590;08200227222800520020;08;2;22;000;2020;02;13;5;3;6;2;0;0;1;1;0;0;0;460127,907700000330000;5487946,834200000400000;8,448855810000055;49,542816047000031;0
147591;08200221316200504610;08;3;16;056;2020;02;15;6;3;4;3;0;1;1;0;0;0;0;423203,163700000380000;5326948,292199999100000;7,968665315000067;48,091173712000057;0
147592;08200224121200495490;08;1;21;000;2020;02;18;2;3;1;7;2;0;1;1;0;1;0;515692,209200000390000;5442223,961799999700000;9,215114798000059;49,132646963000070;0
147593;08200302118000551970;08;1;15;045;2020;03;17;2;3;0;3;0;1;1;0;0;0;0;501583,082899999800000;5395781,505599999800000;9,021521313000051;48,715061277000075;1
147594;08200302221200616310;08;2;21;000;2020;03;06;2;3;5;2;2;1;1;0;0;0;0;473808,457700000140000;5472838,743899999200000;8,638954692000027;49,407669560000045;1
147595;08200226116200525310;08;1;16;077;2020;02;18;4;3;5;3;2;1;1;0;0;0;0;516117,510099999610000;5388680,684200000000000;9,218832698000028;48,650975626000047;1
147596;08200229222700615660;08;2;22;000;2020;02;12;7;3;1;5;0;1;1;0;0;0;0;462481,518799999730000;5480802,036599999300000;8,482066836000058;49,478702906000080;0
147597;08200228222600526470;08;2;22;000;2020;02;09;6;3;3;5;0;1;1;0;0;0;0;462644,407999999820000;5482791,379300000100000;8,484127402000070;49,496606072000077;0
147598;08200221311100487880;08;3;15;059;2020;02;16;6;3;5;3;0;1;1;0;0;0;0;399184,834099999630000;5321962,838999999700000;7,647371641000063;48,042984685000079;0
147599;08200229317100510690;08;3;17;098;2020;02;10;7;2;0;1;0;1;0;0;0;0;0;438219,593000000340000;5369143,544999999900000;8,164131683000051;48,472386259000075;0
147601;08200228311010508060;08;3;11;000;2020;02;19;6;3;0;7;2;1;1;0;0;0;0;412560,038099999540000;5317479,638100000100000;7,827698549000047;48,004629529000056;0
147602;08200221311010485270;08;3;11;000;2020;02;10;6;3;5;3;0;1;1;0;0;0;0;413158,694500000220000;5316730,973700000000000;7,835874517000036;47,997976667000046;0
147607;08200302212010552580;08;2;15;009;2020;03;08;2;2;6;2;0;0;1;1;0;0;0;470284,467199999840000;5441551,988700000600000;8,592701535000060;49,126084259000038;0
147610;08200228212010611650;08;2;12;000;2020;02;20;6;2;6;4;2;0;0;1;0;0;1;457625,292399999690000;5428551,930099999500000;8,420556782000062;49,008405613000036;0
147617;08200227118000513930;08;1;15;045;2020;02;10;5;2;0;7;0;1;0;0;0;0;0;501784,318699999710000;5395053,966700000700000;9,024253879000071;48,708515744000067;1
147620;08200225215302509760;08;2;15;007;2020;02;09;3;2;6;4;0;0;1;1;0;0;0;479059,154500000180000;5431407,547700000900000;8,713496000000021;49,035192824000035;1
147622;08200228117300519600;08;1;17;026;2020;02;09;6;3;0;2;0;0;0;1;0;1;0;548070,917399999690000;5394455,157400000800000;9,653326272000072;48,701279011000054;0
147623;08200221221011486050;08;2;26;085;2020;02;15;6;2;0;7;0;1;0;0;0;0;0;493074,482699999590000;5454261,152300000200000;8,904854692000072;49,241086598000038;0
147624;08200302337010555650;08;3;37;126;2020;03;12;2;2;1;6;0;1;1;0;0;0;0;441627,144399999640000;5274019,276300000000000;8,223205546000031;47,616947733000075;0
147625;08200226415400529340;08;4;15;061;2020;02;10;4;3;6;7;0;0;0;1;0;1;0;516033,882000000220000;5370162,669199999400000;9,216983387000028;48,484385456000041;1
147626;08200221212702485390;08;2;15;108;2020;02;10;6;3;6;4;0;0;1;1;0;0;0;449760,101400000040000;5425017,063899999500000;8,313450551000074;48,976019363000034;0
147627;08200301111500534560;08;1;11;000;2020;03;20;1;3;6;2;0;0;1;1;0;0;0;513139,382000000220000;5404234,998999999800000;9,178893437000056;48,790972122000028;1
147628;08200225115200513260;08;1;15;021;2020;02;07;3;3;5;3;1;1;1;0;0;0;0;489784,393799999730000;5382446,160900000500000;8,861452657000029;48,595013083000026;1
147630;08200225119400500700;08;1;19;079;2020;02;19;3;3;2;6;2;1;1;0;0;0;0;522384,612499999810000;5410334,601600000600000;9,305099124000037;48,845578682000053;1
147632;08200227327100514950;08;3;27;050;2020;02;13;5;3;0;1;0;1;0;0;0;0;0;487240,087100000120000;5314665,173499999600000;8,828994286000068;47,985161834000053;2
147634;08200224119400494330;08;1;19;079;2020;02;21;2;3;6;2;2;0;1;1;0;0;0;524933,545199999590000;5409495,355699999300000;9,339789039000038;48,837931904000072;0
147635;08200302231000568340;08;2;31;000;2020;03;07;2;3;5;3;1;1;1;0;0;0;0;476628,072900000030000;5414858,686499999800000;8,681185708000044;48,886239541000066;1
147636;08200226212502520000;08;2;12;000;2020;02;19;4;3;5;2;2;1;0;0;0;0;1;454264,316999999810000;5428875,507500000300000;8,374564201000055;49,011076274000061;0
147637;08200224311010492560;08;3;36;050;2020;02;07;2;3;5;3;0;1;1;0;0;0;0;399531,074000000020000;5273659,160000000100000;7,663220646000070;47,608548213000063;0
147639;08200224231402494450;08;2;31;000;2020;02;16;2;2;0;1;0;1;0;0;0;0;0;476072,563400000330000;5413835,078500000800000;8,673668093000060;48,877010317000043;0
147645;08200302215102544530;08;2;15;090;2020;03;17;2;3;0;7;1;1;0;0;0;0;0;465396,500199999660000;5433473,927400000400000;8,526398092000022;49,053164958000082;1
147646;08200306115200593170;08;1;15;015;2020;03;07;6;2;6;2;0;0;1;1;0;0;0;492478,990000000220000;5387724,243000000700000;8,897901858000068;48,642533934000028;1
147647;08200305118400563240;08;1;18;048;2020;03;15;5;3;5;3;0;1;0;0;0;0;1;515961,185999999750000;5415334,000000000000000;9,217744565000032;48,890750499000035;1
147649;08200309436400576360;08;4;36;082;2020;03;09;2;3;5;3;0;1;1;0;0;0;0;547554,406399999750000;5294339,014799999100000;9,635055523000062;47,800650805000032;1
147651;08200308416010553990;08;4;16;031;2020;03;14;1;2;5;3;0;1;1;0;0;0;0;502411,679399999790000;5362406,843200000000000;9,032592223000052;48,414810226000043;0
147652;08200305118300563100;08;1;18;046;2020;03;07;5;3;0;3;0;1;0;0;0;0;0;512928,574400000270000;5413360,592299999700000;9,176311104000035;48,873068894000028;0
147654;08200306426010543550;08;4;21;000;2020;03;15;6;3;3;2;0;1;1;0;0;0;0;571898,930599999610000;5359912,084200000400000;9,971165742000039;48,388271729000053;1
147660;08200311216100563270;08;2;16;043;2020;03;11;4;3;5;3;0;1;1;0;0;0;0;440928,655700000000000;5412200,890100000400000;8,194632239000043;48,859958478000067;0
147661;08200308311010568860;08;3;11;000;2020;03;14;1;2;0;7;0;0;1;1;0;0;0;411766,954300000330000;5316472,455600000900000;7,817275194000047;47,995460664000063;0
147662;08200311222600553290;08;2;22;000;2020;03;09;4;3;6;7;0;0;1;1;0;0;0;462857,384999999780000;5482477,534000000000000;8,487097944000027;49,493796274000033;1
147663;08200306311400567860;08;3;15;006;2020;03;07;6;3;4;2;0;1;1;0;0;0;0;402519,697999999860000;5307445,210999999200000;7,695397448000051;47,912918354000055;1
147664;08200305116200581220;08;1;16;077;2020;03;07;5;3;5;3;0;1;1;0;0;0;0;513973,463499999610000;5389323,478499999300000;9,189744154000039;48,656809899000052;1
147668;08200309212702564180;08;2;15;017;2020;03;14;2;3;6;7;0;0;1;1;0;0;0;456081,835199999620000;5421115,578500000800000;8,400255317000074;48,941406512000071;0
147670;08200307416200543830;08;4;16;041;2020;03;10;7;3;0;7;0;1;1;0;0;0;0;504726,870299999600000;5373207,031300000800000;9,064002496000057;48,511960494000050;1
147671;08200306211021552430;08;2;11;000;2020;03;12;6;2;6;4;0;0;1;1;0;0;0;442351,626299999650000;5406724,149499999400000;8,214801151000074;48,810828915000059;0
147675;08200306111130544800;08;1;11;000;2020;03;13;6;3;2;2;0;1;1;0;0;0;0;511765,711600000040000;5402172,000299999500000;9,160131868000065;48,772441053000080;0
147676;08200305111500541410;08;1;11;000;2020;03;17;5;3;1;5;2;1;0;0;0;0;1;512882,800599999730000;5403295,584699999500000;9,175370634000046;48,782526606000033;1
147678;08200304435100538840;08;4;35;016;2020;03;05;4;3;5;3;2;1;1;0;0;0;0;532567,628800000060000;5279049,002200000000000;9,433781033000059;47,664013959000044;0
147682;08200309212010547410;08;2;12;000;2020;03;15;2;2;5;2;0;1;1;0;0;0;0;455003,512400000360000;5429276,491299999900000;8,384627632000047;49,014737500000081;0
147683;08200312119101566430;08;1;19;044;2020;03;18;5;3;6;7;0;0;1;1;0;0;0;540166,551500000060000;5426499,900299999900000;9,549046858000054;48,990094863000081;0
147687;08200311111500567020;08;1;11;000;2020;03;09;4;3;6;4;0;0;1;1;0;0;0;515971,791000000200000;5405478,900000000400000;9,217504953000059;48,802095793000035;0
147689;08200305436200541520;08;4;36;055;2020;03;16;5;3;5;3;0;1;1;0;0;0;0;575752,932000000030000;5298910,411000000300000;10,012376793000044;47,839074683000035;1
147691;08200304417300545200;08;4;17;031;2020;03;07;4;3;4;2;0;1;1;0;0;0;0;497763,089999999850000;5355658,639000000400000;8,969805598000050;48,354100102000075;0
147692;08200311336100587410;08;3;36;050;2020;03;17;4;3;6;4;0;0;1;1;0;0;0;399222,062599999830000;5273964,376100000000000;7,659040094000034;47,611245754000038;0
147693;08200307111500543360;08;1;11;000;2020;03;12;7;3;5;3;0;1;1;0;0;0;0;509321,784199999650000;5402408,911399999600000;9,126875372000029;48,774613707000071;0
147695;08200312116010572570;08;1;16;081;2020;03;15;5;3;0;7;0;1;0;0;0;0;1;518724,736999999730000;5386709,839999999900000;9,254142441000056;48,633173047000071;0
147696;08200307121200544170;08;1;21;000;2020;03;21;7;3;6;2;2;0;1;1;0;0;0;516186,323900000190000;5443379,322100000500000;9,221934655000041;49,143026996000060;0
147697;08200305436000584730;08;4;35;016;2020;03;10;5;2;6;4;0;0;1;1;0;0;0;535986,309100000190000;5278020,218100000200000;9,479229498000052;47,654576385000041;1
147698;08200304416100538740;08;4;16;041;2020;03;17;4;3;3;2;0;1;1;0;0;0;0;502337,168999999760000;5371309,515499999700000;9,031634983000060;48,494903136000062;0
147703;08200304415400539640;08;4;15;061;2020;03;13;4;3;6;7;0;0;1;1;0;0;0;515943,671500000170000;5374452,305099999500000;9,215926455000044;48,522978737000074;0
147704;08200311311400599710;08;3;15;006;2020;03;11;4;3;5;3;0;1;1;0;0;0;0;401754,186900000090000;5308512,294600000600000;7,684911954000029;47,922399879000068;0
147711;08200304311010538850;08;3;11;000;2020;03;11;4;3;2;6;0;1;1;0;0;0;0;411861,604399999600000;5315644,544600000600000;7,818713658000036;47,988026424000054;0
147712;08200309317500547660;08;3;17;096;2020;03;08;2;3;6;7;0;0;1;1;0;0;0;423024,099799999970000;5369722,807000000000000;7,958466946000044;48,475920162000079;1