OBJECTID;UIDENTSTLAE;ULAND;UREGBEZ;UKREIS;UGEMEINDE;UJAHR;UMONAT;USTUNDE;UWOCHENTAG;UKATEGORIE;UART;UTYP1;ULICHTVERH;IstRad;IstPKW;IstFuss;IstKrad;IstGkfz;IstSonstige;LINREFX;LINREFY;XGCSWGS84;YGCSWGS84;STRZUSTAND
147715;08200311221400557060;08;2;21;000;2020;03;13;4;3;6;7;0;1;0;1;0;0;0;477663,508999999610000;5469740,485999999600000;8,692269096000075;49,379954848000068;0
147717;08200304311010537840;08;3;36;050;2020;03;06;4;3;6;4;2;0;0;1;1;0;0;399424,906800000000000;5273723,293500000600000;7,661793728000021;47,609108649000063;0
147720;08200304231102549990;08;2;36;050;2020;03;10;4;3;6;1;0;0;1;1;0;0;0;486224,518000000160000;5423467,998999999800000;8,811798129000067;48,963973812000063;0
147721;08200309212102572720;08;2;12;000;2020;03;08;2;3;0;7;0;1;0;0;0;0;0;457553,534500000070000;5428720,069800000600000;8,419558017000043;49,009913121000068;1
147722;08200312212010566750;08;2;12;000;2020;03;16;5;2;5;3;0;1;1;0;0;0;0;455468,718899999750000;5428145,088300000900000;8,391113537000024;49,004594178000048;1
147732;08200304221011557660;08;2;21;000;2020;03;15;4;2;3;2;0;1;0;0;0;0;0;477711,694000000130000;5472657,621999999500000;8,692769325000029;49,406195877000073;0
147734;08200312118400586430;08;1;18;048;2020;03;13;5;3;6;4;0;0;1;1;0;0;0;516166,335400000210000;5417905,501399999500000;9,220645024000021;48,913877643000035;1
147735;08200307221200543150;08;2;21;000;2020;03;06;7;3;1;7;2;1;1;0;0;0;0;476874,710300000380000;5471330,356200000300000;8,681309466000073;49,394226090000075;1
147736;08200306116010551270;08;1;16;078;2020;03;19;6;2;6;2;2;0;1;1;0;0;0;512563,461699999870000;5390691,452099999400000;9,170639523000034;48,669146280000064;1
147737;08200304221011539720;08;2;21;000;2020;03;10;4;3;5;3;0;1;1;0;0;0;0;477300,708200000230000;5472563,004100000500000;8,687109633000034;49,405329613000049;1
147741;08200304221011538160;08;2;26;012;2020;03;13;4;2;6;4;0;0;1;1;0;0;0;476271,587700000030000;5477628,321699999300000;8,672621290000052;49,450851874000080;0
147743;08200310117300568390;08;1;17;026;2020;03;12;3;3;6;7;0;0;1;1;0;0;0;548248,879900000060000;5394955,000199999700000;9,655803192000064;48,705761602000052;0
147744;08200305317300541020;08;3;17;065;2020;03;12;5;3;6;4;0;0;0;1;1;0;0;415086,020999999720000;5354661,996999999500000;7,854128804000027;48,339430126000082;1
147752;08200309336400613370;08;3;36;091;2020;03;17;2;3;4;6;0;1;1;0;0;0;0;397299,113499999980000;5272416,069000000100000;7,633823344000064;47,597016434000068;0
147753;08200305311010565070;08;3;11;000;2020;03;15;5;3;4;2;0;1;1;0;0;0;0;412572,677899999540000;5315428,209100000600000;7,828285894000032;47,986178018000032;1
147756;08200305311010564980;08;3;11;000;2020;03;14;5;2;1;5;0;1;1;0;0;0;0;411845,918999999760000;5315413,141000000800000;7,818550991000052;47,985942719000036;1
147759;08200304215102539000;08;2;12;000;2020;03;08;4;3;6;6;0;0;0;1;0;0;1;455429,895399999800000;5432719,929800000000000;8,390079997000044;49,045742383000061;0
147760;08200311317500556670;08;3;17;096;2020;03;16;4;3;0;7;0;1;0;0;0;0;0;422606,427099999970000;5370145,789999999100000;7,952738232000058;48,479673591000051;0
147762;08200304212502544410;08;2;12;000;2020;03;01;4;3;1;5;2;1;1;0;0;0;0;454766,751000000160000;5428489,585599999900000;8,381477570000072;49,007641913000043;1
147764;08200304121500607120;08;1;25;065;2020;03;08;4;3;3;6;0;1;1;0;0;0;0;516753,796500000170000;5449102,760399999100000;9,229953655000031;49,194495707000044;0
147765;08200309316200580150;08;3;16;009;2020;03;14;2;3;6;4;0;0;1;1;0;0;0;417867,338200000110000;5324602,017899999400000;7,897472864000065;48,069402666000030;1
147766;08200311118400567700;08;1;18;048;2020;03;10;4;3;5;3;0;1;1;0;0;0;0;514517,816499999720000;5415617,543600000400000;9,198064136000028;48,893336679000072;0
147769;08200306222200615610;08;2;22;000;2020;03;10;6;3;0;7;0;1;0;0;0;0;0;461195,574599999930000;5481581,940700000200000;8,464238973000022;49,485636885000076;1
147772;08200311311000552880;08;3;11;000;2020;03;15;4;3;0;1;0;1;0;0;0;0;0;413895,834800000300000;5316439,133899999800000;7,845812507000062;47,995451167000056;0
147774;08200304121200548980;08;1;21;000;2020;03;16;4;3;6;4;0;0;1;1;0;0;0;516212,254300000150000;5443222,032800000200000;9,222283863000030;49,141611443000045;0
147775;08200310231102567820;08;2;36;040;2020;03;16;3;3;6;4;0;0;1;1;0;0;0;488272,949500000100000;5421734,419999999900000;8,839833794000072;48,948421404000044;1
147776;08200305311010540090;08;3;36;050;2020;03;17;5;3;0;1;0;1;0;0;0;0;0;399970,951600000260000;5272799,546099999900000;7,669267924000053;47,600883706000047;1
147780;08200312222301589880;08;2;22;000;2020;03;20;5;3;5;3;2;1;1;0;0;0;0;464252,451600000260000;5483980,089299999200000;8,506225669000060;49,507394810000051;0
147785;08200310119300561270;08;1;19;086;2020;03;11;3;3;6;2;0;0;1;1;0;0;0;535307,985799999910000;5405251,736899999900000;9,480800022000040;48,799254716000064;1
147789;08200305222600602960;08;2;22;000;2020;03;11;5;3;5;3;0;1;1;0;0;0;0;462616,749800000340000;5482876,542500000400000;8,483737407000035;49,497370366000041;0
147790;08200304115200616230;08;1;15;021;2020;03;14;4;3;8;6;0;1;0;0;0;1;0;489975,213399999770000;5382737,375000000000000;8,864033576000054;48,597635995000076;0
147791;08200309212010552650;08;2;12;000;2020;03;07;2;3;2;7;0;1;1;0;0;0;0;456513,161199999970000;5427350,098600000100000;8,405478747000075;48,997517617000028;1
147792;08200312119200555900;08;1;19;020;2020;03;15;5;3;6;4;0;0;1;1;0;0;0;519670,209300000220000;5407566,896900000100000;9,267969826000069;48,820772988000044;1
147794;08200306119100566550;08;1;19;053;2020;03;14;6;3;0;1;0;1;0;0;0;0;0;533572,913900000040000;5426380,605499999600000;9,458910209000067;48,989415461000078;1
147795;08200304115100611440;08;1;15;003;2020;03;18;4;3;5;2;2;1;1;0;0;0;0;501286,242700000290000;5392187,813999999300000;9,017474708000066;48,682732793000071;0
147800;08200309111500574500;08;1;11;000;2020;03;10;2;2;6;7;0;0;1;1;0;0;0;514857,401999999770000;5395256,086999999400000;9,201960257000053;48,710159587000078;0
147801;08200311117400570380;08;1;17;018;2020;03;17;4;3;2;6;0;1;1;0;0;0;0;535922,725700000300000;5391672,646800000200000;9,487986988000046;48,677066079000042;0
147803;08200307111500566630;08;1;11;000;2020;03;09;7;3;6;7;0;0;1;1;0;0;0;508168,028500000010000;5397333,259700000300000;9,111071371000037;48,728969417000030;0
147805;08200312117300574100;08;1;17;026;2020;03;20;5;3;5;3;2;1;1;0;0;0;0;545101,837000000290000;5395865,336999999400000;9,613130430000069;48,714186109000082;1
147807;08200306115100567380;08;1;15;003;2020;03;06;6;3;6;4;1;0;1;1;0;0;0;500961,655000000260000;5392332,515499999700000;9,013065243000028;48,684035129000051;1
147814;08200311316200553080;08;3;16;009;2020;03;08;4;3;5;3;0;1;1;0;0;0;0;415918,602300000380000;5324730,795299999400000;7,871293415000025;48,070307104000051;0
147816;08200303417100566260;08;4;17;079;2020;03;15;3;3;6;7;0;0;1;1;0;0;0;502144,874300000260000;5339996,721100000700000;9,028872558000046;48,213194219000059;0
147817;08200305221011539930;08;2;21;000;2020;03;12;5;3;0;7;0;1;0;0;0;0;0;477146,386400000190000;5472175,257500000300000;8,685004784000057;49,401836115000037;1
147820;08200311117010574240;08;1;17;049;2020;03;15;4;2;4;3;0;1;1;0;0;0;0;554910,577200000170000;5391699,901499999700000;9,745909420000032;48,675929958000040;0
147821;08200312226600614480;08;2;26;096;2020;03;17;5;3;5;3;0;1;1;0;0;0;0;475743,084099999630000;5488545,568499999100000;8,664659356000072;49,549028147000058;1
147825;08200308226200568820;08;2;26;032;2020;03;02;1;3;0;7;2;1;0;0;0;0;0;467192,940999999640000;5464436,434000000400000;8,548456505000047;49,331772120000039;0
147826;08200311221400563210;08;2;21;000;2020;03;08;4;3;5;3;0;1;1;0;0;0;0;476213,164499999960000;5469535,647800000400000;8,672300215000064;49,378057443000046;0
147827;08200306231000566230;08;2;35;047;2020;03;12;6;1;6;2;0;0;1;1;0;0;0;477153,656100000250000;5390153,684900000700000;8,689727610000034;48,664016983000067;1
147830;08200305216100542310;08;2;16;043;2020;03;16;5;3;0;2;0;1;0;0;0;0;1;442060,143799999730000;5411401,786100000100000;8,210170286000050;48,852877264000028;1
147831;08200303316100558630;08;3;16;011;2020;03;08;3;3;5;6;0;1;0;0;0;0;0;414240,859899999570000;5330366,861700000200000;7,847643680000033;48,120781325000053;0
147832;08200309212402548570;08;2;12;000;2020;03;15;2;3;5;3;0;1;1;0;0;0;0;454075,587799999860000;5425692,232000000800000;8,372343363000027;48,982428436000077;0
147836;08200303311200536170;08;3;11;000;2020;03;09;3;3;4;2;0;1;1;0;0;0;0;414618,133299999870000;5317763,843399999700000;7,855228937000049;48,007464307000077;0
147837;08200308121200572090;08;1;21;000;2020;03;15;1;3;6;4;0;0;1;1;0;0;0;512375,759999999780000;5440407,429999999700000;9,169596148000039;49,116382317000046;0
147838;08200311212402556710;08;2;12;000;2020;03;12;4;3;1;5;0;1;1;0;0;0;0;456279,311700000430000;5428061,482100000600000;8,402205324000022;49,003900084000065;1
147841;08200310136300565010;08;1;36;065;2020;03;14;3;3;6;4;0;0;1;1;0;0;0;558717,105499999600000;5405651,731399999900000;9,799600640000051;48,801082400000041;0
147843;08200303311010536450;08;3;36;050;2020;03;12;3;3;5;3;0;1;1;0;0;0;0;399149,832899999800000;5272796,377399999600000;7,658348011000044;47,600727975000041;0
147845;08200311116200568430;08;1;16;015;2020;03;15;4;3;1;5;0;1;1;0;0;0;0;523750,827300000000000;5393837,484500000300000;9,322767494000061;48,697122612000044;0
147846;08200312118600583850;08;1;18;076;2020;03;13;5;3;1;7;0;1;1;0;0;0;0;505055,771900000050000;5422762,021299999200000;9,069063809000056;48,957755907000035;1
147848;08200306116010555990;08;1;16;050;2020;03;15;6;2;5;3;0;1;1;0;0;0;0;526952,294999999930000;5388775,916999999400000;9,365943809000044;48,651458939000065;1
147853;08200308436200562210;08;4;36;064;2020;03;14;1;3;5;3;0;1;1;0;0;0;0;545535,245000000110000;5290642,341000000000000;9,607704869000031;47,767537760000039;0
147854;08200310311400565180;08;3;15;050;2020;03;16;3;2;6;4;0;0;0;1;0;0;1;398864,650100000200000;5303750,605900000800000;7,647360888000037;47,879119913000068;1
147855;08200310117300599520;08;1;17;026;2020;03;07;3;3;6;4;0;0;1;1;0;0;0;550597,804100000300000;5392796,852199999600000;9,687463249000075;48,686161962000028;1
147860;08200305215302561290;08;2;15;094;2020;03;07;5;3;6;4;1;0;1;1;0;0;0;486481,398900000380000;5439714,342299999700000;8,814765771000054;49,110123653000073;0
147861;08200303235200549380;08;2;35;046;2020;03;08;3;3;5;2;0;1;0;0;0;0;1;479582,647199999540000;5377513,072599999600000;8,723336771000049;48,550384551000036;0
147864;08200305212702614260;08;2;15;017;2020;03;07;5;3;5;3;1;1;1;0;0;0;0;454957,583899999970000;5422111,910599999100000;8,384793338000065;48,950287857000035;1
147865;08200308335010572880;08;3;35;081;2020;03;15;1;3;0;7;0;1;0;0;0;0;0;490343,741299999880000;5296771,156999999700000;8,870989368000039;47,824218132000055;0
147866;08200311311010555860;08;3;36;050;2020;03;12;4;3;6;4;0;0;1;1;0;0;0;398242,446600000370000;5273240,758199999100000;7,646176984000022;47,604583510000055;0
147870;08200311335300557890;08;3;35;022;2020;03;06;4;3;0;3;1;1;1;0;0;0;0;483113,679700000210000;5300159,007600000100000;8,774261907000039;47,854550690000053;0
147871;08200307111230605860;08;1;11;000;2020;03;17;7;3;0;1;0;1;0;0;0;0;0;510324,333899999970000;5397872,658900000200000;9,140406904000031;48,733789864000073;0
147873;08200305212500540910;08;2;12;000;2020;03;16;5;3;5;3;0;1;1;0;0;0;0;452364,448099999690000;5427546,655600000200000;8,348741100000041;48,998979473000077;1
147874;08200303226700551620;08;2;26;041;2020;03;11;3;3;6;7;0;0;1;1;0;0;0;476035,790099999870000;5465020,030999999500000;8,670128423000051;49,337432937000074;0
147875;08200309317300550450;08;3;17;065;2020;03;13;2;3;1;5;0;1;1;0;0;0;0;414084,838999999690000;5355198,615100000100000;7,840511741000057;48,344121536000046;1
147876;08200305212010562840;08;2;12;000;2020;03;21;5;3;6;4;2;0;1;1;0;0;0;454943,413900000040000;5428821,557600000900000;8,383856278000053;49,010640951000028;1
147879;08200306225100568740;08;2;25;058;2020;03;11;6;3;6;7;0;0;0;1;0;0;1;510845,609199999830000;5467322,946399999800000;9,149355451000076;49,358522051000080;1
147882;08200305135010554730;08;4;25;072;2020;03;11;5;3;6;4;0;0;1;1;0;0;0;582889,396999999880000;5371655,119500000000000;10,121914353000022;48,492548941000052;0
147883;08200303222014549440;08;2;22;000;2020;03;11;3;2;0;5;0;1;0;0;0;0;1;461627,994900000280000;5483763,433800000700000;8,469997159000059;49,505285724000032;0
147884;08200309212010568450;08;2;12;000;2020;03;09;2;3;3;2;0;1;1;0;0;0;0;455106,365899999630000;5428491,856300000100000;8,386120955000024;49,007687137000062;1
147885;08200310311010548910;08;3;11;000;2020;03;07;3;3;0;1;0;1;0;0;0;0;0;413538,533200000410000;5317423,772800000400000;7,840825629000051;48,004260115000079;1
147886;08200305126100540120;08;1;26;045;2020;03;08;5;3;6;4;0;0;1;1;0;0;0;546072,887500000190000;5470403,411699999100000;9,634809514000040;49,384584641000060;0
147887;08200303222014548510;08;2;22;000;2020;03;07;3;3;3;6;0;1;1;0;0;0;0;466812,971900000240000;5482041,884700000300000;8,541755242000022;49,490107075000026;0
147889;08200312222500583720;08;2;22;000;2020;03;09;5;3;5;3;0;1;1;0;0;0;0;461558,942300000230000;5479258,028500000000000;8,469481475000066;49,464757614000064;0
147890;08200308115100566930;08;1;15;003;2020;03;03;1;3;6;4;2;0;0;1;0;0;1;500168,848699999970000;5391410,456299999700000;9,002293637000037;48,675740893000068;1
147891;08200311212010572170;08;2;12;000;2020;03;11;4;2;6;7;0;0;1;1;0;0;0;451475,962700000030000;5427012,631400000300000;8,336658629000056;48,994106716000033;0
147895;08200305119400567640;08;1;19;091;2020;03;10;5;3;1;5;0;1;1;0;0;0;0;528548,692599999720000;5405804,259400000800000;9,388797479000061;48,804572224000026;1
147896;08200303221011537860;08;2;21;000;2020;03;15;3;3;5;5;0;1;1;0;0;0;0;476679,361200000160000;5469692,505400000100000;8,678713477000031;49,379486384000074;0
147897;08200309118500591040;08;1;18;063;2020;03;17;2;3;5;3;1;1;1;0;0;0;0;515064,023000000040000;5423176,036000000300000;9,205795113000022;48,961317362000045;1
147901;08200307335200546390;08;3;35;063;2020;03;22;7;3;1;5;2;1;1;0;0;0;0;497512,055900000040000;5288428,322300000100000;8,966808074000028;47,749220974000082;0
147902;08200306119200549390;08;1;19;020;2020;03;10;6;3;5;3;0;1;1;0;0;0;0;520342,295800000430000;5406634,424399999900000;9,277079404000062;48,812363006000055;0
147904;08200310311010564140;08;3;11;000;2020;03;07;3;3;4;6;0;1;0;0;0;0;0;412886,673600000330000;5320691,077600000400000;7,831424053000035;48,033561943000052;1
147905;08200310116500612310;08;1;16;049;2020;03;15;3;3;6;4;0;0;1;1;0;0;0;524990,934000000360000;5385878,311100000500000;9,339139226000043;48,625473525000075;1
147907;08200311116200552550;08;1;16;078;2020;03;11;4;3;6;3;0;0;1;1;0;0;0;512392,934100000190000;5392851,630699999600000;9,168388151000045;48,688582829000040;0
147909;08200311115400567790;08;1;15;045;2020;03;08;4;3;6;4;0;0;1;1;0;0;0;500633,841199999680000;5396576,346300000300000;9,008618013000046;48,722213398000065;1
147911;08200307115100569570;08;1;15;044;2020;03;15;7;3;5;3;0;1;1;0;0;0;0;504781,107300000270000;5388973,927999999400000;9,064918267000053;48,653803267000058;0
147912;08200305119200567490;08;1;19;020;2020;03;12;5;3;6;4;0;1;0;1;0;0;0;519261,215300000270000;5408730,093699999200000;9,262452746000065;48,831249684000056;0
147913;08200303212302538750;08;2;12;000;2020;03;13;3;2;6;4;0;1;0;1;0;0;0;456436,981200000270000;5428403,853000000100000;8,404324290000034;49,006990900000062;0
147915;08200311212010566010;08;2;12;000;2020;03;17;4;3;5;2;1;1;1;0;0;0;0;455698,643500000240000;5429087,001900000500000;8,394154375000028;49,013083331000075;0
147922;08200318335100595010;08;3;35;043;2020;03;07;4;3;5;3;0;1;0;0;0;0;0;512995,673299999910000;5279263,091700000700000;9,173102995000022;47,666629684000043;0
147927;08200313437200585140;08;4;37;104;2020;03;17;6;3;0;1;0;1;0;0;0;0;0;514531,670500000010000;5324955,089099999500000;9,195099446000029;48,077703284000052;0
147931;08200318226400586950;08;2;26;084;2020;03;11;4;2;5;3;0;1;1;0;0;0;0;468537,974299999890000;5470750,448599999800000;8,566469485000027;49,388636226000074;0
147932;08200316117010584180;08;1;17;014;2020;03;12;2;2;9;1;0;1;0;0;0;0;0;551358,822700000370000;5385210,487500000700000;9,696861178000063;48,617856692000032;0
147933;08200320215402612910;08;2;15;021;2020;03;18;6;3;1;5;0;1;1;0;0;0;0;469693,829599999820000;5445429,378699999300000;8,584314504000076;49,160933140000054;0
147934;08200318317500616600;08;3;17;034;2020;03;16;4;2;6;4;0;0;1;1;0;0;0;426527,319000000130000;5362757,699999999300000;8,007082220000029;48,413687244000073;0
147937;08200316311010570510;08;3;36;069;2020;03;08;2;2;6;7;0;0;1;1;0;0;0;408100,469899999910000;5268754,810499999700000;7,778239145000043;47,565701631000081;0
147939;08200323119300597770;08;1;19;067;2020;03;17;2;2;5;3;0;1;1;0;0;0;0;538178,928999999540000;5405927,118000000700000;9,519955745000061;48,805160451000063;0
147945;08200314311010562700;08;3;15;131;2020;03;15;7;3;6;4;0;0;1;1;0;0;0;403780,427299999630000;5309800,493699999500000;7,711739640000076;47,934294616000045;0
147948;08200317212010589380;08;2;12;000;2020;03;10;3;3;0;7;0;1;0;0;0;0;0;455929,767599999900000;5428731,412200000100000;8,397353550000048;49,009901318000061;0
147949;08200313337010584870;08;3;37;126;2020;03;13;6;2;6;4;0;0;1;1;0;0;0;441334,111999999730000;5274652,502000000300000;8,219221580000067;47,622618363000072;0
147950;08200316222400582140;08;2;26;105;2020;03;17;2;3;4;7;0;1;0;0;0;0;0;472157,839200000280000;5476831,620699999900000;8,615921510000021;49,443511198000067;0
147952;08200322111230584300;08;1;11;000;2020;03;18;1;3;0;7;1;1;0;0;0;0;0;510920,837799999860000;5397044,807900000400000;9,148497165000038;48,726332339000066;0
147955;08200318212010587680;08;2;12;000;2020;03;15;4;3;5;3;0;1;1;0;0;0;0;459714,040000000040000;5426965,388000000300000;8,449274844000058;48,994274245000042;0
147957;08200313335100583980;08;3;35;043;2020;03;07;6;3;5;3;1;1;0;0;0;0;0;512805,958999999800000;5280810,425899999200000;9,170621380000057;47,680555858000048;0
147963;08200320436000592330;08;4;36;064;2020;03;14;6;2;0;7;0;1;0;0;0;0;0;544875,472000000070000;5290324,609999999400000;9,598867347000066;47,764725395000028;0
147964;08200319116010594160;08;1;16;019;2020;03;18;5;3;6;7;2;0;1;1;0;0;0;522047,256400000300000;5398117,593900000700000;9,299845497000035;48,735688741000047;0
147965;08200315119300593440;08;1;19;067;2020;03;17;1;3;5;3;0;1;1;0;0;0;0;538177,497299999930000;5405925,727800000500000;9,519936118000032;48,805148033000080;0
147966;08200318135100585290;08;1;35;031;2020;03;17;4;2;5;3;0;1;1;0;0;0;0;595633,936400000010000;5378639,952299999100000;10,295971799000029;48,553560652000044;0
147967;08200316416200592450;08;4;16;041;2020;03;15;2;3;4;6;0;1;0;0;0;0;0;504321,696600000370000;5373725,100099999500000;9,058521757000051;48,516624154000056;1
147968;08200313317500587600;08;3;17;096;2020;03;17;6;3;3;6;0;1;1;0;0;0;0;422277,683299999680000;5368966,394700000100000;7,948509823000052;48,469024461000060;0
147971;08200316118000592310;08;1;15;045;2020;03;13;2;2;6;2;0;0;1;1;0;0;0;501950,012600000020000;5394377,493100000500000;9,026502926000035;48,702429639000059;0
147972;08200320221300601340;08;2;26;012;2020;03;17;6;3;6;1;0;1;0;1;0;0;0;476312,526700000280000;5477580,049599999600000;8,673188998000057;49,450419275000058;0
147973;08200318326200576370;08;3;26;074;2020;03;12;4;3;4;6;0;1;1;0;0;0;0;465792,140999999830000;5323329,706000000200000;8,540868146000037;48,062327904000028;0
147974;08200313316100611150;08;3;16;011;2020;03;16;6;2;3;6;0;1;1;0;0;0;0;415373,492999999780000;5328757,073899999300000;7,863179377000051;48,106452486000080;0
147976;08200313311400610940;08;3;15;074;2020;03;07;6;3;4;3;1;1;1;0;0;0;0;397573,982599999760000;5296396,801699999700000;7,631844777000026;47,812768862000041;0
147979;08200323212302608480;08;2;12;000;2020;03;16;2;3;6;7;0;1;0;1;0;0;0;456702,356499999760000;5428599,262499999300000;8,407931957000074;49,008767308000074;0
147980;08200318111500577230;08;1;11;000;2020;03;16;4;2;6;4;0;0;0;1;0;0;1;517467,709999999960000;5399299,425100000600000;9,237613823000061;48,746465659000080;0
147981;08200313231102584290;08;2;36;028;2020;03;10;6;3;6;2;0;0;1;1;0;0;0;494111,519299999810000;5422597,559100000200000;8,919563455000059;48,956269087000067;0
147983;08200313226700586530;08;2;26;098;2020;03;11;6;3;6;7;0;0;1;1;0;0;0;477920,879700000400000;5460002,811799999300000;8,696354158000077;49,292374208000069;0
147985;08200316111500569070;08;1;11;000;2020;03;18;2;3;1;5;0;1;1;0;0;0;0;515469,304800000040000;5407169,889200000100000;9,210725845000070;48,817320394000035;0
147986;08200320211000585780;08;2;11;000;2020;03;04;6;2;0;1;2;1;0;0;0;0;0;443048,328499999830000;5400011,855000000400000;8,225219555000024;48,750515158000042;0
147990;08200316226400570880;08;2;26;063;2020;03;16;2;3;0;7;0;1;0;0;0;0;0;470525,833999999800000;5470615,358999999200000;8,593870436000032;49,387520588000029;0
147992;08200322337200603770;08;3;37;126;2020;03;13;1;3;4;1;0;1;0;0;0;0;1;439369,239199999720000;5274592,261900000300000;8,193082257000071;47,621895442000039;0
147993;08200319212000578180;08;2;12;000;2020;03;19;5;3;6;7;2;0;0;1;0;0;1;457808,241499999540000;5428974,458799999200000;8,423014427000055;49,012218855000071;0
147994;08200315311010570340;08;3;36;081;2020;03;08;1;2;8;7;0;1;0;0;0;0;0;410874,689199999910000;5276892,263299999800000;7,813458450000042;47,639292109000053;0
147995;08200318212402575240;08;2;12;000;2020;03;19;4;3;0;7;1;1;0;0;0;0;0;456366,039800000380000;5427563,879699999500000;8,403444557000057;48,999430225000026;0
147996;08200319222200598780;08;2;22;000;2020;03;19;5;3;6;4;2;0;0;1;0;0;1;461638,206899999640000;5482460,121500000400000;8,470264759000031;49,493563793000078;0
147997;08200315436400565290;08;4;36;008;2020;03;15;1;3;0;1;0;1;0;0;0;0;0;546882,936999999920000;5312004,355000000400000;9,628006996000067;47,959632237000051;0
147998;08200320116200600170;08;1;16;078;2020;03;17;6;3;3;2;1;1;0;0;0;1;0;510569,745400000360000;5394215,433100000000000;9,143650687000047;48,700885231000029;0
148005;08200319119200576180;08;1;19;020;2020;03;17;5;3;6;7;0;0;1;1;0;0;0;520230,752000000330000;5408100,061799999300000;9,275632381000037;48,825551224000037;0
148006;08200315222014599960;08;2;22;000;2020;03;07;1;2;3;6;0;1;1;0;0;0;0;461745,473799999800000;5485962,860799999900000;8,471406570000056;49,525075732000062;0
148007;08200318136300597620;08;1;36;029;2020;03;17;4;2;0;7;0;1;0;0;0;0;0;569066,427000000140000;5411054,049000000600000;9,941427567000062;48,848610780000058;0
148008;08200316436300761800;08;4;36;081;2020;03;12;2;3;0;7;0;0;0;1;0;0;1;562357,100300000050000;5282068,648700000700000;9,830957189000060;47,688994982000054;0
148009;08200313212010586360;08;2;12;000;2020;03;19;6;3;0;7;2;1;1;0;0;0;0;455715,059999999590000;5431174,035000000100000;8,394151024000053;49,031857535000029;0
148011;08200317121200574120;08;1;21;000;2020;03;14;3;3;5;3;0;1;1;0;0;0;0;516393,497000000440000;5443145,315999999600000;9,224765714000057;49,140916540000035;0
148012;08200313212010575320;08;2;12;000;2020;03;16;6;3;6;4;0;1;0;1;0;0;0;458982,091799999590000;5431125,053300000700000;8,438848926000048;49,031642926000075;0
148013;08200314226700562730;08;2;26;054;2020;03;16;7;3;6;4;0;1;0;1;0;0;0;482575,854500000370000;5456640,797700000900000;8,760518075000050;49,262283027000080;0
148015;08200320416200580500;08;4;16;009;2020;03;17;6;3;6;4;0;1;0;1;0;0;0;507824,019299999810000;5383720,855799999100000;9,106135960000074;48,606514983000068;0
148027;08200318325202574670;08;3;25;049;2020;03;18;4;3;0;1;2;1;0;0;0;0;0;473217,057000000030000;5333454,451400000600000;8,639885941000046;48,153773600000079;0
148028;08200320111500579470;08;1;11;000;2020;03;08;6;3;5;2;0;1;1;0;0;0;0;516821,385999999940000;5405184,685499999700000;9,229062650000060;48,799426670000059;0
148029;08200316119500592930;08;1;19;085;2020;03;12;2;3;5;3;0;1;1;0;0;0;0;528158,203300000170000;5412294,930800000200000;9,383925520000048;48,862978010000063;0
148031;08200320311000584990;08;3;11;000;2020;03;10;6;3;4;2;0;1;1;0;0;0;0;414100,689299999740000;5316798,037100000300000;7,848486069000046;47,998707190000061;0
148032;08200318335400582770;08;3;35;079;2020;03;16;4;2;6;6;0;1;0;1;0;0;0;501057,548000000420000;5296600,082000000400000;9,014128772000049;47,822750510000049;0
148033;08200313136300561570;08;1;36;065;2020;03;14;6;3;5;2;0;1;1;0;0;0;0;561200,479299999770000;5405399,827899999900000;9,833377645000041;48,798576995000076;0
148036;08200316316200595650;08;3;16;056;2020;03;18;2;3;5;7;0;1;1;0;0;0;0;422572,277400000020000;5327325,267999999200000;7,960125961000074;48,094488475000048;0
148038;08200319226700591110;08;2;26;095;2020;03;18;5;3;5;3;0;1;1;0;0;0;0;473979,172100000080000;5461514,382400000500000;8,642047903000048;49,305815590000066;0
148039;08200316111500568490;08;1;11;000;2020;03;16;2;3;6;4;0;0;1;1;0;0;0;515429,784199999650000;5406564,871799999800000;9,210164740000039;48,811878733000071;0
148040;08200315111230566340;08;1;11;000;2020;03;14;1;3;0;7;0;1;0;0;0;0;0;507822,966500000100000;5398395,953999999900000;9,106399291000059;48,738533862000054;0
148043;08200317212102582600;08;2;12;000;2020;03;09;3;3;5;3;0;1;1;0;0;0;0;457793,844200000170000;5428873,715199999500000;8,422828025000058;49,011311667000030;0
148044;08200313126100574220;08;1;26;028;2020;03;16;6;2;6;7;0;0;1;1;0;0;0;538199,289699999620000;5460380,227700000600000;9,525368826000033;49,294973811000034;0
148045;08200317311010582690;08;3;15;089;2020;03;14;3;2;0;1;0;1;0;0;0;0;0;406614,128299999980000;5309742,306399999200000;7,749682499000073;47,934190485000045;0
148046;08200313121300598730;08;1;21;000;2020;03;12;6;3;5;3;0;1;1;0;0;0;0;513826,337000000290000;5442131,460999999200000;9,189533694000033;49,131859706000057;0
148047;08200316311010578230;08;3;15;064;2020;03;09;2;3;6;4;0;0;1;1;0;0;0;422009,091599999930000;5312976,768500000200000;7,955176068000071;47,965345871000068;0
148048;08200313121200562280;08;1;21;000;2020;03;15;6;3;6;7;0;0;1;1;0;0;0;516141,681699999610000;5442802,722799999600000;9,221299465000072;49,137841470000069;0
148049;08200323136100603740;08;1;36;088;2020;03;20;2;3;6;7;2;0;0;1;0;0;1;580154,563699999820000;5409473,538699999500000;10,092231338000033;48,833062260000077;0