OBJECTID;UIDENTSTLAE;ULAND;UREGBEZ;UKREIS;UGEMEINDE;UJAHR;UMONAT;USTUNDE;UWOCHENTAG;UKATEGORIE;UART;UTYP1;ULICHTVERH;IstRad;IstPKW;IstFuss;IstKrad;IstGkfz;IstSonstige;LINREFX;LINREFY;XGCSWGS84;YGCSWGS84;STRZUSTAND
148338;08200325115100593400;08;1;15;024;2020;03;12;4;3;5;3;0;1;1;0;0;0;0;500714,898900000380000;5387377,997999999700000;9,009704204000059;48,639463892000038;0
148339;08200405416200622000;08;4;16;011;2020;04;15;1;3;2;7;0;1;1;0;0;0;0;504081,099299999890000;5366399,008700000100000;9,055192183000031;48,450717151000049;0
148341;08200331221400612080;08;2;21;000;2020;03;16;3;3;8;7;0;1;0;0;0;0;0;474717,720999999900000;5472814,096000000800000;8,651490030000048;49,407486313000049;0
148342;08200331221200604320;08;2;21;000;2020;03;15;3;3;0;7;0;1;0;0;0;0;0;475779,135099999610000;5472412,102299999400000;8,666145612000037;49,403913621000072;0
148343;08200325111500592090;08;1;11;000;2020;03;17;4;3;6;4;0;0;1;1;0;0;0;515922,819199999790000;5405845,701400000600000;9,216852282000048;48,805396743000074;0
148345;08200324436200589720;08;4;36;064;2020;03;17;3;3;4;2;0;1;1;0;0;0;0;546584,380400000140000;5293960,747600000400000;9,622061681000048;47,797318477000033;0
148346;08200331215202609930;08;2;15;097;2020;03;18;3;2;5;2;0;1;1;0;0;0;0;479431,887099999930000;5444307,100099999500000;8,717938875000073;49,151241510000034;0
148347;08200324415400588850;08;4;15;061;2020;03;11;3;3;5;3;0;1;1;0;0;0;0;511641,323300000280000;5371308,047100000100000;9,157571950000033;48,494786423000050;0
148353;08200330325302607830;08;3;25;051;2020;03;19;2;3;0;7;1;1;0;0;0;0;0;452126,115100000050000;5349199,325099999100000;8,354540569000051;48,294180458000028;0
148358;08200407119100632330;08;1;19;087;2020;04;15;3;3;0;1;0;1;0;0;0;0;0;528907,820000000300000;5425382,301999999200000;9,395073476000050;48,980671307000080;0
148359;08200330311010601440;08;3;11;000;2020;03;15;2;3;5;3;0;1;1;0;0;0;0;415015,942999999970000;5317470,124099999700000;7,860619738000025;48,004875208000044;0
148360;08200324311010596630;08;3;11;000;2020;03;07;3;3;5;3;0;1;0;0;0;0;1;409831,262299999590000;5315823,537100000300000;7,791470337000021;47,989353461000064;0
148362;08200330222600602710;08;2;22;000;2020;03;12;2;3;3;2;0;1;0;0;0;0;1;463482,543200000190000;5483061,627299999800000;8,495676411000034;49,499087847000055;0
148364;08200330212702612930;08;2;15;017;2020;03;12;2;3;5;3;0;1;1;0;0;0;0;454837,347199999730000;5421723,118400000000000;8,383194308000043;48,946781833000045;0
148366;08200330212502613040;08;2;12;000;2020;03;17;2;3;0;1;0;1;1;0;0;0;0;452623,204300000330000;5431517,491599999400000;8,351814880000063;49,034717112000067;0
148368;08200324212702598470;08;2;15;017;2020;03;11;3;3;3;6;0;1;1;0;0;0;0;456675,214200000280000;5420846,839199999300000;8,408386594000035;48,939030986000034;0
148369;08200406611111639700;08;3;16;009;2020;04;17;2;3;5;3;0;1;1;0;0;0;0;418200,957000000400000;5324426,266000000800000;7,901984054000025;48,067864583000073;0
148370;08200330212010610530;08;2;12;000;2020;03;17;2;3;3;6;0;1;1;0;0;0;0;454572,334999999960000;5426041,734500000300000;8,379093014000034;48,985608984000066;0
148373;08200330118000609800;08;1;18;003;2020;03;17;2;3;6;2;0;0;1;1;0;0;0;511021,741999999620000;5417267,326999999600000;9,150412503000041;48,908249758000068;0
148374;08200406118000622480;08;1;18;079;2020;04;10;2;2;6;7;0;0;1;1;0;0;0;507545,307400000280000;5421543,353900000500000;9,103049203000069;48,946767796000074;0
148375;08200330116200601920;08;1;16;078;2020;03;18;2;3;5;3;0;1;1;0;0;0;0;511838,249599999750000;5393658,865100000100000;9,160874579000051;48,695855531000063;0
148376;08200330111250601680;08;1;11;000;2020;03;17;2;2;0;1;0;1;0;0;0;0;0;518928,941200000230000;5403945,102299999400000;9,257704555000032;48,788214963000030;0
148378;08200405415200621160;08;4;15;053;2020;04;16;1;3;0;7;0;1;0;0;0;0;0;536613,382500000300000;5362240,017799999600000;9,494781090000060;48,412250221000079;0
148380;08200405327200627410;08;3;27;046;2020;04;11;1;3;0;7;0;1;0;0;0;0;0;481158,823300000280000;5324246,044399999100000;8,747073726000053;48,071211221000056;0
148383;08200329311010615860;08;3;15;132;2020;03;10;1;3;6;7;0;1;0;1;0;0;0;409195,890300000090000;5324858,656099999300000;7,781041118000076;48,070535401000029;0
148389;08200328435100610640;08;4;35;029;2020;03;13;7;3;4;1;0;1;1;0;0;0;0;544667,298999999650000;5272046,149399999500000;9,594218858000033;47,600284868000074;0
148390;08200328317600596560;08;3;17;146;2020;03;13;7;3;0;7;0;1;0;0;0;0;0;432422,947399999950000;5356911,856599999600000;8,087685862000058;48,361761240000078;0
148391;08200328316200598160;08;3;16;009;2020;03;12;7;3;5;3;0;1;1;0;0;0;0;418503,821299999950000;5324639,320200000000000;7,906008112000052;48,069819872000039;0
148392;08200328311010600120;08;3;36;091;2020;03;15;7;3;0;1;0;1;0;0;0;0;0;395548,654600000010000;5274466,456700000900000;7,610056289000056;47,615180342000031;0
148393;08200323416200584700;08;4;16;015;2020;03;06;2;3;5;3;1;1;1;0;0;0;0;506075,259300000030000;5366679,135500000800000;9,082164950000049;48,453221209000048;0
148394;08200328225100612180;08;2;25;058;2020;03;14;7;3;5;3;0;1;1;0;0;0;0;507598,251899999570000;5466290,439799999800000;9,104616321000037;49,349283733000050;0
148397;08200323311010587190;08;3;11;000;2020;03;16;2;3;5;3;0;1;1;0;0;0;0;413668,391800000330000;5320493,582599999400000;7,841947941000058;48,031891589000054;0
148398;08200328215502611780;08;2;15;099;2020;03;13;7;3;0;1;0;1;0;0;0;0;0;462798,675499999900000;5444884,360500000400000;8,489793119000069;49,155651533000025;0
148399;08200323231202605540;08;2;36;070;2020;03;17;2;3;2;6;0;1;1;0;0;0;0;471195,163200000300000;5416199,570699999100000;8,606983008000043;48,898072865000074;0
148401;08200328215102598990;08;2;15;090;2020;03;15;7;2;0;1;0;1;0;0;0;0;0;467290,890200000260000;5433863,030700000000000;8,552293436000070;49,056768522000027;0
148404;08200323226600606980;08;2;26;096;2020;03;17;2;2;0;7;0;1;0;0;0;0;0;480881,040799999610000;5484528,885700000500000;8,735883060000049;49,513083362000032;0
148405;08200407116400630220;08;1;16;054;2020;04;13;3;3;0;1;0;1;0;0;0;0;0;532810,888600000180000;5382235,450999999400000;9,444968881000023;48,592341148000060;0
148406;08200328136100598970;08;1;36;050;2020;03;16;7;2;0;7;0;1;0;0;0;0;1;580816,246399999600000;5404471,662100000300000;10,100261174000025;48,787988356000028;0
148409;08200407121600630310;08;1;25;110;2020;04;19;3;3;3;6;0;1;1;0;0;0;0;526241,312300000340000;5442287,073699999600000;9,359727652000061;49,132854689000055;0
148410;08200328127100597830;08;1;27;086;2020;03;16;7;2;8;1;0;1;0;0;0;0;0;555450,887099999930000;5446565,801300000400000;9,760707379000053;49,169398330000035;0
148412;08200328118010604810;08;1;15;003;2020;03;09;7;2;0;1;0;1;0;0;0;0;0;501545,103000000120000;5393800,313999999300000;9,020997577000060;48,697238421000066;0
148413;08200328117300611420;08;1;17;026;2020;03;15;7;3;2;6;0;1;0;0;0;0;0;548525,938500000160000;5395300,688500000200000;9,659609379000074;48,708849739000073;0
148414;08200328116010606750;08;1;16;041;2020;03;14;7;3;6;6;0;1;0;1;0;0;0;519539,860399999660000;5383797,645300000900000;9,265068417000066;48,606949663000080;0
148415;08200328116010598570;08;1;16;056;2020;03;12;7;3;0;1;0;1;0;0;0;0;0;529745,258799999950000;5396231,664599999800000;9,404400881000072;48,718403288000047;0
148419;08200323222014596070;08;2;22;000;2020;03;13;2;3;0;4;0;0;0;1;0;0;1;463506,730499999600000;5484154,328700000400000;8,495909473000040;49,508917583000027;0
148420;08200328111500610540;08;1;11;000;2020;03;17;7;3;2;6;0;1;1;0;0;0;0;509689,099999999630000;5399015,543999999800000;9,131794872000057;48,744081463000043;0
148421;08200327436300607960;08;4;36;052;2020;03;15;6;2;0;7;0;1;0;0;0;0;1;567277,067999999970000;5298699,957000000400000;9,899086326000031;47,838124298000025;0
148422;08200327317600609670;08;3;17;011;2020;03;13;6;3;5;3;0;1;0;0;0;0;0;427880,213600000370000;5354623,808299999700000;8,026758310000048;48,340676813000073;0
148423;08200327317100609370;08;3;17;089;2020;03;15;6;3;0;7;0;1;0;0;0;0;0;430800,615799999800000;5376648,177200000700000;8,062524318000044;48,539119157000073;0
148425;08200327311010608560;08;3;11;000;2020;03;08;6;3;0;7;0;1;0;0;0;0;0;414664,057599999940000;5319330,090800000400000;7,855532777000065;48,021559412000045;0
148426;08200323216300585430;08;2;16;015;2020;03;12;2;3;8;1;0;1;0;0;0;0;0;449986,668800000100000;5405882,582499999600000;8,318888407000031;48,803920207000033;0
148427;08200405317000621440;08;3;17;034;2020;04;23;1;2;9;1;2;1;0;0;0;0;0;428405,123999999840000;5360339,883999999600000;8,032867703000022;48,392154504000075;0
148428;08200406222500629950;08;2;22;000;2020;04;14;2;3;2;2;0;1;0;0;0;0;1;466370,122600000350000;5474430,852299999400000;8,536286940000025;49,421624442000052;0
148429;08200327222800615760;08;2;22;000;2020;03;14;6;3;3;7;0;1;0;0;0;0;1;463152,905500000340000;5486598,675699999600000;8,490793960000076;49,530881736000026;0
148430;08200406117200631260;08;1;17;014;2020;04;17;2;3;0;1;0;1;0;0;0;0;0;552958,146999999880000;5382864,489900000400000;9,718260477000058;48,596619872000076;0
148433;08200327216100611010;08;2;16;043;2020;03;17;6;3;5;3;0;1;1;0;0;0;0;436513,636800000440000;5410325,849700000100000;8,134736310000051;48,842656692000048;0
148435;08200323212502611020;08;2;12;000;2020;03;12;2;3;3;6;0;1;1;0;0;0;0;454268,048999999650000;5428873,768999999400000;8,374615429000073;49,011060913000051;0
148436;08200406221200639380;08;2;21;000;2020;04;11;2;3;0;6;0;1;0;0;0;0;0;477300,914099999700000;5472553,809699999200000;8,687112997000043;49,405246918000046;0
148438;08200414212010639320;08;2;12;000;2020;04;14;3;3;2;6;0;1;0;0;0;0;1;453334,870900000450000;5429449,261099999800000;8,361788865000051;49,016167618000054;0
148439;08200409231000627950;08;2;31;000;2020;04;16;5;3;0;7;0;1;0;0;0;0;0;479807,582899999800000;5414612,232599999800000;8,724568719000047;48,884134268000025;0
148441;08200416118100647710;08;1;18;079;2020;04;21;5;3;0;6;0;1;1;0;0;0;0;511070,478799999690000;5421121,902200000400000;9,151182241000072;48,942923498000027;0
148443;08200411118500652600;08;1;18;049;2020;04;18;7;3;1;7;0;1;0;0;0;0;1;519424,171900000420000;5420554,821300000000000;9,265235093000058;48,937616327000057;0
148444;08200409118600627300;08;1;18;073;2020;04;13;5;2;7;7;0;1;0;0;0;0;0;496866,259399999860000;5421634,803099999200000;8,957200550000039;48,947628534000046;0
148445;08200415116100647450;08;1;16;058;2020;04;14;4;2;0;1;0;1;0;0;0;0;0;533968,221099999730000;5395505,708699999400000;9,461752458000035;48,711656955000080;0
148447;08200413421300634290;08;4;25;028;2020;04;17;2;2;0;7;0;1;0;0;0;0;0;578773,700899999590000;5343811,516400000100000;10,061002561000066;48,242623592000029;0
148448;08200412111500630400;08;1;11;000;2020;04;13;1;3;5;2;0;1;1;0;0;0;0;513192,655399999580000;5404201,479499999400000;9,179617677000067;48,790669456000046;0
148450;08200415415400637560;08;4;15;060;2020;04;17;4;3;0;1;0;1;0;0;0;0;0;514629,885700000450000;5380547,860099999200000;9,198348066000051;48,577847980000058;0
148451;08200410436300636940;08;4;36;052;2020;04;16;6;3;8;7;0;1;0;0;0;0;0;565258,164099999700000;5293593,547700000900000;9,871340141000076;47,792392930000062;0
148453;08200416316200663390;08;3;16;056;2020;04;18;5;3;6;4;0;1;0;1;0;0;0;419123,739299999550000;5326256,989900000400000;7,914022017000036;48,084450458000049;0
148455;08200411111330689110;08;1;11;000;2020;04;15;7;3;0;7;0;1;0;0;0;0;0;513207,331899999640000;5408985,240499999400000;9,179971455000043;48,833703221000064;0
148458;08200409116200627250;08;1;16;015;2020;04;15;5;3;3;2;0;1;0;0;1;0;0;522737,258600000290000;5393705,708000000600000;9,308986321000077;48,695974920000026;0
148459;08200413311010647390;08;3;36;014;2020;04;16;2;3;0;1;0;1;0;0;0;0;0;394888,660400000400000;5282186,939200000800000;7,599420566000049;47,684519738000063;0
148461;08200416216200640970;08;2;16;007;2020;04;17;5;2;5;3;0;1;1;0;0;0;0;436074,529000000100000;5399286,110899999700000;8,130470205000052;48,743310258000065;0
148462;08200415317300645660;08;3;17;031;2020;04;17;4;3;5;2;0;1;0;0;1;0;0;416709,794900000100000;5359215,999199999500000;7,875134785000057;48,380609028000038;0
148464;08200409116100627480;08;1;16;014;2020;04;16;5;2;5;3;0;1;1;0;0;0;0;528954,054999999700000;5395845,559000000400000;9,393617260000042;48,714967191000028;0
148466;08200409231000626630;08;2;31;000;2020;04;08;5;3;1;5;0;1;1;0;0;0;0;476618,272400000130000;5415455,708200000200000;8,681017862000033;48,891609770000059;0
148468;08200413115400662880;08;1;15;001;2020;04;11;2;2;4;2;0;1;1;0;0;0;0;490199,099000000390000;5391893,356000000600000;8,866853536000065;48,680008199000042;0
148469;08200409115300628000;08;1;15;050;2020;04;15;5;3;6;7;0;0;1;1;0;0;0;489481,969899999910000;5400972,219100000300000;8,856879750000076;48,761670219000052;0
148470;08200414316200636620;08;3;16;009;2020;04;15;3;3;1;7;0;1;1;0;0;0;0;418573,706199999900000;5324792,357899999200000;7,906916902000035;48,071205440000028;0
148472;08200413135200632810;08;1;35;019;2020;04;15;2;3;0;7;0;1;0;0;0;0;0;584904,974999999630000;5393056,781899999800000;10,153563327000029;48,684775870000067;0
148473;08200411231000632950;08;2;37;074;2020;04;18;7;2;5;3;0;1;1;0;0;0;0;471103,866200000050000;5370461,468599999300000;8,608936893000021;48,486613788000057;0
148479;08200409226200636060;08;2;26;068;2020;04;16;5;3;0;3;0;1;1;0;0;0;0;468111,830000000070000;5459502,868000000700000;8,561497384000063;49,287444063000066;0
148480;08200412415200630410;08;4;15;093;2020;04;15;1;3;8;1;0;1;0;0;0;0;0;526683,714300000110000;5366408,321599999400000;9,360863561000031;48,450248406000071;0
148483;08200411216100641280;08;2;16;043;2020;04;13;7;3;5;3;0;1;1;0;0;0;0;442135,147800000380000;5412824,220599999700000;8,210991545000070;48,865679038000053;0
148484;08200415212010645290;08;2;12;000;2020;04;09;4;3;5;2;0;1;1;0;0;0;0;453306,802699999880000;5428917,712400000500000;8,361466174000043;49,011384195000062;0
148485;08200410118300645830;08;1;18;081;2020;04;14;6;3;3;6;0;1;0;0;0;0;0;519190,591199999680000;5413260,623199999300000;9,261702759000059;48,872007406000080;0
148486;08200409111370645090;08;1;11;000;2020;04;18;5;3;6;7;0;0;1;1;0;0;0;511074,933500000280000;5406981,896600000600000;9,150860059000024;48,815723117000061;0
148487;08200414118400650360;08;1;18;048;2020;04;13;3;3;0;1;0;1;0;0;0;0;0;511056,296199999750000;5415410,589800000200000;9,150833792000071;48,891546413000071;0
148488;08200409222500631880;08;2;22;000;2020;04;09;5;2;1;5;0;1;1;0;0;0;0;461317,988499999980000;5479285,411599999300000;8,466153588000054;49,464988611000081;0
148489;08200412212502630340;08;2;12;000;2020;04;16;1;3;0;7;0;1;0;0;0;0;0;453815,179299999960000;5431054,255200000500000;8,368174592000059;49,030640736000066;0
148490;08200416326200649590;08;3;26;074;2020;04;22;5;3;8;1;2;1;0;0;0;0;0;465691,168800000100000;5323166,414000000800000;8,539526062000050;48,060853375000079;0
148491;08200416116200648500;08;1;16;077;2020;04;15;5;3;1;5;0;1;1;0;0;0;0;514294,585599999870000;5388632,966399999300000;9,194080766000070;48,650590712000053;0
148494;08200408436000637650;08;4;36;064;2020;04;06;4;2;0;1;1;1;0;0;0;0;0;546326,385200000370000;5292825,518400000400000;9,618495557000074;47,787123449000035;0
148495;08200415115100657970;08;1;15;003;2020;04;17;4;3;5;3;0;1;1;0;0;0;0;503068,383200000040000;5390518,024800000700000;9,041674216000047;48,667704946000072;0
148496;08200408426010633450;08;4;26;070;2020;04;14;4;2;0;1;0;1;0;0;0;0;0;563053,069000000130000;5342021,602000000000000;9,849022157000036;48,228280624000035;0
148497;08200413326100652970;08;3;26;027;2020;04;19;2;2;5;3;0;1;1;0;0;0;0;462197,878899999890000;5307732,413899999100000;8,494002178000073;47,921798555000066;0
148501;08200414116100653360;08;1;16;007;2020;04;12;3;3;0;7;0;0;1;1;0;0;0;533214,698300000280000;5399067,634600000500000;9,451796616000024;48,743739792000042;0
148503;08200416311010639840;08;3;11;000;2020;04;18;5;2;0;1;0;1;0;0;0;0;0;413729,125699999740000;5316785,537200000100000;7,843508675000066;47,998544716000026;0
148505;08200410437200643570;08;4;37;104;2020;04;01;6;2;9;7;2;1;0;0;0;0;0;516060,450799999760000;5325660,224700000100000;9,215650930000038;48,084010705000026;0
148506;08200408416200643150;08;4;16;041;2020;04;18;4;3;0;7;0;1;0;0;0;0;0;504353,866499999540000;5374452,568199999600000;9,058964977000073;48,523168501000043;0
148508;08200408337010624820;08;3;37;126;2020;04;16;4;2;6;4;0;0;1;1;0;0;0;441457,123599999580000;5274654,154400000300000;8,220858352000050;47,622644360000038;0
148509;08200413235200657430;08;2;35;080;2020;04;19;2;2;8;1;0;1;0;0;0;0;0;481266,096499999990000;5385900,892999999200000;8,745769708000069;48,625895397000079;0
148513;08200411426010629930;08;4;26;134;2020;04;18;7;3;0;1;0;1;0;0;0;0;0;558851,220900000070000;5335346,130699999600000;9,791523600000062;48,168631842000082;0
148514;08200416225100662140;08;2;25;009;2020;04;17;5;3;1;1;0;1;1;0;0;0;0;518569,660699999890000;5466207,623199999300000;9,255670884000040;49,348303385000065;0
148515;08200415336100639640;08;3;36;050;2020;04;15;4;3;9;1;0;1;0;0;0;0;0;398649,078499999830000;5274536,562200000500000;7,651285729000051;47,616303375000030;0
148516;08200410327100750490;08;3;27;050;2020;04;11;6;3;1;5;0;1;1;0;0;0;0;486600,367800000120000;5313960,886199999600000;8,820442918000026;47,978812157000050;0
148518;08200414311010644950;08;3;11;000;2020;04;14;3;2;4;2;0;1;1;0;0;0;0;411848,327899999920000;5316560,174000000600000;7,818347712000048;47,996260940000070;0
148519;08200408317300625700;08;3;17;065;2020;04;17;4;3;1;5;0;1;1;0;0;0;0;415001,742999999780000;5354884,809000000400000;7,852946784000039;48,341422952000073;0
148520;08200413119300643350;08;1;19;084;2020;04;16;2;2;2;6;0;1;0;0;0;0;0;546558,119699999690000;5413952,589500000700000;9,634976548000054;48,876780883000038;0
148521;08200411222800629020;08;2;22;000;2020;04;10;7;3;5;3;0;1;1;0;0;0;0;460301,168100000360000;5488217,335200000600000;8,451223389000063;49,545260410000026;0
148522;08200415221200638260;08;2;21;000;2020;04;15;4;3;0;7;0;1;0;0;0;0;0;475761,351200000380000;5472573,642300000400000;8,665890629000046;49,405365938000045;0
148523;08200410136300631910;08;1;36;065;2020;04;15;6;3;0;1;0;1;0;0;0;0;0;556075,636199999600000;5404317,255100000600000;9,763450753000029;48,789322504000040;0
148527;08200410231102635900;08;2;36;040;2020;04;18;6;3;0;7;0;1;0;0;0;0;0;489368,326799999920000;5422694,478399999400000;8,854769166000040;48,957077566000066;0
148529;08200414221300658210;08;2;21;000;2020;04;18;3;3;0;7;0;1;0;0;0;0;0;477550,344300000000000;5473904,982499999900000;8,690474714000061;49,417409755000051;0
148533;08200410115200627750;08;1;15;021;2020;04;17;6;3;0;7;0;1;0;0;0;0;0;489929,910199999810000;5382530,948000000800000;8,863424135000059;48,595778204000055;0
148534;08200415211021639070;08;2;11;000;2020;04;15;4;3;0;7;0;1;0;0;0;0;0;445347,274400000460000;5399866,089099999500000;8,256511353000064;48,749409971000034;0
148535;08200408311010634350;08;3;11;000;2020;04;16;4;3;5;3;0;1;1;0;0;0;0;413864,421799999660000;5320600,266699999600000;7,844555477000029;48,032877717000076;0
148536;08200414117300649970;08;1;17;026;2020;04;16;3;3;0;2;0;1;1;0;0;0;0;548629,143699999900000;5394573,544999999900000;9,660926481000047;48,702300695000076;0
148537;08200409221300657560;08;2;21;000;2020;04;13;5;2;2;6;0;1;1;0;0;0;0;482133,458999999800000;5474566,265000000600000;8,753634073000058;49,423509782000053;0
148538;08200412127010631550;08;1;27;100;2020;04;16;1;2;0;1;0;1;0;0;0;0;0;553479,773000000040000;5434167,823200000500000;9,732026081000072;49,058057169000051;0
148541;08200416111500652620;08;1;11;000;2020;04;13;5;3;6;7;0;0;0;1;0;0;1;513418,982200000440000;5402463,015599999600000;9,182642339000040;48,775025546000052;0
148542;08200412222400641530;08;2;26;038;2020;04;14;1;3;0;7;0;1;0;0;0;0;0;470575,264000000430000;5480681,032999999800000;8,593804585000044;49,478060828000082;0
148547;08200408221011688370;08;2;26;041;2020;04;16;4;3;0;7;0;1;1;0;0;0;0;475960,417899999770000;5463892,870699999900000;8,669158884000069;49,327291226000057;0
148548;08200415118300646030;08;1;18;051;2020;04;16;4;3;6;7;0;1;1;1;0;0;0;510107,971499999990000;5415109,930299999200000;9,137889024000060;48,888857947000076;0
148553;08200416231000662500;08;2;31;000;2020;04;13;5;3;1;5;0;1;1;0;0;0;0;477612,274199999870000;5414426,261499999100000;8,694634587000053;48,882385923000072;0
148557;08200414317300633050;08;3;17;065;2020;04;07;3;3;6;2;0;0;1;1;0;0;0;416263,035299999640000;5355002,489499999200000;7,869941081000036;48,342649932000029;0
148558;08200411115100649890;08;1;15;048;2020;04;11;7;3;6;6;0;0;1;1;0;0;0;508812,832399999720000;5386492,833900000900000;9,119608477000043;48,631439094000029;0
148559;08200408215102642170;08;2;15;109;2020;04;15;4;3;0;1;0;1;0;0;0;0;0;461612,648299999540000;5434526,663300000100000;8,474512634000064;49,062410346000036;0
148564;08200409416200626460;08;4;16;011;2020;04;16;5;3;0;1;0;1;0;0;0;0;0;503805,684799999930000;5366817,623299999200000;9,051471326000069;48,454484931000081;0
148565;08200416221011640570;08;2;21;000;2020;04;18;5;3;5;3;0;1;1;0;0;0;0;477313,826500000430000;5472577,788300000100000;8,687289610000050;49,405463083000029;0
148567;08200410311010667240;08;3;36;081;2020;04;16;6;3;8;1;0;1;0;0;0;0;0;410546,569400000390000;5277009,218699999200000;7,809067190000064;47,640298960000052;0
148568;08200408211000624440;08;2;11;000;2020;04;09;4;2;6;7;0;0;1;1;0;0;0;440695,799399999900000;5404190,043199999300000;8,192616234000070;48,787878716000080;0
148569;08200414226700656170;08;2;26;041;2020;04;18;3;3;0;5;0;1;1;0;0;0;0;476032,817099999640000;5465622,066400000800000;8,670051298000033;49,342848089000029;0
148570;08200409215502643820;08;2;15;066;2020;04;14;5;3;5;3;0;1;1;0;0;0;0;460642,978900000450000;5449632,344699999300000;8,459765005000065;49,198224954000068;0
148571;08200408128100643290;08;1;28;058;2020;04;15;4;3;0;1;0;1;0;0;0;0;0;561286,161399999630000;5486994,673499999600000;9,846970568000074;49,532464244000039;0
148572;08200413116200658230;08;1;16;078;2020;04;18;2;3;5;3;0;1;1;0;0;0;0;509381,031100000250000;5394501,902899999200000;9,127501731000052;48,703481341000042;0
148573;08200411221200630910;08;2;21;000;2020;04;14;7;3;0;7;0;1;0;0;0;0;0;477298,998800000180000;5472321,069399999500000;8,687099900000021;49,403153383000074;0
148575;08200413216300632790;08;2;16;024;2020;04;13;2;3;5;2;0;1;1;0;0;0;0;445009,827999999750000;5408368,479100000100000;8,250783427000044;48,825860799000054;0
148579;08200410212010646320;08;2;15;017;2020;04;21;6;2;0;6;2;1;1;0;0;0;0;456499,783599999730000;5421461,943000000000000;8,405925501000070;48,944551671000056;0
148580;08200408116400655200;08;1;16;079;2020;04;16;4;3;0;1;0;1;0;0;0;0;0;534943,978000000120000;5377633,923000000400000;9,473509357000069;48,550830482000038;0
148581;08200414221200634850;08;2;21;000;2020;04;15;3;3;0;7;0;1;0;0;0;0;0;478504,103099999950000;5473388,395700000200000;8,703652479000027;49,412797587000057;0
148582;08200409215502634910;08;2;15;029;2020;04;16;5;3;0;7;0;1;0;0;0;0;0;466987,521700000390000;5448136,987500000700000;8,546973216000026;49,185148670000046;0
148583;08200412417100630320;08;4;17;079;2020;04;16;1;3;0;7;0;1;0;0;0;0;0;505392,616799999960000;5337785,674699999400000;9,072562907000076;48,193282452000062;0
148584;08200409415400642510;08;4;15;061;2020;04;20;5;3;0;7;0;1;0;0;0;0;0;515673,802099999970000;5369562,025800000900000;9,212088003000076;48,478990930000066;0
148585;08200411127100642890;08;1;27;009;2020;04;13;7;2;6;1;0;0;0;1;1;0;0;557285,097500000150000;5446710,138499999400000;9,785888245000024;49,170528085000058;0
148587;08200415126100636220;08;1;26;046;2020;04;08;4;3;7;7;0;1;0;0;0;0;0;549886,605499999600000;5457944,661000000300000;9,685794195000028;49,272224509000068;0
148588;08200415212302658030;08;2;12;000;2020;04;16;4;3;0;7;0;1;0;0;0;0;0;455922,690100000240000;5428731,944599999100000;8,397256715000026;49,009905601000071;0
148592;08200409215402627820;08;2;15;009;2020;04;12;5;2;5;3;0;1;1;0;0;0;0;469137,524799999780000;5440775,586600000000000;8,577040711000052;49,119043856000076;0
148595;08200408116200642480;08;1;16;078;2020;04;16;4;3;0;1;0;1;0;0;0;0;0;512078,963000000450000;5393431,210999999200000;9,164139055000021;48,693802927000036;0
148596;08200411118500629250;08;1;18;078;2020;04;21;7;3;0;7;2;1;0;0;0;0;0;513665,842600000090000;5420917,667400000600000;9,186618388000056;48,941034373000036;0
148597;08200408111500632130;08;1;11;000;2020;04;17;4;2;5;2;0;1;1;0;0;0;0;512351,175800000320000;5401329,637000000100000;9,168074735000062;48,764851856000064;0
148602;08200409311200644390;08;3;11;000;2020;04;21;5;3;5;3;2;1;0;0;0;0;0;413674,292000000370000;5318340,482999999100000;7,842460808000055;48,012524581000037;0
148604;08200414116100683750;08;1;16;019;2020;04;10;3;3;0;7;0;0;0;1;0;0;1;526134,005099999720000;5395997,669800000300000;9,355290406000052;48,716460149000056;0
148607;08200415426100636920;08;4;26;117;2020;04;17;4;3;0;1;0;1;0;0;0;0;0;580438,866000000390000;5316639,906999999700000;10,078298767000035;47,997995105000030;0
148608;08200411111250630650;08;1;11;000;2020;04;14;7;3;1;1;0;1;0;0;0;0;1;520578,065700000150000;5402249,272500000900000;9,280071096000029;48,772907144000044;0
148609;08200407421300625170;08;4;25;141;2020;04;10;3;3;2;1;0;1;0;0;1;0;0;567156,235500000420000;5363368,540200000600000;9,907666131000042;48,419886884000050;0
148612;08200413311010632110;08;3;11;000;2020;04;13;2;3;1;5;0;1;1;0;0;0;0;419454,050699999560000;5315856,354599999300000;7,920413080000060;47,990933102000042;0
148613;08200411316100637770;08;3;16;011;2020;04;16;7;3;0;7;0;1;0;0;0;0;0;415797,029500000180000;5328548,396400000900000;7,868908945000044;48,104631512000026;0
148614;08200416215402655950;08;2;15;009;2020;04;17;5;3;1;5;0;1;1;0;0;0;0;473955,164400000130000;5439045,709499999900000;8,643174904000034;49,103706147000025;0
148615;08200415317200659090;08;3;17;057;2020;04;19;4;3;2;2;0;1;0;0;0;0;1;413604,210400000210000;5379622,209300000200000;7,828985215000046;48,563736445000075;0
148616;08200410235100636230;08;2;35;057;2020;04;14;6;3;0;7;0;1;0;0;0;0;0;488752,663599999620000;5397197,911900000600000;8,847059078000029;48,727703857000051;0
148617;08200407415300650910;08;4;15;059;2020;04;16;3;3;4;6;0;1;1;0;0;0;0;517515,894000000320000;5365103,562200000500000;9,236827175000030;48,438832230000060;0