OBJECTID;UIDENTSTLAE;ULAND;UREGBEZ;UKREIS;UGEMEINDE;UJAHR;UMONAT;USTUNDE;UWOCHENTAG;UKATEGORIE;UART;UTYP1;ULICHTVERH;IstRad;IstPKW;IstFuss;IstKrad;IstGkfz;IstSonstige;LINREFX;LINREFY;XGCSWGS84;YGCSWGS84;STRZUSTAND
148619;08200416226700648770;08;2;26;010;2020;04;18;5;2;5;3;0;1;1;0;0;0;0;480713,456199999900000;5459173,293899999900000;8,734798974000057;49,285007171000075;0
148621;08200410416100629200;08;4;16;048;2020;04;15;6;2;8;1;0;1;0;0;0;0;0;493864,657399999910000;5376696,567800000300000;8,916875246000075;48,543341397000063;0
148625;08200413121600655610;08;1;25;094;2020;04;15;2;2;6;4;0;0;1;1;0;0;0;513779,932900000360000;5437106,886800000400000;9,188726074000044;49,086662712000077;0
148627;08200409311200626480;08;3;15;047;2020;04;16;5;3;0;1;0;1;0;0;0;0;0;416342,411199999970000;5321478,755200000500000;7,877617511000040;48,041109538000057;0
148628;08200415221300689160;08;2;21;000;2020;04;15;4;3;1;5;0;1;1;0;0;0;0;476912,143099999990000;5475259,965600000700000;8,681596783000032;49,429573690000041;0
148629;08200410211000651140;08;2;16;029;2020;04;15;6;3;4;1;0;1;1;0;0;0;0;458186,417500000450000;5402070,262000000100000;8,430939091000028;48,770232182000029;0
148630;08200407335100623330;08;3;35;043;2020;04;11;3;3;5;2;0;1;1;0;0;0;0;511062,427400000390000;5280788,014699999200000;9,147390793000056;47,680386401000078;0
148631;08200414212402633100;08;2;12;000;2020;04;08;3;3;5;3;0;1;0;0;0;0;0;456713,490899999630000;5427713,563799999700000;8,408178624000072;49,000801116000048;0
148633;08200412326200641120;08;3;26;074;2020;04;19;1;3;0;1;0;1;0;0;0;0;0;466606,158099999650000;5323499,135800000300000;8,551780156000064;48,063895369000079;0
148634;08200409212402653720;08;2;12;000;2020;04;17;5;3;0;7;0;1;0;0;0;0;0;456407,247700000180000;5423867,512800000600000;8,404404270000043;48,966183738000041;0
148636;08200411212702862580;08;2;15;017;2020;04;15;7;3;4;2;0;1;0;0;0;1;0;455529,208700000310000;5422018,389000000400000;8,392610559000048;48,949487986000065;0
148637;08200415212010640650;08;2;15;109;2020;04;18;4;3;5;3;0;1;1;0;0;0;0;464260,010099999610000;5440527,618000000700000;8,510220449000030;49,116549123000027;0
148638;08200410118100645900;08;1;18;071;2020;04;19;6;3;5;3;0;1;1;0;0;0;0;508559,436700000430000;5418588,018999999400000;9,116837478000036;48,920169279000049;0
148643;08200416317600638110;08;3;17;041;2020;04;16;5;3;0;7;0;1;0;0;0;0;0;439376,578300000170000;5348487,177799999700000;8,182763493000039;48,286680996000030;0
148644;08200416111500661820;08;1;11;000;2020;04;18;5;3;5;2;0;1;1;0;0;0;0;510742,289499999960000;5401319,609099999100000;9,146180837000031;48,764791495000054;0
148645;08200411117100653840;08;1;17;019;2020;04;16;7;3;3;3;0;1;1;0;0;0;0;552765,082399999720000;5394310,564099999100000;9,717100664000043;48,699598927000068;0
148649;08200407311010629900;08;3;11;000;2020;04;08;3;3;5;3;0;1;1;0;0;0;0;414037,541699999940000;5317937,957000000400000;7,847411287000057;48,008952691000047;0
148652;08200415121200639150;08;1;21;000;2020;04;14;4;3;3;6;0;1;0;0;1;0;0;516974,394899999720000;5444040,043800000100000;9,232767836000051;49,148949120000054;0
148653;08200407311010624190;08;3;36;091;2020;04;18;3;3;0;1;0;1;0;0;0;0;0;396453,862999999900000;5272008,042199999100000;7,622679084000026;47,593211695000036;0
148654;08200414111230646810;08;1;11;000;2020;04;18;3;3;5;3;0;1;1;0;0;0;0;508648,880099999720000;5397998,645899999900000;9,117624087000024;48,734948755000062;0
148655;08200412111500633850;08;1;11;000;2020;04;16;1;2;0;7;0;1;0;0;0;0;0;508556,682699999770000;5399317,263499999400000;9,116397599000038;48,746812318000082;0
148657;08200415416200684560;08;4;16;041;2020;04;08;4;3;4;2;0;1;0;0;0;0;0;504412,333499999720000;5372067,348099999100000;9,059731575000058;48,501709754000046;0
148659;08200407222014623050;08;2;22;000;2020;04;15;3;3;1;5;0;1;1;0;0;0;0;461198,096800000410000;5481585,997600000400000;8,464273396000067;49,485673536000036;0
148660;08200414317500665150;08;3;17;096;2020;04;07;3;3;5;3;0;1;1;0;0;0;0;422816,651300000030000;5369945,302500000200000;7,955619439000031;48,477896064000049;0
148662;08200413221011653860;08;2;26;091;2020;04;10;2;3;0;7;0;1;0;0;0;0;0;493711,160000000150000;5461137,622400000700000;8,913493498000037;49,302948559000072;0
148663;08200407216300629820;08;2;16;029;2020;04;18;3;3;0;1;0;1;0;0;0;0;0;457438,211199999790000;5401927,128300000000000;8,420771745000025;48,768893895000076;0
148664;08200413311400634620;08;3;15;074;2020;04;17;2;3;0;1;0;1;0;0;0;0;0;398730,037499999630000;5295834,048599999400000;7,647413771000061;47,807889893000038;0
148665;08200411417200629680;08;4;17;002;2020;04;18;7;3;0;1;0;1;0;0;0;0;0;490962,440399999730000;5350178,049300000100000;8,878126313000053;48,304732442000045;0
148666;08200416222014640000;08;2;22;000;2020;04;10;5;2;6;4;0;0;1;1;0;0;0;462924,926300000400000;5482977,020099999400000;8,487983715000041;49,498293023000031;0
148667;08200415335100649750;08;3;35;043;2020;04;18;4;2;0;1;0;1;0;0;0;0;0;512778,740699999970000;5280980,677999999400000;9,170263720000037;47,682088266000051;0
148668;08200410311400635590;08;3;15;050;2020;04;15;6;3;4;6;0;1;1;0;0;0;0;399970,127999999560000;5302655,587200000900000;7,662395516000061;47,869443499000056;0
148669;08200407216200623960;08;2;16;007;2020;04;14;3;3;5;3;0;1;1;0;0;0;0;435087,424200000240000;5393311,582800000900000;8,117985063000049;48,689467330000070;0
148670;08200414231000653510;08;2;31;000;2020;04;19;3;3;0;1;0;1;0;0;0;0;0;477349,222900000400000;5414738,367799999200000;8,691029364000031;48,885183971000060;0
148672;08200413116500642250;08;1;16;071;2020;04;12;2;3;0;1;0;1;0;0;0;0;0;528049,179700000210000;5390978,187699999700000;9,380985666000072;48,671222178000050;0
148674;08200415212402649530;08;2;12;000;2020;04;15;4;3;5;3;0;1;1;0;0;0;0;457372,027700000440000;5427747,502399999600000;8,417178211000021;49,001152228000080;0
148675;08200410136200635270;08;1;36;035;2020;04;15;6;3;0;1;0;1;0;0;0;0;0;580213,348699999970000;5431186,174000000600000;10,097303873000044;49,028339845000062;0
148678;08200415317100645420;08;3;17;001;2020;04;10;4;3;5;3;0;1;1;0;0;0;0;431852,976099999620000;5386456,002699999100000;8,075170894000053;48,627456716000040;0
148680;08200407215102625080;08;2;15;109;2020;04;13;3;3;6;3;0;0;1;1;0;0;0;461286,910299999640000;5434448,946699999300000;8,470061214000054;49,061690888000044;0
148681;08200414221300651600;08;2;21;000;2020;04;13;3;3;5;3;0;1;1;0;0;0;0;477141,590499999930000;5475367,214400000900000;8,684754846000033;49,430547041000068;0
148683;08200412421200643250;08;4;21;000;2020;04;18;1;3;0;7;0;1;0;0;0;0;0;574239,166299999690000;5362352,107699999600000;10,003202725000051;48,409949035000068;0
148684;08200409311010639690;08;3;11;000;2020;04;18;5;3;0;7;0;1;0;0;0;0;0;415185,500300000420000;5319406,023499999200000;7,862509549000038;48,022311903000059;0
148686;08200409235100642850;08;2;35;085;2020;04;17;5;2;6;4;0;0;1;1;0;0;0;482463,643799999730000;5394669,882400000500000;8,761649281000075;48,704816508000079;0
148687;08200415136200637490;08;1;36;089;2020;04;13;4;3;0;1;0;1;0;0;0;0;0;582612,343600000250000;5421436,482200000400000;10,128133792000028;48,940335468000058;0
148688;08200407212702625160;08;2;15;017;2020;04;18;3;3;5;3;0;1;1;0;0;0;0;455412,036000000310000;5421154,177999999400000;8,391104879000068;48,941705803000048;0
148689;08200414117010635670;08;1;17;026;2020;04;09;3;2;6;4;0;0;1;1;0;0;0;548114,393699999900000;5394939,411900000600000;9,653973551000036;48,705631767000057;0
148690;08200418226700642960;08;2;26;098;2020;04;10;7;3;5;5;0;1;1;0;0;0;0;476623,741600000300000;5459974,453199999400000;8,678517051000029;49,292070871000078;0
148691;08200423118000672320;08;1;15;029;2020;04;14;5;2;4;2;0;1;1;0;0;0;0;497230,512000000100000;5398598,097999999300000;8,962331116000030;48,740395318000026;0
148693;08200423311010675280;08;3;11;000;2020;04;23;5;3;1;7;2;1;1;0;0;0;0;413232,698499999940000;5317138,031500000500000;7,836784024000053;48,001648335000027;0
148695;08200423116400672720;08;1;16;033;2020;04;16;5;3;5;3;0;1;1;0;0;0;0;533370,840400000100000;5387066,153000000900000;9,452951057000064;48,635768265000081;0
148696;08200418226700642400;08;2;26;098;2020;04;15;7;3;3;2;0;1;0;0;0;0;0;477889,625699999740000;5460066,808800000700000;8,695920799000021;49,292948733000060;0
148697;08200423116010677750;08;1;16;020;2020;04;11;5;2;3;6;0;1;1;0;0;0;0;526443,259600000460000;5382254,878699999300000;9,358616714000050;48,592817215000082;0
148698;08200418226600643660;08;2;26;096;2020;04;18;7;3;6;4;0;0;1;1;0;0;0;476376,932000000030000;5488585,232000000800000;8,673419479000074;49,549409966000042;0
148699;08200423116010666010;08;1;16;019;2020;04;11;5;3;6;4;0;0;1;1;0;0;0;522539,296500000170000;5399297,333200000200000;9,306601748000048;48,746283944000027;0
148700;08200418226500655770;08;2;26;085;2020;04;12;7;3;0;1;0;1;0;0;0;0;0;493487,576799999920000;5455771,831700000900000;8,910505366000052;49,254680022000059;0
148701;08200423115400667150;08;1;15;029;2020;04;18;5;3;5;3;0;1;0;0;1;0;0;497495,020999999720000;5398366,943000000000000;8,965930210000067;48,738316962000056;0
148702;08200423111500667760;08;1;11;000;2020;04;16;5;3;5;3;0;1;1;0;0;0;0;511825,061499999840000;5405396,682399999400000;9,161032411000065;48,801448894000032;0
148703;08200423111500656880;08;1;11;000;2020;04;16;5;3;5;3;0;1;1;0;0;0;0;508269,540400000290000;5406863,671000000100000;9,112643382000044;48,814703248000058;0
148705;08200423111330655640;08;1;11;000;2020;04;15;5;3;2;6;0;1;1;0;0;0;0;516187,858000000010000;5410327,654999999300000;9,220638736000069;48,845708759000047;0
148706;08200423111250675460;08;1;11;000;2020;04;12;5;2;0;1;0;1;0;0;0;0;0;518162,571700000200000;5401733,327199999200000;9,247173356000076;48,768340954000053;0
148708;08200418226400643610;08;2;26;062;2020;04;19;7;3;0;7;0;1;0;0;0;0;0;469700,502799999900000;5467723,399700000900000;8,582718636000038;49,361467511000058;0
148710;08200418226200642820;08;2;26;059;2020;04;21;7;2;5;2;2;1;1;0;0;0;0;465358,904000000100000;5460173,535000000100000;8,523584365000033;49,293326759000081;0
148711;08200422436500662680;08;4;36;010;2020;04;14;4;2;4;2;0;1;1;0;0;0;0;565956,969800000080000;5312250,285900000500000;9,883518580000043;47,960163610000052;0
148712;08200422426100650850;08;4;26;071;2020;04;09;4;3;0;7;0;1;0;0;0;0;0;563313,048499999570000;5333390,851800000300000;9,851235567000060;48,150613412000041;0
148713;08200422421200662710;08;4;21;000;2020;04;12;4;3;0;1;0;1;0;0;0;0;0;573945,887500000190000;5361543,654500000200000;9,999097780000056;48,402711336000039;0
148717;08200423212502676090;08;2;12;000;2020;04;16;5;2;0;7;0;1;0;0;0;0;0;454315,895999999720000;5429326,818900000300000;8,375218700000062;49,015139668000074;0
148718;08200423416010653880;08;4;15;061;2020;04;14;5;2;6;3;0;0;1;1;0;0;0;514540,151999999770000;5370433,538300000100000;9,196778589000076;48,486858626000071;0
148720;08200422335400672980;08;3;35;098;2020;04;21;4;3;0;1;2;1;0;0;0;0;0;502083,985399999660000;5294563,273700000700000;9,027832113000045;47,804421862000027;0
148721;08200418136300668710;08;1;36;079;2020;04;16;7;3;5;2;0;1;1;0;0;0;0;559970,518600000070000;5401538,009600000500000;9,816067473000032;48,763959634000059;0
148722;08200422335100663420;08;3;35;043;2020;04;21;4;3;8;1;2;1;0;0;0;0;0;513520,361200000160000;5279266,492499999700000;9,180091934000075;47,666649527000061;1
148725;08200422335100652810;08;3;35;043;2020;04;10;4;3;5;3;0;1;0;0;1;0;0;513607,831600000150000;5280942,991399999700000;9,181309283000076;47,681732252000074;0
148726;08200422327100651980;08;3;27;050;2020;04;11;4;2;3;6;0;1;0;0;0;0;0;482213,861999999730000;5311528,496999999500000;8,761764209000035;47,956820640000046;0
148727;08200422326400660200;08;3;26;074;2020;04;11;4;3;0;1;0;1;0;0;0;0;0;460041,092600000090000;5322569,827099999400000;8,463752841000030;48,055157146000056;0
148728;08200422326100652870;08;3;26;027;2020;04;18;4;3;5;3;0;1;1;0;0;0;0;461503,516599999740000;5307573,079199999600000;8,484722458000022;47,920323703000065;0
148731;08200423212502655080;08;2;12;000;2020;04;05;5;2;1;5;1;1;1;0;0;0;0;453133,431800000370000;5430924,046599999100000;8,358863691000067;49,029418070000077;0
148732;08200423327100655450;08;3;27;050;2020;04;16;5;2;6;1;0;1;0;1;0;0;0;487399,702999999750000;5315980,539999999100000;8,831094801000063;47,996999564000077;0
148733;08200422311100673100;08;3;15;015;2020;04;06;4;3;5;3;0;1;1;0;0;0;0;394981,938599999990000;5320777,094900000800000;7,591289884000048;48,031642000000033;0
148735;08200422311010663060;08;3;11;000;2020;04;15;4;3;0;7;0;1;0;0;0;0;0;412443,012199999760000;5318481,181800000400000;7,825925441000038;48,013622677000058;0
148737;08200422311010651690;08;3;36;050;2020;04;18;4;3;3;2;0;1;1;0;0;0;0;400874,514800000000000;5275786,221999999100000;7,680609388000050;47,627888871000039;0
148738;08200422311010650960;08;3;11;000;2020;04;11;4;3;0;7;0;1;0;0;0;0;0;412909,929499999620000;5316258,088999999700000;7,832636455000056;47,993689077000056;0
148739;08200418117100686600;08;1;17;015;2020;04;17;7;2;5;3;0;1;0;0;0;0;0;558920,150999999610000;5392535,570200000000000;9,800489522000021;48,683081483000080;0
148743;08200422231000675870;08;2;37;028;2020;04;09;4;2;6;2;0;0;1;1;0;0;0;456868,792200000030000;5368196,227299999400000;8,416530270000067;48,465420029000029;0
148744;08200418116010657170;08;1;16;019;2020;04;13;7;3;8;1;0;1;0;0;0;0;0;522590,503600000400000;5399200,930299999200000;9,307293020000031;48,745414859000050;0
148746;08200418111500643540;08;1;11;000;2020;04;18;7;3;6;7;0;1;0;1;0;0;0;509788,441999999810000;5402734,619999999200000;9,133234615000049;48,777536596000061;0
148747;08200422221400673070;08;2;21;000;2020;04;07;4;3;6;7;0;1;0;1;0;0;0;477333,046000000090000;5471529,207000000400000;8,687614366000048;49,396031963000041;0
148749;08200422221011669760;08;2;26;010;2020;04;17;4;2;5;3;0;0;1;1;0;0;0;484306,447999999860000;5457859,204600000800000;8,784255827000038;49,273289612000042;0
148750;08200417436000664610;08;4;36;064;2020;04;08;6;3;5;2;0;1;1;0;0;0;0;545926,175999999980000;5291998,728399999400000;9,613065279000068;47,779713474000062;0
148751;08200422216300682020;08;2;16;017;2020;04;19;4;3;6;4;0;1;0;1;0;0;0;451481,092400000430000;5401409,715099999700000;8,339766929000064;48,763803623000058;0
148752;08200417435100644750;08;4;35;030;2020;04;14;6;3;3;5;0;1;1;0;0;0;0;540476,136900000270000;5271727,848899999600000;9,538436196000021;47,597696247000044;0
148754;08200422215202651950;08;2;15;100;2020;04;08;4;3;6;4;0;0;1;1;0;0;0;473964,122800000010000;5449900,903000000900000;8,642595877000076;49,201351192000061;0
148756;08200422212010653780;08;2;15;021;2020;04;10;4;2;5;3;0;1;1;0;0;0;0;469583,822300000120000;5444017,500700000700000;8,582912305000036;49,148227665000036;0
148760;08200417421300643080;08;4;25;141;2020;04;15;6;3;0;1;0;1;0;0;0;0;1;564164,094999999740000;5365730,649900000500000;9,867591741000069;48,441447062000066;0
148761;08200422212010651440;08;2;12;000;2020;04;15;4;3;5;3;0;1;0;0;0;0;1;451673,714999999850000;5427373,581000000200000;8,339318849000051;48,997368976000075;0
148763;08200422136010653670;08;1;36;028;2020;04;09;4;2;0;1;0;1;0;0;0;0;0;568950,840200000440000;5405226,962799999900000;9,938872674000038;48,796210832000043;0
148766;08200422121200686670;08;1;21;000;2020;04;14;4;3;5;3;0;1;1;0;0;0;0;515423,066300000060000;5441907,501800000700000;9,211413206000032;49,129807110000058;0
148768;08200422118600673080;08;1;18;076;2020;04;20;4;3;6;7;0;0;1;1;0;0;0;504762,263399999590000;5423609,646900000100000;9,065064289000077;48,965383199000030;0
148769;08200423417200689550;08;4;17;002;2020;04;15;5;3;5;3;0;1;1;0;0;0;0;488799,470900000070000;5345943,462799999900000;8,849070527000038;48,266600504000053;0
148770;08200417416200662830;08;4;16;041;2020;04;12;6;3;0;7;0;1;0;0;0;0;0;505218,965400000100000;5373205,770099999400000;9,070665513000051;48,511945251000043;0
148771;08200422118400676410;08;1;18;048;2020;04;12;4;3;6;2;0;0;1;1;0;0;0;513926,443099999800000;5415705,370600000000000;9,189999169000032;48,894140322000055;0
148775;08200417416100663120;08;4;16;036;2020;04;17;6;2;5;2;0;1;0;0;0;0;0;489641,602500000040000;5366366,274599999200000;8,859915558000068;48,450350637000042;0
148776;08200422115100651510;08;1;15;002;2020;04;15;4;3;7;7;0;1;0;0;0;0;0;499929,741700000130000;5386447,169299999300000;8,999046455000041;48,631090387000029;0
148778;08200422111120665110;08;1;11;000;2020;04;19;4;3;5;3;0;1;1;0;0;0;0;514233,187300000340000;5403601,846100000700000;9,193763642000022;48,785252269000068;0
148779;08200417336300660050;08;3;36;081;2020;04;12;6;3;0;3;0;1;0;0;0;0;0;412233,264600000340000;5278637,995799999700000;7,831191154000067;47,655182109000066;0
148780;08200421435100660090;08;4;35;016;2020;04;15;3;3;5;7;0;1;1;0;0;0;0;536063,610999999570000;5278308,551899999400000;9,480282679000027;47,657166339000071;0
148781;08200423212010656580;08;2;12;000;2020;04;09;5;3;4;6;0;1;1;0;0;0;0;460294,267599999900000;5432675,326099999200000;8,456647586000031;49,045673757000031;0
148782;08200423336300656780;08;3;36;081;2020;04;18;5;3;0;7;0;1;0;0;0;0;0;411630,297899999660000;5277917,927899999500000;7,823308594000025;47,648622421000027;0
148783;08200421421300652350;08;4;21;000;2020;04;13;3;3;1;5;0;1;1;0;0;0;0;570177,319899999540000;5362453,002399999600000;9,948339435000037;48,411322042000052;0
148784;08200421416200651670;08;4;16;011;2020;04;13;3;3;0;1;0;1;0;0;0;0;0;504362,907999999820000;5366142,734999999400000;9,059000650000030;48,448409700000070;0
148787;08200417335100641150;08;3;35;043;2020;04;20;6;3;3;6;1;1;0;0;0;0;0;514155,519000000320000;5280062,720899999100000;9,188578029000041;47,673800127000050;0
148788;08200421335100651930;08;3;35;043;2020;04;14;3;3;0;1;0;1;0;0;0;0;0;513050,278500000010000;5278318,189200000800000;9,173802114000068;47,658126657000025;0
148789;08200423136300678240;08;1;36;009;2020;04;14;5;3;0;1;0;1;0;0;0;0;0;568817,714999999850000;5408077,493899999200000;9,937538141000061;48,821865284000069;0
148791;08200423311010654640;08;3;11;000;2020;04;07;5;3;5;3;0;1;1;0;0;0;0;411675,603400000370000;5314568,473700000000000;7,816442627000072;47,978321191000077;0
148792;08200421317300649150;08;3;17;065;2020;04;12;3;3;0;7;0;1;0;0;0;0;0;414283,177699999880000;5353640,493100000500000;7,843504964000033;48,330133454000077;0
148795;08200423311010653550;08;3;36;050;2020;04;11;5;3;0;3;0;1;1;0;0;0;0;401112,584999999960000;5276032,387800000600000;7,683721705000039;47,630139625000027;0
148796;08200421311010652490;08;3;11;000;2020;04;17;3;3;0;7;0;1;0;0;0;0;0;417705,792500000450000;5314934,134600000500000;7,897161745000062;47,982414638000080;0
148797;08200417326100641570;08;3;26;027;2020;04;13;6;3;5;3;0;1;1;0;0;0;0;461815,354199999940000;5308027,018400000400000;8,488856017000046;47,924426423000057;0
148798;08200421311010650830;08;3;11;000;2020;04;17;3;3;0;7;0;1;0;0;0;0;1;412128,376699999910000;5317158,561699999500000;7,821978329000046;48,001682159000040;0
148799;08200417311100671020;08;3;15;015;2020;04;15;6;2;5;3;0;1;0;0;0;0;0;400598,324900000360000;5315452,865199999900000;7,667840322000075;47,984650924000050;0
148800;08200421311010648400;08;3;11;000;2020;04;12;3;2;7;7;0;1;0;0;0;0;0;412215,269000000320000;5317239,642899999400000;7,823126376000062;48,002423446000080;0
148801;08200417311010674460;08;3;11;000;2020;04;18;6;3;5;3;0;1;1;0;0;0;0;414028,991799999960000;5314939,212700000000000;7,847897410000030;47,981976720000034;0
148802;08200421311000651010;08;3;11;000;2020;04;17;3;3;5;2;0;1;1;0;0;0;0;412808,124699999580000;5314670,504699999500000;7,831594546000076;47,979394350000064;0
148803;08200421231102649540;08;2;36;028;2020;04;05;3;3;5;3;1;1;1;0;0;0;0;493581,567499999890000;5422456,701700000100000;8,912326552000025;48,954996705000042;0
148804;08200423222501667580;08;2;22;000;2020;04;07;5;3;5;2;0;1;0;0;0;0;1;462754,431900000200000;5479431,843699999200000;8,485963158000061;49,466395494000039;0
148805;08200421231000673010;08;2;37;028;2020;04;16;3;3;6;6;0;0;1;1;0;0;0;456886,227599999870000;5367991,359099999100000;8,416787236000062;48,463578232000032;0
148806;08200421226700667960;08;2;26;095;2020;04;09;3;3;0;7;0;1;0;0;0;0;1;474305,787299999970000;5462087,808100000000000;8,646503951000057;49,310987361000059;0
148807;08200417311010641650;08;3;11;000;2020;04;17;6;3;0;1;0;1;0;0;0;0;0;411935,824400000270000;5323750,264299999900000;7,818042211000034;48,060949498000070;0
148809;08200421221011649070;08;2;21;000;2020;04;16;3;2;6;4;0;1;0;1;0;0;0;479311,312300000340000;5473864,290400000300000;8,714755903000025;49,417106175000072;0
148810;08200417311010640470;08;3;36;050;2020;04;13;6;3;8;1;0;1;0;0;0;0;0;403504,652499999850000;5275788,546000000100000;7,715607619000025;47,628307011000061;0
148812;08200417235200660860;08;2;35;046;2020;04;15;6;3;5;3;0;1;0;0;0;0;0;479509,748200000260000;5378060,688999999300000;8,722322017000067;48,555308646000071;0
148814;08200421135100650560;08;1;35;031;2020;04;14;3;3;5;3;0;1;1;0;0;0;0;595114,143000000160000;5379114,357999999100000;10,289038152000046;48,557906535000029;0
148815;08200423222014656520;08;2;22;000;2020;04;18;5;2;5;3;0;1;1;0;0;0;0;462478,911500000390000;5478062,050300000200000;8,482290598000077;49,454057887000033;0
148816;08200421128300680910;08;1;28;131;2020;04;13;3;3;0;1;0;1;0;0;0;0;0;536272,016999999990000;5513824,542600000300000;9,503780389000042;49,775792635000073;0
148820;08200423121200655920;08;1;21;000;2020;04;16;5;3;0;2;0;1;0;0;0;0;0;515260,086000000130000;5442391,787000000500000;9,209197482000036;49,134167494000053;0
148822;08200417222800654780;08;2;22;000;2020;04;17;6;3;0;7;0;1;0;0;0;0;0;461957,344700000250000;5488111,856100000400000;8,474126683000065;49,544417994000071;0
148823;08200421118100660300;08;1;18;071;2020;04;17;3;3;5;3;0;1;1;0;0;0;0;509195,594300000000000;5418617,853499999300000;9,125521768000056;48,920428538000067;0
148824;08200421116200652470;08;1;16;080;2020;04;16;3;3;5;3;0;1;1;0;0;0;0;520424,406299999920000;5396961,696900000800000;9,277717539000037;48,725345684000047;0
148827;08200421116100661710;08;1;16;019;2020;04;15;3;3;2;6;0;1;1;0;0;0;0;521032,305999999870000;5397170,414999999100000;9,285993897000026;48,727203081000027;0
148828;08200421116010663110;08;1;16;019;2020;04;15;3;2;6;4;0;0;1;1;0;0;0;522549,063799999650000;5397399,574599999900000;9,306630760000076;48,729211546000045;0
148829;08200420436200686820;08;4;36;064;2020;04;14;2;3;6;6;0;1;0;1;0;0;0;546546,813900000420000;5293077,552400000400000;9,621465316000069;47,789375103000054;0
148831;08200417222500641890;08;2;22;000;2020;04;17;6;3;5;3;0;1;1;0;0;0;0;463319,037399999800000;5478252,901100000400000;8,493864350000024;49,455825809000032;0
148832;08200420421300672970;08;4;21;000;2020;04;11;2;3;0;2;0;1;1;0;0;0;0;571972,989500000140000;5361273,165400000300000;9,972399226000050;48,400506575000065;0
148833;08200423119500677710;08;1;19;068;2020;04;15;5;3;6;2;0;0;1;1;0;0;0;525892,360299999830000;5413015,917400000600000;9,353077948000021;48,869562483000038;0
148834;08200423335100655790;08;3;35;043;2020;04;18;5;3;0;7;0;1;0;0;0;0;0;513387,112700000410000;5278452,791600000100000;9,178292134000060;47,659330883000052;0
148836;08200423221011653830;08;2;21;000;2020;04;15;5;3;5;5;0;1;1;0;0;0;0;475379,395600000400000;5472661,081800000700000;8,660620368000025;49,406137108000053;0
148837;08200420317500656450;08;3;17;096;2020;04;10;2;3;5;3;0;1;1;0;0;0;0;423473,893600000070000;5369016,945900000600000;7,964681098000028;48,469625869000026;0
148840;08200420311300651120;08;3;15;131;2020;04;11;2;3;0;5;0;1;1;0;0;0;0;406277,718000000340000;5307859,122500000500000;7,745589221000046;47,917201855000030;0
148842;08200417215502653140;08;2;15;106;2020;04;17;6;3;4;2;0;1;1;0;0;0;0;466405,999400000090000;5454305,285499999300000;8,538477073000024;49,240600879000056;0
148843;08200420311000667730;08;3;11;000;2020;04;16;2;2;0;7;0;1;0;0;0;0;0;415997,594800000080000;5315598,762399999400000;7,874144411000032;47,988171232000070;0
148844;08200423119500671880;08;1;19;085;2020;04;15;5;3;0;1;0;1;0;0;0;0;0;528413,070399999620000;5413225,636099999800000;9,387465079000037;48,871338657000081;0
148846;08200420231000672710;08;2;31;000;2020;04;18;2;2;3;6;0;1;1;0;0;0;0;480136,218299999830000;5414710,130000000800000;8,729046605000065;48,885025543000040;0
148847;08200417215102641940;08;2;12;000;2020;04;17;6;3;4;1;0;1;1;0;0;0;0;460180,961299999620000;5432332,074300000400000;8,455130856000039;49,042578849000051;0
148848;08200420231000672080;08;2;31;000;2020;04;16;2;3;0;7;0;1;0;0;0;0;0;475719,390200000260000;5416566,220799999300000;8,668689179000069;48,901564957000062;0
148849;08200417212500662120;08;2;12;000;2020;04;14;6;3;0;1;0;1;0;0;0;0;0;451850,528599999850000;5429741,853599999100000;8,341455063000069;49,018685426000047;0
148851;08200417212102653970;08;2;12;000;2020;04;16;6;3;0;7;0;1;0;0;0;0;0;458341,062500000000000;5429157,694000000100000;8,430281734000062;49,013903287000062;0
148853;08200420226700646530;08;2;26;103;2020;04;10;2;3;0;3;0;1;1;0;0;0;0;471843,406200000080000;5457232,761099999800000;8,612969769000074;49,267207832000054;0
148854;08200423215502675810;08;2;15;106;2020;04;14;5;3;0;1;0;1;0;0;0;0;0;464785,385099999610000;5453752,506300000500000;8,516262039000026;49,235537583000053;0
148855;08200417212010639920;08;2;12;000;2020;04;07;6;3;5;3;0;1;1;0;0;0;0;461826,069699999880000;5428494,815999999600000;8,478002084000025;49,008166016000075;0
148856;08200420226200649410;08;2;26;032;2020;04;13;2;3;0;7;0;1;0;0;0;0;0;468134,773799999620000;5462725,134899999900000;8,561555811000062;49,316429164000056;0
148861;08200420216300672250;08;2;16;024;2020;04;15;2;3;5;3;0;1;1;0;0;0;0;445492,239400000310000;5408914,496300000700000;8,257282900000064;48,830814820000057;0
148863;08200417136100648550;08;1;36;088;2020;04;11;6;3;5;3;0;1;1;0;0;0;0;580335,571999999690000;5411151,559000000400000;10,095026379000046;48,848131355000078;0
148868;08200417121600652170;08;1;25;102;2020;04;09;6;3;5;3;0;1;1;0;0;0;0;521197,276999999770000;5443944,126000000200000;9,290669960000059;49,147955063000040;0
148869;08200420212010665000;08;2;12;000;2020;04;16;2;3;5;2;0;1;1;0;0;0;0;455516,671000000090000;5429240,491299999900000;8,391649123000036;49,014450889000045;0
148874;08200423426010655870;08;4;25;031;2020;04;17;5;2;5;3;0;1;1;0;0;0;0;567441,569500000220000;5367560,880000000800000;9,912197097000046;48,457567992000065;0