OBJECTID;UIDENTSTLAE;ULAND;UREGBEZ;UKREIS;UGEMEINDE;UJAHR;UMONAT;USTUNDE;UWOCHENTAG;UKATEGORIE;UART;UTYP1;ULICHTVERH;IstRad;IstPKW;IstFuss;IstKrad;IstGkfz;IstSonstige;LINREFX;LINREFY;XGCSWGS84;YGCSWGS84;STRZUSTAND
148875;08200417117010648750;08;1;17;018;2020;04;15;6;3;0;2;0;1;0;0;0;0;1;538566,606900000010000;5395157,221599999800000;9,524226217000035;48,708254616000033;0
148876;08200420136300678770;08;1;36;042;2020;04;19;2;3;5;2;0;1;0;0;1;0;0;548064,315299999900000;5404739,223200000800000;9,654436756000052;48,793789072000038;0
148877;08200420136200658380;08;1;36;019;2020;04;12;2;3;5;3;0;1;1;0;0;0;0;581784,725300000050000;5424872,720899999100000;10,117524527000057;48,971350880000045;0
148884;08200423317100655580;08;3;17;067;2020;04;18;5;3;4;6;0;1;1;0;0;0;0;435188,675699999560000;5375536,411000000300000;8,122136773000023;48,529587189000040;0
148885;08200420118300660620;08;1;18;081;2020;04;18;2;3;6;4;0;0;1;1;0;0;0;519779,152599999680000;5413906,017500000100000;9,269760114000064;48,877794692000066;0
148886;08200423118400662420;08;1;18;048;2020;04;06;5;3;1;5;0;1;1;0;0;0;0;513418,872299999930000;5415003,639000000400000;9,183051347000060;48,887838927000075;0
148887;08200423415400666240;08;4;15;061;2020;04;07;5;3;5;2;0;1;1;0;0;0;0;516377,702999999750000;5370444,811000000700000;9,221647274000077;48,486914839000065;0
148890;08200420111500658880;08;1;11;000;2020;04;09;2;3;5;2;0;1;1;0;0;0;0;512655,530700000000000;5404159,530899999700000;9,172303481000029;48,790303254000037;0
148892;08200417111500653300;08;1;11;000;2020;04;15;6;2;3;6;0;1;1;0;0;0;0;513128,574699999760000;5402062,021700000400000;9,178676896000070;48,771424430000081;0
148893;08200419436500644450;08;4;36;055;2020;04;11;1;2;0;1;0;1;0;0;0;0;0;572513,270700000230000;5293112,451799999900000;9,968117819000042;47,787288716000035;0
148896;08200419421300661210;08;4;21;000;2020;04;16;1;3;5;3;0;1;0;0;0;0;0;572645,721499999990000;5360107,371600000200000;9,981285171000025;48,389942808000058;0
148897;08200419415100669690;08;4;15;062;2020;04;16;1;2;0;1;0;1;0;0;0;0;0;520628,550400000070000;5378680,315300000800000;9,279582858000026;48,560878395000032;0
148900;08200419335100661170;08;3;35;043;2020;04;14;1;3;8;1;0;1;0;0;0;0;0;512718,515399999920000;5278535,772399999200000;9,169390083000053;47,660091010000031;0
148902;08200419311010658260;08;3;36;006;2020;04;15;1;1;0;7;0;1;0;0;0;0;0;391655,248200000260000;5288142,821399999800000;7,554869597000050;47,737557680000066;0
148905;08200416436100659610;08;4;36;055;2020;04;21;5;3;6;4;2;0;1;1;0;0;0;579113,606800000180000;5298860,661299999800000;10,057272668000053;47,838222341000062;0
148906;08200419226600643920;08;2;26;096;2020;04;11;1;2;0;7;0;1;0;0;0;0;0;474566,144100000150000;5487927,829500000900000;8,648428893000073;49,543423545000053;0
148909;08200419222400646960;08;2;22;000;2020;04;13;1;3;3;6;0;1;1;0;0;0;0;467994,326999999580000;5479758,012000000100000;8,558251638000058;49,469628023000041;0
148910;08200416435100688560;08;4;35;016;2020;04;14;5;2;5;2;0;1;1;0;0;0;0;536766,597299999560000;5280254,395300000900000;9,489808220000043;47,674634269000080;0
148911;08200419211021645440;08;2;11;000;2020;04;17;1;3;6;4;0;1;0;1;0;0;0;444967,740699999970000;5399873,608300000400000;8,251347679000048;48,749444184000026;0
148912;08200423435100665800;08;4;35;035;2020;04;17;5;3;4;2;0;1;1;0;0;0;0;540105,570199999960000;5279941,888599999200000;9,534259732000066;47,671624046000034;0
148913;08200416417200638200;08;4;17;002;2020;04;14;5;3;0;1;0;1;0;0;0;0;0;488380,590400000100000;5347705,668999999800000;8,843377600000054;48,282447036000065;0
148914;08200419136010661510;08;1;36;088;2020;04;13;1;3;0;7;0;1;1;1;0;0;0;581131,021599999630000;5413097,926400000200000;10,106252499000050;48,865533822000032;0
148915;08200416416100639520;08;4;16;036;2020;04;16;5;3;8;1;0;1;0;0;0;0;0;495712,159300000410000;5369038,817800000300000;8,941984820000073;48,474464700000055;0
148916;08200419135100646410;08;1;35;015;2020;04;13;1;3;5;3;0;1;0;0;0;0;0;579323,797500000340000;5386049,041300000600000;10,076406253000073;48,622478541000078;0
148917;08200419128200656320;08;1;28;138;2020;04;12;1;2;0;7;0;1;0;0;0;0;0;539151,344999999740000;5483142,466000000000000;9,540705211000045;49,499650661000032;0
148918;08200419126200644550;08;1;26;066;2020;04;11;1;3;0;7;0;1;0;0;0;0;0;536596,154500000180000;5450675,801699999700000;9,502434569000059;49,207781837000027;0
148919;08200419116200665680;08;1;16;078;2020;04;21;1;3;0;1;2;1;0;0;0;0;0;509542,680700000380000;5393317,008300000800000;9,129671395000059;48,692819497000073;0
148920;08200416415100638730;08;4;15;078;2020;04;20;5;3;0;7;2;1;0;0;0;0;0;528390,837899999690000;5372047,873700000300000;9,384332744000062;48,500908448000075;0
148923;08200416337010688260;08;3;37;096;2020;04;14;5;3;0;1;0;1;1;0;0;0;0;418260,180100000460000;5269042,210699999700000;7,913227608000057;47,569646271000067;0
148925;08200419111500656460;08;1;11;000;2020;04;17;1;3;5;3;0;1;1;0;0;0;0;515856,821800000030000;5406001,664699999600000;9,215959497000029;48,806801454000038;0
148926;08200419111500645650;08;1;11;000;2020;04;19;1;2;5;3;0;1;1;0;0;0;0;520053,322100000460000;5403708,067299999300000;9,273000486000058;48,786047392000057;0
148927;08200418435100665070;08;4;35;029;2020;04;12;7;3;0;7;0;1;0;0;0;0;0;545857,899400000460000;5271603,836899999500000;9,610010502000023;47,596222108000063;0
148928;08200418426010659140;08;4;21;000;2020;04;14;7;3;5;3;0;1;1;0;0;0;0;571353,683799999770000;5360316,910399999500000;9,963870753000037;48,391975189000050;0
148929;08200418417300643670;08;4;17;051;2020;04;19;7;3;0;1;0;1;0;0;0;0;0;491361,103600000030000;5358256,196900000800000;8,883336653000072;48,377414136000027;0
148930;08200418336300644820;08;3;36;081;2020;04;14;7;3;0;3;0;1;0;0;0;0;0;410263,319099999960000;5278039,108400000300000;7,805085701000053;47,649524425000038;0
148931;08200416336400639960;08;3;36;024;2020;04;16;5;3;0;1;0;1;1;0;0;0;0;394902,703999999910000;5278167,938999999300000;7,600574443000028;47,648371021000059;0
148933;08200423118200656950;08;1;18;011;2020;04;14;5;3;5;3;0;1;1;0;0;0;0;505807,957299999890000;5407235,674799999200000;9,079118283000071;48,818077643000038;0
148934;08200423335400676100;08;3;35;079;2020;04;17;5;3;5;3;0;1;1;0;0;0;0;501000,053000000310000;5301117,061699999500000;9,013371083000038;47,863391830000069;0
148938;08200423215302667040;08;2;15;007;2020;04;17;5;3;8;1;0;1;0;0;0;0;0;477836,344899999910000;5431532,484699999900000;8,696759432000022;49,036273939000068;0
148939;08200418231000667660;08;2;36;062;2020;04;18;7;3;5;1;0;1;1;0;0;0;0;486825,513000000270000;5404573,444399999500000;8,820617756000047;48,794016000000056;0
148940;08200416327200646110;08;3;27;049;2020;04;19;5;3;0;2;0;0;1;1;0;0;0;471955,699199999680000;5325280,526499999700000;8,623464266000042;48,080179979000036;0
148942;08200428121200682820;08;1;21;000;2020;04;11;3;3;0;7;0;1;0;0;0;0;0;516547,674200000240000;5443489,041099999100000;9,226893684000061;49,144004324000036;0
148944;08200425416010682720;08;4;16;041;2020;04;15;7;3;0;7;0;1;0;0;0;0;0;503530,058100000020000;5374409,336899999500000;9,047807672000033;48,522784750000028;0
148945;08200501326200713850;08;3;26;003;2020;05;12;6;2;5;1;0;1;0;0;0;0;0;464961,389700000170000;5319522,285900000500000;8,530030054000065;48,028028163000045;0
148946;08200427118300686370;08;1;18;046;2020;04;14;2;3;5;3;0;1;1;0;0;0;0;513334,590499999930000;5412419,396600000600000;9,181817368000054;48,864593508000041;0
148949;08200425216200658280;08;2;16;008;2020;04;14;7;3;5;3;0;1;1;0;0;0;0;440066,322499999780000;5391434,734099999100000;8,185901727000044;48,673082733000058;0
148952;08200427337100664490;08;3;37;051;2020;04;18;2;3;0;3;0;1;1;0;0;0;0;437840,984100000000000;5286709,794500000800000;8,171020234000025;47,730769071000054;0
148953;08200425215102660760;08;2;15;105;2020;04;14;7;3;0;7;0;1;0;0;0;0;0;456836,490500000310000;5441390,750700000700000;8,408401658000059;49,123836572000073;0
148955;08200426426100660420;08;4;26;021;2020;04;17;1;3;0;7;0;1;0;0;0;0;0;557220,311400000010000;5327271,779999999300000;9,768505969000046;48,096142573000066;0
148957;08200502215402704170;08;2;15;103;2020;05;18;7;3;0;7;0;1;0;0;0;0;0;467370,403300000350000;5443021,272099999700000;8,552641982000068;49,139152851000063;0
148958;08200427115400678030;08;1;15;045;2020;04;17;2;3;1;5;0;1;1;0;0;0;0;499951,970700000410000;5395286,150599999400000;8,999347121000028;48,710607038000035;0
148962;08200425212102658890;08;2;12;000;2020;04;11;7;3;0;7;0;1;0;0;0;0;0;458396,911500000390000;5428310,408600000700000;8,431132310000066;49,006285590000061;0
148964;08200425212010679140;08;2;12;000;2020;04;15;7;3;5;3;0;1;1;0;0;0;0;455022,439000000250000;5428498,526300000000000;8,384972663000042;49,007741023000051;0
148966;08200426325202661700;08;3;25;049;2020;04;19;1;3;0;1;0;1;0;0;0;0;0;469632,033900000150000;5333456,822399999900000;8,591684003000069;48,153633809000041;0
148967;08200429311400684360;08;3;15;074;2020;04;16;4;3;2;1;0;1;1;0;0;0;0;397103,432199999690000;5291082,945299999800000;7,626821120000045;47,764896023000063;0
148969;08200428311010667420;08;3;15;064;2020;04;13;3;3;5;3;0;1;1;0;0;0;0;422279,570000000300000;5313225,156999999700000;7,958754063000072;47,967613214000039;0
148970;08200425136200671460;08;1;36;019;2020;04;23;7;2;0;1;2;1;0;0;0;0;0;583280,048200000080000;5423696,924000000600000;10,137712139000030;48,960576169000035;0
148975;08200425135200689750;08;1;35;019;2020;04;15;7;3;0;1;0;0;1;1;0;0;0;585967,772900000210000;5392301,390000000600000;10,167842843000074;48,677836213000035;0
148976;08200427222200667130;08;2;22;000;2020;04;08;2;3;0;7;0;1;0;0;0;0;1;461733,494300000370000;5482450,475500000600000;8,471581451000077;49,493483050000066;1
148977;08200425135010682300;08;1;35;019;2020;04;19;7;2;0;1;0;1;0;0;0;0;0;584867,377999999560000;5393134,828999999900000;10,153068650000023;48,685482962000037;0
148978;08200430311010685720;08;3;11;000;2020;04;18;5;3;5;3;0;1;1;0;0;0;0;414409,480999999680000;5317395,528000000900000;7,852505477000022;48,004123264000043;1
148979;08200426221200661550;08;2;21;000;2020;04;15;1;3;0;7;0;1;0;0;0;0;0;477694,684999999590000;5472980,469000000500000;8,692516734000037;49,409099214000037;0
148981;08200501436200690170;08;4;36;064;2020;05;15;6;3;0;7;0;1;0;0;0;0;0;545527,142199999650000;5291076,834599999700000;9,607642271000032;47,771447490000071;0
148982;08200428211021678450;08;2;11;000;2020;04;16;3;3;0;1;0;1;0;0;0;0;0;442515,570199999960000;5402798,533500000800000;8,217583232000038;48,775532793000082;1
148983;08200425135010672900;08;1;35;020;2020;04;16;7;2;0;1;0;1;0;0;0;0;0;588077,805300000120000;5387056,290999999300000;10,195384543000046;48,630366645000038;0
148984;08200425415400670940;08;4;15;061;2020;04;14;7;3;0;7;0;1;0;0;0;0;0;513479,221699999650000;5370303,942199999500000;9,182416427000021;48,485716381000032;0
148986;08200430221011682870;08;2;21;000;2020;04;17;5;3;1;2;0;1;1;0;0;0;0;477649,222799999640000;5472882,780899999700000;8,691895537000050;49,408218856000076;1
148990;08200426211000669940;08;2;16;015;2020;04;15;1;2;5;3;0;1;0;0;0;0;0;448386,519799999890000;5407257,042400000600000;8,296925460000068;48,816152981000073;0
148993;08200425119100659560;08;1;19;008;2020;04;16;7;3;0;1;0;1;0;0;0;0;0;531994,464999999850000;5422173,005200000500000;9,437004053000067;48,951650211000072;0
148994;08200425337200658800;08;3;37;002;2020;04;20;7;2;0;1;0;1;0;0;0;0;0;434063,702200000170000;5270893,012599999100000;8,123037027000066;47,588095854000073;0
148995;08200501231202694310;08;2;36;072;2020;05;06;6;3;0;7;1;1;0;1;0;0;0;465514,325600000100000;5411437,804500000600000;8,529876987000023;48,854948173000025;1
149002;08200427326400688780;08;3;26;074;2020;04;18;2;2;5;3;0;1;1;0;0;0;0;459266,606399999930000;5323896,006100000800000;8,453233416000046;48,067039379000050;0
149005;08200425116100659870;08;1;16;019;2020;04;16;7;3;0;1;0;1;0;0;0;0;0;520587,017099999820000;5399136,809399999700000;9,280037241000059;48,744907482000031;0
149011;08200502222800690460;08;2;22;000;2020;05;10;7;3;6;7;0;0;1;1;0;0;0;460086,396399999970000;5487920,173900000800000;8,448284735000073;49,542573521000065;0
149014;08200427311010663020;08;3;11;000;2020;04;13;2;3;0;7;0;1;0;0;0;0;0;417583,601999999960000;5314614,696000000500000;7,895585864000054;47,979525382000077;0
149017;08200426311010670790;08;3;11;000;2020;04;12;1;2;0;1;0;1;0;0;0;0;0;415045,173999999650000;5319873,300599999700000;7,860535298000059;48,026496584000029;0
149018;08200429311010671600;08;3;11;000;2020;04;12;4;3;5;3;0;1;1;0;0;0;0;413789,863900000230000;5320259,696499999600000;7,843624098000021;48,029804123000076;0
149026;08200427221400666520;08;2;21;000;2020;04;15;2;3;2;6;0;1;1;0;0;0;0;476464,631299999540000;5469617,438699999800000;8,675759653000057;49,378802910000047;0
149028;08200430311010672690;08;3;11;000;2020;04;17;5;3;5;3;0;1;0;0;0;0;1;410391,627100000160000;5316486,309399999700000;7,798840814000073;47,995394008000062;1
149029;08200426215102661890;08;2;15;102;2020;04;18;1;3;5;3;0;1;1;0;0;0;0;456505,279000000100000;5437685,282999999800000;8,404261508000047;49,090482683000062;0
149031;08200428135100677890;08;1;35;016;2020;04;17;3;2;5;3;0;0;1;1;0;0;0;591937,767400000240000;5386305,456299999700000;10,247592446000056;48,623058026000081;1
149032;08200425111130679090;08;1;11;000;2020;04;18;7;3;8;6;0;1;1;0;0;0;0;512314,921400000340000;5401000,070399999600000;9,167571524000039;48,761887811000065;0
149033;08200425317500679760;08;3;17;096;2020;04;10;7;2;5;2;0;1;1;0;0;0;0;422635,149100000040000;5368920,155999999500000;7,953353620000030;48,468652624000072;0
149034;08200428226400675330;08;2;26;084;2020;04;10;3;3;5;5;0;1;1;0;0;0;0;468917,242600000460000;5470339,589600000500000;8,571727576000058;49,384960126000067;0
149035;08200424416200657890;08;4;16;023;2020;04;18;6;2;5;3;0;1;1;0;0;0;0;507513,974799999970000;5372266,331100000100000;9,101723298000024;48,503470436000043;0
149038;08200430222014682850;08;2;22;000;2020;04;21;5;3;0;7;2;0;0;1;1;0;0;466356,618400000040000;5478141,786499999500000;8,535785790000034;49,455002193000041;0
149039;08200503111330710870;08;1;11;000;2020;05;15;1;3;6;7;0;1;0;1;0;0;0;513340,508100000210000;5409142,288799999300000;9,181791300000043;48,835113153000066;0
149040;08200426128200674800;08;1;28;139;2020;04;17;1;3;0;1;0;1;0;0;0;0;0;552902,435800000090000;5488572,616000000400000;9,731330557000035;49,547446362000073;0
149041;08200426127100673710;08;1;27;023;2020;04;09;1;3;0;7;0;1;0;0;0;0;1;550558,233400000260000;5423380,897900000200000;9,690695981000033;48,961276063000071;0
149042;08200429128100669470;08;1;28;007;2020;04;17;4;3;6;2;0;0;1;1;0;0;0;556069,790199999700000;5482722,925000000700000;9,774281190000068;49,494549382000059;0
149043;08200428111500676480;08;1;11;000;2020;04;07;3;3;5;3;0;1;1;0;0;0;0;519722,560999999750000;5401080,560000000500000;9,268371632000026;48,762421250000045;1
149044;08200424415400657810;08;4;15;061;2020;04;15;6;3;5;3;0;1;1;0;0;0;0;514571,845999999900000;5371705,561000000700000;9,197251898000047;48,498301465000054;0
149045;08200425311100659510;08;3;15;133;2020;04;16;7;3;6;4;0;1;0;1;0;0;0;395663,416000000200000;5328526,562999999200000;7,598537035000049;48,101455457000043;0
149046;08200501221400689970;08;2;21;000;2020;05;12;6;3;0;7;0;1;0;0;0;0;0;477532,707999999630000;5470163,336999999400000;8,690443181000035;49,383753535000039;1
149052;08200427119400687940;08;1;19;079;2020;04;23;2;3;0;1;2;1;0;0;0;0;0;524967,936800000260000;5409382,212099999200000;9,340250818000072;48,836912715000039;0
149054;08200430212402671000;08;2;12;000;2020;04;16;5;3;9;3;0;1;1;0;0;0;0;455949,632100000050000;5425877,040599999900000;8,397934703000033;48,984227311000041;0
149056;08200424415400657700;08;4;15;061;2020;04;15;6;3;0;3;0;1;1;0;0;0;0;512926,816999999810000;5371883,110999999600000;9,174989564000043;48,499934773000064;0
149057;08200429116100687330;08;1;16;019;2020;04;10;4;3;5;3;0;1;1;0;0;0;0;524111,404400000350000;5397709,227499999100000;9,327893823000068;48,731938658000047;1
149059;08200427436000664330;08;4;35;024;2020;04;17;2;3;8;7;0;1;0;0;0;0;0;526755,901499999690000;5279139,946100000300000;9,356379638000021;47,665098770000043;0
149060;08200424335300665730;08;3;35;100;2020;04;10;6;2;0;7;0;1;0;0;0;0;0;488708,718799999920000;5286003,386600000800000;8,849424998000075;47,727308392000054;0
149062;08200426437200670690;08;4;37;107;2020;04;18;1;3;5;2;0;1;1;0;0;0;0;507474,472699999810000;5333034,006100000800000;9,100492702000054;48,150511056000028;0
149063;08200426118300679600;08;1;18;046;2020;04;19;1;3;4;2;0;1;1;0;0;0;0;513292,873999999840000;5413233,746999999500000;9,181275026000037;48,871920119000038;0
149065;08200502216200691160;08;2;16;007;2020;05;14;7;3;6;7;0;0;1;1;0;0;0;436550,514299999920000;5394743,817500000800000;8,137642742000026;48,702500861000033;0
149066;08200428426010677830;08;4;26;066;2020;04;16;3;1;2;1;0;1;1;0;0;0;0;584565,423999999650000;5321966,416699999900000;10,134656240000027;48,045376606000048;0
149067;08200424335300656370;08;3;35;075;2020;04;12;6;2;4;6;0;1;0;0;0;0;0;487839,600399999880000;5290639,699899999400000;8,837705275000076;47,769008050000082;0
149068;08200428436500683780;08;4;36;055;2020;04;17;3;2;6;6;0;1;0;1;0;0;0;577622,541799999770000;5297560,273499999200000;10,037116374000050;47,826705851000042;0
149069;08200424325202684060;08;3;25;011;2020;04;18;6;2;4;6;0;1;1;0;0;0;0;473726,113499999980000;5339284,774599999200000;8,646369824000033;48,206248699000071;0
149071;08200424317600670160;08;3;17;129;2020;04;15;6;3;0;1;0;1;0;0;0;0;0;430397,286100000140000;5349407,786599999300000;8,061581825000076;48,294038557000079;0
149075;08200429326400668150;08;3;26;075;2020;04;12;4;3;5;2;0;1;1;0;0;0;0;461051,835799999540000;5317104,337600000200000;8,477813391000041;48,006047927000054;0
149076;08200502119300706520;08;1;19;067;2020;05;20;7;3;5;3;1;1;1;0;0;0;0;538849,000500000080000;5406120,844000000500000;9,529099324000072;48,806861597000079;0
149077;08200428311010682000;08;3;11;000;2020;04;20;3;3;5;3;0;1;1;0;0;0;0;417525,184799999930000;5314752,340199999500000;7,894776769000032;47,980756038000038;1
149078;08200424317300676760;08;3;17;026;2020;04;07;6;3;4;6;0;1;0;0;0;0;1;413800,087700000030000;5345916,954299999400000;7,838565411000047;48,260595520000038;0
149079;08200425311010679420;08;3;11;000;2020;04;13;7;3;6;7;0;1;0;1;0;0;0;412691,357599999760000;5315838,966499999200000;7,829792580000060;47,989889128000073;0
149080;08200427215402663140;08;2;15;021;2020;04;17;2;3;1;5;0;1;1;0;0;0;0;470353,279699999840000;5444387,847200000700000;8,593436097000051;49,151596619000031;0
149083;08200426212010663700;08;2;15;105;2020;04;16;1;3;5;2;0;1;0;0;0;0;1;457087,593200000000000;5440168,222799999600000;8,411973091000050;49,112857570000074;0
149085;08200424311010687480;08;3;11;000;2020;04;14;6;3;1;5;0;1;1;0;0;0;0;404408,047000000250000;5315234,653000000900000;7,718932487000075;47,983268834000057;0
149086;08200430311010686630;08;3;11;000;2020;04;17;5;3;3;6;0;1;1;0;0;0;0;416484,807699999770000;5315672,824200000600000;7,880658658000073;47,988901264000049;1
149087;08200426226200670650;08;2;26;059;2020;04;10;1;3;6;7;0;0;0;1;0;0;1;465797,746700000020000;5460641,243699999500000;8,529579476000038;49,297558453000079;0
149090;08200428212010666980;08;2;12;000;2020;04;17;3;3;5;2;0;1;1;0;0;0;0;452226,826200000010000;5427381,445299999800000;8,346879133000073;48,997482766000076;0
149091;08200424311010679550;08;3;36;081;2020;04;09;6;2;5;3;0;1;1;0;0;0;0;411053,220999999900000;5277861,005000000800000;7,815637762000051;47,648031294000077;0
149092;08200425311010658170;08;3;11;000;2020;04;13;7;3;0;3;0;1;1;0;0;0;0;414217,576999999580000;5316580,980000000400000;7,850096060000055;47,996770375000040;0
149094;08200426116200674750;08;1;16;077;2020;04;16;1;3;6;4;0;0;1;1;0;0;0;515971,270299999970000;5388929,128000000500000;9,216856751000023;48,653214406000075;0
149096;08200502436300690850;08;4;36;081;2020;05;15;7;3;0;7;0;1;0;0;0;0;0;561970,214100000450000;5281242,569599999100000;9,825684880000040;47,681600174000039;0
149097;08200426116100687760;08;1;16;019;2020;04;11;1;3;0;1;0;1;0;0;0;0;0;525580,440000000410000;5396450,607999999100000;9,347792952000077;48,720557691000067;0
149098;08200429116500687470;08;1;16;049;2020;04;18;4;3;1;5;0;1;1;0;0;0;0;525714,440999999640000;5387834,014000000400000;9,349078736000024;48,643037745000072;0
149099;08200429216300669240;08;2;16;015;2020;04;10;4;3;0;1;0;1;0;0;0;0;0;449914,718399999660000;5405616,804099999400000;8,317941036000036;48,801523660000043;1
149100;08200428118300687190;08;1;18;081;2020;04;16;3;3;0;7;0;1;0;0;0;0;0;518204,793999999760000;5412088,166999999400000;9,248207376000039;48,861490020000076;1
149101;08200424311010677920;08;3;11;000;2020;04;14;6;3;5;3;0;1;0;0;1;0;0;411622,811499999840000;5315029,143300000600000;7,815640575000032;47,982457759000056;0
149102;08200425235100678310;08;2;35;085;2020;04;14;7;3;4;6;0;1;0;0;0;0;0;480902,260400000030000;5395631,286100000100000;8,740382994000072;48,713419421000026;0
149108;08200429111500684900;08;1;11;000;2020;04;12;4;3;6;7;0;0;0;1;0;0;1;510720,297399999570000;5402424,859400000400000;9,145910375000028;48,774734649000038;0
149109;08200424231000676540;08;2;36;076;2020;04;09;6;2;3;6;0;1;1;0;0;0;0;471575,978000000120000;5423442,515000000600000;8,611673813000039;48,963244495000026;0
149110;08200427336200674960;08;3;36;069;2020;04;22;2;3;8;7;2;1;0;0;0;0;0;409527,471400000150000;5269127,810499999700000;7,797129281000025;47,569257588000028;1
149113;08200426425000661800;08;4;25;033;2020;04;17;1;2;0;1;0;1;0;0;0;0;0;552097,013100000100000;5348295,857599999800000;9,702282017000073;48,285719182000037;0
149117;08200501136300690470;08;1;36;065;2020;05;15;6;3;0;7;0;1;0;0;0;0;0;561555,632000000220000;5404681,889200000100000;9,838105696000071;48,792084091000049;0
149119;08200430118000671010;08;1;18;067;2020;04;14;5;3;6;4;0;0;1;1;0;0;0;505349,896499999800000;5413730,834300000200000;9,072963243000061;48,876511229000073;0
149120;08200502222800697870;08;2;22;000;2020;05;16;7;3;6;2;0;0;1;1;0;0;0;462449,723000000230000;5488400,494999999200000;8,480905152000048;49,547044855000081;0
149121;08200428426200666680;08;4;26;070;2020;04;12;3;3;5;3;0;1;1;0;0;0;0;565580,609799999740000;5342174,431099999700000;9,883075536000035;48,229399101000070;0
149123;08200427311010670010;08;3;11;000;2020;04;13;2;3;6;2;0;0;1;1;0;0;0;414629,336099999960000;5319003,530500000300000;7,855132262000041;48,018617246000076;0
149124;08200424221400678970;08;2;21;000;2020;04;15;6;3;0;1;0;1;0;0;0;0;0;475591,192099999640000;5469402,508099999300000;8,663739924000026;49,376835263000032;0
149127;08200429311010671930;08;3;11;000;2020;04;17;4;3;3;2;0;1;0;0;0;1;0;413065,546799999660000;5315392,666600000100000;7,834897175000037;47,985925485000053;0
149129;08200428235200682200;08;2;35;046;2020;04;15;3;3;6;7;0;0;1;1;0;0;0;479673,804600000380000;5377501,787399999800000;8,724572526000031;48,550285988000041;0
149130;08200424221011661730;08;2;21;000;2020;04;15;6;2;5;2;0;1;1;0;0;0;0;477842,696999999690000;5473261,137000000100000;8,694541415000060;49,411629187000074;0
149131;08200429421200668630;08;4;21;000;2020;04;11;4;3;5;3;0;1;0;0;0;0;1;573656,611600000410000;5361134,840099999700000;9,995118193000053;48,399067838000065;1
149133;08200428416200682160;08;4;16;041;2020;04;11;3;3;0;1;0;1;0;0;0;0;0;505732,411999999550000;5375389,993000000700000;9,077647672000069;48,531590826000070;1
149137;08200430311010681880;08;3;11;000;2020;04;07;5;3;6;7;0;0;1;1;0;0;0;415772,367800000120000;5319560,807199999700000;7,870348313000022;48,023781898000038;0
149140;08200429222014689370;08;2;22;000;2020;04;05;4;2;3;6;0;1;1;0;0;0;0;463526,074799999590000;5477834,066900000000000;8,496759573000077;49,452071046000071;0
149141;08200428135200665620;08;1;35;019;2020;04;13;3;3;0;1;0;1;0;0;0;0;0;584834,946700000200000;5392040,927100000900000;10,152403614000036;48,675648494000029;1
149142;08200424212402659130;08;2;12;000;2020;04;16;6;3;1;5;0;1;1;0;0;0;0;455876,996799999850000;5425118,363399999200000;8,397024339000041;48,977397712000027;0
149143;08200425231202661150;08;2;36;071;2020;04;13;7;3;5;3;0;1;1;0;0;0;0;468381,157599999570000;5422528,966099999800000;8,568098684000063;48,954871556000057;0
149146;08200427212010665470;08;2;12;000;2020;04;05;2;2;5;2;1;1;1;0;0;0;0;453863,121799999850000;5429547,979399999600000;8,369001752000031;49,017095324000081;1
149148;08200426136300679350;08;1;36;029;2020;04;11;1;3;0;1;0;1;0;0;0;0;0;569081,688000000080000;5411073,550599999700000;9,941638846000046;48,848784491000060;0
149149;08200429212010667940;08;2;12;000;2020;04;10;4;3;5;3;0;1;0;0;0;0;0;453916,858199999670000;5429483,550599999700000;8,369743956000036;49,016519801000072;0
149150;08200428111500680840;08;1;11;000;2020;04;21;3;2;5;3;2;1;1;0;0;0;0;508127,147800000380000;5406631,302899999500000;9,110699186000034;48,812614769000049;0
149151;08200424212010761020;08;2;12;000;2020;04;00;6;3;0;7;2;1;0;0;0;0;0;456750,122000000440000;5427714,860400000600000;8,408679286000051;49,000815347000071;0
149152;08200425226400659400;08;2;26;037;2020;04;19;7;2;0;7;0;1;0;0;0;0;0;465713,675099999640000;5469390,600600000500000;8,527670682000064;49,376252311000030;0
149153;08200501231102701410;08;2;36;040;2020;05;09;6;2;5;3;0;1;1;0;0;0;0;485568,902999999930000;5420166,660000000100000;8,802958086000047;48,934261185000025;0
149154;08200427116100664230;08;1;16;019;2020;04;15;2;3;0;7;0;1;0;0;0;0;0;524334,950000000190000;5395802,196900000800000;9,330821259000061;48,714774511000030;0
149156;08200502316100705880;08;3;16;011;2020;05;14;7;3;0;1;0;1;0;0;0;0;0;415645,252600000240000;5329029,799000000600000;7,866775351000058;48,108941769000069;1
149158;08200424135200671290;08;1;35;019;2020;04;10;6;2;0;7;0;1;1;0;0;0;0;585443,436400000010000;5392604,987800000200000;10,160784188000036;48,680638835000082;0
149159;08200430215102677340;08;2;12;000;2020;04;09;5;3;0;7;0;1;0;0;0;0;0;454474,450600000100000;5433010,101399999100000;8,376973396000039;49,048282642000061;0
149162;08200429116400677500;08;1;16;033;2020;04;13;4;3;5;3;0;1;1;0;0;0;0;533126,451999999580000;5388222,096999999100000;9,449726453000039;48,646180021000077;1