OBJECTID;UIDENTSTLAE;ULAND;UREGBEZ;UKREIS;UGEMEINDE;UJAHR;UMONAT;USTUNDE;UWOCHENTAG;UKATEGORIE;UART;UTYP1;ULICHTVERH;IstRad;IstPKW;IstFuss;IstKrad;IstGkfz;IstSonstige;LINREFX;LINREFY;XGCSWGS84;YGCSWGS84;STRZUSTAND
149422;08200506115400717030;08;1;15;045;2020;05;18;4;3;5;2;0;1;1;0;0;0;0;500777,072999999860000;5395083,146500000700000;9,010562650000054;48,708780317000048;0
149424;08200506115100777930;08;1;15;003;2020;05;11;4;3;5;3;0;1;1;0;0;0;0;501515,157800000160000;5391688,124500000800000;9,020582884000021;48,678237014000047;0
149426;08200506111250696170;08;1;11;000;2020;05;17;4;2;0;6;0;1;0;0;0;0;1;519879,905899999660000;5400989,146500000700000;9,270508237000058;48,761593899000047;0
149427;08200503136100692050;08;1;36;088;2020;05;15;1;3;0;1;0;1;0;0;0;0;0;580644,851499999870000;5413627,813799999700000;10,099729110000055;48,870363121000025;0
149430;08200506111130694740;08;1;11;000;2020;05;19;4;3;0;6;1;1;1;0;0;0;0;508515,090099999680000;5403096,078199999400000;9,115910011000040;48,780806986000073;0
149433;08200505436000695190;08;4;36;082;2020;05;16;3;2;0;1;0;1;0;0;0;0;0;547039,355200000110000;5295338,082900000700000;9,628286195000044;47,809677218000047;1
149434;08200505415400712040;08;4;15;061;2020;05;18;3;3;0;7;0;1;0;0;0;0;0;513595,098399999550000;5369325,322599999600000;9,183952760000068;48,476909847000059;0
149436;08200509436200699260;08;4;36;064;2020;05;22;7;3;6;4;2;0;1;1;0;0;0;545285,440000000410000;5291647,159000000000000;9,604475969000021;47,776595755000073;0
149438;08200503118010695070;08;1;18;079;2020;05;16;1;3;0;6;0;1;1;0;0;0;0;510061,707600000310000;5423313,070200000000000;9,137460303000069;48,962651743000038;0
149439;08200505311010693490;08;3;11;000;2020;05;16;3;3;6;2;0;0;0;1;0;1;0;414562,767900000330000;5317329,155500000300000;7,854573358000039;48,003546726000081;0
149441;08200505231102713750;08;2;36;040;2020;05;16;3;3;8;1;0;1;0;0;0;0;0;488474,338499999610000;5422240,573300000300000;8,842569998000045;48,952978373000064;0
149442;08200505231000714910;08;2;31;000;2020;05;13;3;3;0;7;0;1;0;0;0;1;0;481414,070000000300000;5417755,401000000500000;8,746338472000048;48,912459485000056;0
149443;08200505226400693370;08;2;26;037;2020;05;16;3;3;0;7;0;1;0;0;0;0;0;465459,025500000450000;5468134,582200000100000;8,524271782000028;49,364940385000068;0
149445;08200505222014697100;08;2;22;000;2020;05;20;3;3;4;3;1;1;1;0;0;0;0;462892,984500000250000;5478544,211200000700000;8,487958484000046;49,458420136000029;0
149446;08200505221400699920;08;2;21;000;2020;05;10;3;3;6;2;0;0;1;1;0;0;0;477121,183699999940000;5468300,111800000100000;8,684880405000058;49,366978704000076;0
149447;08200509336300722750;08;3;36;081;2020;05;11;7;3;5;3;0;1;1;0;0;0;0;411588,276200000200000;5278291,244400000200000;7,822673691000034;47,651974976000076;0
149449;08200503116100704440;08;1;16;019;2020;05;08;1;3;0;7;0;1;0;0;0;0;0;524400,012600000020000;5397424,185799999200000;9,331801699000039;48,729363220000039;0
149450;08200508325000718700;08;3;27;046;2020;05;16;6;2;6;4;0;0;0;1;0;0;1;481509,118400000040000;5324266,919900000100000;8,751775181000028;48,071409292000055;0
149452;08200509116010721100;08;1;16;054;2020;05;17;7;3;5;3;0;1;1;0;0;0;0;532988,664800000380000;5381720,618499999900000;9,447338855000055;48,587700382000037;0
149453;08200505212402692330;08;2;12;000;2020;05;06;3;3;0;7;0;1;0;0;0;0;0;455812,230899999850000;5427888,605000000400000;8,395838091000030;49,002311772000041;0
149454;08200509115100699770;08;1;15;024;2020;05;12;7;3;6;2;0;0;1;1;0;0;0;500489,262199999760000;5388052,110700000100000;9,006642155000066;48,645528547000026;0
149455;08200505212102711880;08;2;12;000;2020;05;09;3;3;3;2;0;1;1;0;0;0;0;460865,491899999790000;5427611,211699999900000;8,464952704000041;49,000157635000051;0
149459;08200515212010728680;08;2;12;000;2020;05;17;6;3;5;3;0;1;1;0;0;0;0;456190,619500000030000;5433984,523399999400000;8,400352738000038;49,057172001000026;0
149460;08200512222700719630;08;2;22;000;2020;05;15;3;3;1;5;0;1;1;0;0;0;0;461500,932099999860000;5481050,692500000800000;8,468506484000045;49,480878036000036;0
149463;08200514121500737970;08;1;25;005;2020;05;17;5;3;6;7;0;0;1;1;0;0;0;516136,875799999570000;5452567,493899999200000;9,221625467000024;49,225678296000069;0
149464;08200516336100714960;08;3;36;050;2020;05;12;7;3;6;4;0;1;0;1;0;0;0;399804,625400000250000;5274816,229900000600000;7,666594731000032;47,618998820000058;0
149470;08200512212102707510;08;2;12;000;2020;05;18;3;3;5;2;0;1;1;0;0;0;0;461695,934200000020000;5427607,852399999300000;8,476306332000036;49,000179507000041;0
149471;08200517311100743830;08;3;15;115;2020;05;17;1;3;0;1;0;1;0;0;0;0;0;408156,525700000110000;5321857,291300000600000;7,767736441000068;48,043389240000067;0
149472;08200513436400708830;08;4;36;082;2020;05;17;4;3;0;1;0;1;0;0;0;0;0;546798,319799999710000;5294034,599199999100000;9,624926300000027;47,797967401000051;1
149477;08200512212010709840;08;2;12;000;2020;05;15;3;2;5;3;0;1;1;0;0;0;0;457521,756000000050000;5430101,243000000700000;8,418978898000034;49,022334765000039;0
149479;08200518221011721960;08;2;21;000;2020;05;18;2;3;4;6;0;1;1;0;0;0;0;474713,733000000010000;5474298,552999999400000;8,651340492000031;49,420838543000059;0
149482;08200513317200729490;08;3;17;057;2020;05;07;4;3;1;1;0;1;0;0;0;1;0;412016,868999999950000;5382799,963199999200000;7,806802545000039;48,592097404000071;0
149483;08200516212010741230;08;2;12;000;2020;05;23;7;3;6;7;2;0;1;1;0;0;0;455179,822200000290000;5431475,587700000000000;8,386795695000046;49,034531343000026;0
149485;08200512121500774080;08;1;25;039;2020;05;11;3;3;5;3;0;1;1;0;0;0;0;511642,968700000080000;5458038,512299999600000;9,160065023000072;49,274993066000036;0
149493;08200512119300708180;08;1;19;067;2020;05;15;3;3;2;6;0;1;0;0;0;0;0;539019,908999999990000;5404422,042999999600000;9,531265476000044;48,791569250000066;0
149494;08200517119100716290;08;1;19;008;2020;05;15;1;3;8;1;0;1;0;0;0;0;0;532245,173399999740000;5423030,455800000600000;9,440496217000032;48,959350316000041;0
149497;08200515212302713980;08;2;12;000;2020;05;16;6;3;0;2;0;1;0;0;0;0;1;455089,584200000390000;5429276,508899999800000;8,385804678000056;49,014743930000066;0
149498;08200512116200705690;08;1;16;077;2020;05;10;3;3;1;5;0;1;1;0;0;0;0;514241,579099999740000;5388519,195699999100000;9,193357176000063;48,649568428000066;0
149499;08200513111500737420;08;1;11;000;2020;05;18;4;3;5;3;0;1;1;0;0;0;0;514301,700600000100000;5405452,145899999900000;9,194760760000065;48,801895787000035;1
149500;08200518116010743320;08;1;16;080;2020;05;08;2;3;2;6;0;1;1;0;0;0;0;521657,380300000310000;5395365,249399999200000;9,294398660000070;48,710942513000077;0
149501;08200514221011722000;08;2;21;000;2020;05;11;5;2;6;7;0;0;1;1;0;0;0;482561,154699999840000;5473942,133899999800000;8,759559045000060;49,417908213000032;0
149502;08200516416100743460;08;4;16;036;2020;05;16;7;3;0;6;0;1;1;0;0;0;0;494386,867700000290000;5368670,193700000600000;8,924058373000037;48,471137962000057;0
149505;08200517111250733100;08;1;11;000;2020;05;16;1;2;0;7;0;1;0;0;0;0;0;514790,828999999910000;5400873,031700000200000;9,201256914000055;48,760691069000075;0
149506;08200516111500737570;08;1;11;000;2020;05;11;7;3;5;3;0;1;1;0;0;0;0;513174,387199999760000;5403270,541699999900000;9,179339113000026;48,782295213000054;0
149507;08200515121200868000;08;1;21;000;2020;05;13;6;3;5;2;0;1;1;0;0;0;0;515210,843299999830000;5446198,774499999400000;9,208666204000053;49,168413785000041;0
149509;08200512111500707780;08;1;11;000;2020;05;14;3;3;1;1;0;1;1;0;0;0;0;513850,506099999880000;5401939,266599999700000;9,188498030000062;48,770304483000075;0
149511;08200518111120722770;08;1;11;000;2020;05;17;2;3;5;2;0;1;1;0;0;0;0;513521,264499999580000;5402231,866900000700000;9,184026870000025;48,772943935000058;0
149514;08200512111500705230;08;1;11;000;2020;05;07;3;3;6;4;0;0;0;1;0;0;1;512357,573300000280000;5406812,344000000500000;9,168326686000057;48,814173656000037;0
149515;08200515335200718790;08;3;35;063;2020;05;11;6;3;5;7;0;1;1;0;0;0;0;496948,906299999920000;5288036,278999999200000;8,959297787000025;47,745691113000078;0
149516;08200512111330707820;08;1;11;000;2020;05;17;3;3;5;3;0;1;1;0;0;0;0;512678,408999999990000;5407912,223799999800000;9,172730871000056;48,824061556000061;0
149517;08200515111500714020;08;1;11;000;2020;05;19;6;2;5;3;0;1;1;0;0;0;0;511054,745299999600000;5400550,270899999900000;9,150412047000032;48,757865088000074;0
149518;08200518235200718990;08;2;35;006;2020;05;12;2;3;5;3;0;1;1;0;0;0;0;470917,399500000290000;5381381,343000000300000;8,605651215000023;48,584841818000029;0
149519;08200512111230705550;08;1;11;000;2020;05;11;3;3;5;2;0;1;1;0;0;0;0;511969,623100000430000;5395434,650599999400000;9,162711344000059;48,711828070000081;0
149520;08200517226700718120;08;2;26;098;2020;05;13;1;3;0;7;0;1;0;0;0;0;0;478296,648799999620000;5459957,222899999500000;8,701524371000062;49,291977598000074;0
149521;08200512111130711150;08;1;11;000;2020;05;12;3;3;3;6;0;1;1;0;0;0;0;512435,911000000310000;5401947,061100000500000;9,169246470000076;48,770404480000082;0
149522;08200515117200727700;08;1;17;024;2020;05;23;6;3;0;1;2;1;0;0;0;0;0;562115,663999999870000;5385077,291999999400000;9,842780183000059;48,615683024000077;0
149523;08200518311010743060;08;3;11;000;2020;05;18;2;2;3;1;0;1;0;0;1;0;0;412075,030899999660000;5319740,127100000200000;7,820733895000046;48,024896673000057;0
149525;08200517417300716180;08;4;17;031;2020;05;12;1;2;0;7;0;1;0;0;0;0;0;497109,193300000390000;5357183,605900000800000;8,960968650000041;48,367816991000041;0
149527;08200516311010740070;08;3;11;000;2020;05;14;7;3;6;4;0;0;1;1;0;0;0;413672,343000000340000;5317010,055999999900000;7,842702469000074;48,000556676000031;0
149529;08200511425000732520;08;4;25;033;2020;05;07;2;3;0;3;0;1;1;0;0;0;0;553246,898599999960000;5347864,078600000600000;9,717727115000059;48,281739187000028;1
149530;08200514317300710080;08;3;17;065;2020;05;13;5;3;0;1;0;1;0;0;0;0;0;414954,288200000300000;5354149,406400000700000;7,852454998000042;48,334801730000038;0
149532;08200511336200767360;08;3;36;069;2020;05;11;2;3;6;7;0;0;1;1;0;0;0;408847,705799999650000;5267988,922599999200000;7,788329896000050;47,558917187000077;0
149533;08200517136200749170;08;1;36;019;2020;05;17;1;3;0;7;0;1;0;0;0;0;1;590274,433699999940000;5423147,952600000400000;10,233120409000037;48,954657103000045;0
149535;08200516128300718010;08;1;28;131;2020;05;18;7;3;2;1;0;1;1;0;0;0;0;541058,058199999850000;5513542,564500000300000;9,570220464000045;49,772948481000071;0
149537;08200516222500727760;08;2;26;009;2020;05;08;7;3;5;3;0;1;1;0;0;0;0;466635,754200000320000;5472599,403200000500000;8,540103470000076;49,405165774000068;0
149539;08200511335100703770;08;3;35;043;2020;05;18;2;3;5;3;0;1;1;0;0;0;0;513045,733500000090000;5279078,715800000400000;9,173764290000065;47,664969723000070;1
149540;08200514231000736640;08;2;37;040;2020;05;19;5;3;1;5;0;1;1;0;0;0;0;474514,947999999860000;5364247,517999999200000;8,655478001000063;48,430858787000034;0
149541;08200518135200733390;08;1;35;032;2020;05;19;2;3;0;1;0;1;0;0;0;0;0;577501,866700000130000;5393637,545499999100000;10,053108337000026;48,690962762000026;0
149542;08200511317500709870;08;3;17;034;2020;05;12;2;3;4;6;0;1;1;0;0;0;0;427180,273099999870000;5361854,504799999300000;8,016061714000045;48,405638610000040;1
149544;08200516118300730400;08;1;18;046;2020;05;17;7;3;5;3;0;1;1;0;0;0;0;512244,029400000350000;5412039,520099999400000;9,166936252000028;48,861198706000039;0
149546;08200511317100706610;08;3;17;001;2020;05;13;2;3;7;7;0;1;0;0;0;0;0;431030,546000000090000;5386607,155999999500000;8,063986022000051;48,628726183000026;0
149547;08200513111210777270;08;1;11;000;2020;05;08;4;3;5;2;0;1;1;0;0;0;0;509873,245099999940000;5397111,799300000100000;9,134254068000075;48,726952472000050;0
149549;08200515216100713680;08;2;16;043;2020;05;08;6;2;5;3;0;1;0;0;0;0;1;441520,097799999640000;5411893,815500000500000;8,202738901000032;48,857252391000031;0
149551;08200512416200704980;08;4;16;041;2020;05;11;3;3;0;1;0;1;0;0;0;0;0;503765,978600000030000;5372479,395999999700000;9,050985325000056;48,505420906000040;0
149553;08200514221200735040;08;2;21;000;2020;05;22;5;3;8;1;2;1;0;0;0;0;0;478655,752700000070000;5472966,600199999300000;8,705765804000066;49,409008937000067;0
149555;08200516435100715790;08;4;35;029;2020;05;13;7;2;2;6;0;1;0;0;0;0;0;544773,924800000150000;5271668,403699999700000;9,595598671000062;47,596878808000042;0
149556;08200513215502732050;08;2;15;066;2020;05;17;4;2;0;1;0;1;0;0;0;0;0;460795,114900000390000;5454138,392999999200000;8,461412959000029;49,238766051000027;0
149560;08200511316200709760;08;3;16;042;2020;05;00;2;2;9;1;2;1;0;0;0;0;0;432385,479500000370000;5326603,617699999400000;8,092015660000072;48,089113542000064;0
149561;08200512335000711390;08;3;35;026;2020;05;13;3;3;3;6;0;1;0;0;0;0;0;482862,310700000260000;5281391,316600000500000;8,771642015000055;47,685682156000041;0
149562;08200517425000743340;08;4;25;071;2020;05;12;1;2;5;3;0;1;1;0;0;0;0;551656,903099999760000;5370693,250900000300000;9,699103879000063;48,487240225000050;0
149565;08200516316100742480;08;3;16;011;2020;05;16;7;3;5;3;0;1;0;0;1;0;0;413936,946499999610000;5330611,865000000200000;7,843511346000071;48,122944153000049;0
149567;08200513212010729060;08;2;12;000;2020;05;09;4;3;5;3;0;1;1;0;0;0;0;456078,558000000190000;5427160,796000000100000;8,399557968000067;48,995784049000065;0
149568;08200516337200754920;08;3;37;123;2020;05;11;7;2;0;1;0;1;0;0;0;0;0;452238,145399999800000;5277994,865199999900000;8,363967132000028;47,653586145000077;0
149569;08200511316100702630;08;3;16;043;2020;05;19;2;3;6;4;0;0;1;1;0;0;0;412476,856300000100000;5330580,345100000500000;7,823901831000057;48,122461541000064;1
149572;08200515116500714040;08;1;16;035;2020;05;18;6;3;5;3;0;1;1;0;0;0;0;527008,474399999720000;5391683,959499999900000;9,366896408000059;48,677617142000031;0
149573;08200518311010719990;08;3;15;064;2020;05;09;2;3;5;2;0;1;1;0;0;0;0;421916,025500000450000;5313060,655099999200000;7,953914262000069;47,966089146000058;0
149574;08200511221400717110;08;2;21;000;2020;05;13;2;3;4;2;0;1;1;0;0;0;0;473817,961000000130000;5472832,665999999300000;8,639086091000024;49,407615299000042;1
149576;08200513436500708820;08;4;36;055;2020;05;12;4;3;0;7;0;1;0;0;0;0;0;571462,897199999540000;5292994,483500000100000;9,954076982000061;47,786344853000060;1
149578;08200516311010715220;08;3;11;000;2020;05;20;7;3;0;1;0;1;0;0;0;0;0;411682,390900000000000;5314539,789500000000000;7,816539457000033;47,978064105000044;0
149579;08200515311010713090;08;3;11;000;2020;05;07;6;3;5;3;0;1;1;0;0;0;0;414491,776300000030000;5315363,257600000100000;7,854013486000042;47,985853209000027;0
149580;08200511221400714210;08;2;21;000;2020;05;09;2;3;1;5;0;1;1;0;0;0;0;476988,200400000440000;5469987,844499999700000;8,682951171000070;49,382154670000034;1
149584;08200514435100720840;08;4;35;029;2020;05;14;5;3;3;6;0;1;1;0;0;0;0;544730,188500000160000;5270792,379100000500000;9,594927566000024;47,588999933000025;0
149586;08200511216100703890;08;2;16;009;2020;05;15;2;3;5;3;0;1;1;0;0;0;0;446899,704400000160000;5420633,272700000600000;8,274936954000054;48,936348095000028;1
149587;08200517216100717660;08;2;16;023;2020;05;13;1;3;3;6;0;1;0;0;0;0;0;437023,245400000360000;5407479,096200000500000;8,142118293000067;48,817102420000026;0
149588;08200513317500706850;08;3;17;096;2020;05;12;4;2;0;7;0;1;0;0;0;0;0;421737,421400000340000;5369281,768300000600000;7,941142995000064;48,471794216000035;1
149589;08200513211021731440;08;2;11;000;2020;05;14;4;3;3;5;0;1;1;0;0;0;0;443959,501699999910000;5401316,000199999700000;8,237436614000046;48,762328874000048;1
149590;08200516221011737220;08;2;26;013;2020;05;19;7;2;0;7;0;1;0;0;0;0;0;498522,235299999830000;5477969,167600000300000;8,979609971000059;49,454379286000062;0
149592;08200511216100701950;08;2;16;043;2020;05;13;2;2;5;3;0;1;1;0;0;0;0;441931,748999999840000;5412307,834000000700000;8,208291678000023;48,861015145000067;1
149597;08200517115100730480;08;1;15;013;2020;05;08;1;3;0;1;0;1;0;0;0;0;0;495800,560499999670000;5389960,987299999200000;8,942969646000051;48,662687179000045;0
149599;08200511136100725150;08;1;36;088;2020;05;15;2;3;6;2;0;0;1;1;0;0;0;580310,958899999970000;5409865,228399999400000;10,094438807000074;48,836565000000064;1
149600;08200517135100749140;08;1;35;020;2020;05;11;1;3;0;1;0;1;0;0;0;0;0;585603,076200000010000;5387162,633700000100000;10,161826996000059;48,631666787000029;0
149602;08200516121500715670;08;1;25;084;2020;05;15;7;3;0;1;0;1;0;0;0;0;0;524815,615199999880000;5468091,147199999500000;9,341782435000027;49,365023300000075;0
149605;08200512316200726830;08;3;16;056;2020;05;10;3;3;5;3;0;1;1;0;0;0;0;423563,064000000250000;5328529,346000000800000;7,973214560000031;48,105439490000037;0
149606;08200518116100759350;08;1;16;019;2020;05;10;2;3;5;3;0;1;1;0;0;0;0;524727,001000000160000;5397461,385099999600000;9,336250378000045;48,729684972000030;0
149607;08200514221011731290;08;2;26;105;2020;05;08;5;2;2;6;0;1;1;0;0;0;0;471803,668999999760000;5477484,335000000900000;8,610989454000048;49,449365846000035;0
149608;08200513136300749030;08;1;36;065;2020;05;16;4;3;6;4;0;0;0;1;0;0;1;556824,354100000110000;5404115,922700000900000;9,773615487000029;48,787443528000040;1
149609;08200516426010721350;08;4;25;140;2020;05;18;7;2;0;1;0;1;0;0;0;0;0;580039,625900000330000;5336425,685599999500000;10,076656531000026;48,176027498000053;0
149611;08200515435200712050;08;4;35;059;2020;05;10;6;2;0;1;0;1;0;0;0;0;0;512063,346199999560000;5291088,099199999100000;9,161011892000033;47,773044353000046;0
149612;08200515118500735560;08;1;18;070;2020;05;12;6;2;0;7;0;1;0;0;0;0;0;517528,708300000060000;5425547,908199999500000;9,239568000000077;48,982588753000073;0
149616;08200511117200731130;08;1;17;006;2020;05;09;2;3;0;1;0;1;0;0;0;0;0;551117,764100000260000;5381620,248600000500000;9,693148567000037;48,585580148000076;1
149617;08200512311400703840;08;3;15;006;2020;05;07;3;3;5;3;0;1;1;0;0;0;0;402641,253499999640000;5307338,161200000000000;7,697047996000038;47,911973909000039;0
149618;08200518111250733090;08;1;11;000;2020;05;12;2;3;0;7;0;1;0;0;0;0;0;515481,712199999950000;5403586,774199999900000;9,210759765000034;48,785086858000057;0
149619;08200514121200872030;08;1;21;000;2020;05;15;5;3;2;6;0;1;1;0;0;0;0;517055,987700000410000;5443049,421399999400000;9,233844765000072;49,140035899000054;0
149620;08200516327200743480;08;3;27;049;2020;05;13;7;3;6;4;0;1;0;1;0;0;0;472938,344800000080000;5324678,417099999300000;8,636695580000037;48,074805344000026;0
149622;08200515337010715980;08;3;37;053;2020;05;20;6;2;0;1;0;1;0;0;0;0;0;457242,771900000050000;5268834,950999999400000;8,431502846000058;47,571521253000071;0
149623;08200510435100702460;08;4;35;016;2020;05;14;1;3;0;7;0;1;0;0;0;0;0;533350,253899999890000;5278710,390000000600000;9,444178960000045;47,660927430000072;0
149624;08200515111500735550;08;1;11;000;2020;05;07;6;3;5;2;0;1;0;0;0;1;0;512195,767199999650000;5406477,579099999700000;9,166112731000055;48,811165351000056;0
149625;08200518311010719060;08;3;11;000;2020;05;15;2;3;0;1;0;1;0;0;0;0;0;411782,994400000200000;5316219,333499999700000;7,817542186000026;47,993185974000028;0
149626;08200510426100700180;08;4;26;044;2020;05;12;1;3;4;1;0;1;1;0;0;0;0;579828,056800000370000;5326846,643500000200000;10,072015874000044;48,089886814000067;0
149628;08200513436200730870;08;4;36;064;2020;05;12;4;3;3;2;0;1;1;0;0;0;0;546825,870199999770000;5293438,531800000000000;9,625229836000074;47,792602595000062;1
149629;08200513128300721010;08;1;28;131;2020;05;18;4;2;0;1;0;1;0;0;0;0;0;537675,613800000400000;5510216,143699999900000;9,522924889000024;49,743252111000061;0
149631;08200518311010764000;08;3;11;000;2020;05;16;2;3;5;3;0;1;0;0;0;0;0;414530,293999999760000;5316014,951999999600000;7,854399851000039;47,991720612000051;0
149632;08200510415400721520;08;4;15;061;2020;05;11;1;3;0;7;0;1;0;0;0;0;0;511232,881000000050000;5364121,357999999100000;9,151850495000076;48,430139325000027;1
149633;08200517421200719740;08;4;25;024;2020;05;15;1;3;0;1;0;1;0;0;0;0;0;573219,022400000130000;5374043,376700000800000;9,991465783000024;48,515232685000058;0
149634;08200514111500720460;08;1;11;000;2020;05;20;5;3;5;3;2;1;1;0;0;0;0;511644,094700000250000;5402489,643699999900000;9,158485657000028;48,775300841000046;0
149635;08200516311010741360;08;3;11;000;2020;05;09;7;3;6;6;0;1;0;1;0;0;0;410021,353900000450000;5319576,913799999300000;7,793230126000026;48,023142537000069;0
149636;08200515316200715010;08;3;16;009;2020;05;17;6;3;5;3;0;1;1;0;0;0;0;417190,306800000370000;5324588,861999999700000;7,888388888000065;48,069196768000040;0
149637;08200510335100702370;08;3;35;043;2020;05;13;1;3;8;1;0;1;0;0;0;0;0;511265,455000000070000;5282151,650000000400000;9,150131035000072;47,692652408000072;0
149638;08200514416010713000;08;4;15;061;2020;05;11;5;3;6;2;0;0;1;1;0;0;0;515894,671500000170000;5371227,466800000500000;9,215140010000027;48,493968289000065;0
149640;08200510326400700200;08;3;26;074;2020;05;14;1;3;0;7;0;1;0;0;0;0;0;459169,637000000100000;5325079,009999999800000;8,451818821000074;48,077676263000058;0
149642;08200513311010771650;08;3;11;000;2020;05;12;4;3;5;3;0;1;1;0;0;0;0;411194,078999999910000;5314498,143999999400000;7,810006120000026;47,977621895000027;1
149643;08200516136100724150;08;1;36;088;2020;05;10;7;3;0;6;0;1;0;0;0;0;1;581734,546400000340000;5410462,942600000600000;10,113954186000058;48,841755161000037;0
149644;08200515216200714830;08;2;11;000;2020;05;17;6;3;5;2;0;1;1;0;0;0;0;438574,438199999740000;5398044,508899999800000;8,164655808000020;48,732393512000044;0
149646;08200515231000741410;08;2;31;000;2020;05;19;6;3;6;4;0;0;1;1;0;0;0;475375,091599999930000;5415227,190300000800000;8,664072001000022;48,889505948000078;0
149647;08200510317500723380;08;3;17;096;2020;05;11;1;2;5;3;0;1;1;0;0;0;0;423950,469700000250000;5368456,508199999100000;7,971229498000071;48,464642545000061;0
149649;08200518136300751410;08;1;36;065;2020;05;14;2;3;6;6;0;1;0;1;0;0;0;556355,924899999980000;5404458,336300000500000;9,767285782000045;48,790566211000055;0
149650;08200510311010756870;08;3;11;000;2020;05;10;1;3;0;7;0;0;0;1;1;0;0;410799,526100000370000;5321889,377599999300000;7,803182746000061;48,044052685000054;0
149651;08200517118500776080;08;1;18;049;2020;05;19;1;3;5;3;0;1;0;0;0;0;0;523853,647499999960000;5422990,246400000500000;9,325860834000025;48,959369383000080;0
149653;08200513126100730820;08;1;26;046;2020;05;08;4;3;4;2;0;1;1;0;0;0;0;549935,384200000200000;5458492,182600000900000;9,686533056000030;49,277145232000066;0
149657;08200512311010731660;08;3;11;000;2020;05;16;3;3;5;3;0;1;1;0;0;0;0;415177,523900000380000;5317927,616000000400000;7,862695128000041;48,009011995000037;0
149658;08200518115200721000;08;1;15;015;2020;05;16;2;3;5;3;0;1;1;0;0;0;0;493560,684999999590000;5388034,742000000600000;8,912581083000021;48,645339314000068;0
149659;08200514215402710580;08;2;15;009;2020;05;11;5;3;4;6;0;1;0;0;0;0;0;469305,560999999750000;5440878,357999999100000;8,579335704000073;49,119976717000043;0
149660;08200516415400715770;08;4;15;061;2020;05;16;7;3;0;7;0;1;0;0;0;0;0;515829,736100000330000;5369694,236500000600000;9,214202996000040;48,480176439000047;0
149661;08200512311010704920;08;3;11;000;2020;05;08;3;3;0;7;0;1;0;0;0;0;0;414513,839800000190000;5316166,047299999700000;7,854149258000064;47,993077574000040;0
149662;08200518118000742290;08;1;18;051;2020;05;16;2;2;4;2;0;1;1;0;0;0;0;510266,461400000380000;5415414,568800000500000;9,140058729000032;48,891595797000036;0
149663;08200514221300711540;08;2;26;012;2020;05;15;5;3;0;7;0;1;0;0;0;0;0;475808,591000000010000;5477681,596200000500000;8,666230226000039;49,451312807000079;0
149664;08200518119100731880;08;1;19;069;2020;05;15;2;3;8;1;0;1;0;0;0;0;0;534503,309000000360000;5433358,657900000000000;9,472220872000037;49,052133701000059;0
149665;08200516436200740100;08;4;37;076;2020;05;19;7;3;4;6;0;1;1;0;0;0;0;524745,980000000450000;5321867,707100000200000;9,332054230000040;48,049611645000027;0
149666;08200516111230716810;08;1;11;000;2020;05;19;7;3;5;3;0;1;1;0;0;0;0;507626,654000000100000;5398644,893999999400000;9,103733879000060;48,740775763000045;0
149668;08200518325302735210;08;3;25;053;2020;05;18;2;2;4;2;0;1;1;0;0;0;0;457116,554200000130000;5341736,553200000900000;8,422577003000072;48,227400905000081;0
149669;08200510235200701180;08;2;35;046;2020;05;19;1;2;0;1;0;1;0;0;0;0;0;480146,205599999990000;5378210,590600000700000;8,730939853000052;48,556677671000045;0
149670;08200512311010704430;08;3;11;000;2020;05;12;3;3;5;3;0;1;1;0;0;0;0;414522,837000000290000;5315636,823599999800000;7,854375214000072;47,988318198000059;0
149672;08200514118600711280;08;1;18;068;2020;05;16;5;3;0;7;0;1;0;0;0;0;0;501276,449099999850000;5422825,659800000500000;9,017436996000072;48,958347735000075;0
149678;08200510222400700710;08;2;26;105;2020;05;19;1;3;5;2;0;1;1;0;0;0;0;469557,064399999570000;5477052,536000000300000;8,580028206000065;49,445373552000035;0
149679;08200515117010714100;08;4;25;071;2020;05;17;6;3;5;3;0;1;1;0;0;0;0;550800,831699999980000;5370923,406800000000000;9,687547016000053;48,489380437000079;0
149680;08200518311010722140;08;3;36;079;2020;05;16;2;2;0;1;0;1;0;0;0;0;0;417253,440000000410000;5292792,827999999700000;7,895344049000073;47,783179929000028;0
149681;08200510221011729650;08;2;22;000;2020;05;18;1;2;5;5;0;1;1;0;0;0;0;469241,610000000340000;5476512,859999999400000;8,575718404000043;49,440503457000034;0
149684;08200516311010715850;08;3;11;000;2020;05;17;7;3;5;3;0;1;1;0;0;0;0;415162,184000000360000;5320925,633999999600000;7,861895945000072;48,035978257000068;0
149685;08200515311010714270;08;3;11;000;2020;05;15;6;2;0;7;0;1;0;0;0;0;0;413380,377199999990000;5315244,316099999500000;7,839145586000029;47,984633734000056;0
149687;08200514311010723010;08;3;11;000;2020;05;10;5;3;1;7;0;1;1;0;0;0;0;411845,568400000220000;5315363,652599999700000;7,818556453000042;47,985497508000037;0
149688;08200518212402720070;08;2;12;000;2020;05;19;2;3;5;2;0;1;1;0;0;0;0;454143,398699999790000;5425697,405200000900000;8,373269504000064;48,982480007000049;0
149689;08200510212302700570;08;2;12;000;2020;05;20;1;3;5;2;0;1;1;0;0;0;0;456729,144100000150000;5428853,443099999800000;8,408271145000072;49,011055572000032;0