OBJECTID;UIDENTSTLAE;ULAND;UREGBEZ;UKREIS;UGEMEINDE;UJAHR;UMONAT;USTUNDE;UWOCHENTAG;UKATEGORIE;UART;UTYP1;ULICHTVERH;IstRad;IstPKW;IstFuss;IstKrad;IstGkfz;IstSonstige;LINREFX;LINREFY;XGCSWGS84;YGCSWGS84;STRZUSTAND
149955;08200521435200742990;08;4;35;020;2020;05;15;5;3;0;1;0;1;0;0;0;0;0;525248,981800000180000;5299472,468299999800000;9,337489272000028;47,848099493000063;0
149956;08200519116100866950;08;1;16;019;2020;05;13;3;3;0;7;0;1;0;1;0;0;0;520346,571800000030000;5399157,812799999500000;9,276767634000066;48,745104328000082;0
149959;08200519116010734000;08;1;16;019;2020;05;21;3;3;6;4;1;0;1;1;0;0;0;522008,915799999610000;5398621,561000000700000;9,299350985000046;48,740223737000065;0
149960;08200521435200728870;08;4;35;053;2020;05;15;5;3;6;6;0;1;0;1;0;0;0;507654,523299999540000;5294006,236300000900000;9,102218041000072;47,799367782000047;0
149961;08200519116010731840;08;1;16;078;2020;05;08;3;2;5;3;0;1;1;0;0;0;0;510315,286000000310000;5394296,929700000200000;9,140194442000052;48,701622639000050;0
149962;08200521435100768290;08;4;35;029;2020;05;14;5;3;4;6;0;1;0;0;0;0;0;543763,864099999890000;5270763,187000000800000;9,582072884000070;47,588803218000066;0
149963;08200519111500737870;08;1;11;000;2020;05;18;3;3;6;4;0;0;1;1;0;0;0;508611,964599999600000;5407499,333300000100000;9,117321040000036;48,820416940000030;0
149964;08200525127010743880;08;1;27;076;2020;05;18;2;3;5;3;0;1;1;0;0;0;0;553599,515599999580000;5440323,104399999600000;9,734481121000044;49,113411935000045;0
149965;08200519111500737830;08;1;11;000;2020;05;12;3;2;6;2;0;0;0;1;0;0;1;512934,604500000370000;5403423,580099999900000;9,176079853000033;48,783676966000030;0
149966;08200525215202762470;08;2;15;084;2020;05;18;2;3;2;2;0;1;1;0;0;0;0;474389,324300000440000;5447787,316400000800000;8,648567358000037;49,182357085000035;0
149969;08200521426100728360;08;4;26;100;2020;05;16;5;3;5;3;0;1;1;0;0;0;0;577063,855000000450000;5318205,611999999700000;10,033345182000062;48,012495486000034;0
149970;08200523436200746370;08;4;36;064;2020;05;11;7;3;5;3;0;1;1;0;0;0;0;546289,033200000410000;5291881,152599999700000;9,617896210000026;47,778629671000033;0
149971;08200519111130733850;08;1;11;000;2020;05;11;3;3;0;7;0;1;0;0;0;0;0;512263,871000000280000;5401214,619000000900000;9,166883269000039;48,763818887000070;0
149972;08200518437100720720;08;4;37;076;2020;05;19;2;3;0;1;0;1;0;0;0;0;0;524539,785899999550000;5321763,937500000000000;9,329281508000065;48,048685997000064;0
149973;08200524118500734890;08;1;18;049;2020;05;19;1;3;0;7;0;1;0;0;0;0;0;517361,089200000280000;5419274,385099999600000;9,237009648000026;48,926159314000074;0
149977;08200518421200753360;08;4;21;000;2020;05;17;2;2;5;3;0;1;1;0;0;0;0;572396,150000000370000;5361190,312999999200000;9,978101230000050;48,399712841000053;0
149978;08200518415112720560;08;4;15;061;2020;05;12;2;3;4;7;0;1;1;0;0;0;0;516881,518500000240000;5374732,554500000600000;9,228639039000029;48,525475419000031;0
149979;08200521426010760830;08;4;26;021;2020;05;20;5;3;5;3;0;1;1;0;0;0;0;556711,424599999560000;5327560,248099999500000;9,761710251000068;48,098783202000050;0
149980;08200518335100722460;08;3;35;043;2020;05;18;2;3;3;6;0;1;0;0;0;0;0;512886,753800000060000;5279427,958100000400000;9,171657053000047;47,668115278000073;0
149981;08200524311010735090;08;3;11;000;2020;05;19;1;3;0;7;0;1;1;0;0;0;0;409669,391999999990000;5316523,841000000000000;7,789153914000053;47,995629983000072;0
149982;08200531111500764340;08;1;11;000;2020;05;21;1;3;0;7;1;1;0;0;0;0;0;516021,670599999840000;5405765,672199999900000;9,218195403000038;48,804674272000057;0
149983;08200528221400769670;08;2;26;018;2020;05;08;5;3;0;7;0;1;0;0;0;0;0;472848,130099999720000;5472261,904400000300000;8,625756492000051;49,402438918000030;0
149984;08200526415100742310;08;4;15;014;2020;05;17;3;3;0;7;0;1;0;0;0;0;0;526235,988400000150000;5374622,339099999500000;9,355324604000032;48,524162572000080;0
149991;08200526335100765640;08;3;35;043;2020;05;21;3;3;0;1;0;1;0;0;0;0;0;511477,708300000060000;5281778,173200000100000;9,152949829000022;47,689288261000058;0
149996;08200529316100760080;08;3;16;011;2020;05;08;6;3;1;5;0;1;1;0;0;0;0;414456,175999999980000;5330499,288000000600000;7,850509727000031;48,122001494000074;0
149997;08200527311200757800;08;3;11;000;2020;05;11;4;3;4;7;0;1;1;0;0;0;0;413334,391099999660000;5317069,089700000400000;7,838160967000022;48,001041976000067;0
149998;08200529415100770210;08;4;15;062;2020;05;09;6;3;0;7;0;1;1;0;0;0;0;519890,754900000060000;5378782,888199999900000;9,269588389000035;48,561825008000028;0
150000;08200528336400858360;08;3;36;008;2020;05;14;5;3;6;4;0;1;0;1;0;0;0;396323,967000000180000;5276368,865499999400000;7,619919931000027;47,632417353000051;0
150001;08200526317200742300;08;3;17;057;2020;05;12;3;2;0;1;0;1;0;0;0;0;0;414655,864400000310000;5384003,231899999100000;7,842336682000052;48,603285330000062;0
150002;08200528117010765620;08;1;17;026;2020;05;12;5;2;6;4;0;0;1;1;0;0;0;547751,394899999720000;5394575,752299999800000;9,648997918000021;48,702388365000047;0
150003;08200526317100765540;08;3;17;056;2020;05;09;3;3;6;6;0;0;1;1;0;0;0;435269,209400000050000;5383113,523900000400000;8,122048522000057;48,597753488000080;0
150004;08200530221400770490;08;2;21;000;2020;05;10;7;3;5;3;0;1;1;0;0;0;0;477632,759300000030000;5470773,435599999500000;8,691787351000073;49,389244982000037;0
150005;08200527226700746020;08;2;26;041;2020;05;18;4;3;6;4;0;0;0;1;1;0;0;477278,927099999970000;5466217,903799999500000;8,687171852000063;49,348255306000055;0
150006;08200529226400770460;08;2;26;037;2020;05;18;6;3;5;3;0;1;1;0;0;0;0;465788,360799999910000;5468555,625299999500000;8,528771317000064;49,368746134000048;0
150007;08200531135100755950;08;1;35;015;2020;05;17;1;2;8;1;0;1;0;0;0;0;0;579295,028699999680000;5385791,505599999800000;10,075966698000059;48,620165753000038;0
150008;08200528311010761110;08;3;11;000;2020;05;11;5;3;4;6;0;1;1;0;0;0;0;413442,202600000430000;5314757,595200000300000;7,840072079000038;47,980263870000044;0
150009;08200526317000761350;08;3;17;096;2020;05;10;3;2;0;7;0;1;0;0;0;0;0;422128,555599999610000;5369343,281800000000000;7,946422472000052;48,472396084000081;0
150010;08200527111500766420;08;1;11;000;2020;05;10;4;3;6;7;0;0;0;1;0;0;1;518335,564100000080000;5405757,691999999800000;9,249707130000047;48,804538527000034;0
150011;08200527436201763830;08;4;36;064;2020;05;14;4;2;2;2;0;1;1;0;0;0;0;545288,072200000290000;5291410,257700000000000;9,604486398000063;47,774464160000036;0
150012;08200526311000761600;08;3;11;000;2020;05;11;3;3;4;6;0;1;1;0;0;0;0;412148,673000000420000;5315428,651399999900000;7,822604465000040;47,986123897000027;0
150013;08200531221011777720;08;2;21;000;2020;05;18;1;3;4;2;0;1;1;0;0;0;0;477701,336900000460000;5471806,361300000900000;8,692674351000051;49,398538530000053;0
150014;08200528317010765820;08;3;17;065;2020;05;07;5;2;2;6;0;1;1;0;0;0;0;417060,073099999690000;5354860,540799999600000;7,880723191000072;48,341478270000039;0
150015;08200526231000755700;08;2;31;000;2020;05;13;3;3;1;5;0;1;1;0;0;0;0;476666,677799999710000;5415582,355699999300000;8,681670983000061;48,892750871000032;0
150019;08200527215102748350;08;2;15;105;2020;05;13;4;3;0;1;0;1;0;0;0;0;0;456875,210400000210000;5440972,493400000000000;8,408977033000042;49,120077088000073;0
150020;08200529212702750620;08;2;15;017;2020;05;09;6;3;2;6;0;1;1;0;0;0;0;455852,149000000210000;5421591,218800000800000;8,397067373000027;48,945668644000079;0
150022;08200528222200749530;08;2;22;000;2020;05;12;5;3;0;6;0;1;1;0;0;0;0;461231,127000000330000;5481778,283900000200000;8,464710557000046;49,487405159000048;0
150024;08200527111500759460;08;1;11;000;2020;05;16;4;3;1;5;0;1;1;0;0;0;0;507885,917799999940000;5407232,377699999100000;9,107424971000057;48,818025080000041;0
150025;08200527336200859890;08;3;36;069;2020;05;23;4;3;0;7;2;1;0;0;0;0;0;408578,348600000140000;5268110,668600000400000;7,784724881000045;47,559974519000036;0
150026;08200529436200760520;08;4;36;064;2020;05;16;6;3;0;1;0;1;0;0;0;0;0;545360,047199999910000;5293134,792799999900000;9,605627224000045;47,789974786000073;0
150028;08200530115100763780;08;1;15;013;2020;05;11;7;3;0;1;0;1;0;0;0;0;0;496794,593000000340000;5390098,228000000100000;8,956468005000033;48,663927708000074;0
150030;08200529116500873220;08;1;16;081;2020;05;18;6;3;9;1;0;1;0;0;0;0;0;520141,860700000080000;5386410,864900000400000;9,273361675000047;48,630439394000064;0
150032;08200528216200749160;08;2;16;007;2020;05;15;5;3;0;7;0;1;0;0;0;0;0;435833,374400000090000;5394055,357000000800000;8,128004072000067;48,696234767000078;0
150034;08200527111500757580;08;1;11;000;2020;05;08;4;3;5;2;0;1;1;0;0;0;0;517069,525999999610000;5408685,643999999400000;9,232587276000061;48,830913941000063;0
150035;08200530325202753230;08;3;25;011;2020;05;14;7;3;8;7;0;1;0;0;0;0;0;473419,034500000070000;5341131,343399999700000;8,642121062000058;48,222848890000080;0
150038;08200526215502766980;08;2;15;106;2020;05;06;3;3;4;2;0;1;1;0;0;0;0;464869,860799999910000;5455478,027300000200000;8,517271154000071;49,251063353000063;0
150040;08200526212702741820;08;2;15;017;2020;05;19;3;3;0;1;0;1;0;0;0;0;0;455720,046000000090000;5422112,961100000900000;8,395206612000038;48,950352375000080;0
150042;08200526212502775650;08;2;12;000;2020;05;08;3;3;5;3;0;1;0;0;0;0;0;455029,845200000330000;5428497,933800000700000;8,385073995000028;49,007736233000060;0
150043;08200528426100747630;08;4;26;021;2020;05;13;5;3;5;3;0;1;1;0;0;0;0;559285,453999999910000;5326087,471000000800000;9,796074985000075;48,085299499000030;0
150044;08200526212502763980;08;2;12;000;2020;05;08;3;3;5;3;0;1;1;0;0;0;0;454305,129800000230000;5428870,700300000600000;8,375122823000027;49,011036057000069;0
150045;08200530415400772500;08;4;15;061;2020;05;19;7;3;1;7;0;1;1;0;0;0;0;514823,553999999540000;5369984,461999999400000;9,200598042000024;48,482811949000052;0
150047;08200526212302745670;08;2;12;000;2020;05;15;3;3;6;3;0;1;0;1;0;0;0;455934,269799999890000;5428733,177200000700000;8,397414921000063;49,009917516000030;0
150048;08200530311010775340;08;3;36;082;2020;05;16;7;3;6;4;0;1;0;1;0;0;0;416023,754499999810000;5271623,395999999700000;7,883005066000067;47,592581406000079;0
150049;08200527311010748320;08;3;11;000;2020;05;12;4;3;4;2;0;1;0;0;0;0;0;412244,667100000200000;5316803,383099999300000;7,823609644000044;47,998503200000073;0
150053;08200526212010774020;08;2;12;000;2020;05;15;3;3;5;3;0;1;1;0;0;0;0;461354,781100000250000;5422354,608100000800000;8,472141487000044;48,952903889000027;0
150054;08200528115100770320;08;1;15;048;2020;05;15;5;2;0;7;0;1;0;0;0;0;0;510068,484600000080000;5388324,315500000500000;9,136694755000065;48,647896431000049;0
150057;08200527222500746550;08;2;22;000;2020;05;13;4;3;1;5;0;1;1;0;0;0;0;463036,265900000000000;5478470,866900000700000;8,489942395000071;49,457769173000031;0
150058;08200529221011755350;08;2;26;095;2020;05;16;6;3;5;3;0;1;0;0;0;0;1;474490,502799999900000;5461839,624800000300000;8,649061039000060;49,308762707000028;0
150059;08200530226200756320;08;2;26;032;2020;05;11;7;3;0;3;0;1;0;0;0;0;0;467290,003800000060000;5462921,532700000300000;8,549916616000076;49,318151052000076;0
150060;08200527231102757620;08;2;36;028;2020;05;11;4;3;6;4;0;0;1;1;0;0;0;494108,227500000040000;5422598,391400000100000;8,919518477000054;48,956276543000058;0
150061;08200529311010754730;08;3;36;050;2020;05;15;6;3;0;7;0;1;0;0;0;0;0;399720,155899999660000;5273472,085100000700000;7,665778556000021;47,606894693000072;0
150062;08200531212102756460;08;2;12;000;2020;05;11;1;3;0;7;0;1;0;0;0;0;0;457846,202600000430000;5428869,671900000400000;8,423544412000069;49,011278876000063;0
150063;08200528316200770200;08;3;16;056;2020;05;10;5;3;6;4;0;0;1;1;0;0;0;422370,964800000190000;5327422,771299999200000;7,957405012000038;48,095341075000078;0
150064;08200526212010764460;08;2;12;000;2020;05;16;3;3;4;6;0;1;0;0;0;0;0;453518,251000000160000;5432463,687999999200000;8,363951134000047;49,043296278000071;0
150065;08200528111500749270;08;1;11;000;2020;05;12;5;3;5;2;0;1;1;0;0;0;0;516855,112200000320000;5409945,239399999400000;9,229717529000027;48,842250867000075;0
150066;08200526212010742770;08;2;12;000;2020;05;15;3;2;6;7;0;0;0;1;0;0;1;455726,540300000460000;5428747,008999999600000;8,394572942000025;49,010027065000031;0
150070;08200531115300775010;08;1;15;028;2020;05;19;1;3;5;3;0;1;1;0;0;0;0;501049,993499999870000;5405374,032700000300000;9,014298669000027;48,801356733000034;0
150072;08200526212010741960;08;2;12;000;2020;05;22;3;3;8;6;2;1;0;0;0;0;0;455707,594499999660000;5428119,880000000800000;8,394382297000050;49,004384616000038;0
150073;08200527111140746310;08;1;11;000;2020;05;17;4;3;0;1;0;1;0;0;0;0;0;510883,083200000230000;5402873,767999999200000;9,148137872000064;48,778770176000080;0
150074;08200531126200771670;08;1;26;066;2020;05;20;1;2;0;1;0;1;0;0;0;0;0;532464,469800000080000;5450218,326700000100000;9,445674927000027;49,203899651000029;0
150078;08200527425000744040;08;4;25;071;2020;05;09;4;3;5;3;0;1;1;0;0;0;0;551656,734799999740000;5370693,498600000500000;9,699101632000065;48,487242467000044;0
150080;08200527125102746330;08;1;25;065;2020;05;14;4;2;6;1;0;0;1;1;0;0;0;516419,455299999560000;5449015,282299999100000;9,225361129000021;49,193717866000043;0
150081;08200527121600766280;08;1;25;094;2020;05;11;4;3;1;7;0;1;1;0;0;0;0;514031,167799999940000;5437024,029600000000000;9,192164020000064;49,085911699000064;0
150083;08200530426100753350;08;4;26;031;2020;05;13;7;3;0;1;0;1;0;0;0;0;0;584200,433400000450000;5328762,470400000000000;10,131099236000068;48,106557500000065;0
150085;08200526121400745010;08;1;25;074;2020;05;18;3;3;4;1;0;1;1;0;0;0;0;509018,580000000070000;5439577,780400000500000;9,123571293000055;49,108977688000039;0
150086;08200526436200872910;08;4;36;064;2020;05;07;3;3;4;2;0;1;1;0;0;0;0;544738,659400000240000;5290346,772199999500000;9,597043955000061;47,764934302000029;0
150087;08200530317300756640;08;3;17;121;2020;05;14;7;3;0;7;0;1;0;0;0;0;0;422511,603900000450000;5347543,603800000600000;7,955622546000029;48,276353203000042;0
150088;08200527311300757720;08;3;11;000;2020;05;21;4;3;0;7;1;1;0;0;0;0;0;413347,448699999600000;5315496,209400000100000;7,838653546000046;47,986895144000073;0
150089;08200527121400746430;08;1;25;074;2020;05;17;4;2;0;1;0;1;0;0;0;0;0;509311,925999999980000;5438979,255000000800000;9,127576864000048;49,103589323000051;0
150090;08200529415400754020;08;4;15;061;2020;05;17;6;3;1;7;0;1;1;0;0;0;0;516939,621600000190000;5379019,731200000300000;9,229600354000070;48,564042403000030;0
150091;08200530336300772190;08;3;36;106;2020;05;15;7;2;0;1;0;1;0;0;0;0;0;418089,354399999600000;5288443,021500000700000;7,907321155000034;47,744156263000036;0
150092;08200527325202769690;08;3;25;049;2020;05;16;4;2;0;1;0;1;0;0;0;0;0;471518,361399999820000;5334200,539200000500000;8,616996433000054;48,160412132000033;0
150093;08200527121400746070;08;1;25;056;2020;05;19;4;3;2;1;0;1;1;0;0;0;0;511076,690799999980000;5436035,392999999200000;9,151674030000038;49,077078728000060;0
150094;08200529426100754500;08;4;26;021;2020;05;17;6;3;5;1;0;1;1;0;0;0;0;557121,317999999970000;5327592,710300000400000;9,767219503000035;48,099038617000076;0
150096;08200528421300772430;08;4;21;000;2020;05;18;5;3;6;4;0;0;1;1;0;0;0;572272,148699999790000;5356761,789200000500000;9,975664570000049;48,359891245000028;0
150097;08200526118100764090;08;1;18;010;2020;05;05;3;3;5;3;0;1;0;0;0;0;1;509086,403800000440000;5432023,735700000100000;9,124330900000075;49,041024448000030;0
150098;08200530415200767330;08;4;15;053;2020;05;13;7;3;3;6;0;1;0;0;0;0;0;536927,111100000330000;5353218,350700000300000;9,498228132000065;48,331070635000060;0
150099;08200528119300758420;08;1;19;067;2020;05;11;5;3;5;3;0;1;1;0;0;0;0;537970,060200000180000;5405987,469599999500000;9,517116881000050;48,805716142000051;0
150101;08200530231000770650;08;2;31;000;2020;05;14;7;3;2;1;0;1;0;0;0;0;0;476416,366700000130000;5415523,609300000600000;8,678259516000026;48,892212932000064;0
150102;08200527235100773820;08;2;35;085;2020;05;19;4;3;3;6;0;1;0;0;1;0;0;482283,110000000340000;5393275,876000000200000;8,759255332000066;48,692270911000037;0
150103;08200527119400766390;08;1;19;090;2020;05;12;4;3;2;1;0;1;1;0;0;0;0;531113,877100000160000;5407190,550899999200000;9,423836222000034;48,816919719000055;0
150104;08200529335200772460;08;3;35;063;2020;05;13;6;3;6;7;0;1;0;1;0;0;0;497897,279699999840000;5287461,987999999900000;8,971952056000021;47,740527667000038;0
150105;08200531222400756840;08;2;22;000;2020;05;19;1;3;5;3;0;1;1;0;0;0;0;469675,475499999710000;5476785,083799999200000;8,581682152000042;49,442973824000035;0
150106;08200528317500760900;08;3;17;151;2020;05;19;5;3;0;7;0;1;0;0;0;0;0;412084,237999999900000;5368403,005799999500000;7,810752227000023;48,462614688000031;0
150108;08200531311010756590;08;3;11;000;2020;05;19;1;3;5;3;0;1;0;0;0;0;1;412379,094999999740000;5315704,163000000600000;7,825635713000054;47,988633819000029;0
150110;08200526118000760140;08;1;18;007;2020;05;18;3;2;0;1;0;1;0;0;0;0;0;511391,543300000020000;5427019,806099999700000;9,155731936000052;48,995973036000066;0
150112;08200526116500753060;08;1;16;049;2020;05;11;3;3;0;1;0;1;0;0;0;0;0;524096,743599999700000;5385360,101500000800000;9,326974720000067;48,620846771000060;0
150113;08200530221400774510;08;2;21;000;2020;05;09;7;3;0;7;0;1;0;0;0;0;0;477178,315200000070000;5471270,539899999300000;8,685496826000076;49,393699507000065;0
150115;08200527118400769440;08;1;18;048;2020;05;17;4;3;5;3;0;1;1;0;0;0;0;516592,794700000440000;5415958,052899999500000;9,226386329000036;48,896347709000054;0
150117;08200531212010765520;08;2;15;009;2020;05;09;1;2;0;1;0;1;0;0;0;0;0;470100,705900000410000;5440740,243100000500000;8,590243026000053;49,118773537000038;0
150118;08200528311010766040;08;3;11;000;2020;05;08;5;2;6;6;0;1;0;1;0;0;0;414673,068500000050000;5316316,541099999100000;7,856253189000029;47,994452595000041;0
150119;08200526116400764510;08;1;16;070;2020;05;07;3;3;6;7;0;0;1;1;0;0;0;539611,270600000400000;5384851,828600000600000;9,537438896000026;48,615484397000046;0
150120;08200526435100762590;08;4;35;045;2020;05;15;3;3;0;7;0;1;0;0;0;0;0;535587,690899999810000;5285876,620500000200000;9,474562117000062;47,725285370000051;0
150121;08200527436300746350;08;4;36;085;2020;05;15;4;3;8;1;0;1;0;0;0;0;0;558766,902999999930000;5298575,492000000600000;9,785351985000034;47,837838827000041;0
150123;08200530115200765290;08;1;15;021;2020;05;11;7;3;4;6;0;1;1;0;0;0;0;495471,274799999780000;5380801,867699999400000;8,938597818000062;48,580287560000045;0
150124;08200527136100744600;08;1;36;082;2020;05;19;4;3;0;1;0;1;0;0;0;0;0;589511,233699999750000;5414741,278000000900000;10,220853660000046;48,879160962000071;0
150125;08200528111500760340;08;1;11;000;2020;05;14;5;3;5;3;0;1;1;0;0;0;0;518442,315799999980000;5403322,800899999200000;9,251051626000049;48,782631445000050;0
150127;08200530216300756300;08;2;16;015;2020;05;15;7;3;5;3;0;1;0;0;0;0;0;449755,752500000410000;5406423,320499999400000;8,315677701000027;48,808765672000050;0
150128;08200527215202776300;08;2;15;084;2020;05;18;4;2;0;1;0;1;0;0;0;0;0;472918,059000000360000;5445552,122999999700000;8,628529388000061;49,162187971000037;0
150129;08200529212702769070;08;2;15;108;2020;05;15;6;2;5;3;0;1;1;0;0;0;0;448422,669900000100000;5423446,986700000200000;8,295374453000022;48,961786337000035;0
150132;08200526115300778020;08;1;15;028;2020;05;14;3;2;0;7;0;1;0;0;0;0;0;500507,773500000130000;5404920,850999999800000;9,006914231000053;48,797280621000027;0
150133;08200526426100775490;08;4;26;120;2020;05;23;3;3;1;1;2;1;1;0;0;0;0;561073,583999999800000;5324115,816999999800000;9,819801340000026;48,067393376000041;0
150134;08200527415200745430;08;4;15;053;2020;05;09;4;3;0;7;0;1;0;0;0;0;0;538268,695199999960000;5362223,176899999400000;9,517147972000032;48,412000358000057;0
150135;08200527117300751380;08;1;17;026;2020;05;13;4;3;0;1;0;1;0;0;0;0;0;548321,141499999910000;5394871,742300000000000;9,656775565000032;48,705007062000050;0
150136;08200529436500762740;08;4;36;069;2020;05;21;6;2;0;1;1;1;0;0;0;0;0;552350,132600000130000;5294351,857300000300000;9,699095910000040;47,800394190000077;0
150137;08200527117300746280;08;1;17;026;2020;05;13;4;3;0;1;0;1;0;0;0;0;0;549778,790300000460000;5394538,269600000200000;9,676546135000024;48,701892689000033;0
150138;08200529111500749830;08;1;11;000;2020;05;07;6;3;5;2;0;1;1;0;0;0;0;512322,968999999580000;5401984,670900000300000;9,167710520000071;48,770745063000049;0
150140;08200529118500764840;08;1;18;014;2020;05;17;6;3;5;3;0;1;0;0;1;0;0;522107,695600000210000;5421549,181399999200000;9,301931789000037;48,946471096000039;0
150141;08200531111130756700;08;1;11;000;2020;05;18;1;3;0;6;0;1;1;0;0;0;0;511569,109100000000000;5401121,940600000300000;9,157426579000060;48,762998458000027;0
150144;08200526425000743430;08;4;25;033;2020;05;15;3;3;5;3;0;1;1;0;0;0;0;553692,975300000050000;5347122,156700000200000;9,723645118000036;48,275027154000043;0
150145;08200530327100773010;08;3;27;057;2020;05;14;7;3;5;6;0;1;1;0;0;0;0;493690,682500000110000;5309410,004300000100000;8,915520808000053;47,937975993000066;0
150146;08200527317300746710;08;3;17;150;2020;05;17;4;3;4;6;0;1;0;0;0;0;1;407374,656899999830000;5352568,604199999900000;7,750552626000058;48,319517501000064;0
150148;08200526111500747090;08;1;11;000;2020;05;08;3;3;2;7;0;1;0;0;0;0;1;508323,954099999740000;5399009,282900000000000;9,113225546000024;48,744044879000057;0
150149;08200528417300747300;08;4;17;008;2020;05;12;5;3;0;3;0;1;1;0;0;0;0;494398,093000000340000;5350722,164999999100000;8,924449643000060;48,309667448000027;0
150151;08200528118400855540;08;1;18;048;2020;05;13;5;3;1;6;0;0;1;1;0;0;0;514381,225899999960000;5415924,620699999900000;9,196211475000041;48,896102247000044;0
150152;08200526111230745110;08;1;11;000;2020;05;13;3;3;1;1;0;1;1;0;0;0;0;509303,889999999660000;5398032,160399999500000;9,126532904000044;48,735240815000054;0
150155;08200527116200767810;08;1;16;078;2020;05;19;4;3;2;6;0;1;1;0;0;0;0;510471,606200000270000;5394504,883999999600000;9,142324249000069;48,703490802000033;0
150158;08200530316100765550;08;3;16;017;2020;05;18;7;3;0;1;0;1;0;0;0;0;0;410203,083899999970000;5340433,416099999100000;7,791273829000033;48,210772471000041;0
150159;08200527311010873340;08;3;11;000;2020;05;11;4;3;3;2;0;1;0;0;0;0;1;414328,104000000280000;5319384,915999999300000;7,851017173000059;48,022007615000064;0
150160;08200529337100800030;08;3;37;076;2020;05;14;6;3;0;7;0;1;0;0;0;0;0;426604,318799999540000;5266981,619100000700000;8,024493866000057;47,552105441000037;0
150161;08200531226500767710;08;2;26;085;2020;05;11;1;3;0;7;0;1;0;0;0;0;0;488996,427899999540000;5457660,741599999400000;8,848735621000060;49,271606802000065;0
150163;08200525436200737510;08;4;36;064;2020;05;14;2;3;5;3;0;1;1;0;0;0;0;538219,425699999560000;5288494,575500000300000;9,509884850000049;47,748689268000078;0
150166;08200530221300765530;08;2;21;000;2020;05;17;7;2;4;6;0;1;0;0;0;0;0;476688,877299999820000;5475114,573899999300000;8,678526334000026;49,428257401000053;0
150167;08200527222500747210;08;2;22;000;2020;05;14;4;3;0;6;0;1;1;0;0;0;0;466200,981999999840000;5480209,684900000700000;8,533461809000073;49,473593456000060;0
150168;08200529221400769030;08;2;21;000;2020;05;23;6;3;0;7;2;1;0;0;0;0;0;477529,967000000180000;5470789,391000000800000;8,690370029000064;49,389384714000073;0
150170;08200528235100771960;08;2;35;079;2020;05;17;5;3;6;7;0;1;0;1;0;0;0;466893,278500000010000;5399780,089099999500000;8,549614800000029;48,750154593000047;0
150173;08200531215502769080;08;2;15;106;2020;05;00;1;3;0;1;2;1;0;0;0;0;0;466865,706199999900000;5454561,774399999500000;8,544771225000034;49,242933042000061;0
150175;08200525416200742170;08;4;16;041;2020;05;17;2;3;3;2;0;1;0;0;1;0;0;506194,188199999740000;5375157,435200000200000;9,083899141000075;48,529494267000075;0
150177;08200525416010737860;08;4;16;041;2020;05;19;2;2;4;6;0;1;0;0;0;0;0;503376,953999999910000;5374389,528999999200000;9,045734019000065;48,522607394000033;0
150178;08200530135010755800;08;1;35;016;2020;05;19;7;2;0;1;0;1;0;0;0;0;0;591810,948699999600000;5386367,416899999600000;10,245885663000024;48,623633931000029;0
150179;08200527212702773710;08;2;15;017;2020;05;10;4;3;0;7;0;1;0;0;0;0;0;456527,287700000220000;5421255,207399999700000;8,406323158000021;48,942693973000075;0
150180;08200527115100769550;08;1;15;048;2020;05;17;4;3;5;3;0;1;1;0;0;0;0;509968,357900000180000;5386839,898499999200000;9,135299668000073;48,634543992000033;0
150181;08200529136300772510;08;1;36;065;2020;05;17;6;3;0;1;0;1;1;0;0;0;0;562792,042799999940000;5406462,595200000300000;9,855210285000055;48,807977784000059;0
150182;08200531117010758290;08;1;17;060;2020;05;10;1;2;3;6;0;1;0;0;0;0;0;543152,570399999620000;5388982,744200000500000;9,585914273000071;48,652410729000053;0
150183;08200528222014770180;08;2;22;000;2020;05;23;5;2;0;1;2;1;0;0;0;0;0;464786,473500000310000;5475793,774900000500000;8,514330249000068;49,433793793000063;0
150186;08200527327100766750;08;3;27;050;2020;05;21;4;3;0;1;2;1;0;0;0;0;0;485819,748499999750000;5314495,348899999600000;8,809964913000044;47,983603980000055;0
150187;08200526416200741100;08;4;16;041;2020;05;11;3;2;0;1;0;1;0;0;0;0;0;503804,510200000370000;5374502,611099999400000;9,051525433000052;48,523622275000037;0
150190;08200527127100744510;08;1;27;076;2020;05;17;4;2;3;6;0;1;1;0;0;0;0;553427,632299999710000;5439854,690099999300000;9,732063986000071;49,109213646000057;0
150191;08200529116400750860;08;1;16;033;2020;05;11;6;2;0;1;0;1;0;0;0;0;0;533353,543999999760000;5386896,884600000500000;9,452702672000044;48,634246465000047;0
150192;08200530435100791210;08;4;35;016;2020;05;19;7;3;4;2;0;1;1;0;0;0;0;535835,006799999620000;5277720,424300000100000;9,477190104000044;47,651887412000065;0
150193;08200528216100765830;08;2;16;012;2020;05;23;5;3;1;5;2;1;1;0;0;0;0;442288,657999999820000;5419679,406300000800000;8,212115989000040;48,927355245000058;0
150194;08200525415400761740;08;4;15;061;2020;05;09;2;3;0;7;0;1;0;0;0;0;0;512889,126799999740000;5371548,167799999900000;9,174469016000046;48,496922277000067;0
150195;08200526416200740750;08;4;16;041;2020;05;13;3;3;0;7;0;1;0;0;0;0;0;502568,375699999740000;5376367,974300000800000;9,034795655000039;48,540410009000027;0