OBJECTID;UIDENTSTLAE;ULAND;UREGBEZ;UKREIS;UGEMEINDE;UJAHR;UMONAT;USTUNDE;UWOCHENTAG;UKATEGORIE;UART;UTYP1;ULICHTVERH;IstRad;IstPKW;IstFuss;IstKrad;IstGkfz;IstSonstige;LINREFX;LINREFY;XGCSWGS84;YGCSWGS84;STRZUSTAND
150984;08200615311010822940;08;3;36;050;2020;06;10;2;3;5;3;0;1;1;0;0;0;0;400999,446800000030000;5276372,056199999500000;7,682139321000022;47,633177786000033;0
150985;08200617212010818200;08;2;12;000;2020;06;18;4;3;5;3;0;1;1;0;0;0;0;456952,767099999820000;5428681,956100000100000;8,411347206000073;49,009528667000041;1
150986;08200617212010811160;08;2;12;000;2020;06;13;4;3;3;6;0;1;0;0;0;0;0;455540,748700000350000;5428380,848500000300000;8,392072544000030;49,006720058000042;0
150988;08200621117200820080;08;1;17;058;2020;06;15;1;3;0;1;0;1;0;0;0;0;0;546122,698900000190000;5379035,843000000300000;9,625134039000045;48,562719257000026;0
150989;08200617127200813970;08;1;27;071;2020;06;11;4;3;7;7;0;1;0;0;0;0;1;574996,371100000110000;5453663,071399999800000;10,030129200000033;49,231152739000038;0
150991;08200615311010805500;08;3;11;000;2020;06;12;2;3;0;7;0;1;0;0;0;0;0;412939,235000000340000;5316686,090299999300000;7,832942355000057;47,997543079000081;0
150994;08200617118500823140;08;1;18;049;2020;06;17;4;3;5;3;0;1;0;0;0;0;0;518481,016699999570000;5422071,345499999800000;9,252425334000066;48,951287291000028;1
150995;08200617117400812810;08;1;17;018;2020;06;14;4;3;0;1;0;1;0;0;0;0;0;539270,830199999730000;5396135,806800000400000;9,533891252000046;48,717013703000077;0
150996;08200615311010803400;08;3;11;000;2020;06;14;2;3;1;5;0;1;1;0;0;0;0;413729,163700000380000;5316261,522199999500000;7,843614530000025;47,993831019000027;0
150997;08200617116100873120;08;1;16;056;2020;06;13;4;3;3;6;0;1;1;0;0;0;0;531083,686099999580000;5395306,636399999300000;9,422527239000033;48,710016602000053;1
150998;08200617116010818630;08;1;16;077;2020;06;07;4;3;5;3;0;1;1;0;0;0;0;516394,341199999680000;5388658,999099999700000;9,222590436000075;48,650773343000026;0
151001;08200616436300818960;08;4;36;081;2020;06;14;3;3;6;4;0;0;1;1;0;0;0;561602,564600000160000;5282948,466600000900000;9,821027725000022;47,696982849000051;1
151002;08200616436000839960;08;4;36;064;2020;06;17;3;2;5;3;0;1;1;0;0;0;0;543568,462799999860000;5289876,857400000100000;9,581381241000031;47,760786601000063;0
151003;08200616435100874300;08;4;35;016;2020;06;09;3;3;5;3;0;1;1;0;0;0;0;536607,036999999550000;5278581,906999999700000;9,487542466000036;47,659595301000081;1
151005;08200616416100808310;08;4;16;036;2020;06;18;3;3;0;7;0;1;0;0;0;0;0;495038,652999999930000;5368821,103000000100000;8,932874760000061;48,472501089000048;0
151006;08200616416100808090;08;4;16;036;2020;06;14;3;3;0;7;0;1;0;0;0;0;0;496652,047199999910000;5369585,101099999600000;8,954697275000058;48,479385010000044;0
151009;08200616415100806910;08;4;15;050;2020;06;19;3;3;4;1;0;1;1;0;0;0;0;521079,519000000320000;5376310,727000000000000;9,285574869000072;48,539546077000068;0
151011;08200620335300818120;08;3;35;075;2020;06;14;7;3;5;3;0;1;1;0;0;0;0;487959,809000000360000;5290930,685000000500000;8,839301527000032;47,771628450000037;0
151012;08200616335300826680;08;3;35;035;2020;06;09;3;3;5;2;0;1;1;0;0;0;0;484466,816999999810000;5289759,294399999100000;8,792723287000058;47,761014129000046;0
151013;08200620335100846060;08;3;35;043;2020;06;22;7;3;0;1;2;1;0;0;0;0;0;512848,017199999650000;5280172,916300000600000;9,171162983000045;47,674818932000051;0
151014;08200616335300806010;08;3;35;100;2020;06;09;3;2;5;3;0;1;0;0;0;0;0;489281,040699999780000;5286300,101099999600000;8,857049872000061;47,729987866000045;0
151015;08200616326400806330;08;3;26;075;2020;06;15;3;3;0;1;0;1;0;0;0;0;0;460384,900500000450000;5317122,922700000900000;8,468870321000054;48,006174141000031;1
151018;08200621111120854730;08;1;11;000;2020;06;12;1;3;0;7;0;1;0;0;0;0;0;513347,358699999750000;5403344,992300000000000;9,181696129000045;48,782961277000027;0
151020;08200622335100861010;08;3;35;043;2020;06;12;2;3;5;3;0;1;1;0;0;0;0;511138,135800000280000;5281493,217299999700000;9,148417491000032;47,686730271000044;0
151021;08200625128200871430;08;1;28;115;2020;06;18;5;3;6;7;0;0;0;1;1;0;0;548033,385800000280000;5497084,738800000400000;9,665065091000031;49,624410989000069;0
151022;08200625226600859670;08;2;26;096;2020;06;18;5;3;4;6;0;1;0;0;0;0;1;474916,119800000450000;5488366,703500000800000;8,653238561000023;49,547385636000058;0
151024;08200622115100822980;08;1;15;003;2020;06;14;2;3;5;3;0;1;1;0;0;0;0;500767,185800000090000;5392886,929800000000000;9,010424174000036;48,689022969000064;0
151025;08200623415400825890;08;4;15;061;2020;06;20;3;3;4;6;0;1;1;0;0;0;0;517667,239900000390000;5378525,816099999500000;9,239441462000059;48,559578944000066;0
151026;08200625128100848620;08;1;28;126;2020;06;11;5;3;6;7;0;0;1;1;0;0;0;565243,939299999740000;5481379,733400000300000;9,900732210000058;49,481551843000034;0
151028;08200623128100870430;08;1;28;007;2020;06;17;3;3;5;3;0;1;0;0;0;0;0;556139,922000000250000;5482179,736899999900000;9,775172407000071;49,489657450000038;0
151029;08200625126200859910;08;1;26;066;2020;06;13;5;3;0;1;0;1;0;0;0;0;0;537209,773299999540000;5449184,479399999600000;9,510720537000054;49,194330525000055;0
151030;08200622226700849910;08;2;26;095;2020;06;19;2;3;4;2;0;1;1;0;0;0;0;474237,106100000440000;5461080,757099999100000;8,645624039000040;49,301926079000054;0
151031;08200625121200832370;08;1;21;000;2020;06;09;5;3;5;3;0;1;1;0;0;0;0;515191,080099999900000;5441454,477299999400000;9,208216190000030;49,125737772000036;0
151032;08200624115300844620;08;1;15;052;2020;06;11;4;3;0;7;0;1;0;0;0;0;0;494501,080000000070000;5409946,296000000100000;8,925055183000040;48,842464865000068;0
151033;08200622111240823650;08;1;11;000;2020;06;17;2;3;0;1;0;1;0;0;0;0;0;515277,480700000190000;5404217,567399999100000;9,208002938000050;48,790766454000050;0
151034;08200623317200859950;08;3;17;057;2020;06;11;3;3;5;3;0;1;1;0;0;0;0;412576,665099999870000;5380097,466199999700000;7,814961000000039;48,567868610000062;0
151035;08200625325202833210;08;3;25;069;2020;06;15;5;2;6;7;0;0;1;1;0;0;0;469758,296299999580000;5335214,908700000500000;8,593256612000062;48,169456813000068;0
151037;08200623335100826750;08;3;35;043;2020;06;18;3;3;0;7;0;1;0;0;0;0;0;512722,993800000290000;5278759,301400000200000;9,169456237000077;47,662102164000032;0
151039;08200623119200841750;08;1;19;020;2020;06;13;3;2;0;7;0;1;0;0;0;0;0;519416,165000000040000;5408491,200099999100000;9,264552749000075;48,829095823000046;0
151040;08200625119300860480;08;1;19;067;2020;06;19;5;3;4;6;0;1;1;0;0;0;0;539102,186499999840000;5404300,451799999900000;9,532374082000047;48,790470302000074;0
151042;08200625119300851560;08;1;19;055;2020;06;15;5;3;0;7;0;1;0;0;0;0;0;544425,278800000440000;5404153,773199999700000;9,604827861000047;48,788793353000074;0
151044;08200621435200852330;08;4;35;036;2020;06;18;1;2;6;7;0;1;0;1;0;0;0;520431,958599999550000;5282406,494899999400000;9,272300864000044;47,694720544000063;0
151045;08200623311300856670;08;3;15;056;2020;06;18;3;3;5;1;0;1;0;0;1;0;0;414720,923000000420000;5309940,756999999300000;7,858159447000048;47,937105931000076;0
151046;08200622435200821560;08;4;35;052;2020;06;11;2;2;0;1;0;1;0;0;0;0;0;518237,254300000150000;5291341,100900000000000;9,243426263000060;47,775175552000064;0
151047;08200625119200833220;08;1;19;020;2020;06;15;5;3;4;2;0;1;1;0;0;0;0;521012,969700000250000;5405620,515599999600000;9,286162533000038;48,803219761000037;0
151048;08200625226600832440;08;2;26;082;2020;06;10;5;3;5;3;0;1;1;0;0;0;0;475646,562199999580000;5479453,112400000900000;8,663885788000073;49,467240667000056;0
151049;08200622119400853260;08;1;19;091;2020;06;18;2;3;5;2;0;1;1;0;0;0;0;528309,525200000030000;5406717,148700000700000;9,385603358000026;48,812795254000036;0
151050;08200625117010861050;08;1;17;026;2020;06;19;5;2;5;3;0;1;1;0;0;0;0;550976,649899999610000;5390641,235600000200000;9,692344393000042;48,666740357000037;0
151051;08200625117010846200;08;1;17;014;2020;06;10;5;2;4;6;0;1;0;0;0;0;1;553014,837299999780000;5379194,067800000300000;9,718561141000066;48,563597549000065;0
151053;08200625116500860780;08;1;16;073;2020;06;17;5;3;0;7;0;1;0;0;0;0;0;521459,794200000350000;5389289,914000000800000;9,291397358000040;48,656295651000050;0
151054;08200623436300825250;08;4;36;094;2020;06;13;3;3;0;1;0;1;0;0;0;0;0;566040,085500000040000;5280499,677400000400000;9,879792669000040;47,674513646000037;0
151055;08200621417200819250;08;4;17;002;2020;06;12;1;2;0;7;0;1;0;0;0;0;0;490416,214999999850000;5343820,165999999300000;8,870904530000075;48,247524241000065;0
151056;08200623226500853950;08;2;26;085;2020;06;08;3;3;6;7;0;0;0;1;0;1;0;490660,102599999870000;5455488,121600000200000;8,871656522000023;49,252091362000044;0
151059;08200625226600831270;08;2;26;096;2020;06;13;5;3;4;6;0;1;0;0;0;0;1;473713,445799999870000;5488050,613500000900000;8,636634137000044;49,544491526000058;0
151060;08200624127100865010;08;1;27;076;2020;06;10;4;3;5;3;0;1;1;0;0;0;0;551106,756900000390000;5438629,906300000800000;9,700110958000039;49,098394250000069;0
151061;08200622116100821570;08;1;16;019;2020;06;13;2;3;2;7;0;1;1;0;0;0;0;521766,095300000160000;5398294,147399999200000;9,296031049000021;48,737286887000039;0
151062;08200623416200826390;08;4;16;041;2020;06;18;3;3;0;7;0;1;0;0;0;0;0;504025,322999999860000;5374415,443000000000000;9,054515113000036;48,522836702000063;0
151064;08200625435100858820;08;4;35;035;2020;06;21;5;3;0;1;1;1;0;0;0;0;0;540064,402099999600000;5280488,428200000900000;9,533761487000049;47,676543984000034;0
151065;08200623212010855120;08;2;12;000;2020;06;23;3;3;2;6;2;1;1;0;0;0;0;453747,294400000010000;5428727,412499999600000;8,367511236000041;49,009705614000040;0
151066;08200623421300854110;08;4;25;141;2020;06;20;3;3;0;2;0;1;0;0;0;0;1;568108,330500000160000;5363057,958599999500000;9,920482240000069;48,416990871000053;0
151069;08200622326400856770;08;3;26;074;2020;06;14;2;2;1;5;0;1;1;0;0;0;0;459515,946700000200000;5323557,067900000100000;8,456612266000036;48,064005938000037;0
151070;08200625115200832470;08;1;15;021;2020;06;10;5;2;0;1;0;1;0;0;0;0;0;491274,773199999700000;5382648,682900000400000;8,881661359000077;48,596857562000025;0
151072;08200624119300829280;08;1;19;067;2020;06;10;4;3;5;3;0;1;1;0;0;0;0;538446,337600000200000;5406096,288599999600000;9,523613246000025;48,806665748000057;0
151073;08200621417100832480;08;4;17;063;2020;06;11;1;3;0;1;0;1;0;0;0;0;0;507274,458999999800000;5333624,581000000200000;9,097813662000021;48,155826739000076;0
151074;08200623336300843630;08;3;36;081;2020;06;13;3;2;6;1;0;0;1;1;0;0;0;411142,250699999740000;5277445,317399999100000;7,816907423000032;47,644304072000068;0
151076;08200625416200831430;08;4;16;041;2020;06;13;5;3;0;1;0;1;0;0;0;0;0;501939,715200000440000;5374783,499600000700000;9,026271359000077;48,526157783000031;0
151077;08200623121200871750;08;1;21;000;2020;06;19;3;3;1;2;0;1;1;0;0;0;0;512568,239699999800000;5440143,978299999600000;9,172225653000055;49,114008560000059;0
151078;08200625111240847220;08;1;11;000;2020;06;07;5;3;0;3;0;1;0;0;0;0;0;514310,190600000320000;5402286,531400000700000;9,194766137000045;48,773418048000053;0
151079;08200622222014821600;08;2;22;000;2020;06;13;2;3;6;4;0;0;0;1;0;0;1;461611,801099999810000;5481650,193800000500000;8,469978799000046;49,486277257000040;0
151081;08200624111500857930;08;1;11;000;2020;06;13;4;2;0;7;0;1;0;0;0;0;0;515944,622899999840000;5405113,187500000000000;9,217120779000027;48,798806590000027;0
151083;08200622311010850920;08;3;11;000;2020;06;10;2;3;5;3;0;1;1;0;0;0;0;413309,037399999800000;5317361,468000000300000;7,837762063000071;48,003668578000031;0
151084;08200624437100829230;08;4;37;100;2020;06;07;4;3;0;7;0;1;0;0;0;0;0;536806,727300000380000;5318787,426599999900000;9,493621532000077;48,021317311000075;0
151085;08200624116500979770;08;1;16;049;2020;06;22;4;3;1;7;2;1;1;0;0;0;0;525353,803999999540000;5385848,025599999400000;9,344061606000025;48,625186470000074;0
151086;08200621416200869010;08;4;16;041;2020;06;16;1;3;0;7;0;1;0;0;0;0;0;501480,373800000180000;5370651,387700000800000;9,020035415000052;48,488984950000031;0
151090;08200624436300827000;08;4;36;081;2020;06;07;4;3;0;7;0;1;0;0;0;0;0;562191,691800000150000;5281153,212999999500000;9,828622778000067;47,680774984000038;0
151091;08200622212302856930;08;2;12;000;2020;06;16;2;3;8;1;0;1;0;0;0;0;0;456002,280600000170000;5428614,156300000800000;8,398357793000059;49,008851763000052;0
151092;08200624435100830330;08;4;35;029;2020;06;13;4;3;0;7;0;1;0;0;0;0;0;545092,441100000400000;5270923,122300000900000;9,599758824000048;47,590151185000082;0
151094;08200621415300850690;08;4;15;059;2020;06;14;1;3;0;4;0;1;0;1;0;0;0;516954,338000000450000;5368331,718000000300000;9,229365376000033;48,467889393000064;0
151095;08200623231000825170;08;2;31;000;2020;06;10;3;3;6;4;0;0;1;1;0;0;0;477771,700899999590000;5414276,891200000400000;8,696817235000026;48,881047974000069;0
151096;08200621415100850060;08;4;15;053;2020;06;15;1;3;0;1;0;1;0;0;0;0;0;539828,176599999890000;5368382,941700000300000;9,538806955000041;48,467317564000041;0
151098;08200625317500835030;08;3;17;096;2020;06;12;5;3;5;2;0;1;1;0;0;0;0;422642,500199999660000;5369157,926200000600000;7,953409070000021;48,470792258000074;0
151099;08200623115200857510;08;1;15;021;2020;06;13;3;3;5;3;0;1;1;0;0;0;0;490649,064199999910000;5382187,357899999200000;8,873185391000050;48,592698343000052;0
151101;08200622121300864380;08;1;21;000;2020;06;11;2;3;5;3;0;1;1;0;0;0;0;514308,191999999810000;5443885,361500000600000;9,196201268000039;49,147625614000049;0
151102;08200624426100827230;08;4;26;120;2020;06;07;4;3;5;3;0;1;1;0;0;0;0;561718,859199999830000;5323684,408800000300000;9,828399766000075;48,063450245000070;0
151103;08200623435100844080;08;4;35;057;2020;06;17;3;3;0;1;0;1;0;0;0;0;0;544895,585599999870000;5276061,401000000500000;9,597667209000065;47,636395514000071;0
151104;08200623222600829260;08;2;22;000;2020;06;15;3;3;5;3;0;1;1;0;0;0;0;460931,948300000280000;5485307,938300000500000;8,460230804000048;49,519133199000066;0
151105;08200622415300849940;08;4;15;059;2020;06;20;2;3;4;2;0;1;1;0;0;0;0;516741,633399999700000;5369070,185599999500000;9,226517410000042;48,474538623000058;0
151107;08200625222500832030;08;2;22;000;2020;06;10;5;3;0;7;0;1;0;0;0;0;0;465589,646800000220000;5474599,426899999400000;8,525510939000071;49,423097056000074;0
151109;08200622425000855810;08;4;25;033;2020;06;14;2;3;6;4;0;0;1;1;0;0;0;553719,579800000410000;5348482,834699999500000;9,724176653000029;48,287265591000050;0
151110;08200624421300831580;08;4;21;000;2020;06;16;4;3;4;7;0;1;1;0;0;0;0;570657,161000000310000;5357973,161299999800000;9,954069139000069;48,370970806000059;0
151112;08200624136200842020;08;1;36;075;2020;06;14;4;3;0;1;0;1;0;0;0;0;0;597073,697999999860000;5419755,587999999500000;10,325163104000069;48,923118461000058;0
151113;08200622116500822760;08;1;16;071;2020;06;07;2;3;0;7;0;1;1;0;0;0;0;528228,157399999910000;5391355,775900000700000;9,383442398000057;48,674610869000048;0
151114;08200623421200839420;08;4;21;000;2020;06;17;3;3;4;2;0;1;1;0;0;0;0;573727,102500000040000;5361035,648399999400000;9,996052972000030;48,398167349000062;0
151116;08200626111230852090;08;1;11;000;2020;06;20;6;3;0;1;0;1;0;0;0;0;0;508172,957100000230000;5397430,958000000600000;9,111140328000033;48,729848249000042;1
151117;08200623215402865610;08;2;15;009;2020;06;10;3;3;5;3;0;1;1;0;0;0;0;470232,826000000350000;5441715,452600000400000;8,591981665000049;49,127552149000053;0
151118;08200622311100840560;08;3;15;015;2020;06;19;2;3;5;3;0;1;0;0;0;0;1;394095,552199999800000;5320847,273399999400000;7,579386334000049;48,032126825000034;0
151119;08200624415400858000;08;4;15;061;2020;06;17;4;3;6;4;0;0;1;1;0;0;0;515873,907999999820000;5370566,696799999100000;9,214833858000077;48,488024294000070;0
151120;08200625216100851590;08;2;16;043;2020;06;14;5;3;5;2;0;1;1;0;0;0;0;441487,031399999750000;5412502,318199999600000;8,202201160000072;48,862722732000066;0
151121;08200624118300866620;08;1;18;046;2020;06;18;4;3;5;3;0;1;1;0;0;0;0;514464,669900000100000;5411984,472400000300000;9,197210555000027;48,860655700000052;0
151123;08200625311400848760;08;3;15;006;2020;06;14;5;3;5;3;0;1;1;0;0;0;0;403339,588800000030000;5307787,630100000600000;7,706290553000031;47,916122541000050;0
151126;08200625311400832690;08;3;15;006;2020;06;22;5;3;5;3;2;1;1;0;0;0;0;402730,752600000240000;5307728,441099999500000;7,698157376000040;47,915498058000026;0
151127;08200623416010825040;08;4;16;041;2020;06;15;3;3;5;3;0;1;0;0;0;1;0;502427,828800000250000;5374067,327700000300000;9,032878162000031;48,519713141000068;0
151128;08200624415400843450;08;4;15;061;2020;06;11;4;3;5;3;0;1;1;0;0;0;0;509631,582499999550000;5368883,949100000800000;9,130313165000075;48,473012284000049;0
151130;08200623136100826010;08;1;36;088;2020;06;05;3;2;0;1;0;1;0;0;0;0;0;581282,251799999740000;5413035,147500000900000;10,108301707000066;48,864949379000052;0
151132;08200622311010837820;08;3;11;000;2020;06;09;2;3;4;2;0;0;1;1;0;0;0;411406,604500000370000;5318034,145899999900000;7,812123421000024;48,009458626000026;0
151133;08200624337100857840;08;3;37;116;2020;06;18;4;3;1;5;0;1;0;0;0;0;1;417713,984500000250000;5274934,611400000800000;7,904861386000050;47,622586335000051;0
151134;08200624116200848130;08;1;16;015;2020;06;17;4;3;0;7;0;1;0;0;0;0;0;523092,423700000160000;5392995,549000000600000;9,313773036000043;48,689573310000071;0
151136;08200625311300862400;08;3;11;000;2020;06;16;5;3;5;1;0;1;0;0;0;0;0;413424,808000000190000;5315561,275000000400000;7,839677001000041;47,987490910000076;0
151137;08200623317300829410;08;3;17;031;2020;06;18;3;3;5;3;0;1;1;0;0;0;0;417295,434600000270000;5358393,905700000000000;7,883204261000060;48,373291445000064;0
151138;08200625326100859760;08;3;26;012;2020;06;13;5;2;0;1;0;1;0;0;0;0;0;462683,025399999690000;5310836,027799999300000;8,500226801000054;47,949750029000029;0
151139;08200623116400869740;08;1;16;029;2020;06;19;3;3;0;7;0;1;0;0;1;0;0;538378,923000000420000;5386488,950999999400000;9,520870868000031;48,630288491000044;0
151141;08200622212010852690;08;2;15;007;2020;06;19;2;3;6;7;0;0;0;1;0;0;1;481183,569899999540000;5435572,199899999400000;8,742367529000035;49,072724205000043;0
151142;08200625415400851130;08;4;15;061;2020;06;16;5;2;3;2;0;1;1;0;0;0;0;515866,239000000060000;5370594,720000000700000;9,214731132000054;48,488276595000059;0
151145;08200622212702863860;08;2;15;017;2020;06;17;2;3;0;7;0;1;0;0;0;0;0;454173,787100000310000;5419125,089800000200000;8,374424431000023;48,923363281000036;0
151147;08200624111500852760;08;1;11;000;2020;06;11;4;3;0;3;0;1;1;0;0;0;0;511943,049800000150000;5405220,813899999500000;9,162634041000047;48,799864544000059;0
151152;08200624335100855970;08;3;35;043;2020;06;23;4;3;1;5;2;1;1;0;0;0;0;514402,162499999630000;5279534,566199999300000;9,191846347000023;47,669042526000055;0
151154;08200622121200822610;08;1;21;000;2020;06;20;2;2;0;7;0;1;0;0;0;0;0;517531,388600000180000;5443475,531199999200000;9,240381190000051;49,143855506000079;0
151155;08200624326400857980;08;3;26;074;2020;06;17;4;3;4;6;0;1;0;0;0;0;0;459052,022099999710000;5324838,961899999500000;8,450262826000028;48,075509090000025;0
151157;08200624326200870590;08;3;26;061;2020;06;18;4;3;0;1;0;1;0;0;0;0;0;470104,328200000340000;5319595,527000000700000;8,599004845000025;48,028948578000040;0
151159;08200621335100819430;08;3;35;043;2020;06;20;1;3;5;7;0;1;1;0;0;0;0;512871,233799999580000;5278350,884999999800000;9,171418591000077;47,658424431000071;0
151160;08200623226700839220;08;2;26;041;2020;06;14;3;3;0;7;0;1;1;0;0;0;0;477563,048399999740000;5466375,891400000100000;8,691074731000072;49,349686916000053;0
151162;08200624325000830310;08;3;27;050;2020;06;11;4;2;6;1;0;0;1;1;0;0;0;486191,470499999820000;5314607,453900000100000;8,814942872000074;47,984620740000025;0
151163;08200625215102861700;08;2;15;109;2020;06;15;5;3;3;6;0;1;1;0;0;0;0;461322,245900000450000;5434567,255500000000000;8,470533592000038;49,062757311000041;0
151164;08200624128300831760;08;1;28;131;2020;06;16;4;3;5;3;0;1;1;0;0;0;0;535868,772599999790000;5514940,231399999900000;9,498282870000026;49,785851415000081;0
151165;08200622116400865160;08;1;16;033;2020;06;16;2;3;5;3;0;1;1;0;0;0;0;535579,118999999950000;5387465,674900000900000;9,482957825000028;48,639240541000049;0
151166;08200625311010862590;08;3;11;000;2020;06;15;5;3;5;3;0;1;1;0;0;0;0;410094,582000000400000;5314979,177999999400000;7,795175591000032;47,981795341000065;0
151167;08200623416200855770;08;4;16;023;2020;06;19;3;3;0;7;0;1;0;0;0;0;0;508374,914099999700000;5370024,309699999200000;9,113333608000062;48,483289439000032;0
151168;08200625311010853750;08;3;11;000;2020;06;00;5;2;0;7;2;1;0;0;0;0;0;414603,261400000190000;5316575,637399999400000;7,855266109000070;47,996773949000044;0
151169;08200625436100848530;08;4;36;055;2020;06;07;5;3;5;3;0;1;1;0;0;0;0;576323,514999999660000;5297974,593000000300000;10,019835939000075;47,830588556000066;0
151170;08200623212010855510;08;2;12;000;2020;06;06;3;3;5;3;0;1;1;0;0;0;0;452333,049999999810000;5426769,008800000000000;8,348403107000024;48,991982085000075;0
151173;08200622335000821940;08;3;35;063;2020;06;12;2;3;5;3;0;1;1;0;0;0;0;498081,862999999900000;5287351,605000000400000;8,974414678000073;47,739535061000026;0
151174;08200624317300830370;08;3;17;031;2020;06;12;4;3;5;3;0;1;1;0;0;0;0;417329,537499999630000;5358432,016699999600000;7,883657182000036;48,373638719000041;0
151175;08200625212502832340;08;2;12;000;2020;06;19;5;3;1;5;0;1;1;0;0;0;0;453472,110200000000000;5429426,469200000200000;8,363668297000061;49,015972970000064;0
151176;08200624121300870950;08;1;21;000;2020;06;07;4;3;5;3;0;1;1;0;0;0;0;514577,877999999560000;5445011,195000000300000;9,199940070000025;49,157746507000070;0
151178;08200623415400825810;08;4;15;061;2020;06;07;3;3;3;3;0;1;1;0;0;0;0;515765,005800000390000;5371976,045700000600000;9,213413216000049;48,500706028000081;0
151179;08200624316200839660;08;3;16;056;2020;06;09;4;3;4;6;0;1;0;0;1;0;0;422903,553500000390000;5327910,349600000300000;7,964468634000070;48,099791784000047;0
151181;08200623127100824740;08;1;27;076;2020;06;13;3;3;0;7;0;1;0;0;0;0;0;554420,223399999550000;5440323,671399999400000;9,745726472000058;49,113344942000026;0
151183;08200622226700840010;08;2;26;054;2020;06;11;2;3;5;5;0;1;1;0;0;0;0;477962,104000000280000;5454188,028999999200000;8,697241288000043;49,240071296000053;0
151184;08200624311010853740;08;3;11;000;2020;06;18;4;3;4;6;0;1;0;0;0;0;0;415508,328200000340000;5315907,987800000200000;7,867527399000039;47,990888399000028;0
151185;08200624115100844380;08;1;15;003;2020;06;20;4;3;0;7;0;1;0;0;0;0;0;500914,715400000100000;5392273,270600000400000;9,012427381000066;48,683502225000041;0
151186;08200621326300982810;08;3;26;017;2020;06;02;1;2;0;1;2;1;1;0;0;0;0;440422,697999999860000;5322269,458300000100000;8,200538682000058;48,050924669000040;0
151187;08200625311010853580;08;3;11;000;2020;06;18;5;3;5;7;0;1;1;0;0;0;0;402786,857599999760000;5313549,607999999100000;7,697593306000044;47,967867695000052;0
151189;08200624311010848650;08;3;11;000;2020;06;16;4;3;5;3;0;1;1;0;0;0;0;413758,158999999990000;5316770,880999999100000;7,843900740000038;47,998416796000072;0
151191;08200621317500836150;08;3;17;096;2020;06;15;1;3;5;3;0;1;1;0;0;0;0;422906,678199999970000;5370067,338300000900000;7,956814888000054;48,479004815000053;0
151192;08200623326300834080;08;3;26;003;2020;06;08;3;3;3;2;0;1;1;0;0;0;0;464923,682900000360000;5319343,539100000600000;8,529538949000028;48,026417936000030;0
151194;08200623119200828190;08;1;19;020;2020;06;18;3;2;0;2;0;1;0;0;0;0;0;519953,926699999720000;5407504,563699999800000;9,271831868000049;48,820203202000073;0
151196;08200622212402849930;08;2;12;000;2020;06;07;2;3;1;5;0;1;1;0;0;0;0;455129,923100000250000;5428115,837799999900000;8,386484614000040;49,004306530000065;0
151197;08200624311010831600;08;3;36;105;2020;06;19;4;3;1;7;0;0;1;1;0;0;0;397826,907899999990000;5268242,809200000000000;7,641813626000044;47,559560028000078;0
151198;08200624111500848600;08;1;11;000;2020;06;18;4;3;1;5;0;1;1;0;0;0;0;515272,821000000460000;5403573,758500000500000;9,207915568000033;48,784974935000037;0
151202;08200624311010831500;08;3;11;000;2020;06;17;4;3;0;7;0;1;0;0;0;0;0;402863,196200000120000;5313610,542700000100000;7,698602002000030;47,968427388000066;0
151203;08200625317600831360;08;3;17;040;2020;06;15;5;3;5;3;0;1;0;0;1;0;0;431952,370099999940000;5347344,464500000700000;8,082877788000076;48,275646924000057;0
151206;08200622128300871950;08;1;28;039;2020;06;17;2;2;5;3;0;1;1;0;0;0;0;523827,341799999590000;5510893,598600000100000;9,330761307000046;49,750053463000029;0
151208;08200623436100858230;08;4;36;055;2020;06;14;3;2;5;3;0;1;1;0;0;0;0;571238,404400000350000;5292735,842299999700000;9,951037834000033;47,784042914000054;0
151209;08200621317200862930;08;3;17;057;2020;06;14;1;3;6;4;0;0;1;1;0;0;0;414120,946800000030000;5378473,119599999900000;7,836224717000050;48,553472026000065;0
151210;08200625311010832260;08;3;11;000;2020;06;18;5;3;0;7;0;1;0;0;0;0;0;413406,644899999720000;5315563,245899999500000;7,839433224000061;47,987506179000036;0
151211;08200623226300858770;08;2;26;056;2020;06;22;3;3;3;1;1;1;1;0;0;0;0;485185,755400000140000;5470239,872899999800000;8,795883972000070;49,384676211000055;0
151212;08200622415400820750;08;4;15;061;2020;06;08;2;3;1;2;0;1;0;0;0;0;1;516137,543200000190000;5370657,879300000100000;9,218405332000032;48,488837890000070;0
151214;08200625212010858750;08;2;15;103;2020;06;16;5;2;8;7;0;1;0;0;0;0;0;464667,071499999610000;5441319,216700000700000;8,515729271000055;49,123693167000056;0
151215;08200624127100857340;08;1;27;012;2020;06;23;4;3;8;1;2;1;0;0;0;0;0;566730,395200000140000;5432185,834200000400000;9,913051100000075;49,038937588000067;0
151216;08200622115100856580;08;1;15;003;2020;06;17;2;3;1;5;0;1;1;0;0;0;0;500395,317099999640000;5392059,673100000200000;9,005370599000059;48,681581223000080;0
151218;08200625212010833690;08;2;12;000;2020;06;12;5;3;0;2;0;1;1;0;0;0;0;455239,440000000410000;5429265,949300000400000;8,387855150000064;49,014659836000078;0
151219;08200624136300858530;08;1;36;044;2020;06;09;4;3;4;2;0;1;1;0;0;0;0;557718,025000000370000;5407781,164999999100000;9,786296131000029;48,820330365000075;0