OBJECTID;UIDENTSTLAE;ULAND;UREGBEZ;UKREIS;UGEMEINDE;UJAHR;UMONAT;USTUNDE;UWOCHENTAG;UKATEGORIE;UART;UTYP1;ULICHTVERH;IstRad;IstPKW;IstFuss;IstKrad;IstGkfz;IstSonstige;LINREFX;LINREFY;XGCSWGS84;YGCSWGS84;STRZUSTAND
151222;08200626111320837980;08;1;11;000;2020;06;13;6;3;4;6;0;1;1;0;0;0;0;516633,332100000230000;5406934,191500000700000;9,226572768000040;48,815170021000029;0
151223;08200623215502826160;08;2;15;106;2020;06;09;3;3;5;3;0;1;1;0;0;0;0;466293,509200000200000;5454831,767999999200000;8,536887423000053;49,245330374000048;0
151226;08200625136300835130;08;1;36;065;2020;06;14;5;3;1;5;0;1;1;0;0;0;0;555516,172500000340000;5404278,004000000700000;9,755829237000057;48,789019631000031;0
151227;08200624118600830600;08;1;18;067;2020;06;13;4;3;1;5;0;1;1;0;0;0;0;505228,760599999690000;5413214,732200000400000;9,071304563000069;48,871869508000032;0
151228;08200621311400850900;08;3;15;048;2020;06;09;1;3;0;5;0;1;1;0;0;0;0;397513,341699999760000;5310330,826600000300000;7,627729067000075;47,938093053000046;0
151230;08200625416010855010;08;4;16;011;2020;06;06;5;2;5;3;0;1;0;0;0;1;0;504829,251000000160000;5368591,253699999300000;9,065335375000075;48,470434292000050;0
151231;08200623121200074980;08;1;21;000;2020;06;09;3;2;6;4;0;0;0;1;0;0;1;515966,281000000420000;5443265,273900000400000;9,218913098000030;49,142006854000044;0
151233;08200624222500857530;08;2;22;000;2020;06;10;4;3;5;3;0;1;1;0;0;0;0;463150,577200000170000;5478098,341399999300000;8,491554359000077;49,454425420000064;0
151234;08200625426010857320;08;4;21;000;2020;06;14;5;3;5;3;0;1;1;0;0;0;0;576442,710699999700000;5365024,772600000700000;10,033461796000040;48,433726370000045;0
151236;08200624222500845220;08;2;22;000;2020;06;12;4;3;6;7;0;0;1;1;0;0;0;462688,588999999690000;5478502,702999999700000;8,485142051000025;49,458034268000063;0
151237;08200622311010837870;08;3;11;000;2020;06;23;2;3;0;1;2;1;0;0;0;0;0;413807,859600000080000;5316464,303099999200000;7,844628432000036;47,995665720000034;0
151239;08200624116500829460;08;1;16;049;2020;06;10;4;3;5;3;0;1;1;0;0;0;0;525635,471599999820000;5386547,438100000800000;9,347927131000063;48,631466927000076;0
151240;08200621311010868400;08;3;11;000;2020;06;19;1;3;4;6;0;1;0;0;0;0;0;414429,191499999720000;5318084,921800000600000;7,852632126000060;48,010327255000050;0
151241;08200623317500825330;08;3;17;096;2020;06;08;3;3;5;2;0;1;1;0;0;0;0;423481,846499999990000;5369021,738099999700000;7,964787797000042;48,469669942000053;0
151244;08200624216100828100;08;2;16;043;2020;06;15;4;2;9;7;0;1;0;0;0;0;0;442231,696899999860000;5413140,287399999800000;8,212263271000040;48,868531051000048;0
151246;08200624216100827200;08;2;16;023;2020;06;08;4;3;5;3;0;1;1;0;0;0;0;437749,657100000420000;5407912,114199999700000;8,151946768000073;48,821070590000033;0
151248;08200621237100818930;08;2;37;004;2020;06;13;1;3;0;7;0;1;0;0;0;0;0;446559,922100000080000;5375457,927799999700000;8,276155119000066;48,529952585000046;0
151251;08200624111500857890;08;1;11;000;2020;06;16;4;3;4;6;0;1;1;0;0;0;0;512409,394199999980000;5406198,225500000600000;9,169013983000070;48,808648091000066;0
151253;08200623316200828520;08;3;16;009;2020;06;14;3;3;5;3;0;1;1;0;0;0;0;416913,162999999710000;5324314,411000000300000;7,884722673000056;48,066691931000037;0
151254;08200625317010856480;08;3;17;057;2020;06;08;5;2;5;3;0;1;1;0;0;0;0;414133,200699999930000;5378402,323100000600000;7,836405341000045;48,552836928000033;0
151255;08200623111500856720;08;1;11;000;2020;06;07;3;3;4;6;0;1;0;0;0;0;0;510357,361999999730000;5397367,141000000800000;9,140843370000027;48,729241672000057;0
151256;08200624212402839170;08;2;12;000;2020;06;07;4;3;5;3;0;1;0;0;1;0;0;456529,839900000020000;5427793,588999999700000;8,405659289000028;49,001508047000073;0
151259;08200623435100823790;08;4;35;024;2020;06;07;3;3;1;4;0;1;0;1;0;0;0;527552,699000000020000;5279208,231000000600000;9,366996799000049;47,665679710000063;0
151260;08200623222301858190;08;2;22;000;2020;06;14;3;3;6;7;0;1;0;1;0;0;0;463478,214300000110000;5485538,155899999700000;8,495387546000075;49,521362646000057;0
151263;08200624212010833810;08;2;12;000;2020;06;08;4;3;5;3;0;1;1;0;0;0;0;452906,662700000220000;5429100,496500000400000;8,355973374000030;49,012997934000055;0
151264;08200625136010845660;08;1;36;010;2020;06;06;5;2;5;2;0;1;1;0;0;0;0;599919,294999999930000;5411702,472999999300000;10,362028608000060;48,850242017000028;0
151265;08200624135200828150;08;1;35;019;2020;06;14;4;2;0;1;0;1;0;0;0;0;0;584228,303999999540000;5394536,357999999100000;10,144673297000054;48,698175308000032;0
151266;08200622116500822270;08;1;16;020;2020;06;09;2;3;4;3;0;1;1;0;0;0;0;525822,722599999980000;5382165,325099999100000;9,350195748000033;48,592037483000070;0
151267;08200625231000870340;08;2;31;000;2020;06;10;5;3;8;7;0;1;0;0;0;0;0;477028,662999999710000;5415333,333599999500000;8,686623353000073;48,890524281000069;0
151268;08200623421200828280;08;4;21;000;2020;06;18;3;3;6;4;0;0;0;1;0;0;1;573385,146700000390000;5360936,004300000100000;9,991416454000046;48,397310927000035;0
151269;08200625231000849000;08;2;36;004;2020;06;12;5;3;5;2;0;1;0;0;0;0;1;469685,889000000430000;5412973,480599999400000;8,586630065000065;48,868980347000047;0
151270;08200626111210854250;08;1;11;000;2020;06;16;6;3;0;7;0;1;0;0;0;0;0;507172,377000000330000;5395977,252100000200000;9,097508633000075;48,716782976000047;0
151272;08200622311010872600;08;3;11;000;2020;06;11;2;3;5;7;0;1;1;0;0;0;0;410844,580099999900000;5316797,907600000500000;7,804846331000022;47,998260228000049;0
151275;08200621222500819860;08;2;22;000;2020;06;17;1;3;6;2;0;0;1;1;0;0;0;461390,666799999770000;5480062,612999999900000;8,467080743000054;49,471983769000076;0
151277;08200627335200838310;08;3;35;055;2020;06;09;7;3;1;5;0;1;1;0;0;0;0;495193,421799999660000;5285879,890900000900000;8,935903094000025;47,726278106000052;0
151278;08200629311010858260;08;3;15;095;2020;06;20;2;3;8;1;0;1;0;0;0;0;0;428079,797000000250000;5317378,949999999300000;8,035753941000053;48,005658574000051;1
151279;08200628426100843840;08;4;26;087;2020;06;16;1;3;8;1;0;1;0;0;0;0;0;571564,311700000430000;5324768,913799999300000;9,960710542000072;48,072177612000075;0
151281;08200630415100858840;08;4;15;050;2020;06;12;3;3;0;1;0;1;0;0;0;0;0;521129,496899999680000;5376253,524900000500000;9,286249034000036;48,539029793000054;0
151282;08200701212502875650;08;2;12;000;2020;07;16;4;3;5;3;0;1;1;0;0;0;0;454254,195500000380000;5428582,618300000200000;8,374458804000028;49,008440966000080;0
151284;08200627212010864240;08;2;15;102;2020;06;19;7;2;0;3;0;1;1;0;0;0;0;455365,994400000200000;5436525,932499999200000;8,388785882000036;49,079972775000044;0
151285;08200630111500852450;08;1;11;000;2020;06;18;3;3;6;4;0;0;0;1;0;0;1;515848,691200000230000;5405621,375099999800000;9,215834084000051;48,803380630000049;0
151286;08200627211000861810;08;2;16;043;2020;06;02;7;2;6;4;2;0;1;1;0;0;0;441389,738300000320000;5411431,024199999900000;8,201028131000044;48,853077296000038;0
151288;08200701116200875530;08;1;16;078;2020;07;11;4;3;5;3;0;1;1;0;0;0;0;512551,071100000290000;5393707,601099999600000;9,170562825000047;48,696280029000036;0
151289;08200628316100844200;08;3;16;011;2020;06;17;1;3;0;7;0;1;0;0;0;0;1;414829,907300000080000;5329458,603599999100000;7,855738590000044;48,112690439000062;0
151290;08200630311010862870;08;3;11;000;2020;06;16;3;2;0;3;0;1;0;0;0;0;1;412445,570600000210000;5318483,402499999900000;7,825959286000057;48,013643003000027;0
151292;08200701117300881680;08;1;17;026;2020;07;22;4;3;7;1;2;1;0;0;0;0;1;545547,640399999920000;5395323,245200000700000;9,619130638000058;48,709277292000081;1
151295;08200701128200944160;08;1;28;115;2020;07;16;4;3;6;4;0;0;0;1;1;0;0;547603,984500000250000;5496668,761700000600000;9,659069594000073;49,620703672000047;0
151296;08200627136300862050;08;1;36;079;2020;06;20;7;2;9;1;0;1;0;0;0;0;0;558012,439199999910000;5397434,889100000300000;9,788847081000029;48,727236987000026;0
151299;08200629136100847490;08;1;36;088;2020;06;13;2;2;0;1;0;1;0;0;0;0;0;579669,048000000420000;5409560,146900000100000;10,085633505000033;48,833903722000059;0
151300;08200701111500892460;08;1;11;000;2020;07;16;4;3;5;3;0;1;1;0;0;0;0;512745,214900000020000;5399433,907999999800000;9,173378096000022;48,747790015000078;0
151301;08200628226500839870;08;2;26;085;2020;06;15;1;3;8;1;0;1;0;0;0;0;0;488595,228400000370000;5457551,969300000000000;8,843223516000023;49,270621026000072;0
151303;08200627118200867970;08;1;18;019;2020;06;07;7;3;6;4;1;0;0;1;0;0;1;504620,199000000020000;5405076,568000000000000;9,062913879000064;48,798664479000081;0
151305;08200629326100866600;08;3;26;012;2020;06;15;2;3;5;3;0;1;1;0;0;0;0;462181,095300000160000;5310943,736700000200000;8,493495428000074;47,950689630000056;0
151307;08200627116010837410;08;1;16;042;2020;06;14;7;2;5;3;0;1;1;0;0;0;0;517246,098000000230000;5382295,122999999700000;9,233890207000059;48,593500132000031;0
151308;08200629415300846190;08;4;15;019;2020;06;13;2;2;0;7;0;1;0;0;0;0;0;519008,193099999800000;5370718,198799999400000;9,257259044000023;48,489300270000058;0
151310;08200629121200842930;08;1;21;000;2020;06;11;2;3;9;1;0;1;0;0;0;0;0;514103,379999999890000;5440643,464400000900000;9,193279393000069;49,118468331000031;0
151312;08200628128300857120;08;1;28;131;2020;06;12;1;3;0;1;0;1;0;0;0;0;0;541340,936800000260000;5510780,296000000100000;9,573855621000064;49,748085307000053;1
151313;08200630212010869620;08;2;12;000;2020;06;12;3;2;6;4;0;0;0;1;0;1;0;451144,485500000420000;5429076,862700000400000;8,331879187000027;49,012648334000062;0
151315;08200627335100861370;08;3;35;043;2020;06;02;7;3;0;1;2;1;0;0;0;0;0;512826,261199999600000;5278356,769400000600000;9,170819823000045;47,658478270000046;0
151316;08200629311400866750;08;3;15;076;2020;06;16;2;3;5;3;0;1;1;0;0;0;0;391874,436999999920000;5296809,492399999900000;7,555634499000064;47,815548391000050;0
151317;08200629111250857670;08;1;11;000;2020;06;23;2;3;0;7;2;1;0;0;0;0;0;515257,757899999620000;5403643,852600000800000;9,207713111000032;48,785605863000058;0
151319;08200630415400868890;08;4;15;061;2020;06;18;3;3;3;2;0;1;1;0;0;0;0;516520,413900000040000;5372842,843200000000000;9,223673518000055;48,508484607000071;0
151322;08200629118100868790;08;1;18;007;2020;06;15;2;3;5;3;0;1;1;0;0;0;0;509628,931400000120000;5426967,278100000700000;9,131634383000062;48,995530523000070;0
151325;08200628117100868580;08;1;17;042;2020;06;00;1;2;0;1;2;1;0;0;0;0;0;555739,284900000320000;5393746,635299999300000;9,757441685000060;48,694267556000057;0
151328;08200627326200854430;08;3;26;074;2020;06;19;7;3;0;1;0;1;0;0;0;0;0;465148,799899999980000;5322132,278699999700000;8,532331204000059;48,051520066000080;0
151329;08200629235100043330;08;2;35;085;2020;06;15;2;3;6;7;0;0;0;1;0;0;1;480205,617399999870000;5396082,157400000800000;8,730891219000057;48,717453716000080;0
151330;08200628415300841260;08;4;15;059;2020;06;17;1;3;0;7;0;1;0;0;0;0;0;516754,827499999660000;5368507,250700000700000;9,226673369000025;48,469473899000036;0
151332;08200630335200079300;08;3;35;063;2020;06;08;3;3;5;3;0;1;0;0;0;0;0;499116,647599999790000;5286709,755999999100000;8,988218590000031;47,733762206000051;0
151333;08200701212010876070;08;2;12;000;2020;07;07;4;3;5;2;0;1;1;0;0;0;0;457600,197200000290000;5428101,182800000500000;8,420260714000051;49,004349351000030;0
151337;08200626435100868500;08;4;35;016;2020;06;11;6;3;5;2;0;1;0;0;0;0;0;535506,034799999560000;5278310,078400000900000;9,472857459000068;47,657210916000054;0
151338;08200630115300859920;08;1;15;028;2020;06;07;3;3;5;3;0;1;1;0;0;0;0;499218,565600000320000;5400952,313400000300000;8,989366938000046;48,761579523000080;0
151339;08200626435100864640;08;4;35;057;2020;06;18;6;3;0;1;0;1;0;0;0;0;0;547314,943099999800000;5275052,653200000500000;9,629763615000059;47,627147285000035;0
151340;08200629212702856560;08;2;15;047;2020;06;20;2;2;8;7;0;1;0;0;0;0;0;459566,218000000340000;5412308,899000000200000;8,448707506000062;48,862424908000037;0
151342;08200628317500840090;08;3;17;151;2020;06;10;1;3;5;7;0;1;1;1;0;0;0;411486,940100000240000;5368403,577600000400000;7,802674211000067;48,462536067000030;0
151345;08200626435100836290;08;4;35;016;2020;06;15;6;3;5;2;0;1;0;0;1;0;0;537055,975599999540000;5280124,031700000200000;9,493652136000037;47,673444818000064;0
151346;08200629417010843520;08;4;16;036;2020;06;18;2;3;4;2;0;1;1;0;0;0;0;485818,399400000460000;5371379,315199999100000;8,808041711000044;48,495375373000059;0
151347;08200626426010834430;08;4;26;070;2020;06;14;6;2;5;3;0;1;1;0;0;0;0;566106,039800000380000;5343468,605000000400000;9,890351808000048;48,240986586000076;0
151349;08200701111500876230;08;1;11;000;2020;07;08;4;3;5;3;0;1;1;0;0;0;0;518540,478799999690000;5402889,129699999500000;9,252368327000056;48,778727276000041;0
151350;08200628222500843510;08;2;22;000;2020;06;11;1;3;6;4;0;0;1;1;0;0;0;465548,385800000280000;5476080,599300000800000;8,524813339000048;49,436417324000047;0
151351;08200629212010855840;08;2;12;000;2020;06;15;2;3;0;7;0;1;0;0;0;0;0;460892,397400000130000;5427826,609799999700000;8,465299797000057;49,002096894000033;0
151353;08200628311010854180;08;3;11;000;2020;06;01;1;2;0;7;2;1;0;0;0;0;0;414113,421400000340000;5316409,369200000500000;7,848734503000060;47,995212688000038;0
151354;08200630311010845960;08;3;36;050;2020;06;08;3;3;0;1;0;1;0;0;0;0;0;399242,542299999860000;5274862,895700000200000;7,659105871000065;47,619331416000080;0
151356;08200626416200850540;08;4;16;041;2020;06;17;6;3;0;7;0;1;0;0;0;0;0;503698,396999999880000;5372296,555600000500000;9,050068758000066;48,503776404000064;1
151360;08200630435100852060;08;4;35;030;2020;06;17;3;3;3;2;0;1;0;0;1;0;0;540386,985999999570000;5273534,781800000000000;9,537416819000043;47,613959527000077;0
151362;08200630212010853000;08;2;12;000;2020;06;07;3;2;1;5;0;1;1;0;0;0;0;456485,217899999580000;5428755,939999999500000;8,404946095000071;49,010161367000080;0
151364;08200627316100837560;08;3;16;011;2020;06;08;7;3;5;3;0;1;1;0;0;0;0;415701,441999999810000;5329125,810000000500000;7,867511072000070;48,109812853000051;0
151365;08200629311010861410;08;3;36;050;2020;06;17;2;3;6;4;0;0;1;1;0;0;0;400601,287200000140000;5276537,728900000500000;7,676802988000077;47,634607072000051;0
151368;08200627311010864880;08;3;11;000;2020;06;12;7;3;5;2;0;1;1;0;0;0;0;411614,475499999710000;5315994,486800000100000;7,815330164000045;47,991140145000031;0
151369;08200629317500845210;08;3;17;096;2020;06;13;2;3;0;7;0;1;0;0;0;0;0;420798,400700000110000;5367900,976399999100000;7,928702226000041;48,459256587000027;0
151371;08200630416010859730;08;4;15;061;2020;06;08;3;3;0;7;0;1;1;0;0;0;0;514725,146599999630000;5371165,073499999900000;9,199307980000071;48,493435474000080;0
151372;08200627426300838780;08;4;26;013;2020;06;18;7;3;5;3;0;1;0;0;0;0;0;545866,621000000280000;5322986,247999999700000;9,615568692000068;48,058506156000078;0
151374;08200628116200843530;08;1;16;078;2020;06;16;1;3;0;1;0;1;0;0;0;0;0;508535,849000000390000;5394816,210999999200000;9,116021013000022;48,706321015000071;0
151375;08200630117010866510;08;1;17;019;2020;06;19;3;2;5;3;0;1;1;0;0;0;0;552159,331100000070000;5393380,199599999900000;9,708751407000023;48,691280865000067;0
151376;08200626326300859740;08;3;26;052;2020;06;20;6;3;5;3;0;1;1;0;0;0;0;450213,188699999820000;5330528,822100000500000;8,330942927000024;48,126068489000033;0
151377;08200627226700864200;08;2;26;098;2020;06;20;7;3;5;5;0;1;0;0;0;0;0;477943,222199999730000;5460940,431500000900000;8,696609659000046;49,300808928000038;0
151378;08200629226100843230;08;2;26;013;2020;06;12;2;3;6;4;0;0;1;1;0;0;0;498884,178199999970000;5480121,245699999900000;8,984597951000069;49,473737764000077;0
151379;08200627417300850600;08;4;17;008;2020;06;22;7;3;0;1;2;1;0;0;0;0;0;492368,820600000210000;5351190,301999999200000;8,897073345000024;48,313857895000069;0
151380;08200628326200842080;08;3;26;003;2020;06;15;1;3;0;1;0;1;0;0;0;0;0;465063,442499999890000;5319673,732400000100000;8,531386480000037;48,029396294000037;0
151383;08200626317300857660;08;3;17;065;2020;06;15;6;3;6;2;0;0;1;1;0;0;0;417271,234100000000000;5354942,129899999100000;7,883556224000074;48,342239849000066;0
151384;08200630415112867500;08;4;15;061;2020;06;08;3;3;5;3;0;1;1;0;0;0;0;514302,269000000320000;5370481,416999999400000;9,193560867000031;48,487294819000056;0
151385;08200701215102895270;08;2;12;000;2020;07;17;4;3;6;7;0;1;0;1;0;0;0;455917,201899999750000;5433574,099400000600000;8,396655194000061;49,053460721000079;0
151386;08200627436100854990;08;4;36;055;2020;06;13;7;3;0;1;0;1;0;0;0;0;0;572587,139600000340000;5293150,298499999600000;9,969110220000061;47,787620872000048;0
151388;08200630111500867090;08;1;11;000;2020;06;19;3;3;5;3;1;1;1;0;0;0;0;513606,624300000260000;5399706,945399999600000;9,185105141000065;48,750228024000080;0
151391;08200701116400876770;08;1;16;033;2020;07;17;4;3;0;7;0;1;0;0;0;0;0;533263,425400000070000;5388089,127499999500000;9,451575271000024;48,644976566000025;0
151393;08200628317000862030;08;3;17;047;2020;06;17;1;3;4;2;0;1;1;0;0;0;0;418226,735700000080000;5364825,731499999800000;7,894524510000053;48,431266325000081;0
151394;08200630311010872620;08;3;11;000;2020;06;12;3;3;6;1;0;0;0;1;1;0;0;402553,563000000080000;5313562,330000000100000;7,694465711000021;47,967946649000055;0
151395;08200701119500875340;08;1;19;042;2020;07;19;4;3;4;6;0;1;1;0;0;0;0;528860,718200000000000;5414831,704800000400000;9,393682805000026;48,885765526000057;0
151399;08200701128300875180;08;1;28;039;2020;07;13;4;3;0;1;0;1;0;0;0;0;0;526781,575000000190000;5510568,573999999100000;9,371747547000041;49,747005776000037;0
151400;08200626311010870550;08;3;11;000;2020;06;16;6;3;4;2;0;1;1;0;0;0;0;413857,843899999750000;5316237,940800000000000;7,845343746000026;47,993636244000072;0
151401;08200629436200841930;08;4;36;064;2020;06;09;2;3;0;7;0;1;0;0;0;0;0;545289,744500000030000;5291695,888000000300000;9,604538505000051;47,777033869000036;1
151402;08200626311010863620;08;3;11;000;2020;06;19;6;3;4;2;0;1;1;0;0;0;0;414033,749499999920000;5317942,159199999600000;7,847359610000069;48,008989981000070;0
151403;08200629136200848670;08;1;36;019;2020;06;17;2;3;5;3;0;1;1;0;0;0;0;582726,656399999750000;5424111,016799999400000;10,130237809000050;48,964374794000037;0
151404;08200701111500894220;08;1;11;000;2020;07;13;4;2;5;3;0;1;1;0;0;0;0;514409,401999999770000;5402256,108699999700000;9,196115361000068;48,773142079000081;0
151406;08200628231000839040;08;2;31;000;2020;06;10;1;3;9;1;0;1;0;0;0;0;0;478307,739500000140000;5417217,498099999500000;8,703972283000041;48,907519671000045;0
151407;08200630226700861180;08;2;26;041;2020;06;14;3;3;5;3;0;1;1;0;0;0;0;476832,809999999590000;5466937,329800000400000;8,680987880000032;49,354709705000062;0
151408;08200626311010837840;08;3;11;000;2020;06;10;6;3;5;2;0;1;1;0;0;0;0;414616,062699999660000;5317764,126700000800000;7,855201125000065;48,007466579000038;1
151409;08200627226200853210;08;2;26;032;2020;06;16;7;3;0;1;0;1;0;0;0;0;0;467122,457700000140000;5462926,401100000400000;8,547610887000076;49,318185842000048;0
151410;08200629327100984250;08;3;27;050;2020;06;16;2;3;0;1;0;1;0;0;0;0;0;486859,576000000350000;5314598,510099999600000;8,823896819000026;47,984554347000028;0
151412;08200629118400844830;08;1;18;048;2020;06;14;2;3;5;3;0;0;1;1;0;0;0;514769,359000000170000;5415483,183100000000000;9,201491009000051;48,892122064000034;0
151413;08200630426100854200;08;4;26;087;2020;06;21;3;3;0;6;0;1;1;0;0;0;0;570884,108500000090000;5324665,063400000300000;9,951563284000031;48,071319369000037;0
151415;08200629121400847660;08;1;25;038;2020;06;18;2;3;2;2;0;1;1;0;0;0;0;500336,341099999850000;5434946,376100000000000;9,004604649000044;49,067382032000069;1
151417;08200628135100841210;08;1;35;020;2020;06;15;1;3;0;1;0;1;0;0;0;0;0;586097,266599999740000;5386168,172499999400000;10,168326308000076;48,622654429000079;0
151418;08200630212102860140;08;2;15;101;2020;06;08;3;3;5;3;0;1;1;0;0;0;0;465483,201700000090000;5428098,646800000200000;8,528042244000062;49,004817747000061;0
151419;08200626226100842180;08;2;26;013;2020;06;08;6;3;0;3;0;1;1;0;0;0;0;498959,827499999660000;5479870,791200000800000;8,985642821000056;49,471485091000034;0
151420;08200627226200844140;08;2;26;032;2020;06;11;7;3;6;4;0;1;0;1;0;0;0;468254,213100000280000;5462889,815099999300000;8,563186066000071;49,317916662000073;0
151421;08200629317100856430;08;3;17;102;2020;06;12;2;3;8;1;0;1;0;0;0;0;0;437317,898599999960000;5378893,712200000900000;8,150468222000029;48,560003549000044;0
151423;08200629111500848470;08;1;11;000;2020;06;18;2;3;1;5;0;1;1;0;0;0;0;517064,385599999690000;5405970,360899999700000;9,232404286000076;48,806487866000055;0
151424;08200630415400870310;08;4;15;061;2020;06;10;3;2;0;7;0;1;0;0;0;0;0;515416,979100000110000;5370958,227099999800000;9,208664380000073;48,491558016000056;0
151426;08200701221011890150;08;2;21;000;2020;07;19;4;2;5;3;0;1;1;0;0;0;0;476985,901200000200000;5474235,677400000400000;8,682673383000065;49,420363205000058;0
151427;08200628111500866860;08;1;11;000;2020;06;15;1;2;6;4;0;0;0;1;0;0;1;515477,231599999590000;5410137,982699999600000;9,210945880000054;48,844020634000060;0
151428;08200630116400848870;08;1;16;054;2020;06;18;3;3;0;1;0;1;0;0;0;0;0;533099,074599999930000;5382945,814400000500000;9,448933643000032;48,598716392000028;0
151429;08200701311010880500;08;3;11;000;2020;07;09;4;3;4;2;0;1;1;0;0;0;0;413584,068900000300000;5318969,403100000700000;7,841124485000023;48,018169724000074;0
151430;08200628118500872040;08;1;18;006;2020;06;17;1;3;0;7;0;1;1;0;0;0;0;517773,673600000330000;5421308,544299999300000;9,242730805000065;48,944446160000041;0
151432;08200626221300986060;08;2;21;000;2020;06;13;6;3;6;5;0;1;0;1;0;0;0;477633,714200000280000;5473508,228800000600000;8,691646519000074;49,413844092000033;0
151433;08200627226200842860;08;2;26;032;2020;06;09;7;3;3;6;0;1;1;0;0;0;0;467213,422500000340000;5462777,054199999200000;8,548874776000048;49,316847383000038;0
151434;08200629311010845820;08;3;11;000;2020;06;17;2;3;4;6;0;1;1;0;0;0;0;414484,436300000180000;5315271,984899999600000;7,853933313000027;47,985031192000065;0
151435;08200628421300840920;08;4;21;000;2020;06;20;1;3;5;3;0;1;1;0;0;0;0;571557,748800000180000;5359810,581499999400000;9,966540664000036;48,387397488000033;0
151436;08200626221300837430;08;2;21;000;2020;06;15;6;3;1;5;0;1;1;0;0;0;0;476863,544999999930000;5474163,534800000500000;8,680990526000073;49,419709653000041;0
151438;08200701212010877390;08;2;12;000;2020;07;19;4;3;0;3;0;1;1;0;0;0;0;459791,875000000000000;5430319,337999999500000;8,450006623000036;49,024448727000049;0
151439;08200626221011980470;08;2;21;000;2020;06;13;6;3;4;6;0;1;0;0;0;0;0;477521,990000000220000;5471079,515000000600000;8,690243703000022;49,391994048000072;0
151440;08200630111110849440;08;1;11;000;2020;06;15;3;3;6;7;0;1;0;1;0;0;0;512987,534699999730000;5402666,119500000000000;9,176776462000021;48,776861810000071;0
151444;08200627337010853010;08;3;37;126;2020;06;17;7;3;0;1;0;1;0;0;0;0;0;446049,648599999960000;5275959,104199999900000;8,281813846000034;47,634783895000055;0
151445;08200626215102854750;08;2;12;000;2020;06;13;6;3;0;2;0;1;0;0;0;0;0;460194,370199999770000;5430706,814799999800000;8,455473927000071;49,027960255000039;0
151449;08200630317500875000;08;3;17;096;2020;06;06;3;3;5;3;0;1;1;0;0;0;0;421006,299999999810000;5367794,505200000500000;7,931533907000073;48,458325029000036;0
151450;08200701127202893400;08;1;27;014;2020;07;11;4;3;0;7;0;1;0;0;0;0;0;578193,509300000030000;5443676,519500000400000;10,072093833000054;49,140936308000050;0
151451;08200626212702836120;08;2;15;046;2020;06;15;6;3;0;1;0;1;0;0;0;0;0;449591,856499999760000;5415481,408099999700000;8,312330705000022;48,890231752000034;0
151453;08200626212102850930;08;2;12;000;2020;06;08;6;3;1;5;0;1;1;0;0;0;0;461925,058400000450000;5427628,089700000400000;8,479436888000066;49,000375722000058;0
151454;08200629128200843370;08;1;28;115;2020;06;17;2;2;0;1;0;1;0;0;0;0;0;547040,611800000070000;5498685,841399999300000;9,651512250000053;49,638889526000071;0
151455;08200701111500889410;08;1;11;000;2020;07;08;4;2;1;5;0;1;1;0;0;0;0;506569,846499999990000;5398013,718200000000000;9,089349676000040;48,735109738000062;0
151456;08200628226400840320;08;2;26;037;2020;06;11;1;3;5;3;0;1;1;0;0;0;0;465588,818099999800000;5468022,476900000100000;8,526069025000027;49,363939370000026;0
151457;08200630226200847970;08;2;26;032;2020;06;17;3;3;5;3;0;1;0;0;0;0;0;465588,595700000410000;5461752,745300000500000;8,526607136000052;49,307544481000036;0
151458;08200626212010872920;08;2;12;000;2020;06;15;6;2;5;3;0;1;0;0;0;0;0;460877,440200000070000;5430688,042199999100000;8,464819448000071;49,027835104000076;0
151459;08200628311100853540;08;3;15;133;2020;06;19;1;3;0;1;1;1;0;0;0;0;0;395653,542999999600000;5328562,574699999800000;7,598395654000058;48,101777741000035;1
151462;08200626212010848960;08;2;12;000;2020;06;14;6;3;5;3;0;1;0;0;0;0;0;460528,154400000350000;5427693,851800000300000;8,460332804000075;49,000879522000048;0
151463;08200629337010868980;08;3;37;065;2020;06;12;2;3;5;1;0;1;0;0;0;0;0;447891,028500000010000;5275681,617699999400000;8,306357418000061;47,632438144000048;0
151464;08200626212010835770;08;2;15;100;2020;06;21;6;3;6;4;2;0;0;1;0;0;1;473877,849700000140000;5449927,246400000500000;8,641409885000030;49,201584484000080;0
151465;08200629119300868190;08;1;19;067;2020;06;17;2;3;2;6;0;1;1;0;0;0;0;537836,379200000320000;5405545,776000000500000;9,515255642000057;48,801751014000047;0
151466;08200630435100868860;08;4;35;057;2020;06;17;3;2;1;5;0;1;1;0;0;0;0;544268,997499999590000;5279399,604900000600000;9,589664292000066;47,666473350000047;0
151469;08200630212010863440;08;2;12;000;2020;06;10;3;3;5;3;0;1;1;0;0;0;0;455649,138700000010000;5428803,383400000600000;8,393508400000030;49,010528600000043;0
151471;08200627222400862360;08;2;26;038;2020;06;11;7;3;5;6;0;1;1;0;0;0;0;471086,777700000440000;5481144,014399999800000;8,600831775000074;49,482249762000038;0
151472;08200629311400844950;08;3;15;108;2020;06;18;2;3;4;6;0;1;1;0;0;0;0;405293,833200000230000;5303705,742599999500000;7,733335642000043;47,879697021000027;0
151474;08200627216200837600;08;2;16;007;2020;06;10;7;3;6;2;0;0;1;1;0;0;0;436378,233599999920000;5393894,312599999800000;8,135432390000062;48,694841962000055;0