OBJECTID;UIDENTSTLAE;ULAND;UREGBEZ;UKREIS;UGEMEINDE;UJAHR;UMONAT;USTUNDE;UWOCHENTAG;UKATEGORIE;UART;UTYP1;ULICHTVERH;IstRad;IstPKW;IstFuss;IstKrad;IstGkfz;IstSonstige;LINREFX;LINREFY;XGCSWGS84;YGCSWGS84;STRZUSTAND
151475;08200629317500847330;08;3;17;096;2020;06;13;2;3;0;7;0;1;0;0;0;0;0;423139,152599999680000;5368793,283500000800000;7,960194280000053;48,467573209000079;0
151476;08200629116010847280;08;1;16;041;2020;06;18;2;3;6;4;0;0;1;1;0;0;0;520504,200500000270000;5384389,364499999200000;9,278179275000070;48,612241990000030;0
151477;08200630421200851000;08;4;21;000;2020;06;14;3;3;3;7;0;1;1;0;0;0;0;573405,934100000190000;5360906,923299999900000;9,991692159000024;48,397046917000068;0
151478;08200701222600879630;08;2;22;000;2020;07;11;4;3;0;1;0;1;0;0;0;0;0;460554,103799999690000;5485577,666099999100000;8,454983741000035;49,521534766000059;0
151479;08200628117010853980;08;1;17;026;2020;06;17;1;2;4;6;0;0;0;1;0;0;1;546097,810999999750000;5395538,473300000700000;9,626632702000052;48,711172956000041;0
151480;08200630126100847540;08;1;26;046;2020;06;20;3;3;0;3;0;1;1;0;0;0;0;548598,852699999700000;5458462,164500000000000;9,668155531000025;49,276982944000054;0
151481;08200626128100854390;08;1;28;007;2020;06;13;6;3;5;3;0;1;1;0;0;0;0;557315,442800000310000;5482212,853399999400000;9,791407026000059;49,489845402000071;0
151482;08200627216100838630;08;2;16;052;2020;06;15;7;3;3;6;0;1;0;0;0;0;0;441324,305900000040000;5417888,254799999300000;8,199209452000048;48,911153402000082;0
151483;08200629226700844580;08;2;21;000;2020;06;19;2;3;0;7;0;1;0;0;0;0;0;477117,770399999800000;5472534,141499999900000;8,684589695000057;49,405063147000078;0
151484;08200628335100865640;08;3;35;043;2020;06;11;1;2;6;2;0;1;0;1;0;0;0;512244,824799999590000;5280819,068900000300000;9,163145331000067;47,680644498000049;0
151485;08200630326400862850;08;3;26;074;2020;06;18;3;2;9;6;0;1;1;0;0;0;0;459920,775500000450000;5323052,639000000400000;8,462093018000076;48,059493313000075;0
151487;08200626127100834760;08;1;27;076;2020;06;13;6;3;2;6;0;1;0;0;1;0;0;551660,385300000200000;5439208,085799999500000;9,707768457000043;49,103548599000078;0
151489;08200630415300861020;08;4;15;019;2020;06;12;3;3;0;7;0;1;1;0;0;0;0;519449,411999999550000;5371259,943099999800000;9,263255714000025;48,494160473000079;0
151490;08200701215102905020;08;2;15;102;2020;07;21;4;3;1;5;1;1;1;0;0;0;0;456379,091099999850000;5438360,715900000200000;8,402460319000056;49,096549256000060;0
151491;08200628111370844160;08;1;11;000;2020;06;17;1;3;2;6;0;1;0;0;0;0;0;512980,953700000420000;5406237,198000000800000;9,176799728000049;48,808987006000052;0
151492;08200626121600864280;08;1;25;001;2020;06;15;6;3;4;1;0;1;1;0;0;0;0;521493,136800000440000;5435170,027400000000000;9,294259801000067;49,069018888000073;0
151496;08200701116500881970;08;1;16;073;2020;07;07;4;3;5;3;0;1;0;0;0;0;0;521892,651300000030000;5388675,022900000200000;9,297242420000032;48,650749048000080;0
151499;08200701121200893700;08;1;21;000;2020;07;07;4;3;4;2;0;1;1;0;0;0;0;516733,986299999990000;5442903,592399999500000;9,229423973000053;49,138732976000028;0
151502;08200626117010846860;08;1;17;015;2020;06;10;6;3;0;1;0;1;0;0;0;0;0;557031,395999999720000;5395067,286000000300000;9,775180942000077;48,706030387000055;0
151503;08200629121500847360;08;1;25;005;2020;06;16;2;3;5;3;0;1;1;0;0;0;0;517765,677899999540000;5451233,067099999600000;9,243936311000027;49,213629788000048;0
151504;08200629436400865260;08;4;36;082;2020;06;07;2;2;5;3;0;1;1;0;0;0;0;545555,400000000370000;5298568,626000000200000;9,608806537000021;47,838849037000045;1
151506;08200629136300985520;08;1;36;065;2020;06;18;2;3;5;2;0;1;1;0;0;0;0;559436,830400000330000;5405695,243899999200000;9,809407027000077;48,801405395000074;0
151507;08200701115100882560;08;1;15;003;2020;07;14;4;3;0;1;0;1;0;0;0;0;0;500804,460099999790000;5392831,437500000000000;9,010930532000032;48,688523707000058;0
151509;08200630235200866900;08;2;35;046;2020;06;12;3;3;5;2;0;1;1;0;0;0;0;479333,055200000290000;5377242,489900000400000;8,719968174000030;48,547942154000054;0
151510;08200701118100893730;08;1;18;007;2020;07;12;4;3;6;4;0;0;1;1;0;0;0;515123,750000000000000;5429333,982799999400000;9,206840225000065;49,016710177000050;0
151511;08200626116200836770;08;1;16;015;2020;06;13;6;3;0;1;0;1;0;0;0;0;0;522656,077600000430000;5393745,181199999500000;9,307885300000066;48,696332972000050;0
151512;08200629335300844000;08;3;35;075;2020;06;10;2;2;0;1;0;1;0;0;0;0;0;488987,335300000380000;5289278,226399999100000;8,853057583000066;47,756778787000030;1
151513;08200626116100838260;08;1;16;019;2020;06;15;6;2;0;1;0;1;0;0;0;0;0;521931,428600000220000;5400785,727800000500000;9,298412333000044;48,759695069000031;0
151516;08200701311010881710;08;3;11;000;2020;07;20;4;2;3;6;0;1;0;0;0;0;0;412733,842000000180000;5317778,395999999700000;7,829967436000061;48,007340699000054;1
151518;08200630211100872490;08;2;11;000;2020;06;08;3;3;5;2;0;1;1;0;0;0;0;440689,578099999580000;5404194,881999999300000;8,192530846000068;48,787921648000065;0
151519;08200630436400852630;08;4;36;009;2020;06;11;3;3;0;7;0;1;1;0;0;0;0;555999,435999999750000;5308240,253300000000000;9,749624735000054;47,925035885000057;0
151524;08200629317200848720;08;3;17;057;2020;06;15;2;3;3;6;0;1;0;0;0;0;0;413448,013199999930000;5379118,526799999200000;7,826973341000041;48,559184566000056;1
151525;08200627335300987480;08;3;35;075;2020;06;22;7;3;1;5;2;1;1;0;0;0;0;492382,150000000370000;5285349,137000000100000;8,898423425000033;47,721475529000031;0
151526;08200629111500866380;08;1;11;000;2020;06;19;2;3;6;4;0;0;1;1;0;0;0;512340,562099999750000;5408830,585200000600000;9,168155701000046;48,832329799000036;0
151527;08200630415400871330;08;4;15;061;2020;06;19;3;3;5;3;0;1;1;0;0;0;0;516070,011900000270000;5371879,375700000700000;9,217538377000039;48,499828623000042;0
151532;08200626111500852420;08;1;11;000;2020;06;08;6;3;5;2;0;1;1;0;0;0;0;518556,042600000280000;5402861,984799999700000;9,252578950000043;48,778482619000044;0
151533;08200629222600865200;08;2;22;000;2020;06;21;2;3;6;7;0;1;0;1;0;0;0;461338,808000000190000;5482141,229499999400000;8,466161764000049;49,490676528000051;0
151534;08200702311010883330;08;3;11;000;2020;07;21;5;3;0;7;0;1;0;0;0;0;0;414528,365100000050000;5316090,485099999200000;7,854358961000060;47,992399804000058;0
151535;08200706111250881330;08;1;11;000;2020;07;16;2;3;0;1;0;1;0;0;0;0;0;514071,265999999830000;5402543,605200000100000;9,191523115000052;48,775736113000050;0
151536;08200705317200910760;08;3;17;057;2020;07;15;1;3;0;7;0;1;0;0;0;0;0;412438,140100000430000;5381981,412799999100000;7,812686909000036;48,584794142000078;0
151537;08200705317010886960;08;3;17;129;2020;07;06;1;2;9;1;0;1;0;0;0;0;0;430361,726599999700000;5350899,958399999900000;8,060856259000047;48,307457483000064;0
151538;08200702311010876440;08;3;11;000;2020;07;23;5;3;0;1;2;1;0;0;0;0;0;414184,150000000370000;5316375,203999999900000;7,849689218000037;47,994914856000037;1
151539;08200705311500880910;08;3;15;052;2020;07;16;1;3;3;2;0;1;1;0;0;0;0;433222,408400000070000;5305660,027799999300000;8,106512142000042;47,900791251000044;0
151540;08200705235200879810;08;2;35;046;2020;07;14;1;3;3;6;0;1;1;0;0;0;0;479883,850800000130000;5382437,044299999300000;8,727179940000042;48,594691247000071;0
151541;08200702222800892350;08;2;22;000;2020;07;21;5;3;5;3;1;1;1;0;0;0;0;462448,533699999560000;5488400,646600000600000;8,480888698000058;49,547046144000035;0
151542;08200705231000981510;08;2;31;000;2020;07;17;1;3;0;6;0;1;1;0;0;0;0;475525,785600000060000;5413774,399700000900000;8,666214682000032;48,876443127000073;0
151546;08200705231000880560;08;2;31;000;2020;07;15;1;2;6;7;0;0;0;1;0;0;1;480085,133100000210000;5416159,960300000400000;8,728279116000067;48,898066120000067;0
151547;08200705226700904240;08;2;26;095;2020;07;14;1;3;5;3;0;1;1;0;0;0;0;474032,844600000420000;5460697,217100000000000;8,642839354000046;49,298467498000036;0
151548;08200705222200906090;08;2;22;000;2020;07;19;1;3;3;6;0;1;1;0;0;0;0;460886,594999999740000;5482627,440500000500000;8,459869725000033;49,495020744000044;0
151551;08200705216100884740;08;2;16;005;2020;07;17;1;3;0;3;0;1;0;0;0;0;1;444700,734799999740000;5418452,070100000100000;8,245209360000047;48,916535642000042;0
151552;08200705215202879100;08;2;15;097;2020;07;00;1;3;0;7;2;1;1;0;0;0;0;479247,965400000100000;5441677,577899999900000;8,715552089000028;49,127582014000041;0
151553;08200702222500876720;08;2;22;000;2020;07;10;5;3;5;3;0;1;1;0;0;0;0;462210,288800000210000;5478755,597100000800000;8,478518164000036;49,460279364000030;0
151554;08200705212402880400;08;2;12;000;2020;07;20;1;3;6;1;0;1;0;1;0;0;0;455019,910699999890000;5426677,836400000400000;8,385139723000066;48,991363554000031;0
151555;08200702222200079550;08;2;22;000;2020;07;19;5;3;6;2;0;0;1;1;0;0;0;460693,214700000360000;5482539,430800000200000;8,457208151000032;49,494216648000076;0
151556;08200705212302892000;08;2;12;000;2020;07;19;1;3;5;7;0;1;0;0;0;0;1;456115,994500000030000;5428524,325600000100000;8,399922383000046;49,008051823000073;0
151558;08200705136100891640;08;1;36;033;2020;07;16;1;3;0;7;0;1;0;0;0;0;0;580387,467000000180000;5416007,312000000800000;10,096687774000031;48,891798112000060;0
151560;08200705128200881400;08;1;28;115;2020;07;17;1;2;6;1;0;1;0;1;0;0;0;548908,086199999790000;5497814,359600000100000;9,677266188000033;49,630902999000057;0
151561;08200702221011882700;08;2;21;000;2020;07;19;5;2;6;4;0;0;0;1;0;0;1;477636,456000000240000;5472747,924000000600000;8,691727145000073;49,407005370000036;0
151562;08200705437200906380;08;4;37;101;2020;07;10;1;3;3;7;0;1;0;0;0;0;0;522180,048399999740000;5323373,070900000600000;9,297701821000032;48,063249715000040;0
151564;08200702215102876780;08;2;12;000;2020;07;20;5;3;1;5;0;1;1;0;0;0;0;460063,544900000100000;5430430,782800000200000;8,453711553000062;49,025468843000056;0
151565;08200702212702893410;08;2;15;017;2020;07;23;5;2;8;7;2;1;0;0;0;0;0;456820,154400000350000;5421442,859500000300000;8,410302526000066;48,944402461000038;0
151566;08200705126200887630;08;1;26;066;2020;07;23;1;3;0;7;2;1;0;0;0;0;0;532406,040799999610000;5451180,156199999200000;9,444950466000023;49,212554418000082;0
151569;08200706135010890320;08;1;35;019;2020;07;08;2;2;0;1;0;1;0;0;0;0;0;584444,942999999970000;5391346,022800000400000;10,146964995000076;48,669451169000070;1
151570;08200705121200879700;08;1;21;000;2020;07;13;1;3;6;7;0;1;0;1;0;0;0;515817,831500000320000;5443439,368599999700000;9,216884561000029;49,143576734000078;0
151571;08200705118300925130;08;1;18;003;2020;07;17;1;3;5;3;0;1;0;0;0;0;0;509704,525399999690000;5416885,501299999700000;9,132427570000061;48,904836997000075;0
151573;08200702212102890160;08;2;12;000;2020;07;20;5;2;0;1;0;1;0;0;0;0;0;462574,517599999900000;5427483,039999999100000;8,488329328000077;48,999110681000047;0
151574;08200705435200981170;08;4;35;066;2020;07;12;1;3;0;6;0;1;0;0;0;0;0;516694,022099999710000;5287746,697499999800000;9,222689709000065;47,742876749000061;0
151575;08200705116010904730;08;1;16;019;2020;07;16;1;2;0;7;0;1;0;0;0;0;0;520628,118300000210000;5400858,073100000600000;9,280682557000034;48,760390432000065;0
151578;08200705111340887800;08;1;11;000;2020;07;20;1;3;4;6;0;1;1;0;0;0;0;508688,655600000170000;5406544,439700000000000;9,118345580000039;48,811825759000044;0
151580;08200704617114879420;08;3;11;000;2020;07;17;7;3;0;1;0;1;0;0;0;0;0;414267,218000000340000;5319442,493000000700000;7,850189256000022;48,022517370000060;0
151581;08200706119400893330;08;1;19;079;2020;07;07;2;3;0;6;0;1;0;0;0;0;1;522541,758999999610000;5407535,125000000000000;9,307087026000033;48,820389606000049;0
151583;08200704425000880980;08;4;25;091;2020;07;17;7;3;9;1;0;1;0;0;0;0;0;551705,785000000150000;5336799,709000000700000;9,695605283000077;48,182330144000048;0
151585;08200702212010877160;08;2;12;000;2020;07;11;5;3;6;4;0;1;0;1;0;0;0;455612,007699999960000;5428755,940199999100000;8,393005856000059;49,010099174000061;0
151586;08200705435200906760;08;4;35;059;2020;07;15;1;3;2;6;0;1;1;0;0;0;0;512264,130099999720000;5290240,296199999700000;9,163667850000024;47,765412443000059;0
151587;08200704416100887400;08;4;16;036;2020;07;11;7;3;3;6;0;1;1;0;0;0;0;494379,876699999910000;5368662,878100000300000;8,923963888000060;48,471072085000060;0
151588;08200704415400880090;08;4;15;061;2020;07;17;7;3;2;1;0;1;1;0;0;0;0;516947,058899999600000;5370375,737999999900000;9,229349774000070;48,486278339000080;0
151590;08200704337200900540;08;3;37;065;2020;07;22;7;3;0;1;2;1;0;0;0;0;0;449184,522099999710000;5275052,584699999500000;8,323647380000068;47,626881453000067;0
151591;08200702135010881180;08;4;25;072;2020;07;19;5;2;6;4;0;0;1;1;0;0;0;582529,371100000110000;5372395,953400000900000;10,117188755000029;48,499259905000031;0
151594;08200702126200894690;08;1;26;066;2020;07;16;5;3;9;1;0;1;0;0;0;0;0;535258,207200000060000;5449014,698000000800000;9,483920565000062;49,192918680000048;0
151595;08200704336200984650;08;3;36;105;2020;07;15;7;3;8;6;0;1;1;0;0;0;0;399305,703999999910000;5267865,407999999800000;7,661552162000021;47,556396210000059;0
151597;08200704336200891250;08;3;36;105;2020;07;15;7;3;0;1;0;1;0;0;0;0;0;399307,980000000450000;5267874,699799999600000;7,661580278000031;47,556480147000059;0
151598;08200706231000900630;08;2;31;000;2020;07;08;2;3;6;3;0;0;0;1;0;0;1;477869,445100000130000;5415309,693399999300000;8,698094475000062;48,890342220000036;0
151599;08200704335200878440;08;3;35;063;2020;07;08;7;2;0;1;0;1;0;0;0;0;0;498114,312599999830000;5287944,193399999300000;8,974844942000061;47,744867025000076;1
151603;08200704317500889090;08;3;17;122;2020;07;11;7;3;0;7;0;1;0;0;0;0;0;417679,930700000380000;5367715,836200000700000;7,886565690000055;48,457190961000038;0
151605;08200704317300901340;08;3;17;031;2020;07;22;7;3;0;5;2;1;1;0;0;0;0;416714,397599999790000;5358326,463099999400000;7,875373193000030;48,372608384000046;0
151606;08200706212010880900;08;2;12;000;2020;07;08;2;3;2;6;0;1;1;0;0;0;0;457288,284599999900000;5428832,386499999100000;8,415919187000043;49,010905122000054;0
151610;08200706222500890100;08;2;22;000;2020;07;10;2;3;3;2;0;1;0;0;0;0;1;466351,699000000020000;5474265,380000000800000;8,536046944000077;49,420135055000060;0
151611;08200704311010896200;08;3;11;000;2020;07;02;7;3;0;7;2;1;0;0;0;0;0;417473,919099999590000;5314898,317299999300000;7,894061853000039;47,982062569000050;0
151616;08200702118200882410;08;1;18;080;2020;07;19;5;3;6;7;0;0;1;1;0;0;0;506963,216799999590000;5410852,618200000400000;9,094917109000051;48,850603299000056;0
151617;08200704226700885500;08;2;26;065;2020;07;09;7;3;5;3;0;1;1;0;0;0;0;479081,768799999730000;5456372,790200000600000;8,712509051000041;49,259762755000054;0
151619;08200704222600906450;08;2;22;000;2020;07;14;7;3;5;2;0;1;1;0;0;0;0;462324,430100000460000;5483319,321000000500000;8,479658421000067;49,501334837000059;0
151621;08200704216200878580;08;2;16;007;2020;07;13;7;2;9;1;0;1;0;0;0;0;0;436675,525600000280000;5394593,234999999400000;8,139364696000030;48,701159065000070;0
151622;08200702118100972660;08;1;18;079;2020;07;22;5;3;1;5;2;1;1;0;0;0;0;509631,627100000160000;5422563,556500000900000;9,131566942000063;48,955916227000046;0
151623;08200705435200879130;08;4;35;059;2020;07;00;1;3;0;7;2;1;0;0;0;0;0;512553,954499999990000;5290087,889399999800000;9,167531208000071;47,764035579000051;0
151624;08200704215402891080;08;2;15;009;2020;07;12;7;3;0;2;0;1;1;0;0;0;0;468539,605600000360000;5440470,149399999500000;8,568870495000056;49,116266084000074;0
151625;08200704215302879070;08;2;15;007;2020;07;11;7;2;6;4;0;0;1;1;0;0;0;478158,398500000130000;5431709,112700000400000;8,701156150000031;49,037874279000050;0
151626;08200702116010882720;08;1;16;078;2020;07;12;5;3;0;3;0;1;1;0;0;0;0;512814,672100000080000;5393478,595599999700000;9,174137909000024;48,694214525000064;1
151627;08200705426100881860;08;4;26;021;2020;07;15;1;2;0;1;0;1;0;0;0;0;0;558619,380699999630000;5327453,090700000500000;9,787319465000053;48,097646486000031;0
151628;08200704212702880080;08;2;15;017;2020;07;16;7;3;0;1;0;1;0;0;0;0;0;453597,624300000260000;5419525,803400000600000;8,366514116000076;48,926924847000066;0
151629;08200704212010905090;08;2;15;017;2020;07;18;7;2;0;3;0;1;1;0;0;0;0;455527,894100000150000;5421482,531099999300000;8,392651108000052;48,944667746000050;0
151630;08200706119200904310;08;1;19;020;2020;07;09;2;3;5;3;0;1;1;0;0;0;0;521026,191499999720000;5405631,651399999900000;9,286343161000048;48,803319489000046;0
151631;08200704212010903090;08;2;12;000;2020;07;13;7;3;1;7;0;1;1;0;0;0;0;455462,218600000250000;5426777,702899999900000;8,391174594000063;48,992293927000048;0
151632;08200706118400885880;08;1;18;048;2020;07;13;2;3;5;3;0;1;1;0;0;0;0;513969,796699999830000;5415331,083699999400000;9,190577843000028;48,890772360000028;0
151633;08200704212010901030;08;2;12;000;2020;07;14;7;3;5;3;0;1;1;0;0;0;0;455292,569899999540000;5430955,895199999200000;8,388395460000027;49,029864867000072;0
151634;08200704212010897150;08;2;12;000;2020;07;21;7;2;2;2;2;1;0;0;0;0;0;455038,383999999610000;5428120,479199999900000;8,385232547000044;49,004341618000069;0
151636;08200705416100905430;08;4;16;036;2020;07;10;1;3;5;3;0;1;0;0;0;0;0;497418,422399999570000;5372007,163499999800000;8,965052487000037;48,501178502000073;0
151638;08200706311010892650;08;3;11;000;2020;07;15;2;3;6;4;0;0;1;1;0;0;0;414263,398799999620000;5316888,994200000500000;7,850648623000041;47,999547226000061;0
151639;08200706118100884100;08;1;18;079;2020;07;19;2;2;2;6;0;1;1;0;0;0;0;506974,162399999800000;5421301,446599999400000;9,095244723000064;48,944598377000034;0
151640;08200704128100891380;08;1;28;007;2020;07;14;7;3;5;7;0;1;1;0;0;0;0;556057,981800000180000;5482723,183299999700000;9,774118177000048;49,494552796000050;0
151641;08200706117300893760;08;1;17;026;2020;07;15;2;2;0;7;0;1;0;0;0;0;0;546510,130199999550000;5394423,258099999300000;9,632111571000053;48,701110388000075;0
151643;08200702115300892710;08;1;15;028;2020;07;07;5;3;5;3;0;1;1;0;0;0;0;501158,747100000270000;5404756,940199999100000;9,015777920000062;48,795805217000066;1
151645;08200704121400888200;08;1;25;038;2020;07;06;7;3;5;2;0;1;1;0;0;0;0;500528,120900000450000;5434463,095899999100000;9,007229563000067;49,063034544000061;0
151646;08200702115200881110;08;1;15;037;2020;07;11;5;3;5;3;0;1;1;0;0;0;0;491698,956399999560000;5385517,154300000500000;8,887357084000030;48,622668705000081;0
151647;08200704121200915570;08;1;21;000;2020;07;09;7;3;5;3;0;1;1;0;0;0;0;514969,723000000230000;5442348,483599999900000;9,205215373000044;49,133785108000041;0
151648;08200702115100896960;08;1;15;013;2020;07;18;5;3;5;3;0;1;1;0;0;0;0;495872,313500000160000;5390156,928400000600000;8,943942130000039;48,664450371000044;0
151650;08200706226400893770;08;2;26;084;2020;07;08;2;3;6;7;0;1;0;1;0;0;0;469283,426900000310000;5470324,149700000900000;8,576774078000028;49,384839827000064;0
151652;08200706117300881740;08;1;17;026;2020;07;06;2;2;5;2;0;1;0;0;0;0;1;547445,091599999930000;5394481,121700000000000;9,644824296000024;48,701560488000041;1
151653;08200704117200879310;08;1;17;006;2020;07;14;7;3;9;1;0;1;0;0;0;0;0;552593,246299999770000;5379036,931199999500000;9,712827511000057;48,562219527000082;0
151654;08200704116400887840;08;1;16;012;2020;07;13;7;3;5;3;0;1;1;0;0;0;0;536453,612499999810000;5383012,186699999500000;9,494436486000041;48,599127120000048;0
151657;08200704115400903740;08;1;15;045;2020;07;16;7;3;5;3;0;1;1;0;0;0;0;499329,793999999760000;5396200,852700000600000;8,990888164000069;48,718835399000056;0
151658;08200702111500882320;08;1;11;000;2020;07;08;5;3;6;7;0;1;0;1;0;0;0;516271,708700000310000;5403299,928799999900000;9,221502918000056;48,782486262000077;1
151659;08200704115200905860;08;1;15;021;2020;07;14;7;2;0;3;0;1;0;0;0;0;1;490151,858000000010000;5382207,260099999600000;8,866441975000043;48,592869764000056;0
151660;08200702111500878180;08;1;11;000;2020;07;12;5;3;0;4;0;0;0;1;1;0;0;518734,150000000370000;5400726,189400000500000;9,254905997000037;48,759263901000054;1
151661;08200704115200879430;08;1;15;021;2020;07;14;7;3;0;6;0;1;1;0;0;0;0;494458,981100000440000;5380498,564500000300000;8,924876808000022;48,577550826000049;0
151662;08200706216100896100;08;2;16;043;2020;07;13;2;3;6;6;0;1;0;1;0;0;0;441773,173000000420000;5411969,792099999300000;8,206177941000021;48,857959603000040;0
151663;08200704115100903060;08;1;15;003;2020;07;08;7;3;0;7;0;1;0;0;0;0;0;500514,588299999940000;5392373,089299999200000;9,006991353000046;48,684400664000066;0
151664;08200706117010898340;08;1;17;026;2020;07;06;2;2;0;1;0;1;0;1;0;0;0;550344,327999999750000;5395694,194000000100000;9,684372806000056;48,712245342000074;1
151665;08200704111500879950;08;1;11;000;2020;07;14;7;3;6;4;0;1;0;1;0;0;0;508355,974999999630000;5406755,203700000400000;9,113818538000032;48,813726332000044;0
151667;08200702111120908510;08;1;11;000;2020;07;08;5;3;0;1;0;1;0;0;0;0;0;513726,446100000290000;5402193,572799999300000;9,186818136000056;48,772594952000077;1
151668;08200705415400887590;08;4;15;061;2020;07;10;1;3;5;3;0;1;1;0;0;0;0;514043,334999999960000;5370734,218299999800000;9,190065082000047;48,489574953000044;0
151669;08200704111140878880;08;1;11;000;2020;07;11;7;3;1;7;0;1;1;0;0;0;0;512365,127100000160000;5401105,551300000400000;9,168257849000042;48,762835716000041;0
151670;08200701436400875810;08;4;36;093;2020;07;07;4;2;0;7;0;1;0;0;0;0;0;543625,814699999990000;5315868,937200000500000;9,584772070000042;47,994631196000057;0
151679;08200703336200899070;08;3;36;069;2020;07;10;6;3;5;3;0;1;1;0;0;0;0;407860,587000000290000;5267877,537000000500000;7,775234742000066;47,557775827000057;0
151680;08200701436100875610;08;4;36;004;2020;07;14;4;3;0;2;0;1;0;0;0;0;0;581268,841000000010000;5310207,053999999500000;10,088206214000024;47,940022704000057;0
151681;08200705337010879550;08;3;37;065;2020;07;10;1;2;0;1;0;1;0;0;0;0;0;448820,199000000020000;5275357,131200000600000;8,318762996000032;47,629592809000030;0
151683;08200706116010904740;08;1;16;019;2020;07;22;2;3;6;7;2;0;0;1;0;0;1;522736,264000000430000;5399420,826999999600000;9,309287871000038;48,747387720000063;0
151684;08200703335400878430;08;3;35;098;2020;07;12;6;2;0;1;0;1;0;0;0;0;0;504515,221099999730000;5296208,093800000800000;9,060318957000050;47,819208631000038;0
151685;08200703335100877410;08;3;35;043;2020;07;10;6;3;0;1;0;1;0;0;0;0;0;513361,697599999610000;5284419,019999999600000;9,178136334000044;47,713013372000034;0
151686;08200706115400881600;08;1;15;054;2020;07;08;2;3;5;3;0;1;1;0;0;0;0;494032,313099999910000;5394951,864499999200000;8,918883968000046;48,707571225000038;0
151687;08200703327100883220;08;3;27;027;2020;07;22;6;2;0;1;2;1;0;0;0;0;0;498117,751099999990000;5323396,521099999500000;8,974736074000020;48,063843576000068;0
151688;08200703326400900110;08;3;26;074;2020;07;18;6;2;0;1;0;1;0;0;0;0;0;459937,572399999950000;5325437,075999999400000;8,462094928000056;48,080946385000061;0
151689;08200703317600879190;08;3;17;085;2020;07;17;6;3;5;2;0;1;1;0;0;0;0;431645,968999999580000;5360610,595000000700000;8,076596217000031;48,394949299000075;0
151690;08200703317500887080;08;3;17;096;2020;07;15;6;3;3;6;0;1;0;0;0;0;0;422233,741200000050000;5369077,702800000100000;7,947894744000053;48,470020238000075;0
151691;08200701426100875670;08;4;26;021;2020;07;14;4;3;6;1;0;0;1;1;0;0;0;558973,416699999940000;5327694,666200000800000;9,792107454000075;48,099787066000033;0
151693;08200703317500877610;08;3;17;096;2020;07;17;6;2;0;1;0;1;0;0;0;0;0;422022,428500000390000;5364149,407500000700000;7,945954251000046;48,425664264000034;0
151694;08200703317300901120;08;3;17;114;2020;07;11;6;3;0;6;0;1;0;0;0;0;1;405968,349100000230000;5346823,235099999200000;7,732866842000021;48,267633051000075;0
151697;08200701417010890490;08;4;17;071;2020;07;15;4;2;0;7;0;1;0;0;0;0;0;483259,412299999970000;5336953,133400000600000;8,774772734000067;48,185594439000056;0
151698;08200703317100883280;08;3;17;089;2020;07;09;6;3;5;3;0;1;1;0;0;0;0;430683,634700000290000;5376460,923299999900000;8,060970899000040;48,537421869000070;0
151700;08200703316100973600;08;3;16;011;2020;07;11;6;2;0;2;0;1;0;0;0;0;0;414491,682199999690000;5330293,071000000500000;7,851028110000073;48,120151305000036;0
151702;08200703311010878690;08;3;16;056;2020;07;16;6;2;0;1;0;1;0;0;0;0;0;421491,757399999540000;5327032,778000000900000;7,945670626000037;48,091725155000063;0
151703;08200706115200884020;08;1;15;015;2020;07;14;2;3;5;3;0;1;1;0;0;0;0;492524,266599999740000;5388140,064500000300000;8,898508984000046;48,646275274000061;0
151704;08200701415400884240;08;4;15;061;2020;07;13;4;3;0;7;0;1;0;0;0;0;0;516942,474200000060000;5373207,025100000200000;9,229402626000024;48,511749657000053;0
151705;08200703231102907560;08;2;36;046;2020;07;19;6;3;5;3;0;1;1;0;0;0;0;482734,816200000230000;5418600,708000000600000;8,764328136000074;48,920101826000064;0
151706;08200706231102907520;08;2;36;040;2020;07;23;2;3;5;2;2;1;1;0;0;0;0;488276,445799999870000;5421736,404699999800000;8,839881489000049;48,948439324000049;0
151707;08200703231000877600;08;2;31;000;2020;07;16;6;3;0;1;0;1;0;0;0;0;0;477506,393299999650000;5415294,947100000500000;8,693142599000055;48,890196495000055;0
151708;08200703231000877560;08;2;31;000;2020;07;15;6;2;6;4;0;0;1;1;0;0;0;477236,289699999620000;5415521,361700000200000;8,689445293000063;48,892223379000029;0
151709;08200703226700899700;08;2;26;098;2020;07;18;6;3;5;3;0;1;1;0;0;0;0;478140,333300000060000;5459355,384500000600000;8,699407585000074;49,286558465000041;0
151710;08200701337100893140;08;3;37;116;2020;07;22;4;2;0;1;2;1;0;0;0;0;0;417487,678700000050000;5274393,393799999700000;7,901952033000043;47,617688681000061;0
151711;08200703226400878260;08;2;26;084;2020;07;17;6;3;0;5;0;1;1;0;0;0;0;468342,694299999620000;5471010,432900000400000;8,563758002000043;49,390964598000039;0
151712;08200701337010886940;08;3;37;065;2020;07;10;4;3;0;5;0;1;1;0;0;0;0;447349,658400000070000;5275581,916699999900000;8,299163579000037;47,631497329000069;0
151714;08200706212010885150;08;2;12;000;2020;07;10;2;3;5;2;0;1;1;0;0;0;0;455237,885700000450000;5429266,058900000500000;8,387833882000052;49,014660709000054;0
151716;08200703215502877890;08;2;15;066;2020;07;21;6;3;0;3;1;1;1;0;0;0;0;460296,959300000220000;5454427,450999999400000;8,454541110000037;49,241333972000064;0