OBJECTID;UIDENTSTLAE;ULAND;UREGBEZ;UKREIS;UGEMEINDE;UJAHR;UMONAT;USTUNDE;UWOCHENTAG;UKATEGORIE;UART;UTYP1;ULICHTVERH;IstRad;IstPKW;IstFuss;IstKrad;IstGkfz;IstSonstige;LINREFX;LINREFY;XGCSWGS84;YGCSWGS84;STRZUSTAND
151717;08200703215302897310;08;2;15;007;2020;07;15;6;3;6;7;0;0;1;1;0;0;0;478238,101999999960000;5431759,678999999500000;8,702243949000035;49,038331964000065;0
151719;08200703215101882570;08;2;12;000;2020;07;11;6;3;5;3;0;1;1;0;0;0;0;454600,839399999940000;5432518,761900000300000;8,378758007000045;49,043872360000080;0
151720;08200703212402894650;08;2;12;000;2020;07;07;6;3;1;5;0;1;1;0;0;0;0;453351,988499999980000;5427474,594599999500000;8,362249845000065;48,998406695000028;0
151722;08200703212402877450;08;2;12;000;2020;07;12;6;3;5;3;0;1;1;0;0;0;0;456356,036000000310000;5427543,570000000300000;8,403309977000049;48,999246830000061;0
151723;08200701335300875430;08;3;35;075;2020;07;07;4;3;5;2;0;1;1;0;0;0;0;487947,428299999800000;5291316,379599999600000;8,839125581000076;47,775098509000031;0
151727;08200706111500907920;08;1;11;000;2020;07;17;2;2;6;7;0;0;1;1;0;0;0;516060,999200000430000;5410035,471300000300000;9,218898222000064;48,843083631000070;0
151728;08200703135200900400;08;1;35;019;2020;07;12;6;3;3;2;0;1;0;0;0;1;0;585714,698099999690000;5395034,061400000000000;10,164972572000067;48,702449317000060;0
151729;08200703127100878270;08;1;27;043;2020;07;19;6;2;0;7;0;1;0;0;0;0;0;567683,736600000410000;5446311,897199999500000;9,928460959000063;49,165887374000079;0
151730;08200701335100890140;08;3;35;043;2020;07;22;4;3;1;5;2;1;1;0;0;0;0;512651,355600000360000;5278401,464600000500000;9,168491739000046;47,658883867000043;0
151732;08200703127100878160;08;1;27;059;2020;07;11;6;2;0;7;0;1;0;0;0;0;0;547345,453900000080000;5441844,563200000700000;9,648965588000067;49,127610628000070;0
151734;08200705335100889990;08;3;35;043;2020;07;15;1;3;0;1;0;1;0;0;0;0;0;512564,569699999880000;5284190,852800000500000;9,167502603000060;47,710976419000076;0
151735;08200703121200887550;08;1;21;000;2020;07;16;6;3;1;5;0;1;1;0;0;0;0;517060,752799999900000;5443049,542600000300000;9,233910101000049;49,140036857000041;0
151736;08200703119200895130;08;1;19;093;2020;07;02;6;3;0;7;2;1;0;0;0;0;0;523338,359299999660000;5405544,423100000200000;9,317825755000058;48,802452284000026;0
151741;08200701327200941890;08;3;27;005;2020;07;16;4;3;8;1;0;1;0;0;0;0;0;482326,236100000330000;5323930,496500000400000;8,762758124000072;48,068405663000078;0
151742;08200705325302892840;08;3;25;014;2020;07;17;1;3;0;1;0;1;0;0;0;0;0;463364,258999999610000;5339753,137099999900000;8,506869858000073;48,209948781000037;0
151743;08200703117200976640;08;1;17;024;2020;07;16;6;3;6;4;0;1;0;1;0;0;0;562022,418999999760000;5385359,820000000300000;9,841557428000044;48,618233683000028;0
151745;08200703117100886000;08;1;17;019;2020;07;11;6;3;6;4;0;0;1;1;0;0;0;551961,321499999610000;5394072,577700000300000;9,706148128000052;48,697525611000060;0
151749;08200703116010882880;08;1;16;049;2020;07;19;6;2;5;3;0;1;0;0;0;0;0;525907,849200000060000;5386230,093499999500000;9,351603959000045;48,628600860000063;0
151750;08200703115100902900;08;1;15;003;2020;07;12;6;3;4;2;0;1;1;0;0;0;0;500214,321800000030000;5392457,780799999800000;9,002911885000060;48,685162733000027;0
151751;08200701316100881930;08;3;16;017;2020;07;19;4;2;6;4;0;0;1;1;0;0;0;409327,597900000400000;5340879,100299999100000;7,779396682000026;48,214656826000066;0
151754;08200703111500902010;08;1;11;000;2020;07;18;6;3;6;4;0;0;1;1;0;0;0;515448,256400000300000;5406153,469399999800000;9,210400858000071;48,808177358000080;0
151755;08200706226700884070;08;2;26;041;2020;07;15;2;3;1;7;0;1;1;0;0;0;0;476865,499599999750000;5466627,034900000300000;8,681456033000075;49,351919867000049;0
151756;08200703111500878740;08;1;11;000;2020;07;13;6;2;5;3;0;1;1;0;0;0;0;510915,926199999640000;5402510,123800000200000;9,148575267000069;48,775498280000079;0
151757;08200702436400076410;08;4;36;008;2020;07;18;5;3;0;7;0;1;0;0;0;0;0;547604,931599999780000;5310901,696200000100000;9,637555602000077;47,949658661000058;0
151759;08200701311200895980;08;3;11;000;2020;07;15;4;3;1;1;0;1;1;0;0;0;0;412626,753999999720000;5317842,996999999500000;7,828518789000043;48,007907173000035;0
151762;08200702436100898470;08;4;36;055;2020;07;15;5;3;0;7;0;1;0;0;0;0;0;576971,191499999720000;5298318,074400000300000;10,028549830000031;47,833601315000067;0
151765;08200702435100900260;08;4;35;057;2020;07;07;5;3;0;7;0;1;1;0;0;0;0;544230,845999999900000;5279444,183000000200000;9,589160654000068;47,666877041000077;1
151767;08200702435100881010;08;4;35;029;2020;07;11;5;3;0;6;0;1;0;0;0;0;1;543625,593600000250000;5272853,255100000600000;9,580441892000067;47,607617626000035;0
151772;08200701311010892260;08;3;11;000;2020;07;17;4;3;5;3;0;1;1;0;0;0;0;410747,279900000430000;5314854,663699999500000;7,803946305000068;47,980766706000054;0
151773;08200702417100910580;08;4;17;079;2020;07;18;5;3;6;4;0;0;1;1;0;0;0;501685,808400000450000;5340613,540400000300000;9,022695438000028;48,218745033000062;0
151775;08200702336200895660;08;3;36;069;2020;07;16;5;3;0;3;0;1;1;0;0;0;0;408617,435200000180000;5268210,983899999400000;7,785223479000024;47,560882444000072;1
151776;08200702336100894620;08;3;36;050;2020;07;02;5;3;0;7;2;1;0;0;0;0;0;399291,234100000000000;5273766,570200000000000;7,660005696000042;47,609477178000077;0
151777;08200702335300898260;08;3;35;075;2020;07;17;5;3;5;3;0;1;1;0;0;0;0;489893,059399999680000;5288926,892400000200000;8,865150827000036;47,753632479000032;0
151778;08200706136010881360;08;1;36;082;2020;07;14;2;2;0;1;0;1;0;0;0;0;0;587337,459499999880000;5416111,605599999400000;10,191504900000041;48,891795538000054;0
151779;08200702335200875800;08;3;35;063;2020;07;06;5;3;0;1;0;1;0;0;0;0;0;498264,053199999970000;5287552,961300000500000;8,976844042000039;47,741347299000040;0
151780;08200702335100877860;08;3;35;043;2020;07;18;5;3;0;1;0;1;0;0;0;0;0;512001,389000000430000;5281617,986300000900000;9,159923869000068;47,687837443000035;0
151783;08200705325302879820;08;3;25;014;2020;07;17;1;3;0;1;0;1;0;0;0;0;0;463362,504599999640000;5339746,774399999500000;8,506846794000069;48,209891437000067;0
151785;08200706111500893260;08;1;11;000;2020;07;07;2;3;5;3;0;1;1;0;0;0;0;509436,492700000290000;5402917,098300000700000;9,128448286000037;48,779183598000031;0
151786;08200702311010899430;08;3;36;091;2020;07;13;5;3;5;3;0;1;1;0;0;0;0;395690,641800000330000;5271701,997300000900000;7,612602916000071;47,590336434000051;0
151787;08200702311010897080;08;3;11;000;2020;07;15;5;3;5;3;0;1;1;0;0;0;0;412499,557799999600000;5314081,437400000200000;7,827580507000050;47,974053360000028;0
151789;08200702311010894990;08;3;11;000;2020;07;18;5;2;3;2;0;1;0;0;0;0;0;414053,533699999560000;5316683,605900000800000;7,847876983000049;47,997671502000060;0
151790;08200702311010890030;08;3;11;000;2020;07;11;5;3;0;7;0;1;0;0;0;0;0;415046,004999999890000;5319873,187899999300000;7,860546464000038;48,026495681000029;0
151791;08200701311010887750;08;3;36;091;2020;07;11;4;3;0;7;0;1;0;0;0;0;0;396925,520100000310000;5272617,914000000800000;7,628807644000062;47,598772790000055;0
151794;08200707311010911960;08;3;16;037;2020;07;16;3;2;6;4;0;0;1;1;0;0;0;407000,799100000410000;5333864,835699999700000;7,749617314000034;48,151228485000047;0
151795;08200707416010884440;08;4;15;014;2020;07;20;3;2;5;2;0;1;1;0;0;0;0;526559,519700000060000;5373568,075400000400000;9,359639087000062;48,514664605000064;0
151796;08200711111330923590;08;1;11;000;2020;07;18;7;3;0;7;0;1;0;0;0;0;0;512847,854199999940000;5408741,276000000500000;9,175065362000055;48,831516098000066;0
151797;08200709115300891390;08;1;15;042;2020;07;12;5;3;5;3;0;1;1;0;0;0;0;496405,423999999650000;5405783,492300000000000;8,951045974000067;48,805030693000049;0
151798;08200710335200909440;08;3;35;063;2020;07;18;6;3;0;1;0;1;0;0;0;0;0;497238,125000000000000;5288026,967599999200000;8,963156082000069;47,745608636000043;0
151799;08200707311010898250;08;3;11;000;2020;07;16;3;3;0;7;0;1;1;0;0;0;0;412046,135499999860000;5316686,864700000700000;7,820972727000026;47,997427802000061;0
151800;08200708119400886640;08;1;19;079;2020;07;12;4;3;2;6;0;1;1;0;0;0;0;523434,537800000050000;5410956,146099999500000;9,319444795000038;48,851131163000048;0
151801;08200710118200890600;08;1;18;019;2020;07;12;6;3;1;5;0;1;1;0;0;0;0;505149,675800000320000;5405177,488700000600000;9,070125097000073;48,799568193000027;0
151804;08200707311010885170;08;3;36;014;2020;07;20;3;3;6;3;0;0;1;1;0;0;0;392662,844700000250000;5278023,428700000000000;7,570794483000043;47,646703541000079;0
151805;08200709212702889750;08;2;15;108;2020;07;16;5;3;6;4;0;1;0;1;0;0;0;448466,778500000010000;5423334,479399999600000;8,295991241000024;48,960778013000038;0
151806;08200708426010979780;08;4;21;000;2020;07;11;4;3;3;6;0;1;0;0;0;0;1;573711,866700000130000;5360852,728499999300000;9,995815054000047;48,396523730000069;0
151807;08200710311010892600;08;3;36;069;2020;07;14;6;2;6;4;0;0;1;1;0;0;0;409630,557599999940000;5269155,324799999600000;7,798493884000038;47,569519468000067;0
151808;08200707436400927320;08;4;36;011;2020;07;18;3;3;0;6;0;1;1;0;0;0;0;548052,507000000220000;5297369,439999999500000;9,642042890000028;47,827878290000058;0
151809;08200708435200897120;08;4;35;034;2020;07;12;4;3;6;4;0;0;1;1;0;0;0;529785,504099999550000;5284459,867399999900000;9,397095147000073;47,712832122000066;0
151812;08200710111500891530;08;1;11;000;2020;07;16;6;3;1;5;0;1;1;0;0;0;0;516543,333999999800000;5409360,879000000700000;9,225444760000073;48,837002466000058;0
151814;08200709222500956310;08;2;22;000;2020;07;17;5;3;4;6;0;1;1;0;0;0;0;461323,359000000170000;5479886,617200000200000;8,466168948000075;49,470396493000067;0
151815;08200707231202896280;08;2;36;071;2020;07;13;3;3;1;7;0;1;1;0;0;0;0;468637,374599999750000;5421040,008400000600000;8,571713056000021;48,941490767000062;0
151816;08200709135100888230;08;1;35;016;2020;07;18;5;3;1;5;0;1;1;0;0;0;0;593767,918300000020000;5386353,664999999100000;10,272432109000022;48,623219945000073;0
151817;08200708327100981710;08;3;27;050;2020;07;18;4;3;0;1;0;1;0;0;0;0;0;487592,553799999880000;5313413,103000000100000;8,833754121000027;47,973903663000044;0
151819;08200709416200897590;08;4;16;041;2020;07;20;5;3;0;7;1;1;0;0;0;0;0;504625,430200000290000;5374908,745699999900000;9,062647858000048;48,527270493000060;0
151820;08200707231000983580;08;2;36;076;2020;07;20;3;3;0;6;0;1;0;0;0;0;1;473194,895299999970000;5423084,729699999100000;8,633814378000068;48,960098370000026;0
151821;08200707415400910890;08;4;15;061;2020;07;13;3;3;0;1;0;1;0;0;0;0;0;515020,876400000420000;5372745,350099999500000;9,203367580000077;48,507645185000058;0
151823;08200707231000911620;08;2;31;000;2020;07;14;3;2;8;1;0;1;0;0;0;0;0;475819,356800000180000;5415551,037200000100000;8,670113305000029;48,892436653000061;0
151825;08200707231000892220;08;2;37;028;2020;07;06;3;3;5;3;0;1;1;0;0;0;0;456793,690200000070000;5367953,821499999600000;8,415539400000057;48,463234194000052;0
151826;08200707222700899260;08;2;22;000;2020;07;14;3;3;4;2;0;1;1;0;0;0;0;462308,592899999580000;5480882,142500000100000;8,479672107000056;49,479412706000062;0
151827;08200709119500902660;08;1;19;085;2020;07;19;5;3;5;3;0;1;1;0;0;0;0;528581,001600000080000;5413476,704299999400000;9,389772622000066;48,873589450000054;0
151829;08200710212702986360;08;2;15;017;2020;07;13;6;3;5;3;0;1;1;0;0;0;0;454876,279199999760000;5421820,339099999500000;8,383715217000031;48,947659192000060;0
151830;08200709335300916400;08;3;35;075;2020;07;17;5;3;5;3;0;1;1;0;0;0;0;488850,474999999630000;5287817,975999999800000;8,851268896000022;47,743637758000034;0
151832;08200707415400895740;08;4;15;087;2020;07;08;3;3;6;6;0;1;0;1;0;0;0;513483,086299999620000;5381661,568000000000000;9,182836287000043;48,587892879000037;0
151834;08200709116100078370;08;1;16;004;2020;07;13;5;3;5;3;0;1;1;0;0;0;0;528041,342500000260000;5396836,109999999400000;9,381276979000063;48,723919765000062;0
151836;08200708211100888490;08;2;16;049;2020;07;15;4;3;8;1;0;1;0;0;0;0;0;438879,134600000460000;5402062,729499999400000;8,168202580000070;48,768567607000080;0
151837;08200709118600902780;08;1;18;076;2020;07;06;5;3;0;3;0;1;1;0;0;0;0;504244,303700000050000;5426546,131500000100000;9,058018334000053;48,991802547000077;0
151838;08200708222500885760;08;2;22;000;2020;07;13;4;3;1;2;0;1;1;0;0;0;0;461326,886199999600000;5480238,257799999800000;8,466183259000047;49,473559545000057;0
151839;08200710211000904750;08;2;11;000;2020;07;14;6;2;5;2;0;1;1;0;0;0;0;443870,546099999920000;5401381,033099999700000;8,236217405000048;48,762905841000077;0
151841;08200707222014950430;08;2;22;000;2020;07;13;3;3;0;7;0;1;1;0;0;0;0;465484,963999999690000;5475727,279200000700000;8,523969360000024;49,433235745000047;0
151842;08200707415200883860;08;4;15;053;2020;07;11;3;3;6;7;0;0;1;1;0;0;0;535937,394000000320000;5362967,846000000800000;9,485708715000044;48,418836833000057;0
151843;08200710435100889710;08;4;35;030;2020;07;07;6;3;0;7;0;1;1;0;0;0;0;540966,204800000410000;5271817,638199999900000;9,544963440000061;47,598473335000051;0
151844;08200708436500886620;08;4;35;016;2020;07;22;4;3;4;2;2;1;1;0;0;0;0;536947,566300000060000;5280400,783399999100000;9,492231402000073;47,675941059000081;0
151845;08200710317500903120;08;3;17;096;2020;07;10;6;3;5;3;0;1;1;0;0;0;0;422281,474399999720000;5368976,388900000600000;7,948559246000059;48,469114827000055;0
151846;08200707222014883230;08;2;22;000;2020;07;13;3;3;0;7;0;0;0;1;0;0;1;461470,245500000190000;5483037,244400000200000;8,467889222000054;49,498744054000042;0
151848;08200710116010926260;08;1;16;033;2020;07;15;6;2;6;4;0;1;0;1;0;1;0;533252,782300000080000;5388212,037900000800000;9,451440656000045;48,646082822000039;0
151850;08200709226700902710;08;2;26;095;2020;07;21;5;3;5;3;0;1;1;0;0;0;0;474317,203700000420000;5460841,481300000100000;8,646741167000073;49,299777173000052;0
151851;08200707221011934820;08;2;26;012;2020;07;09;3;3;5;3;0;1;1;0;0;0;0;475883,638700000010000;5478110,272800000400000;8,667239543000051;49,455171632000031;0
151852;08200709212102888160;08;2;12;000;2020;07;19;5;3;0;7;0;1;0;0;0;0;0;457324,463800000030000;5428571,897299999400000;8,416441294000038;49,008564490000026;0
151853;08200710119300938880;08;1;19;067;2020;07;09;6;3;6;4;0;0;0;1;0;0;1;538812,282999999820000;5405365,944000000100000;9,528527915000041;48,800073157000043;0
151854;08200707221011903540;08;2;21;000;2020;07;14;3;3;5;3;0;1;0;0;0;0;0;476966,346099999730000;5469178,124099999700000;8,682696968000073;49,374870502000078;0
151857;08200709216200888080;08;2;16;041;2020;07;08;5;3;6;5;0;0;1;1;0;0;0;434371,072200000290000;5391181,810000000500000;8,108590806000052;48,670235038000044;0
151858;08200710416010915650;08;4;17;002;2020;07;17;6;2;0;7;0;1;0;0;0;0;0;489598,887500000190000;5342946,325600000100000;8,859916469000041;48,239649607000047;0
151860;08200710311400892790;08;3;15;006;2020;07;13;6;3;2;6;0;1;0;0;0;0;0;401844,932400000280000;5308125,305600000500000;7,686214466000024;47,918932837000057;0
151862;08200710111120905870;08;1;11;000;2020;07;08;6;3;2;6;0;1;0;0;0;0;1;513941,586299999620000;5404446,796700000800000;9,189822620000030;48,792859963000069;0
151863;08200707215102901060;08;2;12;000;2020;07;11;3;3;5;3;0;1;1;0;0;0;0;455406,179999999700000;5432616,969000000500000;8,389766816000076;49,044814531000043;0
151868;08200708421200888330;08;4;21;000;2020;07;17;4;3;5;3;0;1;1;0;0;0;0;572988,533099999650000;5361577,666899999600000;9,986170693000076;48,403128867000078;0
151870;08200707436400886100;08;4;36;082;2020;07;17;3;3;0;7;0;1;0;0;0;0;0;547649,207999999630000;5295824,292600000300000;9,636484695000036;47,814006742000061;0
151871;08200709425000901410;08;4;25;033;2020;07;12;5;3;6;4;0;0;1;1;0;0;0;553695,346599999820000;5347653,901900000900000;9,723744639000074;48,279810550000036;0
151873;08200707212010889430;08;2;12;000;2020;07;17;3;2;0;7;0;1;0;0;0;0;0;456529,481900000010000;5428065,781099999300000;8,405625257000054;49,003956425000069;0
151874;08200709119300902890;08;1;19;067;2020;07;07;5;3;5;3;0;1;1;0;0;0;0;539064,025100000200000;5404219,275800000900000;9,531846822000034;48,789742477000061;0
151877;08200709335200075360;08;3;35;063;2020;07;15;5;3;5;3;0;1;1;0;0;0;0;497337,996299999770000;5287749,995600000000000;8,964490078000040;47,743116976000067;0
151878;08200707211021883750;08;2;11;000;2020;07;21;3;3;5;3;0;1;1;0;0;0;0;440720,910500000230000;5404166,134099999400000;8,192961517000072;48,787666046000027;0
151879;08200707336400897460;08;3;36;091;2020;07;13;3;3;0;7;0;1;0;0;0;0;0;397263,730299999940000;5272007,485899999700000;7,633448508000072;47,593335516000081;0
151880;08200709415100891310;08;4;15;078;2020;07;17;5;3;0;1;0;1;0;0;0;0;0;529272,353699999860000;5371371,620999999300000;9,396218304000058;48,494784290000041;0
151882;08200707335200885000;08;3;35;061;2020;07;18;3;2;0;1;0;1;0;0;0;0;0;491557,957100000230000;5278705,069399999500000;8,887562211000045;47,661684243000082;0
151884;08200709117300919640;08;1;17;026;2020;07;14;5;2;6;4;0;0;1;1;0;0;0;550869,507000000220000;5390562,430999999900000;9,690879642000027;48,666040207000037;0
151886;08200708216300918000;08;2;16;015;2020;07;18;4;2;3;6;0;1;0;0;1;0;0;448445,220800000240000;5407654,739600000900000;8,297675040000058;48,819735231000038;0
151887;08200710128100890510;08;1;28;007;2020;07;14;6;2;0;1;0;1;0;0;0;0;0;556705,994500000030000;5481589,611999999700000;9,782903249000071;49,484297222000066;0
151889;08200707136300884120;08;1;36;065;2020;07;10;3;3;0;1;0;1;0;0;0;0;0;559522,052099999970000;5406408,178600000200000;9,810670810000033;48,807810103000065;0
151891;08200709222014904130;08;2;22;000;2020;07;19;5;2;1;5;0;1;1;0;0;0;0;465842,002000000330000;5482221,298299999900000;8,528333106000048;49,491666934000079;0
151892;08200710426010908160;08;4;26;121;2020;07;07;6;3;4;6;0;1;0;0;1;0;0;543087,553399999630000;5337554,342800000700000;9,579746323000052;48,189762243000075;0
151893;08200707436000919460;08;4;36;064;2020;07;11;3;3;6;2;0;0;1;1;0;0;0;546205,452899999920000;5292657,574400000300000;9,616863229000046;47,785621145000050;0
151894;08200708436200885120;08;4;36;064;2020;07;08;4;3;0;3;0;1;1;0;0;0;0;546734,901899999940000;5293848,274399999500000;9,624059420000037;47,796295649000058;0
151895;08200710317200893110;08;3;17;057;2020;07;08;6;3;5;2;0;1;1;0;0;0;0;413250,696899999860000;5375231,485999999600000;7,825109245000022;48,524195536000036;0
151896;08200711111500923860;08;1;11;000;2020;07;12;7;3;5;3;0;1;0;0;0;0;0;518022,206899999640000;5402378,060900000900000;9,245291409000060;48,774144990000082;0
151897;08200707435200910170;08;4;35;020;2020;07;19;3;3;0;7;0;1;0;0;0;0;0;523522,232599999760000;5296593,336100000900000;9,314252686000032;47,822260569000036;0
151898;08200709115400889230;08;1;15;045;2020;07;16;5;3;0;7;0;1;0;0;0;0;0;499790,428000000310000;5395614,691900000000000;8,997151046000056;48,713562585000034;0
151899;08200710335300890690;08;3;35;075;2020;07;10;6;3;0;1;0;1;0;0;0;0;0;487602,691800000150000;5289163,321300000000000;8,834585583000035;47,755719784000064;0
151900;08200707135200883880;08;1;35;032;2020;07;20;3;3;0;1;1;1;0;0;0;0;0;578874,400799999940000;5394327,818000000000000;10,071886989000063;48,696999458000050;0
151901;08200708119400889100;08;1;19;079;2020;07;17;4;3;5;3;0;1;1;0;0;0;0;525641,917000000370000;5407476,612999999900000;9,349316139000052;48,819743010000082;0
151903;08200707128200895200;08;1;28;139;2020;07;20;3;2;5;2;0;1;1;0;0;0;0;551108,893099999990000;5490825,697699999400000;9,706830822000029;49,567864743000030;0
151904;08200709235200937100;08;2;35;046;2020;07;11;5;3;6;7;0;0;0;1;0;0;1;479959,440499999560000;5376957,475900000000000;8,728469151000070;48,545398433000059;0
151905;08200707127100884550;08;1;27;059;2020;07;18;3;3;0;1;0;1;0;0;0;0;0;549907,665199999700000;5438531,061300000200000;9,683673641000041;49,097603606000064;0
151906;08200709215202889760;08;2;15;100;2020;07;13;5;3;0;7;0;1;0;0;0;0;0;475109,930300000120000;5451678,461999999400000;8,658214297000029;49,217388163000066;0
151907;08200707435100885180;08;4;35;016;2020;07;14;3;3;0;1;0;1;0;0;0;0;0;532506,502199999990000;5278519,732499999900000;9,432927515000074;47,659254949000058;0
151908;08200708426200885460;08;4;26;013;2020;07;11;4;2;0;1;0;1;0;0;0;0;0;545417,825799999760000;5323689,425300000200000;9,609620528000050;48,064864457000056;0
151910;08200707436500908090;08;4;36;055;2020;07;20;3;3;0;7;0;1;0;0;0;0;1;571820,698499999940000;5293235,055299999200000;9,958892986000024;47,788469298000052;0
151911;08200709435200899900;08;4;35;066;2020;07;15;5;2;8;1;0;1;0;0;0;0;0;518598,543399999850000;5286181,135999999900000;9,248027912000055;47,728738473000078;0
151912;08200707126100896850;08;1;26;046;2020;07;18;3;3;0;7;0;1;1;0;0;0;0;550286,731300000100000;5458775,021999999900000;9,691398720000052;49,279660438000064;0
151913;08200708115400898320;08;1;15;045;2020;07;11;4;3;5;3;0;1;1;0;0;0;0;497721,747899999840000;5396431,471599999800000;8,969024580000053;48,720906256000035;0
151915;08200707121500927180;08;1;25;065;2020;07;16;3;3;0;1;0;1;1;0;0;0;0;516458,012299999590000;5449008,894200000900000;9,225890068000069;49,193659369000045;0
151916;08200709222600938470;08;2;22;000;2020;07;16;5;3;1;7;0;1;1;0;0;0;0;463259,934999999590000;5483938,263900000600000;8,492520669000044;49,506959292000033;0
151918;08200709212010890390;08;2;15;102;2020;07;14;5;3;5;3;0;1;1;0;0;0;0;455991,281100000250000;5436012,154699999800000;8,397403912000073;49,075396367000053;0
151919;08200707435100884900;08;4;35;024;2020;07;12;3;3;4;6;0;1;0;0;0;0;0;526336,887299999590000;5279164,351399999100000;9,350800090000064;47,665335557000049;0
151921;08200710231000919140;08;2;31;000;2020;07;23;6;3;6;4;2;0;1;1;0;0;0;478423,094700000250000;5415284,023600000900000;8,705648625000038;48,890130829000043;0
151923;08200707119200943600;08;1;19;020;2020;07;12;3;3;5;3;0;1;1;0;0;0;0;520844,430900000040000;5406925,971000000800000;9,283933636000029;48,814969059000077;0
151924;08200707335000896570;08;3;35;002;2020;07;17;3;3;0;1;0;1;0;0;0;0;0;505713,175999999980000;5284229,992699999400000;9,076164962000064;47,711425557000041;0
151927;08200707119200908550;08;1;19;020;2020;07;10;3;3;0;1;0;1;0;0;0;0;0;519492,133999999610000;5408497,857100000600000;9,265588161000039;48,829153328000075;0
151928;08200709121200915700;08;1;21;000;2020;07;20;5;3;6;7;1;1;0;1;0;0;0;514896,395600000400000;5442310,414699999600000;9,204208750000021;49,133444447000045;0
151929;08200708311010914780;08;3;11;000;2020;07;09;4;3;5;3;0;1;1;0;0;0;0;416440,690100000240000;5315965,018899999600000;7,880010596000034;47,991523933000053;0
151931;08200709336400920070;08;3;36;091;2020;07;18;5;3;0;3;0;1;1;0;0;0;0;397788,502500000410000;5271861,173499999600000;7,640460854000025;47,592102328000067;0
151934;08200711118000901270;08;1;15;045;2020;07;13;7;2;6;4;0;0;1;1;0;0;0;499979,331699999980000;5394633,937000000800000;8,999719081000023;48,704739677000077;0
151935;08200707426010916640;08;4;21;000;2020;07;23;3;3;5;3;2;1;0;0;0;0;0;573265,439299999740000;5361114,468599999300000;9,989830631000075;48,398930175000032;0
151936;08200709116500889270;08;1;16;011;2020;07;15;5;3;5;3;0;1;1;0;0;0;0;529318,792200000030000;5379492,548599999400000;9,397418167000069;48,567839090000064;0
151939;08200710119500909860;08;1;19;042;2020;07;13;6;3;0;3;0;1;1;0;0;0;0;530391,802600000050000;5416776,273600000900000;9,414712103000056;48,903184794000026;0
151941;08200710212010901240;08;2;15;009;2020;07;15;6;2;2;6;0;1;1;0;0;0;0;473994,428000000310000;5439069,853000000100000;8,643711266000025;49,103924986000038;0
151946;08200709111120079090;08;1;11;000;2020;07;20;5;2;0;7;0;1;0;0;0;0;0;513476,980000000450000;5403346,476299999300000;9,183460689000071;48,782971832000044;0
151948;08200707118200913430;08;1;18;019;2020;07;16;3;3;5;3;0;1;1;0;0;0;0;504377,019700000060000;5405131,954700000600000;9,059603066000022;48,799164493000035;0
151949;08200708118600886370;08;1;18;076;2020;07;10;4;3;5;3;0;1;1;0;0;0;0;503922,319699999880000;5423166,719200000200000;9,053584319000038;48,961404669000046;0
151951;08200707118000908750;08;1;18;076;2020;07;10;3;2;5;3;0;1;1;0;0;0;0;504473,621899999680000;5422486,919299999300000;9,061108396000066;48,955285664000030;0
151952;08200709226700918030;08;2;26;098;2020;07;08;5;3;5;3;0;1;1;0;0;0;0;477246,755400000140000;5460044,415100000800000;8,687080954000066;49,292723698000032;0
151953;08200707117300912320;08;1;17;026;2020;07;09;3;2;6;2;0;0;1;1;0;0;0;548208,540500000120000;5395120,674100000400000;9,655274282000050;48,707255039000074;0
151956;08200708421200916310;08;4;25;031;2020;07;16;4;3;5;3;0;1;1;0;0;0;0;569254,053000000310000;5368963,247800000000000;9,936941079000064;48,469985740000027;0
151957;08200709311010917330;08;3;11;000;2020;07;10;5;3;3;2;0;1;0;0;0;0;0;411605,085199999620000;5316350,796599999100000;7,815130949000036;47,994343951000076;0
151958;08200707117100886020;08;1;17;049;2020;07;19;3;3;0;1;0;1;1;0;0;0;0;555686,615699999970000;5392161,689099999100000;9,756512434000058;48,680015158000060;0
151959;08200709221400917640;08;2;26;018;2020;07;19;5;3;0;3;0;1;1;0;0;0;0;472949,799100000410000;5471903,198300000300000;8,627182227000048;49,399216956000032;0
151961;08200708435100914240;08;4;35;030;2020;07;18;4;3;5;3;0;1;0;0;0;0;0;541423,629999999890000;5271820,938699999800000;9,551048479000031;47,598473962000071;0
151962;08200710317010918920;08;3;17;057;2020;07;21;6;3;6;2;1;0;0;1;0;0;1;412666,535500000230000;5380522,057000000000000;7,816089780000027;48,571700066000062;0
151963;08200708111330918340;08;1;11;000;2020;07;12;4;2;4;6;0;1;0;0;0;0;0;511917,381699999790000;5409344,784099999800000;9,162404310000056;48,836963716000071;0
151966;08200709222200906110;08;2;22;000;2020;07;16;5;3;3;6;0;1;1;0;0;0;0;461674,752899999730000;5482096,139299999900000;8,470804693000048;49,490292279000073;0
151967;08200707116100919470;08;1;16;019;2020;07;23;3;3;3;6;2;1;1;0;0;0;0;523795,228699999860000;5400118,917099999300000;9,323733376000064;48,753628082000034;0
151968;08200709127100890720;08;1;27;076;2020;07;12;5;3;0;7;0;0;1;1;0;0;0;553589,993200000380000;5440322,017999999200000;9,734350502000041;49,113402993000079;0
151973;08200710311010891190;08;3;11;000;2020;07;22;6;3;5;3;2;1;1;0;0;0;0;410770,598899999630000;5316353,609500000300000;7,803947199000049;47,994253343000025;0