OBJECTID;UIDENTSTLAE;ULAND;UREGBEZ;UKREIS;UGEMEINDE;UJAHR;UMONAT;USTUNDE;UWOCHENTAG;UKATEGORIE;UART;UTYP1;ULICHTVERH;IstRad;IstPKW;IstFuss;IstKrad;IstGkfz;IstSonstige;LINREFX;LINREFY;XGCSWGS84;YGCSWGS84;STRZUSTAND
151974;08200707436400919960;08;4;36;011;2020;07;19;3;2;5;3;0;1;0;0;0;0;0;548578,859500000250000;5297529,161800000800000;9,649093086000050;47,829275742000050;0
151975;08200709426010374030;08;4;25;033;2020;07;16;5;3;5;3;0;1;0;0;0;0;0;553691,156700000170000;5347571,934000000400000;9,723677754000050;48,279073519000065;0
151977;08200707111500904930;08;1;11;000;2020;07;13;3;3;0;1;0;1;0;0;0;0;0;513994,744500000030000;5402799,076799999900000;9,190490287000046;48,778036040000075;0
151978;08200709119300921690;08;1;19;067;2020;07;17;5;2;6;2;0;0;1;1;0;0;0;538100,372100000270000;5406203,268999999400000;9,518911561000039;48,807649402000038;0
151979;08200707421300884840;08;4;25;039;2020;07;14;3;3;6;7;0;0;1;1;0;0;0;566163,590200000440000;5352967,936400000000000;9,892614599000069;48,326433238000050;0
151980;08200708311010889330;08;3;36;050;2020;07;11;4;3;6;4;0;0;1;1;0;0;0;399350,747700000180000;5274351,675100000600000;7,660662938000030;47,614749639000081;0
151981;08200710212302905290;08;2;12;000;2020;07;22;6;3;0;7;2;1;0;0;0;0;0;455496,739599999970000;5427851,442399999100000;8,391528830000027;49,001954824000052;0
151982;08200709335200917000;08;3;35;061;2020;07;12;5;3;0;1;0;1;0;0;0;0;0;493795,623399999920000;5278435,643100000900000;8,917369004000022;47,659285358000034;0
151983;08200707111500896220;08;1;11;000;2020;07;16;3;3;5;3;0;1;0;0;0;0;1;508777,543600000440000;5397537,135399999100000;9,119364068000039;48,730795200000045;0
151985;08200711111500958190;08;1;11;000;2020;07;17;7;2;5;3;0;1;1;0;0;0;0;511801,832000000400000;5406135,364000000100000;9,160737310000059;48,808094432000075;0
151989;08200709118010918060;08;1;18;060;2020;07;19;5;2;0;1;0;1;0;0;0;0;0;524405,141999999990000;5429948,775599999400000;9,333812496000064;49,021943156000077;0
151990;08200708222200888800;08;2;22;000;2020;07;18;4;3;6;4;0;0;1;1;0;0;0;461760,038999999870000;5482388,467000000200000;8,471953988000053;49,492926991000047;0
151991;08200710135010893900;08;1;35;019;2020;07;20;6;3;0;1;0;1;0;0;0;0;0;582725,485899999740000;5392430,679400000700000;10,123832367000034;48,679437139000072;0
151994;08200707311300898910;08;3;15;020;2020;07;17;3;2;4;6;0;1;1;0;0;0;0;430524,475599999540000;5315038,292400000600000;8,068904525000050;47,984872431000042;0
151995;08200710435100171320;08;4;35;057;2020;07;08;6;3;0;1;0;1;0;0;0;0;0;543364,458999999800000;5277790,313999999300000;9,577456767000058;47,652055417000042;0
151996;08200708436300917900;08;4;36;081;2020;07;13;4;2;0;7;0;1;0;0;0;0;0;559791,885499999860000;5281640,607899999200000;9,796718527000053;47,685386424000058;0
151997;08200710317200921430;08;3;17;057;2020;07;18;6;2;0;7;0;1;0;0;0;0;0;412217,589900000020000;5380559,933199999900000;7,809997152000051;48,571978008000031;0
151998;08200708116200886650;08;1;16;078;2020;07;20;4;3;0;7;1;1;0;0;0;0;0;512816,670800000430000;5392942,928799999900000;9,174148450000075;48,689395594000075;0
151999;08200710115100922940;08;1;15;003;2020;07;14;6;3;4;2;0;1;1;0;0;0;0;500731,622700000180000;5391804,301999999200000;9,009939042000042;48,679283571000042;0
152005;08200706436400909970;08;4;36;082;2020;07;10;2;2;0;7;0;1;0;0;0;0;0;548268,079400000160000;5294967,394099999200000;9,644655450000073;47,806251168000074;0
152006;08200709311010897820;08;3;11;000;2020;07;08;5;3;0;7;0;1;0;0;0;0;0;418326,304999999700000;5315552,902100000500000;7,905358062000062;47,988060333000078;0
152008;08200709215502918180;08;2;15;106;2020;07;15;5;3;6;4;0;0;1;1;0;0;0;464004,115799999800000;5454722,960200000600000;8,505443116000038;49,244221287000073;0
152009;08200710415400901350;08;4;15;061;2020;07;08;6;2;0;7;0;1;0;0;0;0;0;514890,755300000310000;5372266,257200000800000;9,201588789000027;48,503338203000055;0
152011;08200710311010959810;08;3;16;009;2020;07;16;6;3;3;2;0;1;1;0;0;0;0;417647,204099999740000;5324651,365399999500000;7,894508903000030;48,069818177000059;0
152012;08200707437100891760;08;4;37;088;2020;07;12;3;3;6;4;0;0;1;1;0;0;0;518965,315700000150000;5308160,262700000800000;9,253881663000072;47,926482147000058;0
152013;08200709436400901640;08;4;36;008;2020;07;19;5;3;0;1;0;1;0;0;0;0;0;549678,465099999680000;5311299,337600000200000;9,665369710000050;47,953078599000037;0
152014;08200706436200896080;08;4;36;064;2020;07;15;2;3;0;1;0;1;0;0;0;0;0;545651,939799999820000;5293165,717100000000000;9,609527471000035;47,790232384000035;0
152015;08200706436000903770;08;4;37;104;2020;07;11;2;3;6;2;0;0;1;1;0;0;0;516361,507399999540000;5326144,058900000500000;9,219711861000064;48,088356097000030;0
152016;08200709121400891130;08;1;25;013;2020;07;15;5;3;3;2;0;1;1;0;0;0;0;504896,775200000030000;5435893,031199999200000;9,067050317000053;49,075878290000048;0
152017;08200709226700889530;08;2;26;076;2020;07;15;5;3;4;6;0;1;1;0;0;0;0;475130,510800000280000;5465521,505500000000000;8,657636034000063;49,341907428000070;0
152020;08200708416010888240;08;4;16;025;2020;07;10;4;3;5;3;0;1;1;0;0;0;0;503677,881000000050000;5361254,386499999100000;9,049693976000071;48,404435984000031;0
152021;08200710231102924480;08;2;36;040;2020;07;16;6;3;5;3;0;1;1;0;0;0;0;485286,336900000460000;5420163,622700000200000;8,799100068000030;48,934227207000049;0
152022;08200707436200883810;08;4;36;064;2020;07;07;3;3;0;1;0;1;0;0;0;0;0;546312,393899999560000;5292488,060399999800000;9,618272767000065;47,784088346000033;0
152023;08200709417200888850;08;4;17;002;2020;07;20;5;3;0;7;1;1;0;0;0;0;0;490144,775999999610000;5343648,865000000200000;8,867252192000024;48,245978922000063;0
152024;08200706415400883510;08;4;15;061;2020;07;16;2;3;5;3;0;1;1;0;0;0;0;516730,125799999570000;5376413,900100000200000;9,226656133000063;48,540605326000048;0
152025;08200706327200881230;08;3;27;019;2020;07;12;2;3;6;1;0;0;1;1;0;0;0;481378,390999999830000;5331273,619999999200000;8,749714456000049;48,134444344000030;0
152026;08200709119101890610;08;1;19;008;2020;07;13;5;3;0;1;0;1;0;0;0;0;0;531636,715800000350000;5423502,083799999200000;9,432221083000059;48,963624248000031;0
152028;08200710212010910060;08;2;12;000;2020;07;02;6;3;0;7;2;1;0;0;0;0;0;454646,147099999710000;5428205,318000000000000;8,379860280000059;49,005076051000060;0
152030;08200710221011904530;08;2;21;000;2020;07;16;6;3;2;6;0;1;0;0;0;0;0;477543,856599999590000;5473923,286599999300000;8,690384230000063;49,417574158000036;0
152033;08200707311010926730;08;3;15;064;2020;07;14;3;3;6;4;0;0;1;1;0;0;0;422118,847000000070000;5313211,461999999400000;7,956603655000038;47,967470479000042;0
152034;08200711118300910830;08;1;18;046;2020;07;17;7;3;5;7;0;1;1;0;0;0;0;512949,947800000200000;5411646,347500000100000;9,176548324000066;48,857647471000064;0
152035;08200707421200914710;08;4;21;000;2020;07;12;3;3;0;4;0;1;0;1;0;0;0;573023,089200000280000;5360976,870500000200000;9,986533005000069;48,397720568000068;0
152036;08200709116500903040;08;1;16;049;2020;07;19;5;3;8;1;0;1;0;0;0;0;0;525122,472000000070000;5387317,463800000000000;9,341011462000040;48,638414922000038;0
152037;08200707416200884290;08;4;16;041;2020;07;09;3;3;0;7;0;1;0;0;0;0;0;503938,566999999810000;5375430,869400000200000;9,053349768000032;48,531972388000042;0
152038;08200708215102911820;08;2;15;109;2020;07;14;4;3;5;3;0;1;1;0;0;0;0;461316,652999999930000;5435008,892000000900000;8,470414819000041;49,066729538000061;0
152039;08200710119500954660;08;1;19;085;2020;07;14;6;3;0;1;0;1;0;0;0;0;0;531803,397300000300000;5412724,139000000400000;9,433658197000057;48,866662787000053;0
152040;08200709311010933220;08;3;11;000;2020;07;09;5;3;4;3;0;1;1;0;0;0;0;414097,278500000010000;5318054,428700000000000;7,848188742000048;48,010008428000049;0
152041;08200706317600892070;08;3;17;011;2020;07;16;2;3;9;6;0;1;1;0;0;0;0;428008,572800000200000;5353178,726700000500000;8,028737171000046;48,327692415000058;0
152042;08200709222014458520;08;2;22;000;2020;07;16;5;3;0;3;0;1;1;0;0;0;0;461902,284500000070000;5481212,680299999200000;8,474031446000026;49,482360357000061;0
152047;08200715116500984620;08;1;16;036;2020;07;16;4;3;9;1;0;1;0;0;0;0;0;525677,224600000310000;5378299,906199999200000;9,347983887000055;48,557269703000031;1
152048;08200713119500916340;08;1;19;068;2020;07;14;2;3;0;1;0;1;0;0;0;0;0;525964,396300000140000;5413427,345799999300000;9,354086355000050;48,873260535000043;0
152049;08200714226600167970;08;2;26;096;2020;07;14;3;3;4;6;0;1;0;0;0;0;0;475247,270700000230000;5487349,373400000900000;8,657880226000032;49,538248779000071;0
152050;08200712435100939360;08;4;35;016;2020;07;19;1;3;5;3;0;1;1;0;0;0;0;535700,832200000060000;5278283,744300000400000;9,475449463000075;47,656963257000029;0
152051;08200716311010908890;08;3;36;069;2020;07;12;5;3;5;3;0;1;1;0;0;0;0;408036,597299999560000;5269021,273299999500000;7,777334399000040;47,568089635000035;0
152053;08200712435100927300;08;4;35;057;2020;07;12;1;3;0;1;0;1;0;0;0;0;0;546461,161999999550000;5274584,607000000800000;9,618350780000071;47,622997972000064;0
152054;08200713222301935060;08;2;22;000;2020;07;14;2;3;0;7;0;1;0;0;0;1;0;465203,068199999630000;5483762,711500000200000;8,519375023000066;49,505494898000052;0
152055;08200712435100926440;08;4;35;030;2020;07;16;1;3;2;6;0;1;0;0;0;0;0;541762,120900000450000;5271513,212600000200000;9,555521817000056;47,595683509000025;0
152056;08200714417100922210;08;4;17;044;2020;07;14;3;3;3;2;0;1;1;0;0;0;0;497516,968500000420000;5336366,468100000200000;8,966596682000045;48,180532049000078;0
152057;08200714221011926890;08;2;26;012;2020;07;13;3;3;5;3;0;1;0;0;0;0;0;475757,970399999990000;5477927,373999999800000;8,665516782000054;49,453521501000068;0
152059;08200714222400920310;08;2;22;000;2020;07;18;3;3;5;6;0;1;0;0;0;0;0;468591,674800000150000;5478341,793700000300000;8,566608462000033;49,456920850000074;0
152060;08200716226300983640;08;2;26;006;2020;07;12;5;3;6;7;0;0;0;1;0;0;1;483455,377600000240000;5466627,954900000200000;8,772192554000071;49,352142572000048;1
152061;08200713436400897910;08;4;36;082;2020;07;14;2;3;8;1;0;1;0;0;0;0;0;549122,115899999630000;5295977,634400000800000;9,656175452000070;47,815275573000065;0
152062;08200712425000926740;08;4;25;033;2020;07;16;1;3;0;1;0;1;0;0;0;0;0;553389,591699999760000;5345579,473300000700000;9,719361811000056;48,261174744000073;0
152064;08200713221400917650;08;2;21;000;2020;07;15;2;3;6;4;0;0;1;1;0;0;0;477506,807000000030000;5471336,743000000700000;8,690019919000065;49,394307220000030;0
152065;08200712337100910820;08;3;37;096;2020;07;20;1;3;0;7;0;1;0;0;0;0;0;422053,932000000030000;5267831,542500000400000;7,963873575000037;47,559221405000073;0
152068;08200713336200916000;08;3;36;069;2020;07;14;2;3;4;6;0;1;1;0;0;0;0;408831,044900000100000;5268141,897700000600000;7,788076737000040;47,560290991000045;0
152069;08200712335300939690;08;3;35;075;2020;07;09;1;3;0;1;0;1;0;0;0;0;0;489460,775500000450000;5288580,689300000700000;8,859391602000073;47,750510577000057;0
152070;08200715337010933870;08;3;37;032;2020;07;08;4;2;0;1;0;1;0;0;0;0;0;437543,616799999960000;5272937,210599999900000;8,169024110000066;47,606831737000050;0
152073;08200712335300913540;08;3;35;075;2020;07;12;1;3;0;1;0;1;0;0;0;0;0;491302,622200000100000;5291762,887399999400000;8,883900732000029;47,779170003000047;0
152074;08200713426010912470;08;4;26;028;2020;07;21;2;3;0;3;1;1;1;0;0;0;0;569781,200299999680000;5341276,951600000300000;9,939483145000054;48,220877406000056;0
152075;08200712335100922190;08;3;35;043;2020;07;00;1;3;9;1;2;1;0;0;0;0;0;510889,040000000040000;5282140,766000000800000;9,145114421000073;47,692560931000060;0
152076;08200715212010912100;08;2;12;000;2020;07;09;4;3;4;6;0;1;0;0;0;0;0;456363,084999999960000;5427545,860999999600000;8,403406097000072;48,999267936000081;1
152077;08200713212010919600;08;2;12;000;2020;07;09;2;3;0;1;0;1;0;0;0;0;0;456521,997000000440000;5428063,112700000400000;8,405523207000044;49,003931895000051;0
152078;08200712317300895930;08;3;17;065;2020;07;15;1;2;8;1;0;1;0;0;0;0;0;415491,034799999560000;5353935,411499999500000;7,859738896000067;48,332948890000068;0
152080;08200717111230947840;08;1;11;000;2020;07;16;6;3;0;7;0;1;0;0;0;0;0;512693,150999999610000;5398499,713999999700000;9,172641067000029;48,739387090000037;0
152081;08200714128200906000;08;1;28;115;2020;07;18;3;3;5;3;0;1;1;0;0;0;0;548798,246700000020000;5495532,028899999300000;9,675461447000032;49,610384560000057;0
152085;08200715118300937770;08;1;18;046;2020;07;07;4;3;6;4;0;0;1;1;0;0;0;512696,627100000160000;5412597,006999999300000;9,173124280000025;48,866204642000071;1
152086;08200713119400898440;08;1;19;041;2020;07;18;2;3;6;4;0;0;1;1;0;0;0;526820,332499999550000;5409804,218200000000000;9,365521462000061;48,840631686000052;0
152088;08200712311010893370;08;3;11;000;2020;07;01;1;3;0;7;2;1;0;0;0;0;0;417254,641499999910000;5315299,557700000700000;7,891046551000045;47,985643609000078;0
152089;08200716335300908740;08;3;35;075;2020;07;16;5;3;5;3;0;1;1;0;0;0;0;488958,695799999870000;5289865,556399999200000;8,852660527000069;47,762062820000040;1
152091;08200714317300902160;08;3;17;127;2020;07;18;3;3;0;1;0;1;0;0;0;0;0;421206,938599999990000;5350972,455700000700000;7,937401772000044;48,307035322000047;0
152093;08200714119300933710;08;1;19;067;2020;07;20;3;3;5;3;0;1;1;0;0;0;0;539347,971199999560000;5406964,706800000700000;9,535975592000057;48,814421190000076;0
152099;08200714222700905330;08;2;22;000;2020;07;15;3;3;4;7;0;1;0;0;1;0;0;461842,009100000370000;5481113,468499999500000;8,473208907000071;49,481464212000049;0
152101;08200716231000924260;08;2;31;000;2020;07;11;5;2;6;4;0;1;0;1;0;0;0;477517,407999999820000;5415139,012000000100000;8,693301439000038;48,888794155000028;1
152102;08200714111130904040;08;1;11;000;2020;07;16;3;2;0;7;0;1;0;0;0;0;0;512475,893799999730000;5401536,556500000900000;9,169778164000036;48,766710805000059;0
152105;08200712222301925440;08;2;22;000;2020;07;08;1;3;5;3;0;1;1;0;0;0;0;465177,196000000460000;5482066,225999999800000;8,519167207000066;49,490234340000029;0
152106;08200712221200970880;08;2;21;000;2020;07;22;1;3;0;6;2;1;0;0;0;0;0;477749,218000000340000;5473038,335000000900000;8,693265228000030;49,409621706000053;0
152108;08200712221200923040;08;2;21;000;2020;07;09;1;3;0;7;0;1;0;0;0;0;0;476743,606599999590000;5471695,497600000400000;8,679481379000038;49,397505490000071;0
152109;08200714426010957760;08;4;21;000;2020;07;12;3;2;3;6;0;1;1;0;0;0;0;573721,943199999630000;5360808,034900000300000;9,995943314000044;48,396120523000036;0
152111;08200714222014930670;08;2;22;000;2020;07;15;3;2;5;3;0;1;0;0;1;0;0;465782,122899999840000;5484694,397099999700000;8,527292056000022;49,513907905000053;0
152112;08200716222014933170;08;2;22;000;2020;07;15;5;3;6;4;0;1;0;1;0;0;0;461659,212700000030000;5484016,397900000200000;8,470403767000050;49,507562969000048;0
152113;08200713435200930420;08;4;35;059;2020;07;09;2;3;6;4;0;0;1;1;0;0;0;512624,954199999570000;5290488,497800000000000;9,168490328000075;47,767638673000079;0
152114;08200712221200896180;08;2;21;000;2020;07;14;1;3;6;5;0;0;1;1;0;0;0;478078,867399999870000;5473132,555600000500000;8,697804291000068;49,410481172000061;0
152119;08200717115100928740;08;1;15;003;2020;07;07;6;3;6;4;0;0;1;1;0;0;0;500346,191999999810000;5390855,600800000100000;9,004702199000064;48,670749268000066;1
152121;08200714416100918200;08;4;16;006;2020;07;16;3;3;0;7;0;1;0;0;0;0;0;498013,784099999820000;5360394,523000000000000;8,973167154000066;48,396707775000039;0
152122;08200714216100902240;08;2;16;043;2020;07;12;3;3;5;3;0;1;1;0;0;0;0;441547,785500000230000;5412119,449799999600000;8,203084112000056;48,859284573000082;0
152123;08200716212010937070;08;2;15;105;2020;07;21;5;2;3;6;1;1;0;0;0;0;0;456368,504300000150000;5442245,784700000700000;8,401895307000075;49,131494495000027;0
152126;08200715211100905110;08;2;11;000;2020;07;16;4;2;1;5;0;1;1;0;0;0;0;442850,014100000260000;5402703,196100000300000;8,222148136000044;48,774706030000061;0
152127;08200713127100946050;08;1;27;076;2020;07;10;2;3;5;3;0;1;1;0;0;0;0;558084,675699999560000;5439919,704500000900000;9,795877829000062;49,109376174000033;0
152128;08200712212010928730;08;2;12;000;2020;07;17;1;2;5;3;0;1;1;0;0;0;0;451197,324599999930000;5427179,947599999600000;8,332829715000059;48,995589766000080;0
152130;08200716436100947980;08;4;36;055;2020;07;11;5;3;0;6;0;1;1;0;0;0;0;575770,370000000110000;5297653,464900000000000;10,012389815000063;47,827765087000046;1
152132;08200713311400935700;08;3;15;050;2020;07;16;2;3;5;7;0;1;1;0;0;0;0;399788,318500000050000;5302946,505000000800000;7,659897564000062;47,872031938000077;0
152133;08200712212010905820;08;2;12;000;2020;07;12;1;3;2;2;0;1;0;0;1;0;0;451405,597199999730000;5426908,103800000600000;8,335709276000046;48,993160953000029;0
152138;08200715311500907270;08;3;15;113;2020;07;17;4;3;1;1;0;1;1;0;0;0;0;440226,305499999780000;5307844,559100000200000;8,199911780000036;47,921135167000045;0
152139;08200715121200935550;08;1;21;000;2020;07;00;4;2;1;7;2;1;1;0;0;0;0;514941,684600000270000;5442503,748099999500000;9,204836760000035;49,135182449000069;0
152140;08200713118100931070;08;1;18;074;2020;07;18;2;3;6;4;0;1;0;1;0;0;0;511250,739000000060000;5428992,656999999700000;9,153861696000035;49,013722550000068;0
152141;08200714311010937830;08;3;11;000;2020;07;16;3;3;4;6;0;1;0;0;0;1;0;410669,260200000370000;5319163,662799999100000;7,802003842000033;48,019516207000038;0
152144;08200714118000916450;08;1;15;028;2020;07;08;3;2;5;2;0;1;1;0;0;0;0;500259,894700000060000;5404935,420099999800000;9,003538933000073;48,797411837000027;0
152145;08200713226700902350;08;2;26;062;2020;07;17;2;3;3;5;0;1;1;0;0;0;0;470322,111200000160000;5468677,497600000400000;8,591207984000050;49,370080029000064;0
152147;08200715311010906080;08;3;11;000;2020;07;22;4;3;0;1;2;1;0;0;0;0;0;413996,388600000180000;5315667,651200000200000;7,847314682000047;47,988524924000046;1
152148;08200714436200948450;08;4;36;064;2020;07;04;3;3;7;1;2;1;0;0;0;0;0;543352,508000000380000;5291852,357999999100000;9,578696817000036;47,778574920000040;0
152152;08200713117300899880;08;1;17;026;2020;07;16;2;2;5;3;0;1;1;0;0;0;0;548548,508000000380000;5394868,588999999700000;9,659865321000041;48,704961040000057;0
152153;08200716116100912910;08;1;16;019;2020;07;19;5;3;3;3;0;1;1;0;0;0;0;521975,648000000040000;5400420,149000000200000;9,298994482000069;48,756404809000060;1
152154;08200714226700933760;08;2;26;103;2020;07;14;3;3;6;7;0;0;0;1;0;1;0;472591,445500000380000;5457407,348899999600000;8,623239849000072;49,268812234000052;0
152155;08200712121600901330;08;2;25;002;2020;07;11;1;3;0;7;0;1;0;1;0;0;0;501751,977199999620000;5468182,797000000300000;9,024130396000032;49,366350415000056;0
152156;08200716311010911080;08;3;36;069;2020;07;11;5;3;6;6;0;0;0;1;0;0;1;408619,652499999850000;5268196,814200000800000;7,785255894000045;47,560755288000053;0
152158;08200712121500912070;08;1;25;065;2020;07;14;1;3;0;1;0;1;0;0;0;0;0;516767,412399999800000;5449641,410000000100000;9,230163019000031;49,199340615000040;0
152159;08200713222400966390;08;2;26;028;2020;07;13;2;3;5;2;0;1;1;0;0;0;0;470581,996899999680000;5484066,138499999400000;8,593645543000037;49,508508886000072;0
152164;08200716216200912530;08;2;16;007;2020;07;16;5;3;6;4;0;1;0;1;0;0;0;436623,817900000140000;5394053,250800000500000;8,138744897000038;48,696296617000030;1
152167;08200715212010929970;08;2;12;000;2020;07;11;4;3;0;7;0;1;0;0;0;0;0;455387,575899999590000;5428772,697899999100000;8,389935150000042;49,010233726000081;1
152168;08200716226400909250;08;2;26;084;2020;07;10;5;3;0;1;0;1;0;0;0;0;0;469081,505199999550000;5469992,531800000000000;8,574017782000055;49,381846783000071;1
152169;08200713436400902400;08;4;36;082;2020;07;18;2;3;0;1;0;1;0;0;0;0;0;547489,246000000280000;5294204,302400000400000;9,634170656000038;47,799443615000030;0
152171;08200715215502913090;08;2;15;066;2020;07;10;4;3;5;3;0;1;1;0;0;0;0;460295,735500000420000;5454427,105200000100000;8,454524332000062;49,241330783000080;0
152172;08200713221400923720;08;2;26;018;2020;07;10;2;3;1;6;0;1;1;0;0;0;0;473272,640499999750000;5472773,204600000800000;8,631573126000035;49,407056749000049;0
152174;08200714415100946940;08;4;15;078;2020;07;08;3;3;6;4;0;0;1;1;0;0;0;527856,637000000100000;5372046,035100000000000;9,377101196000069;48,500915825000050;0
152177;08200713415400906350;08;4;15;061;2020;07;13;2;3;0;1;0;1;0;0;0;0;0;516467,555499999780000;5372540,948400000100000;9,222945949000064;48,505770053000049;0
152178;08200712111500895480;08;1;11;000;2020;07;10;1;3;1;5;0;1;1;0;0;0;0;513303,724799999970000;5401586,021800000200000;9,181045242000039;48,767138646000035;0
152179;08200715311010905390;08;3;36;019;2020;07;15;4;2;5;3;0;1;1;0;0;0;0;394794,910299999640000;5275707,229199999900000;7,599731175000045;47,626219258000049;0
152180;08200715136100922230;08;1;36;088;2020;07;14;4;3;6;4;0;0;1;1;0;0;0;580311,596499999990000;5410164,944800000600000;10,094506230000036;48,839260635000073;1
152183;08200714317300903880;08;3;17;114;2020;07;19;3;3;6;4;0;0;1;1;0;0;0;404916,550200000410000;5346958,033900000200000;7,718666566000024;48,268688466000071;0
152184;08200713212502979910;08;2;12;000;2020;07;07;2;3;5;3;0;1;1;0;0;0;0;453119,102199999620000;5429285,474899999800000;8,358857040000032;49,014677998000082;0
152186;08200714335200901090;08;3;35;063;2020;07;13;3;3;0;1;0;1;0;0;0;0;0;496625,460699999700000;5287243,893899999600000;8,954989104000049;47,738559945000077;0
152190;08200711436000926300;08;4;36;009;2020;07;10;7;2;0;7;0;1;0;0;0;0;0;556441,978600000030000;5308245,622400000700000;9,755548911000062;47,925045369000031;0
152192;08200715118400916780;08;1;18;048;2020;07;07;4;3;5;3;0;1;1;0;0;0;0;514764,104399999600000;5415619,297700000900000;9,201424242000030;48,893346639000072;1
152193;08200713117200902490;08;1;17;024;2020;07;12;2;3;0;7;0;1;0;0;0;1;0;561552,371000000280000;5385271,621999999500000;9,835167156000068;48,617486744000075;0
152195;08200714311010900770;08;3;36;091;2020;07;07;3;3;5;3;0;1;1;0;0;0;0;396146,825899999590000;5271949,162000000500000;7,618610187000058;47,592632951000041;0
152196;08200716111120980480;08;1;11;000;2020;07;17;5;3;2;2;0;1;1;0;0;0;0;513319,445600000210000;5401904,721000000800000;9,181269498000063;48,770005307000076;0
152197;08200716336400949350;08;3;36;024;2020;07;17;5;2;5;3;0;1;1;0;0;0;0;394133,956500000320000;5278626,788400000000000;7,590230261000045;47,652373078000039;0
152198;08200714115200902230;08;1;15;053;2020;07;20;3;3;5;3;0;1;0;0;0;0;1;484102,074400000270000;5379417,539799999400000;8,784503527000027;48,567648471000041;0
152199;08200713225100970100;08;2;25;033;2020;07;17;2;3;4;1;0;1;1;0;0;0;0;507853,987999999900000;5463242,483599999900000;9,108077363000064;49,321863898000061;0
152200;08200716435200910420;08;4;35;036;2020;07;11;5;3;2;1;0;1;0;0;0;0;0;520978,484199999830000;5281906,225299999100000;9,279560375000074;47,690201821000073;1
152201;08200714121500902620;08;1;25;065;2020;07;20;3;3;5;2;0;1;1;0;0;0;0;516421,043399999850000;5448909,283700000500000;9,225378594000063;49,192764340000053;0
152207;08200714226100903800;08;2;26;013;2020;07;19;3;3;5;5;0;1;1;0;0;0;0;498861,773099999870000;5480033,436200000300000;8,984288939000066;49,472947887000032;0
152210;08200714111210928240;08;1;11;000;2020;07;14;3;3;8;6;0;1;1;0;0;0;0;507980,591199999680000;5398091,010399999100000;9,108537217000048;48,735788587000059;0
152211;08200711416100892690;08;4;16;036;2020;07;17;7;3;0;7;0;1;0;0;0;0;0;492782,835900000300000;5366954,775599999400000;8,902386607000040;48,455688932000044;0
152212;08200713222200901800;08;2;22;000;2020;07;16;2;3;0;3;0;1;1;0;0;0;0;460900,100100000390000;5482410,772700000600000;8,460077650000073;49,493072808000079;0
152214;08200714416200903500;08;4;16;041;2020;07;14;3;3;2;6;0;1;1;0;0;0;0;504309,941999999810000;5374375,540999999300000;9,058369306000031;48,522475839000037;0
152215;08200715436200927230;08;4;36;064;2020;07;18;4;3;5;3;0;1;1;0;0;0;0;546230,672100000080000;5293495,259600000500000;9,617289137000057;47,793155986000045;0
152216;08200711336400908010;08;3;36;045;2020;07;19;7;3;0;7;0;1;0;0;0;0;0;398994,113300000320000;5280436,383800000000000;7,654513652000048;47,669427735000056;0
152217;08200714426200930280;08;4;26;070;2020;07;10;3;3;0;1;0;1;0;0;0;0;0;565605,359600000080000;5342116,351800000300000;9,883399770000040;48,228874074000032;0
152218;08200713115400911720;08;1;15;045;2020;07;19;2;2;4;6;0;1;1;0;0;0;0;500628,144500000400000;5395167,494200000500000;9,008538413000053;48,709539282000037;0
152219;08200714222400902590;08;2;22;000;2020;07;17;3;2;0;6;0;1;1;0;0;0;0;468316,618700000460000;5479486,861099999400000;8,562721541000030;49,467206026000042;0
152221;08200713436000899940;08;4;35;030;2020;07;10;2;2;2;6;0;1;0;0;0;0;0;540035,657200000250000;5272250,481799999300000;9,532624677000058;47,602425952000033;0
152224;08200713221011926910;08;2;21;000;2020;07;10;2;3;5;3;0;1;1;0;0;0;0;478664,094999999740000;5473429,552999999400000;8,705855922000069;49,413173422000057;0
152226;08200714337010929550;08;3;37;062;2020;07;09;3;3;9;1;0;1;0;0;0;0;0;454010,563000000080000;5274021,935100000400000;8,387986116000036;47,617969127000038;0
152227;08200717115400911680;08;1;15;054;2020;07;12;6;3;2;6;0;1;1;0;0;0;0;493337,004099999550000;5395682,936100000500000;8,909421159000033;48,714140947000033;0
152228;08200714212010907630;08;2;12;000;2020;07;15;3;3;1;5;0;1;1;0;0;0;0;457866,504800000230000;5428524,776900000900000;8,423857829000042;49,008177882000041;0
152230;08200711326400922260;08;3;26;041;2020;07;11;7;3;4;2;0;1;1;0;0;0;0;465337,573499999940000;5329894,152699999500000;8,534234202000050;48,121362019000060;0
152235;08200715212010907410;08;2;12;000;2020;07;17;4;3;0;7;0;1;0;0;0;0;0;460668,113900000230000;5427262,231300000100000;8,462288067000031;48,997005934000072;0
152236;08200713212010897960;08;2;12;000;2020;07;12;2;3;5;3;0;1;1;0;0;0;0;455235,997899999840000;5427622,605000000400000;8,387989271000038;48,999877554000079;0
152238;08200714335100946440;08;3;35;066;2020;07;20;3;3;0;1;0;1;0;0;0;0;0;504735,322800000200000;5282513,828900000100000;9,063110122000069;47,695992030000070;0
152240;08200717111130985620;08;1;11;000;2020;07;18;6;3;6;7;0;0;1;1;0;0;0;509325,097000000070000;5402575,553999999500000;9,126924240000051;48,776112765000050;0