OBJECTID;UIDENTSTLAE;ULAND;UREGBEZ;UKREIS;UGEMEINDE;UJAHR;UMONAT;USTUNDE;UWOCHENTAG;UKATEGORIE;UART;UTYP1;ULICHTVERH;IstRad;IstPKW;IstFuss;IstKrad;IstGkfz;IstSonstige;LINREFX;LINREFY;XGCSWGS84;YGCSWGS84;STRZUSTAND
152507;08200720335200919430;08;3;35;063;2020;07;07;2;3;0;1;0;1;0;0;0;0;0;497883,917500000450000;5288665,750499999200000;8,971767963000048;47,751358580000044;0
152508;08200720127100924870;08;1;27;099;2020;07;18;2;3;0;1;0;1;1;0;0;0;0;563483,775299999860000;5447084,878300000000000;9,870976583000072;49,173288625000055;1
152509;08200717212102947970;08;2;12;000;2020;07;16;6;3;2;6;0;1;1;0;0;0;0;457806,161299999800000;5428988,484400000400000;8,422984523000025;49,012344875000053;0
152510;08200718212302961190;08;2;12;000;2020;07;04;7;2;0;7;1;1;0;0;0;0;0;455492,907700000330000;5428765,082100000200000;8,391376289000050;49,010172827000076;0
152511;08200719222600947120;08;2;22;000;2020;07;23;1;3;5;3;2;1;1;0;0;0;0;462151,324799999590000;5482881,200600000100000;8,477309723000076;49,497383403000072;0
152512;08200718212102914970;08;2;12;000;2020;07;11;7;3;5;3;0;1;1;0;0;0;0;458500,620900000450000;5429884,376399999500000;8,432389386000068;49,020450655000047;0
152515;08200721111500941660;08;1;11;000;2020;07;19;3;3;5;2;0;1;1;0;0;0;0;516911,602800000460000;5402743,839299999200000;9,230190697000069;48,777466673000049;0
152518;08200722111500955230;08;1;11;000;2020;07;16;4;3;5;3;0;1;1;0;0;0;0;511633,593000000340000;5401689,648499999200000;9,158320092000054;48,768104328000049;0
152520;08200717212010929770;08;2;12;000;2020;07;19;6;2;4;2;0;1;1;0;0;0;0;453918,473799999800000;5429485,727299999400000;8,369765804000053;49,016539501000068;0
152521;08200718212010949000;08;2;12;000;2020;07;20;7;3;5;3;1;1;1;0;0;0;0;455105,264999999660000;5433887,497300000900000;8,385508434000030;49,056221112000060;0
152522;08200721222014923970;08;2;22;000;2020;07;14;3;3;5;3;0;1;0;0;0;0;1;463155,474600000310000;5483125,544900000100000;8,491153662000045;49,499642974000039;0
152524;08200720426010957590;08;4;26;097;2020;07;17;2;3;5;3;0;1;1;0;0;0;0;534957,660899999550000;5333914,885500000800000;9,470062897000048;48,157519060000027;0
152525;08200720222500940850;08;2;22;000;2020;07;14;2;3;5;3;0;1;1;0;0;0;0;464514,146300000140000;5477220,271600000600000;8,510446707000028;49,446608725000033;0
152526;08200717212010925610;08;2;12;000;2020;07;17;6;2;0;7;0;1;0;1;0;0;0;457276,604000000280000;5428227,905200000900000;8,415823079000063;49,005466922000039;0
152527;08200720436400924200;08;4;36;014;2020;07;07;2;2;0;1;0;1;0;0;0;0;0;556144,986800000070000;5299780,494599999900000;9,750472631000037;47,848914160000049;0
152528;08200717128100943570;08;1;28;007;2020;07;11;6;3;5;3;0;1;1;0;0;0;0;555765,519100000150000;5482310,575899999600000;9,770021655000051;49,490868745000057;0
152529;08200720311010938250;08;3;11;000;2020;07;07;2;2;0;7;0;1;0;0;0;0;0;414553,844600000420000;5316152,007500000300000;7,854688164000038;47,992956628000059;0
152530;08200717127100912920;08;1;27;076;2020;07;20;6;3;0;1;0;1;0;0;0;0;0;552541,040400000290000;5441334,607400000100000;9,720109617000048;49,122601484000029;0
152531;08200721436200941270;08;4;36;064;2020;07;16;3;3;0;1;0;1;0;0;0;0;0;545147,251500000250000;5288714,879899999100000;9,602326882000057;47,750223558000073;0
152532;08200720111500937540;08;1;11;000;2020;07;17;2;3;1;7;0;1;1;0;0;0;0;507921,880599999800000;5398765,382500000300000;9,107751711000049;48,741855994000048;0
152533;08200717126200913710;08;1;26;069;2020;07;16;6;3;5;3;0;1;0;0;0;0;0;536751,343999999580000;5446725,273000000000000;9,504203858000039;49,172237663000033;0
152534;08200721215402923960;08;2;15;009;2020;07;16;3;3;5;3;0;1;1;0;0;0;0;470283,952499999660000;5441821,533500000800000;8,592674620000025;49,128508841000041;0
152535;08200719121100921050;08;1;25;026;2020;07;15;1;3;1;6;0;1;1;0;0;0;0;493600,187099999750000;5442336,440300000800000;8,912266864000060;49,133825811000065;0
152537;08200720212502924690;08;2;12;000;2020;07;17;2;3;4;6;0;1;1;0;0;0;0;454072,506199999710000;5428695,961600000000000;8,371961666000061;49,009447001000069;0
152539;08200721335100959020;08;3;35;043;2020;07;19;3;3;6;7;0;0;1;1;0;0;0;513132,724700000140000;5278800,696300000000000;9,174914618000059;47,662466433000077;0
152541;08200717119400913370;08;1;19;091;2020;07;16;6;2;0;1;0;1;0;0;0;0;0;526739,309500000440000;5406409,438100000800000;9,364195904000042;48,810096730000055;0
152542;08200721118050960030;08;1;18;080;2020;07;15;3;3;5;2;0;1;0;0;0;0;1;508624,928100000140000;5408176,635999999900000;9,117511886000045;48,826509691000069;0
152543;08200721421300939580;08;4;21;000;2020;07;16;3;3;5;3;0;1;1;0;0;0;0;572282,203800000250000;5360859,659399999300000;9,976505074000045;48,396751604000031;0
152544;08200719435200936530;08;4;35;066;2020;07;18;1;3;0;1;0;1;0;0;0;0;0;518416,891599999740000;5286519,120799999700000;9,245619747000035;47,731784711000046;0
152545;08200717118400943310;08;1;18;048;2020;07;17;6;3;0;7;0;1;0;0;0;0;1;515753,810499999670000;5414855,064999999500000;9,214897079000025;48,886447437000072;0
152546;08200721211021923910;08;2;11;000;2020;07;12;3;3;5;2;0;1;0;0;0;0;1;445303,396200000310000;5399511,838800000000000;8,255961540000044;48,746219548000056;0
152548;08200720416200920770;08;4;16;041;2020;07;15;2;2;0;7;0;1;0;0;0;0;0;506108,126000000160000;5375264,461100000900000;9,082735014000036;48,530457953000052;0
152549;08200720212010934150;08;2;12;000;2020;07;13;2;3;5;3;0;1;1;0;0;0;0;457922,725499999710000;5428742,047299999700000;8,424604041000066;49,010136097000043;0
152550;08200717118200925450;08;1;18;019;2020;07;20;6;3;0;7;0;1;0;0;0;0;0;502667,755800000390000;5404958,624099999700000;9,036326436000024;48,797614908000071;0
152551;08200721317000931520;08;3;17;031;2020;07;16;3;2;5;3;0;1;1;0;0;0;0;416213,658999999990000;5358917,677999999400000;7,868495116000077;48,377859977000071;0
152553;08200717118100946190;08;1;18;007;2020;07;11;6;3;0;1;0;1;0;0;0;0;0;510313,674899999980000;5426862,675599999700000;9,140992632000064;48,994578502000081;0
152554;08200721116010959010;08;1;16;019;2020;07;14;3;3;0;6;0;1;1;0;0;0;0;523764,794599999670000;5398201,314899999600000;9,323208689000069;48,736378738000042;0
152555;08200718335200916140;08;3;35;061;2020;07;17;7;3;0;1;0;1;0;0;0;0;0;491829,479600000200000;5280348,759800000100000;8,891147808000028;47,676477151000029;0
152557;08200718426100929490;08;4;26;038;2020;07;11;7;3;0;1;0;1;0;0;0;0;0;558164,949699999760000;5314867,033900000200000;9,779506418000040;47,984460358000035;0
152558;08200720336200946010;08;3;36;105;2020;07;06;2;2;0;3;0;1;1;0;0;0;0;397931,020200000140000;5268111,341499999200000;7,643227727000067;47,558393807000073;0
152560;08200717116400068940;08;1;16;072;2020;07;17;6;3;6;7;0;1;0;1;0;0;0;529941,315600000320000;5393289,561599999700000;9,406852898000068;48,691927180000050;0
152561;08200718212010917560;08;2;15;066;2020;07;11;7;3;0;7;0;1;0;0;0;0;0;461472,128700000230000;5453094,843200000000000;8,470813470000053;49,229422446000058;0
152562;08200721235200949900;08;2;35;080;2020;07;06;3;2;0;1;0;1;0;0;0;0;0;481256,945899999700000;5385903,433900000500000;8,745645415000070;48,625917981000043;0
152565;08200721111370940330;08;1;11;000;2020;07;09;3;3;1;5;0;1;1;0;0;0;0;512114,032800000160000;5406411,997600000400000;9,164997535000055;48,810576987000047;0
152567;08200720311400922540;08;3;15;074;2020;07;15;2;3;1;3;0;1;1;0;0;0;0;396987,654500000180000;5295977,758700000100000;7,624114809000048;47,808906020000052;0
152568;08200722111500928120;08;1;11;000;2020;07;08;4;3;5;2;0;1;0;0;0;1;0;512601,974700000140000;5407113,582800000900000;9,171664997000050;48,816878651000081;0
152569;08200720116100922360;08;1;16;058;2020;07;17;2;3;0;1;0;1;0;0;0;0;0;534827,591000000010000;5395379,234300000600000;9,473423355000023;48,710471814000073;0
152570;08200717115400961110;08;1;15;045;2020;07;23;6;3;8;7;2;1;0;0;0;0;0;497472,455799999650000;5396564,788300000100000;8,965634355000077;48,722104619000049;0
152571;08200721221300940180;08;2;21;000;2020;07;10;3;2;0;5;0;1;0;0;0;0;1;476917,081899999640000;5473851,313600000000000;8,681746851000071;49,416903313000034;0
152572;08200726311000941980;08;3;11;000;2020;07;14;1;3;5;3;0;1;1;0;0;0;0;413671,082899999800000;5320501,940400000700000;7,841982347000055;48,031967133000080;0
152573;08200723136200935660;08;1;36;019;2020;07;14;5;3;0;1;0;1;0;0;0;0;0;581363,258700000120000;5424808,295499999100000;10,111753767000039;48,970827078000070;0
152575;08200726222500285810;08;2;22;000;2020;07;13;1;3;0;1;0;1;0;0;0;0;0;465532,555999999870000;5474426,537000000500000;8,524738754000055;49,421538740000074;0
152577;08200726215102944850;08;2;12;000;2020;07;18;1;3;3;6;0;1;0;0;0;0;0;456078,989599999970000;5432788,026000000500000;8,398954634000063;49,046401511000056;0
152578;08200726212010940130;08;2;12;000;2020;07;19;1;3;5;3;0;1;1;0;0;0;0;459903,332000000400000;5430887,221999999100000;8,451474985000061;49,029564191000077;0
152579;08200723128300980600;08;1;28;131;2020;07;09;5;2;6;7;0;0;1;1;0;0;0;543518,623499999750000;5506683,237600000600000;9,603625325000053;49,711082800000042;0
152583;08200723127100930630;08;1;27;025;2020;07;12;5;3;1;7;0;1;1;0;0;0;0;555721,909799999560000;5428278,634700000300000;9,761904088000051;49,004886548000059;0
152584;08200726118400042940;08;1;18;048;2020;07;08;1;3;0;7;0;1;0;0;0;0;0;513415,148000000040000;5415004,993699999500000;9,183000587000038;48,887851194000064;0
152586;08200726118100972730;08;1;18;007;2020;07;18;1;2;0;7;0;1;0;1;0;0;0;510608,282100000420000;5427082,004000000700000;9,145025761000056;48,996546499000033;0
152588;08200726116500972120;08;1;16;072;2020;07;11;1;2;0;7;0;1;0;0;0;0;0;529255,288999999870000;5392888,890499999700000;9,397502797000072;48,688355331000025;0
152590;08200726115100972200;08;1;15;003;2020;07;23;1;2;5;3;2;1;0;0;1;0;0;500643,823300000280000;5391826,505500000000000;9,008746328000029;48,679483413000071;0
152592;08200726111500940110;08;1;11;000;2020;07;18;1;2;5;3;0;1;0;0;0;0;0;508159,918200000190000;5403058,593599999300000;9,111074568000049;48,780474537000032;0
152593;08200723119101936750;08;1;19;044;2020;07;12;5;3;6;7;0;0;1;1;0;0;0;541033,074500000100000;5425696,235099999200000;9,560809862000042;48,982808756000054;0
152594;08200726111250944220;08;1;11;000;2020;07;17;1;3;0;7;0;1;0;0;0;0;0;514305,502999999560000;5402294,087999999500000;9,194702601000074;48,773486135000041;0
152595;08200727222014984690;08;2;22;000;2020;07;19;2;2;5;3;0;1;1;0;0;0;0;462069,830299999560000;5481918,109300000600000;8,476276767000059;49,488715818000060;0
152597;08200725436200954810;08;4;36;064;2020;07;22;7;3;0;3;2;1;1;0;0;0;0;544998,978099999950000;5291425,641200000400000;9,600629503000050;47,774622822000026;0
152598;08200725435200940930;08;4;35;059;2020;07;12;7;3;5;3;0;1;1;0;0;0;0;513104,237999999900000;5290922,894999999600000;9,174899835000076;47,771537598000066;0
152599;08200723118400949400;08;1;18;048;2020;07;15;5;3;6;7;0;0;1;1;0;0;0;513706,518600000070000;5415641,140499999700000;9,186996590000035;48,893567430000076;0
152601;08200727426010946270;08;4;26;021;2020;07;11;2;3;5;2;0;1;1;0;0;0;0;557813,149699999950000;5327711,819599999100000;9,776527032000047;48,100047739000047;0
152602;08200725417100974400;08;4;17;079;2020;07;18;7;3;5;7;0;1;0;0;0;0;1;501153,617800000120000;5344507,921900000400000;9,015541354000050;48,253783255000030;0
152603;08200723116500945880;08;1;16;049;2020;07;09;5;3;5;3;0;1;1;0;0;0;0;525517,941999999810000;5384985,874700000500000;9,346235934000049;48,617423845000076;0
152604;08200725337010950980;08;3;37;125;2020;07;16;7;3;1;7;0;1;1;0;0;0;0;444874,867700000290000;5274040,084400000100000;8,266418115000022;47,617419441000038;0
152606;08200725336400955250;08;3;36;014;2020;07;21;7;2;0;2;2;1;0;0;0;0;0;392287,985200000000000;5278425,069399999500000;7,565705875000049;47,650253989000078;0
152607;08200723116200952210;08;1;16;015;2020;07;17;5;3;0;2;0;1;0;0;0;0;1;523860,804999999700000;5394115,837999999500000;9,324278121000077;48,699622468000030;0
152609;08200727216100960830;08;2;16;043;2020;07;19;2;3;1;7;0;1;1;0;0;0;0;442423,904099999930000;5411404,970000000700000;8,215128091000054;48,852939764000041;0
152610;08200725336091953950;08;3;36;050;2020;07;10;7;3;3;2;0;1;0;0;0;0;0;398708,356999999840000;5274349,226900000100000;7,652117659000055;47,614627508000069;0
152611;08200725335300939010;08;3;35;075;2020;07;18;7;3;5;3;0;1;1;0;0;0;0;488818,856800000180000;5289647,697499999800000;8,850800072000027;47,760100217000058;0
152612;08200725335100969780;08;3;35;043;2020;07;08;7;3;6;6;0;0;1;1;0;0;0;515099,270800000060000;5281427,481699999400000;9,201197700000023;47,686058396000078;0
152613;08200723116200931170;08;1;16;080;2020;07;15;5;3;0;1;0;1;0;0;0;0;0;522415,402499999850000;5395729,049000000600000;9,304722415000072;48,714188444000058;0
152614;08200727117300953130;08;1;17;051;2020;07;10;2;3;5;3;0;1;1;0;0;0;0;544922,291299999690000;5395295,366100000200000;9,610627719000036;48,709071865000055;0
152615;08200727335100973350;08;3;35;043;2020;07;15;2;3;3;6;0;1;1;0;0;0;0;512849,336600000040000;5286464,998900000000000;9,171366001000024;47,731432640000037;0
152616;08200725327100071360;08;3;27;050;2020;07;03;7;3;4;6;2;1;1;0;0;0;0;489870,690899999810000;5317022,553500000400000;8,864193332000070;48,006418653000026;0
152618;08200723116010968380;08;1;16;058;2020;07;18;5;3;6;7;0;1;0;1;0;0;0;533983,265399999920000;5395411,566500000700000;9,461949205000053;48,710809253000036;0
152619;08200725317100940580;08;3;17;001;2020;07;14;7;3;5;3;0;1;1;0;0;0;0;430213,109699999910000;5387106,000099999800000;8,052809828000022;48,633122583000045;0
152620;08200725316100987000;08;3;16;012;2020;07;10;7;3;0;7;0;0;0;1;0;0;1;403531,309799999930000;5332822,196200000100000;7,703218194000044;48,141333450000047;0
152622;08200725311400966020;08;3;15;008;2020;07;11;7;3;5;3;0;1;1;0;0;0;0;402670,606999999840000;5301156,443000000000000;7,698834248000026;47,856373538000071;0
152625;08200725311100940200;08;3;15;132;2020;07;12;7;3;5;3;0;1;1;0;0;0;0;409411,573499999940000;5323337,730900000800000;7,784258026000032;48,056885265000062;0
152626;08200727317200942720;08;3;17;005;2020;07;11;2;3;8;7;0;1;0;0;0;0;0;424065,701600000260000;5376344,322899999100000;7,971353378000060;48,535606975000064;0
152627;08200725311010972030;08;3;15;084;2020;07;15;7;3;0;7;0;0;0;1;1;0;0;417631,970900000070000;5305796,366200000000000;7,897921341000028;47,900205332000041;0
152628;08200725311010970560;08;3;11;000;2020;07;18;7;3;0;7;0;1;0;0;0;0;0;413545,079499999990000;5316948,928099999200000;7,841009070000041;47,999989611000046;0
152629;08200723115100949690;08;1;15;003;2020;07;16;5;3;0;7;0;1;0;0;0;0;0;501204,782499999740000;5392229,611099999400000;9,016368124000053;48,683108967000067;0
152631;08200723111500964300;08;1;11;000;2020;07;11;5;2;6;4;0;0;1;1;0;0;0;506552,291699999940000;5405778,602800000500000;9,089234623000039;48,804962563000061;0
152632;08200725311010951970;08;3;11;000;2020;07;01;7;3;1;6;2;1;0;0;0;0;0;415191,325100000020000;5319425,403799999500000;7,862583817000029;48,022487009000031;0
152633;08200723111330966230;08;1;11;000;2020;07;03;5;2;1;5;2;1;1;0;0;0;0;513539,293999999760000;5409370,414100000600000;9,184507680000024;48,837161026000047;0
152635;08200723111330952670;08;1;11;000;2020;07;13;5;2;6;4;0;0;1;1;0;0;0;516889,921600000000000;5409942,498099999500000;9,230191827000056;48,842225260000077;0
152636;08200725222400953540;08;2;26;038;2020;07;20;7;3;4;7;0;1;0;0;0;0;0;471495,803999999540000;5479809,664000000800000;8,606574693000027;49,470267083000067;0
152638;08200725222301983180;08;2;22;000;2020;07;15;7;2;5;3;0;1;1;0;0;0;0;464672,844200000170000;5481941,361700000200000;8,512214548000031;49,489082091000057;0
152639;08200727311010949020;08;3;11;000;2020;07;14;2;3;6;1;0;0;1;1;0;0;0;413121,224399999720000;5316900,576799999900000;7,835337989000038;47,999497212000051;0
152640;08200725221011965140;08;2;26;060;2020;07;18;7;2;0;7;0;0;1;1;0;0;0;477145,409500000070000;5464489,309800000900000;8,685432706000029;49,332701704000044;0
152641;08200725216200940140;08;2;16;028;2020;07;12;7;2;3;6;0;1;0;0;0;0;0;424254,612599999640000;5398555,506500000100000;7,969852157000048;48,735413590000064;0
152642;08200725215302940280;08;2;15;007;2020;07;11;7;3;6;4;0;1;0;1;0;0;0;478714,909500000070000;5431554,883800000000000;8,708778509000069;49,036506388000078;0
152645;08200723111140931040;08;1;11;000;2020;07;16;5;2;0;7;0;1;0;0;0;0;0;513101,938000000080000;5401566,264100000300000;9,178298588000075;48,766965188000029;0
152646;08200725212402951740;08;2;12;000;2020;07;00;7;3;0;7;2;1;0;0;0;0;0;453422,476900000130000;5426994,943099999800000;8,363268462000065;48,994097520000025;0
152648;08200725212010983730;08;2;12;000;2020;07;12;7;3;6;4;0;0;1;1;0;0;0;453352,821899999860000;5426002,104199999900000;8,362430278000034;48,985161601000073;0
152649;08200725212010969090;08;2;12;000;2020;07;16;7;3;5;2;0;1;1;0;0;0;0;455248,367300000040000;5429265,297499999400000;8,387977304000060;49,014654620000044;0
152651;08200727225100971380;08;2;25;058;2020;07;15;2;3;5;3;0;1;0;0;1;0;0;507297,888500000350000;5465368,224700000100000;9,100463892000050;49,340992020000044;0
152652;08200725212010170250;08;2;12;000;2020;07;12;7;3;1;5;0;1;1;0;0;0;0;454676,648400000300000;5433552,468800000800000;8,379679651000060;49,053176146000055;0
152653;08200725211000966380;08;3;17;056;2020;07;22;7;2;6;7;2;0;1;1;0;0;0;435529,188699999820000;5382479,262299999600000;8,125672682000072;48,592075003000048;0
152656;08200727426300948890;08;4;26;097;2020;07;15;2;3;4;1;0;1;1;0;0;0;0;535083,226300000210000;5334053,934100000200000;9,471762739000042;48,158763112000031;0
152657;08200725135200960500;08;1;35;019;2020;07;18;7;3;0;1;0;1;0;0;0;0;0;584933,894000000320000;5392919,910100000000000;10,153928025000027;48,683540872000037;0
152658;08200722437100929810;08;4;37;100;2020;07;15;4;3;5;3;0;1;1;0;0;0;0;536921,375300000420000;5318702,846599999800000;9,495151750000048;48,020549744000050;0
152659;08200725119400966400;08;1;19;041;2020;07;11;7;3;0;7;0;1;0;0;0;0;0;527461,845099999570000;5408505,417600000300000;9,374177115000066;48,828920038000035;0
152660;08200725119300981540;08;1;19;091;2020;07;19;7;3;0;1;0;1;1;0;0;0;0;528816,052099999970000;5405659,699899999400000;9,392428346000031;48,803259470000057;0
152662;08200725116500968770;08;1;16;063;2020;07;13;7;3;2;2;0;1;1;0;0;0;0;516656,249699999580000;5383586,898900000400000;9,225942618000033;48,605137144000025;0
152663;08200722435100932220;08;4;35;024;2020;07;19;4;3;0;1;0;1;0;0;0;0;0;526924,789099999700000;5278811,086500000200000;9,358608853000021;47,662132833000044;0
152665;08200725116200976190;08;1;16;077;2020;07;12;7;3;4;6;0;1;1;0;0;0;0;515332,384899999950000;5391922,504899999100000;9,208293020000042;48,680159068000080;0
152666;08200722426010936400;08;4;26;070;2020;07;07;4;3;5;3;0;1;1;0;0;0;0;565612,816999999810000;5341926,919999999900000;9,883470842000065;48,227169220000064;0
152667;08200727115400962800;08;1;15;029;2020;07;17;2;2;6;4;0;0;0;1;0;0;1;497309,705299999560000;5398965,019700000100000;8,963405858000044;48,743696500000055;0
152668;08200727416200973040;08;4;16;011;2020;07;09;2;3;5;3;0;1;1;0;0;0;0;505203,640999999830000;5366170,235999999600000;9,070370417000049;48,448650722000082;0
152669;08200725116100958460;08;1;16;019;2020;07;18;7;3;6;4;0;0;1;1;0;0;0;524501,455000000070000;5397702,644899999700000;9,333197683000037;48,731864227000074;0
152671;08200724437200938350;08;4;37;104;2020;07;12;6;2;0;1;0;1;0;0;0;0;0;516713,890300000090000;5325455,521299999200000;9,224416877000067;48,082152191000034;0
152673;08200724437000960790;08;4;37;078;2020;07;12;6;2;4;2;0;1;1;0;0;0;0;508529,283300000240000;5316257,507799999800000;9,114339481000059;47,999558768000043;0
152675;08200722426010930660;08;4;26;108;2020;07;16;4;3;0;1;0;1;0;0;0;0;0;572551,276999999770000;5336006,425000000700000;9,975871048000045;48,173155249000047;0
152676;08200727115300960940;08;1;15;041;2020;07;06;2;3;5;2;0;1;1;0;0;0;0;495596,964300000110000;5402239,136800000400000;8,940073661000042;48,773140673000057;0
152677;08200724435100968600;08;4;35;029;2020;07;11;6;3;0;1;0;1;0;0;0;0;0;544716,855399999770000;5270810,119200000500000;9,594752049000022;47,589160467000056;0
152678;08200727316100963020;08;3;16;011;2020;07;12;2;3;2;6;0;1;1;0;0;0;0;413676,481499999760000;5330702,592800000700000;7,839993664000076;48,123724993000053;0
152679;08200724435100936980;08;4;35;016;2020;07;16;6;3;4;2;0;1;1;0;0;0;0;536958,273699999790000;5279815,998099999500000;9,492324553000060;47,670678918000078;0
152680;08200727212000950870;08;2;12;000;2020;07;19;2;3;5;3;0;1;0;0;0;0;0;454092,310399999840000;5430772,179600000400000;8,371997543000020;49,028124152000032;0
152683;08200727326400962120;08;3;26;074;2020;07;22;2;2;2;6;2;1;0;0;0;0;0;460165,245500000190000;5323926,590900000200000;8,465292497000064;48,067371305000052;0
152685;08200727211000945480;08;2;11;000;2020;07;11;2;3;1;1;0;1;0;0;0;0;1;440779,242999999780000;5403898,264000000400000;8,193794186000048;48,785262096000054;0
152687;08200722416010966760;08;4;16;041;2020;07;14;4;2;0;7;0;0;0;1;0;0;1;504157,565799999980000;5374410,198599999800000;9,056306030000030;48,522788660000060;0
152689;08200722416000934290;08;4;16;009;2020;07;16;4;3;0;1;0;1;0;0;0;0;0;507248,457600000310000;5383566,155099999200000;9,098325545000023;48,605130192000047;0
152690;08200724336400985240;08;3;36;045;2020;07;17;6;3;8;7;0;1;0;0;0;0;0;397913,676699999720000;5281857,847699999800000;7,639793140000052;47,682044375000032;1
152691;08200722336400942090;08;3;36;006;2020;07;16;4;3;4;6;0;1;1;0;0;0;0;391672,833899999970000;5287773,395099999400000;7,555196027000022;47,734237740000026;0
152692;08200724335100954540;08;3;35;043;2020;07;14;6;2;0;1;0;1;0;0;0;0;0;509865,208800000140000;5287950,831000000200000;9,131601799000066;47,744854053000040;0
152694;08200724335100951730;08;3;35;043;2020;07;07;6;2;5;2;0;1;1;0;0;0;0;512015,633999999610000;5280343,330000000100000;9,160078599000030;47,676368263000029;0
152695;08200727136200964340;08;1;36;019;2020;07;18;2;3;0;1;0;1;0;0;0;0;0;583252,823400000110000;5421979,036299999800000;10,136989088000064;48,945129298000040;0
152696;08200724317200960990;08;3;17;057;2020;07;23;6;3;1;5;2;1;0;0;0;0;1;414250,017300000410000;5378472,986300000900000;7,837973446000035;48,553488491000053;0
152697;08200724317010943630;08;3;17;088;2020;07;08;6;2;2;6;0;1;0;0;0;0;0;435529,279099999930000;5358085,563600000000000;8,129437345000042;48,372644313000080;0
152700;08200722335300949100;08;3;35;075;2020;07;16;4;3;6;2;0;0;1;1;0;0;0;487800,809500000440000;5289810,311200000300000;8,837210852000055;47,761544875000027;1
152702;08200722335300945980;08;3;35;100;2020;07;15;4;3;2;2;0;1;1;0;0;0;0;488231,372399999760000;5285714,395800000100000;8,843067174000055;47,724699644000054;0
152703;08200724311010951990;08;3;15;064;2020;07;19;6;3;5;3;0;1;0;0;1;0;0;422829,238099999730000;5312731,413400000000000;7,966205542000068;47,963238125000032;0
152705;08200724311010941230;08;3;36;091;2020;07;11;6;3;3;6;0;1;0;0;0;0;0;394224,632899999620000;5271816,325500000300000;7,593082288000062;47,591127360000030;0
152706;08200727135200944070;08;1;35;019;2020;07;08;2;2;0;1;0;1;0;0;0;0;0;585892,592299999670000;5391168,836999999400000;10,166586539000036;48,667660082000054;0
152709;08200722335200966000;08;3;35;063;2020;07;10;4;3;0;1;0;1;1;0;0;0;0;497925,468999999580000;5287246,423599999400000;8,972329097000056;47,738588197000070;0
152710;08200727115100964560;08;1;15;024;2020;07;16;2;3;5;3;0;1;1;0;0;0;0;500871,315600000320000;5387194,484200000800000;9,011827055000026;48,637812770000039;0
152711;08200727426200943820;08;4;26;070;2020;07;06;2;3;0;3;0;1;1;0;0;0;0;565210,779600000010000;5342036,810100000400000;9,878075017000072;48,228199232000065;0
152712;08200724231000947540;08;2;37;004;2020;07;12;6;3;5;3;0;1;1;0;0;0;0;455780,296199999750000;5374977,436200000300000;8,401088041000037;48,526347626000074;0
152713;08200722327200962970;08;3;27;046;2020;07;13;4;2;6;3;0;1;0;1;0;0;0;480475,948200000450000;5324739,117499999700000;8,737884295000072;48,075626845000045;0
152714;08200724226700938560;08;2;26;065;2020;07;12;6;3;1;5;0;1;1;0;0;0;0;478297,348299999720000;5457494,709000000700000;8,701667637000071;49,269827176000035;0
152715;08200724226100937940;08;2;26;013;2020;07;18;6;3;2;7;0;1;0;0;0;0;0;498257,855899999850000;5478825,569499999300000;8,975958326000068;49,462081834000060;0
152719;08200727221011949660;08;2;21;000;2020;07;18;2;3;3;2;0;1;1;0;0;0;0;476540,070899999700000;5473389,961200000700000;8,676576209000075;49,412739107000050;0
152721;08200724221011937410;08;2;21;000;2020;07;15;6;3;5;2;0;1;1;0;0;0;0;481904,584300000220000;5474707,791300000600000;8,750471642000036;49,424776026000075;0
152722;08200724212502938670;08;2;12;000;2020;07;19;6;3;5;3;0;1;1;0;0;0;0;453392,889399999750000;5433050,589400000900000;8,362168297000039;49,048565981000081;0
152723;08200722317200941030;08;3;17;057;2020;07;16;4;3;0;7;0;1;0;0;0;0;0;412634,194400000390000;5380461,614299999500000;7,815664153000057;48,571151914000041;0
152724;08200727111250954750;08;1;11;000;2020;07;02;2;2;0;7;2;1;0;0;0;0;0;514737,119900000280000;5401963,548599999400000;9,200565168000026;48,770502556000054;0
152725;08200727335200965390;08;3;35;055;2020;07;15;2;3;3;6;0;1;0;0;0;0;0;496843,031600000340000;5284882,031899999800000;8,957908273000044;47,717309925000052;0
152727;08200727127202978510;08;1;27;014;2020;07;12;2;2;5;3;0;1;0;0;0;0;0;579006,529900000430000;5442750,835799999500000;10,083057472000064;49,132506869000053;0
152728;08200724212010966360;08;2;12;000;2020;07;17;6;3;2;3;0;1;1;0;0;0;0;453834,037200000140000;5431540,346799999500000;8,368377206000048;49,035014550000028;0
152729;08200727121600973460;08;1;25;110;2020;07;18;2;3;1;1;0;1;1;0;0;0;0;525721,120699999850000;5442472,117499999700000;9,352608581000027;49,134541199000068;0
152730;08200724212010941490;08;2;12;000;2020;07;16;6;3;0;7;0;1;0;0;0;0;0;455157,632299999710000;5428119,519700000100000;8,386863056000038;49,004341663000048;0
152731;08200724211100965030;08;2;11;000;2020;07;08;6;3;6;7;0;0;1;1;0;1;0;440749,017599999900000;5403292,539400000100000;8,193470065000042;48,779810685000029;0
152732;08200724136100953650;08;1;36;088;2020;07;16;6;3;0;1;0;1;0;0;0;0;0;580986,840099999680000;5409003,978099999900000;10,103477461000068;48,828730939000081;0