OBJECTID;UIDENTSTLAE;ULAND;UREGBEZ;UKREIS;UGEMEINDE;UJAHR;UMONAT;USTUNDE;UWOCHENTAG;UKATEGORIE;UART;UTYP1;ULICHTVERH;IstRad;IstPKW;IstFuss;IstKrad;IstGkfz;IstSonstige;LINREFX;LINREFY;XGCSWGS84;YGCSWGS84;STRZUSTAND
152733;08200722226700948810;08;2;26;098;2020;07;18;4;3;0;7;0;1;0;0;0;0;0;477883,613900000230000;5459981,253300000000000;8,695842856000070;49,292178941000032;0
152736;08200727317500961690;08;3;17;096;2020;07;16;2;3;9;1;0;1;0;0;0;0;0;422142,838000000450000;5369989,542999999600000;7,946495318000075;48,478210919000048;0
152737;08200724121600953450;08;1;25;024;2020;07;17;6;3;6;4;0;0;1;1;0;0;0;523702,515700000340000;5443077,408299999300000;9,324971783000024;49,140067138000063;0
152738;08200724121600933740;08;1;25;102;2020;07;07;6;3;5;3;0;1;0;0;0;1;0;522435,427799999710000;5444003,589099999500000;9,307651299000042;49,148445962000039;0
152741;08200722226200939860;08;2;26;068;2020;07;20;4;3;0;3;0;1;1;0;0;0;0;468547,916199999860000;5460138,996400000500000;8,567443880000042;49,293188578000070;0
152743;08200722222200926970;08;2;22;000;2020;07;12;4;3;0;5;0;1;1;0;0;0;0;461755,627199999990000;5481556,372899999800000;8,471973575000050;49,485442469000077;0
152744;08200724118500950130;08;1;18;006;2020;07;20;6;3;5;3;0;1;1;0;0;0;0;518039,600300000050000;5421613,605399999800000;9,246375977000071;48,947182674000032;0
152746;08200724118400965980;08;1;18;048;2020;07;15;6;3;5;3;0;1;1;0;0;0;0;513820,221199999560000;5414952,956499999400000;9,188524537000035;48,887374180000052;0
152749;08200722216300929360;08;2;16;033;2020;07;14;4;3;0;7;0;1;0;0;0;0;0;447454,525899999770000;5413638,078999999900000;8,283412446000057;48,873473277000073;0
152750;08200724118100967700;08;1;18;040;2020;07;12;6;3;5;3;0;1;1;0;0;0;0;510083,139999999660000;5432041,811699999500000;9,137969831000021;49,041171552000037;0
152751;08200727311010973820;08;3;11;000;2020;07;17;2;3;5;3;0;1;1;0;0;0;0;413749,739000000060000;5318369,030999999500000;7,843466518000071;48,012791568000068;0
152754;08200724116400964660;08;1;16;027;2020;07;19;6;3;5;2;0;1;1;0;0;0;0;534479,362800000240000;5393509,185100000400000;9,468533766000064;48,693668610000032;0
152757;08200722212702948390;08;2;15;017;2020;07;16;4;2;0;7;0;1;0;0;0;0;0;455917,667600000280000;5421217,141000000800000;8,398002593000058;48,942308410000066;0
152758;08200724111500966500;08;1;11;000;2020;07;17;6;3;5;3;0;1;1;0;0;0;0;516728,341300000440000;5403220,652300000200000;9,227715673000034;48,781760986000052;0
152760;08200724111500953100;08;1;11;000;2020;07;07;6;3;5;3;0;1;1;0;0;0;0;512016,957100000230000;5402423,746899999700000;9,163558672000022;48,774700947000042;0
152762;08200723436100981320;08;4;36;010;2020;07;19;5;3;4;1;0;1;1;0;0;0;0;561938,278199999590000;5305794,540799999600000;9,828764175000060;47,902486915000054;0
152763;08200722212702943520;08;2;15;017;2020;07;07;4;3;5;3;0;1;1;0;0;0;0;456388,546000000090000;5420999,353499999300000;8,404455949000067;48,940382743000043;0
152764;08200723426100964150;08;4;26;128;2020;07;08;5;3;0;1;0;1;0;0;0;0;0;558602,840499999930000;5330619,761700000600000;9,787532525000074;48,126135889000068;0
152765;08200723421200954010;08;4;25;072;2020;07;12;5;2;0;7;0;1;1;0;0;0;0;582412,926599999890000;5372170,718000000300000;10,115568316000065;48,497249267000029;0
152766;08200722212402980220;08;2;12;000;2020;07;23;4;2;1;7;2;1;1;0;0;0;0;455761,305800000210000;5426253,345100000500000;8,395319918000041;48,987598761000072;0
152767;08200723421200946500;08;4;21;000;2020;07;16;5;3;0;2;0;1;0;0;0;0;0;573549,131699999790000;5361138,791099999100000;9,993667034000055;48,399115927000025;0
152768;08200722212010968270;08;2;12;000;2020;07;17;4;3;1;6;0;1;1;0;0;0;0;458111,637299999590000;5428408,435399999800000;8,427221650000035;49,007148060000077;0
152769;08200723421200935160;08;4;21;000;2020;07;17;5;3;0;3;0;1;1;0;0;0;0;573409,693199999630000;5362062,270999999700000;9,991945004000058;48,407439069000077;0
152772;08200727121200980560;08;1;21;000;2020;07;17;2;2;1;7;0;1;1;0;0;0;0;517091,379999999890000;5443589,705600000900000;9,234352920000049;49,144894943000054;0
152773;08200723417200964810;08;4;17;002;2020;07;07;5;3;5;3;0;1;1;0;0;0;0;490022,477400000210000;5351554,171499999200000;8,865418167000030;48,317098834000035;0
152777;08200727327100079490;08;3;27;050;2020;07;16;2;2;5;2;0;1;1;0;0;0;0;484677,359899999570000;5313559,521500000700000;8,794688801000063;47,975157841000055;0
152778;08200723416200966940;08;4;16;041;2020;07;17;5;3;5;3;0;1;1;0;0;0;0;505198,954400000160000;5373324,773600000900000;9,070396044000063;48,513016017000041;0
152780;08200727416200985470;08;4;16;041;2020;07;17;2;3;0;7;0;1;0;0;0;0;0;501487,205000000070000;5370653,869000000900000;9,020127877000050;48,489007256000036;0
152781;08200723416200933050;08;4;16;041;2020;07;13;5;3;0;1;0;1;0;0;0;0;0;504302,348000000230000;5376666,683000000200000;9,058290115000034;48,543087795000076;0
152782;08200723416010944260;08;4;15;061;2020;07;17;5;3;3;6;0;1;0;0;0;0;1;515890,638700000010000;5370556,711699999900000;9,215059906000022;48,487934042000063;0
152786;08200722135010931350;08;1;35;019;2020;07;17;4;3;5;3;0;1;1;0;0;0;0;585138,350499999710000;5391865,725299999100000;10,156488124000077;48,674031379000041;0
152788;08200723337101968890;08;3;37;013;2020;07;10;5;2;8;7;0;1;0;0;0;0;0;430090,552000000140000;5294264,800000000700000;8,066455047000034;47,797943526000040;0
152789;08200727316200962710;08;3;16;056;2020;07;11;2;3;5;3;0;1;1;0;0;0;0;422114,263799999840000;5327196,332399999700000;7,953999308000050;48,093272807000062;0
152790;08200723337101933550;08;3;37;116;2020;07;16;5;2;5;3;0;1;1;0;0;0;0;418057,507600000130000;5273899,113500000900000;7,909626170000024;47,613314382000056;0
152791;08200723335300933830;08;3;35;077;2020;07;08;5;3;0;7;0;1;0;0;0;0;0;494244,402499999850000;5294405,772199999500000;8,923134769000058;47,802982383000028;0
152793;08200722128300927190;08;1;28;131;2020;07;12;4;3;0;1;0;1;0;0;0;0;0;536125,337799999860000;5511136,541400000500000;9,501493802000027;49,751625385000068;0
152795;08200722127100928650;08;1;27;076;2020;07;10;4;3;6;3;0;0;1;1;0;0;0;553562,576200000010000;5440406,224099999300000;9,733986010000024;49,114162791000069;0
152797;08200722121600929210;08;1;26;066;2020;07;11;4;1;6;4;0;0;1;1;0;0;0;536102,725899999960000;5448373,708000000600000;9,495453595000072;49,187103841000066;0
152799;08200722121500985480;08;1;25;005;2020;07;17;4;3;1;3;0;1;1;0;0;0;0;515334,636500000020000;5453002,909000000000000;9,210624160000066;49,229615554000077;0
152800;08200723325102985840;08;3;25;057;2020;07;12;5;3;6;4;0;0;0;1;0;0;1;472651,162700000220000;5356611,704099999700000;8,630780177000077;48,362085941000032;0
152802;08200723317500968880;08;3;17;034;2020;07;15;5;3;0;7;0;1;0;0;0;0;0;426732,091599999930000;5357217,132400000500000;8,010815563000051;48,363872398000069;0
152803;08200723316100929750;08;3;16;043;2020;07;08;5;3;5;3;0;1;1;0;0;0;0;411660,740399999540000;5331361,820100000100000;7,812775638000062;48,129378215000031;0
152804;08200723311010968160;08;3;11;000;2020;07;12;5;3;3;2;0;1;0;0;0;1;0;412604,399299999700000;5315681,610400000600000;7,828659355000070;47,988461781000069;0
152807;08200722119400939850;08;1;19;079;2020;07;06;4;3;0;1;0;1;0;0;0;0;0;524185,386199999600000;5409006,427200000700000;9,329564614000049;48,833563236000032;0
152808;08200723311010965560;08;3;11;000;2020;07;11;5;3;1;7;0;1;0;0;0;0;0;411396,945700000040000;5314575,021400000900000;7,812708059000045;47,978341557000078;0
152809;08200727221011950010;08;2;26;012;2020;07;18;2;2;5;3;0;1;1;0;0;0;0;475910,761400000190000;5477477,592299999700000;8,667652256000054;49,449481901000070;0
152810;08200723311010965490;08;3;11;000;2020;07;11;5;3;1;7;0;1;1;0;0;0;0;414380,539800000380000;5318331,049000000600000;7,851930773000049;48,012534741000081;0
152811;08200722119200959200;08;1;19;020;2020;07;08;4;3;3;2;0;1;1;0;0;0;0;519959,922199999910000;5407497,630100000600000;9,271913206000022;48,820140636000076;0
152812;08200723311010963870;08;3;11;000;2020;07;16;5;3;1;5;0;1;1;0;0;0;0;417816,348000000230000;5314570,444700000800000;7,898712627000066;47,979157260000079;0
152814;08200723311010930940;08;3;36;050;2020;07;12;5;3;6;4;0;0;1;1;0;0;0;399202,676300000400000;5272791,431700000500000;7,659051948000069;47,600691706000077;0
152815;08200723231000963790;08;2;31;000;2020;07;16;5;3;5;3;0;1;1;0;0;0;0;477649,533300000240000;5415135,084200000400000;8,695104027000070;48,888763602000040;0
152816;08200723226700061960;08;2;26;010;2020;07;21;5;3;5;3;1;1;0;0;0;0;1;480348,242800000120000;5459538,095100000500000;8,729759206000040;49,288276948000032;0
152817;08200722118400961250;08;1;18;048;2020;07;11;4;2;6;3;0;0;1;1;0;0;0;512915,031999999660000;5417519,434000000400000;9,176257882000073;48,910481050000044;0
152820;08200722118200961870;08;1;18;019;2020;07;12;4;3;3;7;0;1;1;0;0;0;0;506001,549499999730000;5406077,158700000500000;9,081738526000038;48,807653907000031;0
152821;08200723225200176180;08;2;25;014;2020;07;14;5;3;0;6;0;0;0;1;0;0;1;523484,507799999790000;5486061,779999999300000;9,324514676000035;49,526717839000071;0
152822;08200723225100956540;08;2;25;033;2020;07;17;5;3;6;4;0;0;1;1;0;0;0;510547,866799999960000;5460919,384099999400000;9,145085871000049;49,300926776000040;0
152823;08200723221400944000;08;2;21;000;2020;07;02;5;3;8;1;2;1;0;0;0;0;0;473761,073099999690000;5472123,528300000400000;8,638348771000040;49,401234294000062;0
152824;08200723216200931460;08;2;16;007;2020;07;11;5;3;8;1;0;1;0;0;0;0;0;434611,317999999970000;5396211,443000000000000;8,111057400000050;48,715501866000068;0
152827;08200722118100973420;08;1;18;079;2020;07;11;4;3;0;5;0;1;1;0;0;0;0;509042,611700000240000;5421116,822000000600000;9,123488957000063;48,942910770000026;0
152828;08200726311400959120;08;3;15;006;2020;07;13;1;3;5;7;0;1;1;0;0;0;0;400229,021200000310000;5306296,840700000500000;7,665014979000034;47,902236568000035;0
152829;08200727415200944040;08;4;15;053;2020;07;19;2;3;5;1;0;1;1;0;0;0;0;537357,375300000420000;5362079,415999999300000;9,504820457000051;48,410761746000048;0
152830;08200723212010944990;08;2;12;000;2020;07;17;5;3;5;3;0;1;1;0;0;0;0;457103,871500000360000;5430030,201199999100000;8,413270862000047;49,021666815000060;0
152832;08200723212010933930;08;2;15;109;2020;07;13;5;3;0;7;0;1;1;0;0;0;0;461368,751500000250000;5434733,018899999600000;8,471154364000029;49,064251294000030;0
152833;08200727119300976280;08;1;19;076;2020;07;18;2;3;0;1;0;1;0;0;0;0;0;542020,778599999850000;5405650,862500000700000;9,572246707000033;48,802427527000077;0
152834;08200723212010931240;08;2;12;000;2020;07;15;5;3;5;3;0;1;1;0;0;0;0;452861,146800000220000;5431321,587200000900000;8,355092850000062;49,032973192000043;0
152835;08200723136200964320;08;1;36;019;2020;07;12;5;3;0;7;0;1;0;0;0;0;0;582735,756400000300000;5423652,759999999800000;10,130268959000034;48,960252049000076;0
152837;08200727215102963250;08;2;12;000;2020;07;13;2;3;5;3;0;1;1;0;0;0;0;460316,902700000440000;5430866,623900000000000;8,457134408000059;49,029405661000055;0
152841;08200731311010968410;08;3;11;000;2020;07;18;6;3;6;7;0;1;1;1;0;0;0;413090,393000000160000;5317210,024000000200000;7,834862077000025;48,002276599000027;0
152842;08200730212010965230;08;2;12;000;2020;07;11;5;3;5;2;0;1;1;0;0;0;0;455976,342299999670000;5428219,963199999200000;8,398045867000064;49,005304104000061;0
152844;08200729415100975500;08;4;15;078;2020;07;10;4;3;6;7;0;1;0;0;0;0;1;527695,234000000170000;5372958,403999999200000;9,374976842000024;48,509130815000049;0
152845;08200731128100960320;08;1;28;007;2020;07;08;6;3;0;1;0;1;0;0;0;0;0;555827,200400000440000;5481105,459000000700000;9,770703118000029;49,480024201000049;0
152848;08200728416100952600;08;4;16;036;2020;07;13;3;3;3;7;0;1;1;0;0;0;0;495450,497999999670000;5368944,244000000900000;8,938445531000070;48,473612034000041;0
152849;08200731121200072900;08;1;21;000;2020;07;15;6;3;5;3;0;1;1;0;0;0;0;517056,057599999940000;5442873,875399999300000;9,233838294000066;49,138456804000043;0
152850;08200730117200979360;08;1;17;033;2020;07;12;5;3;6;6;0;1;0;1;0;0;0;558346,694799999710000;5388408,546000000100000;9,792117306000023;48,646011608000038;0
152852;08200801215402988110;08;2;15;009;2020;08;09;7;3;5;3;0;1;1;0;0;0;0;468902,803999999540000;5441441,006999999300000;8,573772745000042;49,125017600000035;0
152853;08200729311100963840;08;3;15;015;2020;07;10;4;3;1;5;0;1;0;0;0;0;1;394322,791500000280000;5320978,543099999400000;7,582401189000052;48,033345161000057;0
152854;08200729126100976450;08;1;26;072;2020;07;08;4;3;6;2;0;0;1;1;0;0;0;540839,104100000110000;5465711,822699999400000;9,562219029000062;49,342759066000042;0
152856;08200729135010973470;08;1;35;019;2020;07;17;4;2;6;4;0;0;1;1;0;0;0;583456,738699999640000;5393688,457699999200000;10,134018468000022;48,690652703000069;0
152857;08200731119200971720;08;1;19;020;2020;07;11;6;2;6;4;0;0;1;1;0;0;0;520337,472000000070000;5406125,102000000000000;9,276988463000066;48,807781397000042;0
152859;08200731119200961170;08;1;19;020;2020;07;15;6;3;6;4;0;1;0;1;0;0;0;520316,908200000410000;5406440,556700000500000;9,276724010000066;48,810619841000062;0
152860;08200730115200968420;08;1;15;004;2020;07;10;5;3;6;4;0;0;1;1;0;0;0;487735,817699999550000;5374274,000700000700000;8,833910164000031;48,521457332000068;0
152864;08200729116500976470;08;1;16;050;2020;07;05;4;2;0;1;1;1;0;0;0;0;0;528175,797799999830000;5388361,103700000800000;9,382527269000036;48,647673321000070;0
152866;08200731231000968670;08;2;31;000;2020;07;07;6;3;4;2;0;1;1;0;0;0;0;475939,364299999550000;5416217,039000000800000;8,671711263000077;48,898432432000050;0
152867;08200728231000945830;08;2;31;000;2020;07;09;3;3;0;7;0;1;0;0;0;0;0;476843,902400000020000;5414310,068600000800000;8,684160850000069;48,881312461000050;0
152868;08200731118500970680;08;1;18;049;2020;07;09;6;3;5;3;0;1;1;0;0;0;0;519814,521700000390000;5421013,225700000300000;9,270587508000062;48,941727575000073;0
152870;08200728316100947780;08;3;16;011;2020;07;12;3;2;5;3;0;1;1;0;0;0;0;416537,283400000070000;5327951,060200000200000;7,878967576000036;48,099355724000077;0
152873;08200728226700969480;08;2;26;010;2020;07;21;3;3;6;1;0;0;1;1;0;0;0;484284,783400000070000;5459002,945699999100000;8,783913057000063;49,283577140000034;0
152874;08200801116400004940;08;1;16;033;2020;08;09;7;3;5;3;0;1;1;0;0;0;0;533398,834099999630000;5387222,760399999100000;9,453343633000031;48,637175595000031;0
152875;08200729231000951610;08;2;31;000;2020;07;10;4;3;6;2;0;0;1;1;0;0;0;476595,045300000350000;5415326,979599999300000;8,680708368000069;48,890450896000061;0
152880;08200728226700949610;08;2;26;103;2020;07;11;3;3;5;1;0;1;1;0;0;0;0;472698,969800000080000;5457006,796099999900000;8,624745179000058;49,265214070000070;0
152881;08200729416100967050;08;4;16;036;2020;07;19;4;2;0;1;0;1;0;0;0;0;0;496191,035400000400000;5368828,450300000600000;8,948466005000057;48,472575225000071;0
152882;08200731118200971870;08;1;18;019;2020;07;07;6;3;8;6;0;1;0;0;0;0;1;504850,509100000370000;5405222,014200000100000;9,066051759000061;48,799971148000054;0
152884;08200729435100065800;08;4;35;016;2020;07;19;4;2;8;1;0;1;0;0;0;0;0;536607,325000000190000;5278606,598999999500000;9,487548370000070;47,659817449000059;0
152886;08200729222400952250;08;2;26;038;2020;07;21;4;3;3;6;0;1;1;0;0;0;0;472941,853799999690000;5478290,087300000700000;8,626637012000060;49,456665109000028;0
152892;08200729336200965750;08;3;36;069;2020;07;12;4;3;1;5;0;1;1;0;0;0;0;409321,791899999600000;5268719,310499999700000;7,794479643000045;47,565554066000061;0
152894;08200729211000984040;08;2;16;008;2020;07;12;4;2;8;1;0;1;0;0;0;0;0;442611,830199999730000;5392306,577299999100000;8,220353740000064;48,681164360000025;0
152896;08200728335300975180;08;3;35;022;2020;07;09;3;3;6;2;0;0;1;1;0;0;0;483195,240500000310000;5300318,607100000600000;8,775346009000032;47,855988800000034;0
152898;08200730117010072480;08;1;17;012;2020;07;17;5;3;5;3;0;1;1;0;0;0;0;544510,983000000010000;5387496,687000000800000;9,604197675000023;48,638947356000074;0
152899;08200731115400276490;08;1;15;045;2020;07;17;6;3;8;7;0;1;0;0;0;0;0;500610,958899999970000;5393651,713800000000000;9,008302565000065;48,695903214000055;0
152902;08200730118500956970;08;1;18;078;2020;07;07;5;3;3;2;0;1;1;0;0;0;0;514844,269100000150000;5419215,066400000800000;9,202648676000024;48,925691188000030;0
152903;08200728225200948590;08;2;25;109;2020;07;11;3;3;0;1;0;1;0;0;0;0;0;526437,333300000060000;5491660,650299999900000;9,365692487000047;49,576955640000051;0
152904;08200729317300971970;08;3;17;031;2020;07;19;4;3;1;5;0;1;1;0;0;0;0;417433,904299999590000;5357894,433700000900000;7,885171794000030;48,368816880000054;0
152906;08200731115200980900;08;1;15;015;2020;07;18;6;2;5;3;0;1;1;0;0;0;0;493323,675099999640000;5387656,266000000800000;8,909369586000025;48,641931995000050;0
152907;08200728317300958690;08;3;17;127;2020;07;09;3;3;6;7;0;0;1;1;1;0;0;421613,764499999580000;5351690,877499999500000;7,942753732000028;48,313548199000081;0
152909;08200730111500972450;08;1;11;000;2020;07;17;5;2;5;3;0;1;1;0;0;0;0;508981,394000000320000;5396795,868000000700000;9,122120035000023;48,724123836000047;0
152910;08200728222800952870;08;2;22;000;2020;07;17;3;3;6;7;0;1;0;1;0;0;0;460152,557799999600000;5487765,637800000600000;8,449214846000075;49,541187925000031;0
152911;08200801121200988440;08;1;21;000;2020;08;15;7;3;0;7;0;1;0;0;0;0;0;517857,867300000040000;5442374,627699999100000;9,244808873000068;49,133943125000030;0
152913;08200728222014975450;08;2;26;096;2020;07;17;3;2;4;3;0;1;1;0;0;0;0;475880,976999999960000;5488091,051999999200000;8,666593450000050;49,544945458000029;0
152914;08200801212702004460;08;2;15;017;2020;08;12;7;3;5;3;0;1;1;0;0;0;0;456387,292999999600000;5421001,401000000500000;8,404438620000065;48,940401073000032;0
152916;08200729118400983880;08;1;18;048;2020;07;11;4;3;1;7;0;1;1;0;0;0;0;515545,286799999890000;5415902,128399999800000;9,212092473000041;48,895871798000030;0
152918;08200728221300976330;08;2;21;000;2020;07;18;3;3;0;1;0;1;0;0;0;0;0;476704,759600000460000;5473390,096500000000000;8,678846598000064;49,412746652000067;0
152919;08200731111250960740;08;1;11;000;2020;07;17;6;3;0;7;0;1;0;0;0;0;0;518170,853199999780000;5402883,915999999300000;9,247336895000046;48,778691280000032;0
152922;08200729226700984170;08;2;26;076;2020;07;13;4;3;0;6;0;1;0;0;0;0;1;475279,906999999660000;5465584,574999999300000;8,659688736000021;49,342480806000026;0
152923;08200729111500951500;08;1;11;000;2020;07;16;4;3;5;3;0;1;1;0;0;0;0;513103,758100000210000;5407338,114700000700000;9,178507464000063;48,818888126000047;0
152924;08200730435100977870;08;4;35;057;2020;07;11;5;2;5;3;0;1;1;0;0;0;0;544068,465599999760000;5280765,009600000500000;9,587131130000046;47,678771906000065;0
152925;08200731216100972420;08;2;16;043;2020;07;07;6;3;1;5;0;1;0;0;0;1;0;443385,261599999850000;5412569,967100000000000;8,228070846000037;48,863507400000060;0
152926;08200730212010969360;08;2;12;000;2020;07;09;5;2;6;2;0;0;1;1;0;0;0;455976,352800000460000;5428218,135700000500000;8,398046209000029;49,005287666000072;0
152927;08200729116100964930;08;1;16;019;2020;07;06;4;2;5;3;0;1;1;0;0;0;0;522003,977199999620000;5398617,740000000200000;9,299283611000021;48,740189538000038;0
152929;08200731215102986810;08;2;15;102;2020;07;23;6;3;0;7;2;1;0;0;0;0;0;455313,185200000180000;5436118,662499999600000;8,388107764000040;49,076305558000058;0
152931;08200728215502981870;08;2;15;099;2020;07;15;3;3;5;3;0;1;1;0;0;0;0;462507,591000000010000;5445525,617000000600000;8,485741420000068;49,161401931000057;0
152932;08200729426010957850;08;4;26;021;2020;07;22;4;2;7;7;2;1;0;0;0;0;0;561920,461699999870000;5326518,198499999900000;9,831516100000044;48,088923815000044;0
152933;08200731421300960350;08;4;21;000;2020;07;12;6;3;0;7;0;1;0;0;0;0;0;571596,837500000370000;5359764,038499999800000;9,967060630000049;48,386974383000052;0
152935;08200729221300955670;08;2;21;000;2020;07;16;4;3;5;3;0;1;1;0;0;0;0;476148,114000000060000;5473468,009999999800000;8,671168007000063;49,413425902000029;0
152936;08200728435200964310;08;4;35;054;2020;07;10;3;3;6;6;0;1;0;1;0;0;0;522333,781899999830000;5280801,804800000000000;9,297564379000050;47,680219307000073;0
152937;08200730421300954090;08;4;21;000;2020;07;08;5;3;3;2;0;1;1;0;0;0;0;571760,174700000320000;5359801,831299999700000;9,969272959000023;48,387295777000077;0
152938;08200731215102960280;08;2;15;102;2020;07;10;6;3;6;7;0;0;0;1;0;1;0;454782,259999999780000;5436409,446599999400000;8,380805786000053;49,078882385000043;0
152939;08200730119400967320;08;1;19;079;2020;07;05;5;3;5;3;0;1;1;0;0;0;0;522090,174200000240000;5408582,385399999100000;9,300991577000048;48,829826739000055;0
152940;08200728215502973430;08;2;15;066;2020;07;08;3;3;0;1;0;1;1;0;0;0;0;461759,862599999640000;5453617,469599999500000;8,474715525000022;49,234141441000077;0
152941;08200731417100987430;08;4;17;079;2020;07;20;6;2;5;3;0;1;1;0;0;0;0;501547,417299999860000;5340232,705399999400000;9,020830939000064;48,215319073000046;0
152943;08200728215202955700;08;2;15;100;2020;07;16;3;3;5;3;0;1;1;0;0;0;0;474699,643000000160000;5451382,013000000300000;8,652599107000071;49,214704763000043;0
152944;08200731416200962140;08;4;16;041;2020;07;16;6;2;6;2;0;0;1;1;0;0;0;503855,226200000380000;5374831,197599999600000;9,052215331000070;48,526578047000044;0
152945;08200729415100984070;08;4;15;062;2020;07;20;4;3;5;3;0;1;1;0;0;0;0;519682,831199999900000;5378012,697399999900000;9,266733908000049;48,554902772000048;0
152949;08200728416200952370;08;4;16;041;2020;07;15;3;3;0;7;0;1;0;0;0;0;0;503614,828599999660000;5374153,223999999500000;9,048953500000039;48,520480183000075;0
152950;08200730416200955480;08;4;16;041;2020;07;17;5;3;0;7;0;1;0;0;0;0;0;503361,356800000180000;5374166,227800000500000;9,045520986000042;48,520598578000033;0
152953;08200731415400978170;08;4;15;061;2020;07;20;6;3;5;2;0;1;1;0;0;0;0;515022,325000000190000;5370452,814200000800000;9,203304710000055;48,487020698000038;0
152956;08200730416200955470;08;4;16;041;2020;07;14;5;3;0;7;0;1;0;0;0;0;0;504197,125199999660000;5373140,968100000200000;9,056829011000048;48,511369929000068;0
152957;08200728317010963160;08;3;17;096;2020;07;19;3;3;5;3;0;1;1;0;0;0;0;422060,240299999710000;5365731,725900000000000;7,946170962000053;48,439901872000064;0
152958;08200729135010979540;08;1;35;025;2020;07;17;4;3;2;6;0;1;1;0;0;0;0;581937,274100000040000;5399173,174900000900000;10,114465178000046;48,740185588000031;0
152959;08200730416010957990;08;4;16;041;2020;07;17;5;3;0;1;0;1;0;0;0;0;0;503113,918399999850000;5373580,643500000200000;9,042165694000062;48,515331721000052;0
152960;08200728335200945910;08;3;35;063;2020;07;06;3;3;0;1;0;1;0;0;0;0;0;497061,121600000190000;5288230,069399999500000;8,960793453000065;47,747435280000047;0
152961;08200730415100078630;08;4;15;014;2020;07;16;5;2;0;1;0;1;0;0;0;0;0;527061,122100000270000;5375032,370699999900000;9,366526106000038;48,527816255000062;0
152962;08200730115300959610;08;1;15;042;2020;07;17;5;3;5;3;0;1;1;0;0;0;0;496505,519700000060000;5405984,209100000600000;8,952407454000024;48,806836895000060;0
152963;08200728128100973890;08;1;28;007;2020;07;09;3;3;6;4;0;0;0;1;0;1;0;556130,948599999770000;5482449,901900000900000;9,775086882000039;49,492088151000075;0
152964;08200731415100978820;08;4;15;050;2020;07;12;6;3;4;2;0;1;0;0;0;0;0;521211,787700000220000;5375749,954600000800000;9,287338205000026;48,534496781000030;0
152965;08200801211000990570;08;2;11;000;2020;08;15;7;2;0;7;0;1;0;0;0;0;0;444177,976800000300000;5400208,388499999400000;8,240559419000022;48,752385310000079;0
152966;08200729311010965050;08;3;15;095;2020;07;20;4;3;8;1;0;1;0;0;0;0;0;428209,025999999610000;5317665,267000000900000;8,037438354000074;48,008248784000045;0
152968;08200730337010977810;08;3;37;066;2020;07;12;5;3;5;2;0;1;0;0;1;0;0;430071,108300000430000;5268566,193800000500000;8,070312577000038;47,566744000000028;0
152970;08200728121500977140;08;1;25;069;2020;07;19;3;3;9;2;0;1;1;0;0;0;0;523718,964599999600000;5453832,367000000600000;9,325831967000056;49,236809250000078;0
152974;08200730335300976810;08;3;35;026;2020;07;20;5;2;8;1;0;1;0;0;0;0;0;481339,910000000150000;5282017,257999999400000;8,751329599000030;47,691271958000073;0
152975;08200730111500959590;08;1;11;000;2020;07;15;5;3;6;4;0;1;0;1;0;0;0;511639,297799999830000;5406247,812799999500000;9,158526842000072;48,809109074000048;0
152980;08200730335200976960;08;3;35;063;2020;07;07;5;3;5;2;0;1;1;0;0;0;0;497430,293899999930000;5287325,781099999300000;8,965723792000063;47,739300441000069;0
152982;08200730216100969230;08;3;17;122;2020;07;16;5;3;9;7;0;1;0;0;0;0;0;417351,989799999630000;5367408,528899999300000;7,882191634000037;48,454383813000049;0
152984;08200731336400982420;08;3;36;091;2020;07;18;6;3;5;3;0;1;1;0;0;0;0;396438,543899999930000;5272119,363900000200000;7,622449093000057;47,594210612000040;0
152985;08200729416200953020;08;4;16;041;2020;07;23;4;3;5;3;2;1;0;0;0;0;1;505004,397900000210000;5375269,136299999400000;9,067785005000076;48,530509786000039;0
152986;08200731327100182790;08;3;27;050;2020;07;11;6;3;3;2;0;1;0;0;0;0;0;487265,748900000010000;5315145,914200000500000;8,829323939000062;47,989487650000058;0
152987;08200729215302951450;08;2;15;007;2020;07;16;4;3;0;7;0;1;0;0;0;0;0;479219,222199999730000;5431522,217900000500000;8,715680073000044;49,036229750000075;0
152989;08200729226400950140;08;2;26;084;2020;07;09;4;3;0;3;0;1;1;0;0;0;0;468472,833200000230000;5471039,558499999300000;8,565548969000076;49,391233327000066;0
152991;08200730335200957660;08;3;35;063;2020;07;18;5;3;5;3;0;1;1;0;0;0;0;497944,867399999870000;5287039,915599999900000;8,972588816000041;47,736730183000077;0
152992;08200731212102977860;08;2;12;000;2020;07;01;6;3;0;7;2;1;0;0;0;0;0;457161,064399999570000;5427780,039999999100000;8,414290586000050;49,001430303000063;0
152994;08200728119010963260;08;1;19;067;2020;07;15;3;2;0;7;0;1;0;0;0;0;0;538385,001199999820000;5406617,983799999600000;9,522826710000061;48,811362470000063;0
152995;08200729337010955340;08;3;37;022;2020;07;08;4;3;0;1;0;1;0;0;0;0;0;449572,510999999940000;5296148,595000000700000;8,326368650000063;47,816712690000031;0
152996;08200730335100969470;08;3;35;043;2020;07;16;5;3;0;2;0;1;0;0;0;0;1;512981,585599999870000;5280662,976399999100000;9,172956961000068;47,679225656000028;0