OBJECTID;UIDENTSTLAE;ULAND;UREGBEZ;UKREIS;UGEMEINDE;UJAHR;UMONAT;USTUNDE;UWOCHENTAG;UKATEGORIE;UART;UTYP1;ULICHTVERH;IstRad;IstPKW;IstFuss;IstKrad;IstGkfz;IstSonstige;LINREFX;LINREFY;XGCSWGS84;YGCSWGS84;STRZUSTAND
152997;08200729212010951470;08;2;12;000;2020;07;15;4;3;5;3;0;1;0;0;1;0;0;451531,570500000380000;5427096,877399999600000;8,337408704000040;48,994868878000034;0
152998;08200730335100956360;08;3;35;043;2020;07;20;5;3;0;1;0;1;0;0;0;0;0;515604,948599999770000;5280747,232599999800000;9,207911487000047;47,679925755000056;0
152999;08200728415300947720;08;4;15;059;2020;07;10;3;3;6;6;0;1;0;1;0;0;0;516892,255099999720000;5369384,878300000000000;9,228568050000035;48,477365686000041;0
153000;08200730335000975210;08;3;35;100;2020;07;11;5;3;1;7;0;1;1;0;0;0;0;488391,470900000070000;5286286,201799999900000;8,845186810000030;47,729847416000041;0
153002;08200728118400951650;08;1;18;048;2020;07;16;3;3;0;7;0;1;0;0;0;0;0;515396,711099999960000;5415913,881799999600000;9,210065834000034;48,895981238000047;0
153004;08200801215202010430;08;2;15;100;2020;08;15;7;3;0;6;0;1;1;0;0;0;0;473785,548100000250000;5450077,026200000200000;8,640133071000037;49,202927831000068;0
153005;08200729311100953880;08;3;15;132;2020;07;18;4;2;4;2;0;1;1;0;0;0;0;410427,061400000010000;5324639,304300000900000;7,797610591000023;48,068736434000073;0
153007;08200730119101959400;08;1;19;044;2020;07;15;5;2;0;1;0;1;0;0;0;0;0;541735,689899999650000;5425280,857000000800000;9,570369559000028;48,979025270000079;0
153008;08200728118300976380;08;1;18;046;2020;07;14;3;3;5;3;0;1;1;0;0;0;0;513570,035000000150000;5411309,619000000900000;9,184990847000051;48,854605076000041;0
153009;08200729317600966130;08;3;17;039;2020;07;21;4;2;9;7;1;1;0;0;0;0;0;441905,841699999760000;5342822,315199999100000;8,217634023000073;48,235957482000060;0
153010;08200729135010955650;08;1;35;020;2020;07;20;4;2;0;1;0;1;0;0;0;0;0;586083,278199999590000;5386210,836500000200000;10,168145385000059;48,623040088000039;0
153012;08200728317300973830;08;3;17;065;2020;07;08;3;3;5;3;0;1;1;0;0;0;0;416642,872399999760000;5354664,472600000000000;7,875132988000075;48,339659738000080;0
153015;08200728116200965470;08;1;16;078;2020;07;10;3;3;5;3;0;1;1;0;0;0;0;510520,495500000190000;5394922,400699999200000;9,142999363000058;48,707245981000028;0
153016;08200801121500996220;08;1;25;005;2020;08;16;7;3;0;7;0;1;0;0;0;0;0;515196,938799999650000;5451682,472999999300000;9,208682847000034;49,217741393000040;0
153017;08200729231000976390;08;2;31;000;2020;07;19;4;3;3;2;0;1;1;0;0;0;0;477667,009899999950000;5414522,599800000000000;8,695375900000045;48,883254525000041;0
153018;08200729116400063520;08;1;16;033;2020;07;20;4;3;6;4;0;0;1;1;0;0;0;532861,033499999900000;5388413,811799999300000;9,446138445000031;48,647918680000032;0
153020;08200729119300977700;08;1;19;076;2020;07;18;4;3;5;3;0;1;1;0;0;0;0;543265,172399999570000;5406530,747600000400000;9,589284902000031;48,810257112000045;0
153022;08200728311010979070;08;3;15;073;2020;07;21;3;3;4;6;0;1;1;0;0;0;0;412088,899500000290000;5313689,628300000000000;7,822159454000030;47,970472619000077;0
153023;08200730317300958980;08;3;17;065;2020;07;19;5;3;0;1;0;1;0;0;0;0;0;416216,175699999560000;5354007,096200000500000;7,869506821000073;48,333690253000043;0
153026;08200731316100968650;08;3;16;012;2020;07;00;6;2;0;1;2;1;0;0;0;0;0;403120,370000000110000;5333012,685000000500000;7,697652260000041;48,142984376000072;0
153029;08200729111500975740;08;1;11;000;2020;07;21;4;3;5;3;2;1;1;0;0;0;0;512631,439899999650000;5408795,808599999200000;9,172118187000024;48,832011105000049;0
153030;08200730317300956710;08;3;17;065;2020;07;09;5;3;0;7;0;1;0;0;0;0;0;417273,289499999960000;5355442,910299999600000;7,883485567000037;48,346744605000026;0
153033;08200728116100963480;08;1;16;019;2020;07;18;3;2;0;7;0;1;0;0;0;0;0;522082,693199999630000;5397391,719900000800000;9,300288546000047;48,729157587000032;0
153036;08200730221011955410;08;2;26;095;2020;07;12;5;3;6;7;0;0;0;1;0;0;1;474161,548100000250000;5461385,913200000300000;8,644564996000042;49,304667757000061;0
153037;08200728115400974860;08;1;15;045;2020;07;21;3;3;5;3;1;1;1;0;0;0;0;500614,684000000360000;5396584,594799999100000;9,008357555000032;48,722287621000078;0
153038;08200729426010961310;08;4;26;021;2020;07;07;4;3;8;6;0;1;1;0;0;0;0;557936,627399999650000;5329161,877200000000000;9,778382342000043;48,113081512000065;0
153039;08200731436000978770;08;4;36;082;2020;07;11;6;2;0;7;0;1;0;0;0;0;0;547792,062099999750000;5294913,625099999800000;9,638292374000059;47,805802937000067;0
153040;08200729222200966540;08;2;22;000;2020;07;13;4;3;1;5;0;1;1;0;0;0;0;461146,046400000340000;5481773,110400000600000;8,463536395000062;49,487353184000028;0
153042;08200730311500955610;08;3;15;113;2020;07;16;5;3;6;2;0;0;1;1;0;0;0;441301,388600000180000;5306813,047800000800000;8,214441156000021;47,911954555000079;0
153043;08200731212010977290;08;2;12;000;2020;07;14;6;3;5;3;0;1;1;0;0;0;0;456873,780399999580000;5428666,219000000500000;8,410268827000039;49,009381594000047;0
153045;08200728111500975760;08;1;11;000;2020;07;16;3;2;0;1;0;1;0;0;0;0;0;515464,088600000370000;5396904,908700000500000;9,210268847000066;48,724977635000073;0
153046;08200729335100956290;08;3;35;043;2020;07;14;4;3;7;7;0;1;0;1;0;0;0;512969,253499999640000;5279177,794800000300000;9,172748551000041;47,665862741000069;0
153047;08200729136300975570;08;1;36;065;2020;07;11;4;3;6;4;0;0;1;1;0;0;0;558728,319400000390000;5405319,353000000100000;9,799705802000062;48,798091579000072;0
153048;08200730311010985230;08;3;11;000;2020;07;22;5;3;1;3;2;1;0;0;0;0;1;414027,916199999860000;5317574,386399999300000;7,847355137000022;48,005680950000055;0
153049;08200730311010968260;08;3;11;000;2020;07;16;5;3;6;2;0;0;1;1;0;0;0;414011,997800000010000;5316965,765200000300000;7,847263759000043;48,000204043000053;0
153050;08200729215102953790;08;2;15;090;2020;07;12;4;2;0;1;0;1;0;0;0;0;0;464998,870000000110000;5434074,395999999700000;8,520904205000022;49,058543842000063;0
153051;08200730311010960890;08;3;36;050;2020;07;16;5;3;6;4;0;0;1;1;0;0;0;399274,729600000200000;5274103,736099999400000;7,659708653000052;47,612507533000041;0
153053;08200730311010168250;08;3;15;047;2020;07;20;5;2;5;4;0;0;1;1;0;0;0;415444,877899999730000;5321705,078400000900000;7,865533585000037;48,043027141000039;0
153054;08200730118400954020;08;1;18;048;2020;07;08;5;3;0;7;0;1;0;0;0;0;0;513440,917100000200000;5414990,051000000900000;9,183351619000064;48,887716215000069;0
153056;08200729316200986240;08;3;16;010;2020;07;15;4;3;6;4;0;0;0;1;0;0;1;432719,086000000130000;5334024,029699999800000;8,095323574000076;48,155901934000042;0
153057;08200729128100978460;08;1;28;007;2020;07;18;4;3;6;4;0;0;1;1;0;0;0;554367,572200000290000;5484458,290899999400000;9,751015867000035;49,510312293000027;0
153059;08200728317300947170;08;3;17;065;2020;07;14;3;3;0;7;0;1;0;0;0;0;0;411948,353900000450000;5356087,819100000000000;7,811498691000054;48,351825446000078;0
153060;08200730222700978900;08;2;22;000;2020;07;18;5;3;1;2;0;1;1;0;0;0;0;461670,229100000110000;5481231,479900000600000;8,470826062000072;49,482514839000032;0
153061;08200730111500970020;08;1;11;000;2020;07;21;5;3;5;3;2;1;1;0;0;0;0;516863,752100000160000;5410112,890100000400000;9,229842182000027;48,843758782000066;0
153062;08200728111500952310;08;1;11;000;2020;07;14;3;3;6;4;0;0;1;1;0;0;0;514949,035000000150000;5402439,934800000900000;9,203466528000035;48,774783031000027;0
153063;08200728335200947650;08;3;35;063;2020;07;11;3;3;6;4;0;0;1;1;0;0;0;498136,627999999560000;5287851,245600000000000;8,975143028000048;47,744030784000074;0
153064;08200730222700957750;08;2;22;000;2020;07;11;5;3;6;7;0;0;1;1;0;0;0;462443,430700000380000;5480371,514399999800000;8,481581938000034;49,474828218000027;0
153066;08200728111250966950;08;1;11;000;2020;07;11;3;3;6;4;0;0;1;1;0;0;0;515570,896999999880000;5404015,828500000800000;9,211990128000025;48,788944356000059;0
153068;08200729311010966550;08;3;11;000;2020;07;13;4;3;3;7;0;1;0;0;1;0;0;414343,969499999660000;5316708,985200000900000;7,851764433000028;47,997938777000059;0
153069;08200729117300953300;08;1;17;026;2020;07;13;4;2;6;4;0;0;1;1;0;0;0;548549,390700000340000;5394999,388800000800000;9,659892701000047;48,706137579000028;0
153071;08200728111230965840;08;1;11;000;2020;07;16;3;2;8;7;0;1;0;0;0;0;0;511919,710500000040000;5395532,279999999300000;9,162035671000069;48,712707303000059;0
153072;08200730222014984700;08;2;22;000;2020;07;14;5;2;5;3;0;1;1;0;0;0;0;463853,346199999560000;5486084,898199999700000;8,500520349000055;49,526302783000062;0
153075;08200729226400978340;08;2;26;084;2020;07;11;4;3;3;2;0;1;0;0;0;0;1;469631,177299999630000;5470234,858300000400000;8,581572215000051;49,384054111000069;0
153076;08200801118400995470;08;1;18;048;2020;08;13;7;3;5;3;0;1;1;0;0;0;0;511133,117100000380000;5415356,190899999800000;9,151880323000057;48,891055678000043;0
153078;08200729115400968370;08;1;15;045;2020;07;18;4;3;5;3;0;1;1;0;0;0;0;499734,257199999880000;5394898,959400000100000;8,996387912000046;48,707123783000043;0
153080;08200731212010973880;08;2;12;000;2020;07;15;6;3;5;3;0;1;1;0;0;0;0;454554,663999999870000;5433416,062799999500000;8,378025515000047;49,051940189000049;0
153081;08200730216100970480;08;2;16;043;2020;07;16;5;3;5;3;0;1;0;0;0;0;1;441545,518600000070000;5412128,238800000400000;8,203051954000046;48,859363417000054;0
153082;08200727436200981820;08;4;36;064;2020;07;17;2;3;0;1;0;1;0;0;0;0;0;545304,974799999970000;5289342,637199999800000;9,604496418000053;47,755860475000077;0
153086;08200729216100952740;08;2;16;009;2020;07;21;4;3;4;7;1;1;1;0;0;0;0;446377,183299999680000;5419972,159399999300000;8,267889709000031;48,930356322000080;0
153087;08200728426010975980;08;4;21;000;2020;07;16;3;3;2;1;0;1;0;0;0;0;1;571757,298999999650000;5359799,582000000400000;9,969233738000071;48,387275871000043;0
153088;08200730221200966600;08;2;21;000;2020;07;09;5;3;0;5;0;1;1;0;0;0;0;477059,367399999870000;5472841,434299999800000;8,683766924000054;49,407824999000070;0
153089;08200730119200958450;08;1;19;020;2020;07;17;5;3;5;2;0;1;1;0;0;0;0;520546,853600000030000;5406976,268899999600000;9,279882739000072;48,815431441000044;0
153091;08200803212010989620;08;2;12;000;2020;08;19;2;2;5;3;0;1;1;0;0;0;0;455698,526999999770000;5429086,988500000900000;8,394152783000038;49,013083202000075;1
153092;08200805436200024740;08;4;36;064;2020;08;12;4;2;7;7;0;1;0;0;0;0;0;546083,326200000010000;5292305,000399999300000;9,615195451000034;47,782457784000030;0
153093;08200803335100020840;08;3;35;043;2020;08;23;2;3;0;1;2;1;0;0;0;0;0;513112,792999999600000;5280072,643999999400000;9,174687333000065;47,673911400000065;1
153094;08200805215102002170;08;2;15;105;2020;08;20;4;3;3;2;0;1;1;0;0;0;0;456945,075799999760000;5441846,965500000900000;8,409841143000051;49,127947814000038;0
153095;08200806437100995400;08;4;37;086;2020;08;16;5;3;0;7;0;1;0;0;0;0;0;525964,815200000070000;5306145,075899999600000;9,347458415000062;47,908105846000069;0
153096;08200803212010989150;08;2;15;108;2020;08;08;2;2;5;3;0;1;1;0;0;0;0;450596,339399999940000;5425791,658700000500000;8,324783145000026;48,983054298000070;0
153097;08200804317200991750;08;3;17;057;2020;08;14;3;3;0;7;0;1;0;0;0;0;0;412823,533900000150000;5380470,561899999200000;7,818228405000070;48,571258761000081;0
153103;08200805121200992970;08;1;21;000;2020;08;11;4;3;5;3;0;1;1;0;0;0;0;514737,978400000370000;5440732,954800000400000;9,201979443000028;49,119258444000081;0
153104;08200806335200995720;08;3;35;063;2020;08;12;5;3;5;2;0;1;0;0;0;0;0;500046,899799999780000;5287590,976399999100000;9,000625605000039;47,741691678000052;0
153105;08200804222700011910;08;2;22;000;2020;08;17;3;3;0;7;0;1;0;0;0;0;0;461704,790900000370000;5480887,250600000800000;8,471336528000052;49,479420857000036;0
153106;08200805212010002680;08;2;12;000;2020;08;11;4;2;0;1;0;1;0;0;0;0;0;453832,852599999870000;5427571,433100000000000;8,368812571000035;48,999313913000037;0
153107;08200806416010007170;08;4;16;041;2020;08;10;5;3;1;7;0;1;1;0;0;0;0;503568,863800000400000;5374292,566600000500000;9,048332219000031;48,521734023000079;0
153108;08200804235200999600;08;2;35;060;2020;08;13;3;3;5;3;0;1;1;0;0;0;0;477544,040699999780000;5379582,740299999700000;8,695601539000052;48,568933964000053;0
153110;08200806212302994830;08;2;12;000;2020;08;07;5;3;5;3;0;1;1;0;0;0;0;455356,136199999600000;5428469,085799999500000;8,389538634000076;49,007500434000065;0
153113;08200807121400019280;08;1;25;086;2020;08;14;6;3;5;3;0;1;1;0;0;0;0;505489,463999999690000;5442678,379300000100000;9,075258101000031;49,136910496000041;0
153115;08200806317600016800;08;3;17;145;2020;08;09;5;2;1;5;0;0;1;1;0;0;0;443436,500199999660000;5346299,680600000500000;8,237781010000049;48,267378250000036;0
153116;08200804119200013600;08;1;19;020;2020;08;18;3;2;5;3;0;1;1;0;0;0;0;520134,716900000350000;5406284,219699999300000;9,274234856000021;48,809219393000035;0
153125;08200803116500989130;08;1;16;049;2020;08;06;2;3;5;3;1;1;1;0;0;0;0;525477,879200000320000;5384683,590099999700000;9,345673793000060;48,614706109000053;0
153126;08200805316200013930;08;3;16;009;2020;08;12;4;3;5;7;0;1;1;0;0;0;0;416881,803799999880000;5324211,287300000000000;7,884321870000065;48,065760208000029;0
153127;08200807118400018800;08;1;18;048;2020;08;14;6;3;1;5;0;1;1;0;0;0;0;513891,115500000310000;5416211,723700000000000;9,189534415000026;48,898696131000065;0
153128;08200805115300017200;08;1;15;041;2020;08;18;4;3;5;2;0;1;1;0;0;0;0;494831,018199999820000;5401241,476199999500000;8,929661500000066;48,764159854000070;0
153129;08200806311400017040;08;3;15;050;2020;08;20;5;3;5;3;0;1;1;0;0;0;0;400743,939500000330000;5302865,039300000300000;7,672691965000070;47,871447580000051;0
153130;08200804116500015060;08;1;16;020;2020;08;18;3;3;1;5;0;1;1;0;0;0;0;526166,208599999550000;5382717,401699999300000;9,354888636000055;48,596989748000055;0
153133;08200803316100009040;08;3;16;011;2020;08;15;2;3;0;7;0;1;0;0;0;0;0;415980,110000000340000;5328633,113399999200000;7,871351069000070;48,105417742000043;0
153134;08200805216300001200;08;2;16;015;2020;08;13;4;2;8;1;0;1;0;0;0;0;0;450381,140900000000000;5404470,218399999700000;8,324430804000031;48,791247174000034;0
153135;08200803111330990520;08;1;11;000;2020;08;15;2;3;0;7;0;1;0;0;0;0;0;515194,533300000240000;5408770,455399999400000;9,207042183000056;48,831725601000073;0
153137;08200804436200991730;08;4;35;030;2020;08;15;3;3;0;7;0;1;0;0;0;0;0;540605,659400000240000;5271596,684200000000000;9,540146952000043;47,596508003000054;1
153138;08200806311010015950;08;3;11;000;2020;08;17;5;3;3;6;0;1;1;0;0;0;0;410256,805100000460000;5316602,866200000000000;7,797009625000044;47,996423552000067;0
153139;08200804111500014950;08;1;11;000;2020;08;17;3;3;2;6;0;1;1;0;0;0;0;508090,661000000310000;5403053,309200000000000;9,110131722000062;48,780427904000078;0
153141;08200805426010992080;08;4;26;070;2020;08;09;4;2;0;1;0;1;0;0;0;0;0;562304,429999999700000;5339983,343000000300000;9,838643159000071;48,210018688000048;0
153143;08200805212402994270;08;2;12;000;2020;08;12;4;3;5;2;0;1;1;0;0;0;0;456728,442699999550000;5428854,287200000100000;8,408261464000077;49,011063116000059;0
153144;08200806435100995430;08;4;35;030;2020;08;13;5;3;1;5;0;1;1;0;0;0;0;540925,252700000070000;5271372,668299999100000;9,544377162000046;47,594472342000074;0
153146;08200804311400993070;08;3;15;006;2020;08;14;3;3;6;4;0;0;1;1;0;0;0;402924,761400000190000;5307737,750299999500000;7,700751184000069;47,915611197000032;0
153147;08200802415300005970;08;4;15;089;2020;08;05;1;2;0;7;1;1;0;0;0;0;0;522100,581500000320000;5359894,566400000800000;9,298540095000021;48,391825698000048;0
153148;08200806216100013130;08;2;16;043;2020;08;12;5;3;2;6;0;1;0;0;1;0;0;442791,541899999600000;5412600,365900000600000;8,219972143000064;48,863726360000044;0
153152;08200802335200008330;08;3;35;063;2020;08;19;1;3;1;5;0;1;1;0;0;0;0;497247,683500000280000;5288445,163899999100000;8,963280948000033;47,749371433000078;1
153153;08200806226400017880;08;2;26;037;2020;08;15;5;2;5;3;0;1;1;0;0;0;0;466051,407100000420000;5468178,601399999100000;8,532426532000045;49,365369613000041;0
153154;08200802335100990000;08;3;35;043;2020;08;19;1;3;8;7;0;1;0;0;0;0;0;512670,229000000280000;5278207,035000000100000;9,168737459000056;47,657134081000038;1
153155;08200805415400026960;08;4;15;061;2020;08;19;4;3;5;3;0;0;1;1;0;0;0;511921,757500000300000;5372104,429099999400000;9,161390511000036;48,501945710000030;0
153158;08200804231000991660;08;2;31;000;2020;08;17;3;3;6;4;0;1;0;1;0;0;0;476581,055399999950000;5415445,787300000000000;8,680510711000068;48,891519119000066;0
153159;08200802335050988460;08;3;35;043;2020;08;14;1;3;0;7;0;1;0;0;0;0;0;511846,017599999900000;5279706,362700000400000;9,157801610000036;47,670640174000027;0
153161;08200802326200020030;08;3;26;003;2020;08;10;1;2;5;3;0;1;0;0;0;0;0;470359,649000000210000;5313596,881999999300000;8,602843897000071;47,974990866000041;0
153162;08200805317300008100;08;3;17;065;2020;08;18;4;3;5;3;0;1;1;0;0;0;0;416489,702399999830000;5354998,276499999700000;7,873000250000075;48,342642044000058;0
153163;08200807119400996080;08;1;19;091;2020;08;13;6;3;3;2;0;1;1;0;0;0;0;527010,386699999680000;5406492,456000000200000;9,367893426000023;48,810831813000050;0
153167;08200806335100011760;08;3;35;043;2020;08;00;5;3;0;7;2;1;0;0;0;0;0;512204,949599999930000;5281644,328099999600000;9,162637130000064;47,688070645000039;0
153168;08200804127202991480;08;1;27;008;2020;08;08;3;3;5;2;0;1;1;0;0;0;0;570521,715099999680000;5461113,591499999200000;9,969988839000052;49,298693765000053;0
153170;08200806119400005110;08;1;19;091;2020;08;17;5;3;5;3;0;1;1;0;0;0;0;527977,907999999820000;5406356,756999999300000;9,381061945000056;48,809568294000030;0
153175;08200806311010994240;08;3;11;000;2020;08;19;5;3;0;7;0;1;0;0;0;0;0;414166,946399999780000;5316591,660900000500000;7,849415368000052;47,996859659000052;0
153179;08200803311010992050;08;3;11;000;2020;08;10;2;3;5;2;0;1;1;0;0;0;0;412191,311800000260000;5314798,801500000100000;7,823304580000070;47,980464055000027;0
153180;08200804118400993050;08;1;18;048;2020;08;14;3;3;4;6;0;1;1;0;0;0;0;513633,503700000230000;5416513,971599999800000;9,186029594000047;48,901420793000057;0
153181;08200802222500988820;08;2;22;000;2020;08;19;1;3;3;5;0;1;1;0;0;0;0;465763,053799999880000;5476903,030500000300000;8,527703081000027;49,443826909000052;0
153182;08200806116100045060;08;1;16;019;2020;08;17;5;3;2;6;0;1;1;0;0;0;0;524592,238599999810000;5396671,836899999500000;9,334370751000051;48,722587614000076;0
153183;08200803311010990280;08;3;11;000;2020;08;15;2;3;0;7;0;1;0;0;0;0;0;414631,608000000010000;5318656,948000000800000;7,855231748000051;48,015499915000078;0
153186;08200804416200990830;08;4;16;041;2020;08;16;3;3;0;7;0;1;0;0;0;0;0;503252,119699999690000;5373760,846500000000000;9,044038488000069;48,516952194000055;0
153187;08200803436400283900;08;4;36;013;2020;08;14;2;3;5;3;0;1;1;0;0;0;0;545141,108000000010000;5295266,718000000300000;9,602926103000073;47,809171111000069;0
153188;08200806231102001060;08;2;36;033;2020;08;07;5;3;8;6;0;1;0;0;0;0;1;482624,784799999560000;5429866,657400000800000;8,762345020000055;49,021442553000043;0
153190;08200805421300995090;08;4;21;000;2020;08;16;4;3;4;2;0;1;1;0;0;0;0;570627,457999999630000;5360777,879000000700000;9,954139593000036;48,396203508000042;0
153194;08200806416200016930;08;4;16;026;2020;08;10;5;3;0;7;0;1;0;0;0;0;0;505028,420300000350000;5363493,527000000700000;9,067968727000050;48,424571149000030;0
153196;08200803435200989540;08;4;35;034;2020;08;10;2;3;0;1;0;1;0;0;0;0;0;529458,349799999970000;5284741,215199999500000;9,392752711000071;47,715378537000049;0
153197;08200807111370997220;08;1;11;000;2020;08;16;6;3;1;5;0;1;1;0;0;0;0;510103,808100000020000;5406654,486099999400000;9,137623604000055;48,812794324000038;0
153199;08200804317500991650;08;3;17;100;2020;08;17;3;3;0;7;0;1;0;0;0;0;0;424109,341099999850000;5366725,694000000100000;7,973692177000032;48,449093020000078;0
153200;08200802212402988250;08;2;12;000;2020;08;02;1;2;0;7;2;1;0;0;0;0;0;456384,345999999900000;5428053,329299999400000;8,403642256000069;49,003834180000069;1
153201;08200806221300015930;08;2;26;012;2020;08;18;5;3;5;3;0;1;0;0;0;0;1;475759,825000000190000;5477927,232000000800000;8,665542380000034;49,453520298000058;0
153202;08200802212010021410;08;2;12;000;2020;08;22;1;3;1;5;2;1;1;0;0;0;0;460960,356599999590000;5427558,224500000500000;8,466254729000070;48,999687010000059;0
153205;08200805121600011000;08;2;25;014;2020;08;06;4;3;0;7;0;1;0;0;0;0;1;523387,628999999720000;5484890,697000000600000;9,323106590000066;49,516188095000075;1
153206;08200803435200009280;08;4;35;059;2020;08;16;2;3;0;7;0;1;0;0;0;0;0;510887,789800000380000;5290628,782500000700000;9,145310048000056;47,768932580000069;1
153208;08200804225100014370;08;2;25;074;2020;08;15;3;3;5;3;0;1;1;0;0;0;0;506786,058000000190000;5466557,284499999100000;9,093438214000059;49,351693596000075;0
153209;08200802135010993940;08;4;21;000;2020;08;22;1;3;5;3;2;1;1;0;0;0;0;572649,263100000100000;5360729,044600000600000;9,981440550000059;48,395534503000079;1
153210;08200806127202017300;08;1;27;014;2020;08;08;5;3;5;3;0;1;0;0;0;0;0;577668,839200000280000;5442934,972400000300000;10,064758620000021;49,134333512000069;0
153211;08200804311010009520;08;3;11;000;2020;08;21;3;3;0;7;1;1;0;0;0;0;0;413107,895999999720000;5317861,917999999600000;7,834964616000036;48,008142972000030;0
153212;08200802127100988620;08;1;27;076;2020;08;11;1;3;0;1;0;1;0;0;0;0;0;558563,702999999750000;5439447,131799999600000;9,802372257000059;49,105080154000063;0
153213;08200806212502995980;08;2;12;000;2020;08;14;5;3;0;7;0;1;0;0;0;0;0;454588,301900000310000;5428471,172900000600000;8,379039655000042;49,007463183000027;0
153215;08200805325202993020;08;3;25;049;2020;08;07;4;2;6;4;0;0;1;1;0;0;0;472651,834599999710000;5334355,942299999300000;8,632228357000031;48,161860031000060;0
153216;08200807128300009850;08;1;28;131;2020;08;15;6;3;0;1;0;1;0;0;0;0;0;536691,852300000380000;5511770,147399999200000;9,509417550000023;49,757289781000054;0
153217;08200805118400066010;08;1;18;048;2020;08;19;4;3;6;4;0;0;1;1;0;0;0;513762,832999999630000;5416062,301500000100000;9,187779066000076;48,897354833000065;0
153221;08200802119300062000;08;1;19;067;2020;08;05;1;3;0;7;2;1;0;0;0;0;0;538466,769700000060000;5406002,712799999900000;9,523882737000065;48,805822719000048;0
153222;08200806118200020000;08;1;18;011;2020;08;13;5;3;5;3;0;1;1;0;0;0;0;503241,103199999780000;5409579,570100000100000;9,044170129000065;48,839181745000076;0
153225;08200805311010012020;08;3;11;000;2020;08;19;4;3;6;4;0;1;0;1;0;0;0;410524,431699999610000;5315026,984099999100000;7,800924747000067;47,982285638000064;0
153227;08200805111500013170;08;1;11;000;2020;08;10;4;3;6;4;0;0;1;1;0;0;0;512821,816899999980000;5408787,278999999200000;9,174712018000037;48,831930472000067;0
153230;08200807118400023350;08;1;18;048;2020;08;14;6;3;1;6;0;1;0;0;0;0;1;511741,876899999570000;5414473,771999999900000;9,160159767000039;48,883106414000054;0
153231;08200805116010004560;08;1;16;007;2020;08;20;4;3;5;3;0;1;1;0;0;0;0;533243,124900000170000;5400694,127699999100000;9,452314584000021;48,758369762000029;0
153232;08200806311400994850;08;3;15;108;2020;08;11;5;3;5;3;0;1;0;0;0;0;0;404898,310499999670000;5304352,623999999800000;7,727904525000042;47,885457345000077;0
153233;08200804116500023250;08;1;16;071;2020;08;00;3;3;8;1;2;1;0;0;0;0;0;528119,658999999990000;5391378,322000000600000;9,381970157000069;48,674818588000051;1
153235;08200806115400003930;08;1;15;045;2020;08;13;5;3;5;3;0;1;1;0;0;0;0;499720,382399999540000;5394905,409700000700000;8,996199316000059;48,707181805000062;0
153237;08200805216300002820;08;2;16;015;2020;08;17;4;2;4;6;0;1;1;0;0;0;0;451393,857499999930000;5404655,393500000200000;8,338196233000076;48,792992874000049;0
153238;08200803435100009450;08;4;35;016;2020;08;19;2;3;1;5;0;1;1;0;0;0;0;536349,893500000240000;5277898,642000000900000;9,484061063000070;47,653462189000038;1
153239;08200804416010991510;08;4;16;041;2020;08;05;3;3;5;3;2;1;1;0;0;0;0;505004,537200000140000;5375270,389000000400000;9,067786906000038;48,530521054000076;1
153240;08200803426200991150;08;4;26;070;2020;08;17;2;3;0;1;0;1;0;0;0;0;0;565769,748999999840000;5341982,256100000800000;9,885592245000055;48,227650755000070;1
153241;08200806226700005410;08;2;26;098;2020;08;16;5;2;5;2;0;1;1;0;0;0;0;478309,439899999650000;5460011,670399999200000;8,701697323000076;49,292467809000073;0
153242;08200806311010018330;08;3;11;000;2020;08;13;5;3;0;7;0;1;0;0;0;0;0;412727,553100000140000;5317531,047700000900000;7,829933465000067;48,005114869000067;0
153243;08200804111500026830;08;1;11;000;2020;08;15;3;3;6;7;0;0;1;1;0;0;0;512799,640700000340000;5402322,628100000300000;9,174208313000065;48,773775680000028;0
153245;08200805435100015230;08;4;35;029;2020;08;16;4;3;0;1;0;1;0;0;0;0;0;544605,236299999990000;5270804,530999999500000;9,593266985000071;47,589117875000056;0
153246;08200803221300990290;08;2;21;000;2020;08;15;2;3;4;6;0;1;0;0;0;0;1;475834,631199999710000;5473591,905600000200000;8,666838737000035;49,414527950000036;0
153247;08200805212502013650;08;2;12;000;2020;08;12;4;3;5;3;0;1;1;0;0;0;0;453167,053000000310000;5428822,986400000800000;8,359566138000048;49,010521540000070;0
153248;08200806436000017830;08;4;36;011;2020;08;20;5;2;3;6;1;1;0;0;1;0;0;548173,499200000430000;5297347,783199999500000;9,643656986000053;47,827674394000042;0
153249;08200801435100001530;08;4;35;016;2020;08;20;7;3;0;1;1;1;0;0;0;0;0;535952,191399999890000;5277503,514100000300000;9,478732678000029;47,649929279000048;0
153251;08200801421200017320;08;4;21;000;2020;08;19;7;3;3;6;0;1;1;0;0;0;0;573725,709300000220000;5361502,813100000800000;9,996116203000042;48,402369751000037;0
153252;08200806216200011120;08;2;16;063;2020;08;17;5;3;5;3;0;1;1;0;0;0;0;426799,506400000300000;5400407,427200000700000;8,004128431000027;48,752375175000054;0
153253;08200801416010988420;08;4;16;041;2020;08;03;7;2;0;7;2;1;0;0;0;0;0;505412,799200000240000;5375199,573499999900000;9,073315928000056;48,529880585000058;0
153254;08200805335100011730;08;3;35;043;2020;08;09;4;3;0;7;0;1;0;0;0;0;0;514251,815000000410000;5280068,007999999400000;9,189861038000061;47,673845583000059;0