OBJECTID;UIDENTSTLAE;ULAND;UREGBEZ;UKREIS;UGEMEINDE;UJAHR;UMONAT;USTUNDE;UWOCHENTAG;UKATEGORIE;UART;UTYP1;ULICHTVERH;IstRad;IstPKW;IstFuss;IstKrad;IstGkfz;IstSonstige;LINREFX;LINREFY;XGCSWGS84;YGCSWGS84;STRZUSTAND
153255;08200807136300041240;08;1;36;065;2020;08;09;6;3;0;1;0;1;0;0;0;0;0;556259,519399999640000;5404147,811699999500000;9,765930828000023;48,787781727000038;0
153257;08200803426010996190;08;4;21;000;2020;08;17;2;2;6;4;0;0;1;1;0;0;0;573564,345399999990000;5361339,540500000100000;9,993907723000064;48,400919934000058;1
153258;08200801415400993210;08;4;15;061;2020;08;09;7;3;6;7;0;0;1;1;0;0;0;513440,929499999620000;5372576,495999999300000;9,181971367000074;48,506161918000032;0
153259;08200805416200016950;08;4;16;041;2020;08;17;4;3;0;7;0;1;0;0;0;0;0;504844,185899999920000;5374208,199599999900000;9,065602592000062;48,520966480000027;0
153260;08200805136300993040;08;1;36;065;2020;08;12;4;3;4;6;0;1;0;0;0;0;0;559076,188099999910000;5405656,821799999100000;9,804490803000022;48,801094166000041;0
153261;08200806415300994950;08;4;15;059;2020;08;09;5;2;3;6;0;1;1;0;0;0;0;516742,771999999880000;5367892,873999999800000;9,226485679000064;48,463947052000037;0
153262;08200804235200997420;08;2;35;046;2020;08;18;3;3;0;1;0;1;0;0;0;0;0;477015,154000000100000;5378651,121400000500000;8,688483877000067;48,560533790000079;1
153264;08200806212102995740;08;2;15;101;2020;08;15;5;3;0;7;0;1;0;0;0;0;0;468409,298000000420000;5428122,051000000900000;8,568048504000046;49,005184986000074;0
153265;08200801335200992940;08;3;35;063;2020;08;10;7;3;0;4;0;1;0;1;0;0;0;497889,034099999820000;5288655,657800000200000;8,971836276000033;47,751267787000074;0
153266;08200805317300992660;08;3;17;150;2020;08;19;4;3;5;2;0;1;1;0;0;0;0;408001,695299999790000;5353215,097999999300000;7,758867759000054;48,325423993000072;0
153271;08200801327100184920;08;3;27;008;2020;08;07;7;3;6;2;0;0;1;1;0;0;0;498694,884300000030000;5317699,072599999600000;8,982499840000060;48,012584352000033;0
153273;08200806335200015920;08;3;35;063;2020;08;18;5;3;5;2;0;1;1;0;0;0;0;497569,143099999990000;5287345,698200000500000;8,967575730000021;47,739480185000048;0
153275;08200801326300006160;08;3;26;017;2020;08;17;7;3;8;1;0;1;0;0;0;0;0;441413,975700000300000;5322130,240700000900000;8,213858284000025;48,049764012000026;0
153276;08200806119400994250;08;1;19;041;2020;08;10;5;3;0;1;0;1;0;0;0;0;0;525637,747000000440000;5410635,653000000900000;9,349456927000063;48,848160988000075;0
153277;08200801317500992160;08;3;17;096;2020;08;20;7;3;0;7;0;1;0;0;0;0;0;421380,267099999820000;5369000,242300000000000;7,936364655000034;48,469217367000056;0
153279;08200807118000018480;08;1;15;028;2020;08;09;6;3;6;4;0;0;1;1;0;0;0;500779,905199999920000;5404248,164200000500000;9,010618506000071;48,791228890000070;0
153280;08200805115300002930;08;1;15;042;2020;08;17;4;3;2;6;0;1;1;0;0;0;0;495906,529900000430000;5406154,152400000000000;8,944247912000037;48,808362034000027;0
153283;08200804116200074160;08;1;16;080;2020;08;17;3;3;5;3;0;1;1;0;0;0;0;521669,633399999700000;5395370,692199999500000;9,294565506000026;48,710991051000065;0
153284;08200801311400993480;08;3;15;130;2020;08;09;7;3;6;7;0;0;0;1;0;1;0;408725,804800000040000;5300942,793999999800000;7,779809749000037;47,855340466000030;0
153287;08200805216100991900;08;2;16;043;2020;08;11;4;3;5;3;0;1;1;0;0;0;0;441433,660400000400000;5412920,912900000800000;8,201413633000072;48,866482935000079;0
153288;08200803221200989780;08;2;21;000;2020;08;22;2;3;0;5;2;1;1;0;0;0;0;477556,062599999830000;5472858,581700000900000;8,690612715000043;49,407997759000068;0
153289;08200805226600015420;08;2;26;096;2020;08;19;4;3;6;7;0;1;0;1;0;0;0;475982,245900000450000;5489499,417700000100000;8,667907434000028;49,557617173000040;0
153290;08200807111500995800;08;1;11;000;2020;08;09;6;3;6;2;0;0;1;1;0;0;0;512403,884800000120000;5402016,715199999500000;9,168812712000033;48,771031723000078;0
153291;08200804435100990700;08;4;35;024;2020;08;11;3;3;0;1;0;1;0;0;0;0;0;528412,342500000260000;5279333,128100000300000;9,378454959000067;47,666766278000068;1
153294;08200801311010990430;08;3;36;091;2020;08;20;7;3;5;3;0;1;1;0;0;0;0;395701,063299999570000;5273521,814799999800000;7,612308632000065;47,606707692000043;0
153295;08200805425000992380;08;4;25;081;2020;08;16;4;3;0;1;0;1;0;0;0;0;0;546567,506000000050000;5342557,812999999200000;9,627115951000064;48,234529378000047;0
153297;08200805212102992550;08;2;12;000;2020;08;11;4;3;2;2;0;1;1;0;0;0;0;463209,253499999640000;5428149,610799999900000;8,496946518000073;49,005144818000076;0
153298;08200806426100996110;08;4;26;117;2020;08;18;5;3;0;1;0;1;0;0;0;0;0;581292,897800000380000;5316965,677200000700000;10,089806821000025;48,000817564000045;0
153299;08200804311010998740;08;3;11;000;2020;08;19;3;3;4;5;0;1;0;0;0;0;0;418054,437699999660000;5314991,110600000200000;7,901822234000065;47,982971929000030;0
153300;08200801311010990340;08;3;11;000;2020;08;09;7;3;6;7;0;1;0;1;0;0;0;415122,833399999890000;5319471,411000000300000;7,861656311000047;48,022891764000065;0
153301;08200806215402003850;08;2;15;009;2020;08;12;5;2;1;3;0;1;1;0;0;0;0;469641,152999999930000;5440415,720300000200000;8,583969639000031;49,115831867000054;0
153303;08200801311010987630;08;3;11;000;2020;08;00;7;3;0;7;2;1;0;0;0;0;0;413935,438500000160000;5316424,692600000600000;7,846346161000042;47,995326595000051;0
153304;08200804325102079180;08;3;25;012;2020;08;14;3;2;0;1;0;1;0;0;0;0;0;463509,796099999920000;5355003,446799999100000;8,507511819000058;48,347155315000066;0
153305;08200801231202003830;08;2;36;072;2020;08;13;7;3;5;3;0;1;1;0;0;0;0;465377,926599999890000;5410209,614299999500000;8,528121435000060;48,843892334000031;0
153308;08200805336100996320;08;3;36;084;2020;08;17;4;3;4;6;0;1;1;0;0;0;0;404073,358099999840000;5275728,290799999600000;7,723188581000045;47,627849472000037;0
153309;08200805126200994600;08;1;26;011;2020;08;16;4;3;0;6;0;1;0;0;0;0;1;531787,055999999870000;5446539,232100000600000;9,436084679000032;49,170841475000032;0
153311;08200804226500992640;08;2;26;101;2020;08;11;3;3;0;5;0;1;1;0;0;0;0;487414,456000000240000;5460632,609099999100000;8,826895045000072;49,298308618000078;0
153315;08200805317300006200;08;3;17;065;2020;08;19;4;3;6;4;0;0;1;1;0;0;0;414231,390900000000000;5354625,594200000200000;7,842605850000041;48,338987238000072;0
153316;08200807118600286210;08;1;18;076;2020;08;10;6;3;6;4;0;0;1;1;0;0;0;505823,191999999810000;5422728,441999999800000;9,079546575000052;48,957447086000059;0
153317;08200801226400993460;08;2;26;084;2020;08;09;7;2;3;2;0;1;0;0;0;0;0;468871,407499999740000;5470391,696799999100000;8,571091978000027;49,385426477000067;0
153320;08200805119200006390;08;1;19;020;2020;08;04;4;3;1;5;2;1;1;0;0;0;0;519777,925200000410000;5407168,798900000800000;9,269418044000076;48,817188357000077;0
153321;08200806327100018090;08;3;27;050;2020;08;15;5;3;4;6;0;1;0;0;0;0;0;489352,730999999680000;5317240,678999999500000;8,857243495000034;48,008372741000073;0
153325;08200801221400003100;08;2;21;000;2020;08;15;7;3;4;6;0;1;0;0;0;0;0;477051,151800000110000;5469723,042999999600000;8,683833761000074;49,379775187000064;0
153326;08200805311010041510;08;3;11;000;2020;08;14;4;3;0;7;0;1;0;0;0;0;1;412474,175599999730000;5316708,208699999400000;7,826705029000038;47,997678541000028;0
153328;08200805115100017170;08;1;15;003;2020;08;15;4;3;5;3;0;1;1;0;0;0;0;500576,127199999990000;5391845,593599999300000;9,007826704000024;48,679655198000034;0
153332;08200806311400994900;08;3;15;050;2020;08;19;5;3;0;7;0;1;0;0;0;0;0;398901,794300000180000;5303267,751000000200000;7,647970549000036;47,874782545000073;0
153334;08200801221200988770;08;2;21;000;2020;08;19;7;3;5;3;0;1;0;0;0;0;0;476210,302699999880000;5472823,613700000600000;8,672063964000074;49,407632104000072;0
153335;08200806116010997660;08;1;16;019;2020;08;07;5;3;5;2;0;1;1;0;0;0;0;522336,891900000160000;5399922,640599999600000;9,303882399000031;48,751916429000062;0
153336;08200803212302009390;08;2;12;000;2020;08;18;2;3;6;4;0;1;0;1;0;0;0;456381,789499999960000;5428216,776200000200000;8,403589745000033;49,005304224000042;1
153337;08200805221400993260;08;2;21;000;2020;08;18;4;3;0;6;0;1;0;0;0;0;0;477673,826500000430000;5469850,802100000900000;8,692405045000044;49,380947508000077;0
153338;08200803335300991000;08;3;35;075;2020;08;15;2;3;6;2;0;0;1;1;0;0;0;487925,809700000100000;5289550,207200000100000;8,838886106000075;47,759206936000055;0
153343;08200801221011988470;08;2;21;000;2020;08;23;7;2;6;6;2;1;0;1;0;0;0;477299,610000000340000;5473117,838999999700000;8,687062776000062;49,410320225000078;0
153344;08200805421300016620;08;4;21;000;2020;08;17;4;3;0;3;0;1;1;0;0;0;0;571316,442200000400000;5360588,849700000100000;9,963413937000041;48,394425576000060;0
153345;08200808336400022040;08;3;36;091;2020;08;01;7;3;0;7;2;1;0;0;0;0;0;396120,091099999850000;5274756,225600000500000;7,617589445000021;47,617878733000055;0
153346;08200812421200007230;08;4;21;000;2020;08;07;4;3;0;1;0;1;0;0;0;0;0;574076,045900000260000;5362223,147299999400000;10,000976041000058;48,408808210000075;0
153347;08200813116500026190;08;1;16;049;2020;08;16;5;2;0;7;0;1;0;0;0;0;0;524999,385599999690000;5385807,247700000200000;9,339249632000076;48,624833897000030;1
153348;08200813415100035060;08;4;15;050;2020;08;11;5;2;5;3;0;1;0;0;0;0;0;522684,279099999930000;5375745,420299999400000;9,307284269000036;48,534404480000035;0
153349;08200812421200005690;08;4;21;000;2020;08;08;4;3;0;1;0;1;0;0;0;0;0;573548,118999999950000;5360898,380999999100000;9,993611238000028;48,396953507000035;0
153351;08200808335300998470;08;3;35;075;2020;08;13;7;3;0;7;0;1;0;0;0;0;0;490424,856499999760000;5288849,467900000500000;8,872247875000028;47,752943965000043;0
153352;08200812337010011920;08;3;37;096;2020;08;09;4;2;1;1;0;1;1;0;0;0;0;420944,507299999710000;5267406,466299999500000;7,949205151000058;47,555263102000026;0
153353;08200808327100187390;08;3;27;050;2020;08;19;7;2;3;6;0;1;1;0;0;0;0;485356,870000000110000;5314376,599600000300000;8,803765784000063;47,982525143000032;0
153355;08200808326400008620;08;3;26;074;2020;08;18;7;3;4;1;0;1;1;0;0;0;0;459721,870099999940000;5323290,906800000000000;8,459401170000035;48,061624407000068;0
153357;08200813311010037450;08;3;15;047;2020;08;17;5;3;0;7;0;1;0;0;0;0;0;415757,513000000270000;5320782,303200000900000;7,869908899000052;48,034767771000077;0
153358;08200812335100019950;08;3;35;043;2020;08;08;4;2;5;3;0;1;1;0;0;0;0;512724,157499999740000;5279154,250900000300000;9,169483238000055;47,665655770000058;0
153362;08200812317200026660;08;3;17;057;2020;08;20;4;3;5;3;1;1;0;0;0;0;0;412421,798799999990000;5380547,336400000400000;7,812767497000039;48,571893281000030;0
153363;08200812316200010310;08;3;16;056;2020;08;15;4;3;3;6;0;1;1;0;0;0;0;423089,862700000410000;5327792,864399999400000;7,966991824000047;48,098757459000069;0
153367;08200812311100005920;08;3;15;015;2020;08;09;4;3;5;3;0;1;1;0;0;0;0;394157,789800000380000;5321147,854199999900000;7,580146645000070;48,034840678000080;0
153368;08200813222014030650;08;2;22;000;2020;08;10;5;2;5;3;0;1;1;0;0;0;0;463701,165500000120000;5480704,361899999900000;8,498912026000028;49,477898528000026;1
153369;08200812311010036180;08;3;15;064;2020;08;18;4;3;5;3;0;1;1;0;0;0;0;421992,316999999810000;5312913,071000000500000;7,954962941000076;47,964770820000069;0
153371;08200812311010009150;08;3;36;050;2020;08;12;4;3;6;4;0;0;1;1;0;0;0;399556,824400000270000;5272870,096500000000000;7,663743979000060;47,601454296000043;0
153372;08200808317300019220;08;3;17;150;2020;08;11;7;2;0;7;0;1;0;0;0;0;0;407675,349899999800000;5359870,573699999600000;7,753006001000074;48,385239067000043;0
153374;08200813116400033830;08;1;16;033;2020;08;20;5;3;0;7;0;1;0;0;0;0;1;532528,846099999730000;5387650,271600000600000;9,441568669000048;48,641067322000026;0
153376;08200812231202030770;08;2;36;004;2020;08;10;4;3;6;4;0;0;1;1;0;0;0;473340,702600000430000;5413146,846400000200000;8,636455494000074;48,870707776000074;0
153381;08200812222301049750;08;2;22;000;2020;08;13;4;3;0;7;0;1;0;0;0;0;0;467722,869300000370000;5482806,831499999400000;8,554256175000035;49,497036528000081;0
153382;08200812222200292260;08;2;22;000;2020;08;15;4;3;1;5;0;1;1;0;0;0;0;461527,969399999830000;5481796,156899999800000;8,468807193000032;49,487584809000055;0
153383;08200812222014011200;08;2;22;000;2020;08;13;4;3;4;2;0;1;1;0;0;0;0;462129,400899999770000;5483610,882300000600000;8,476937015000033;49,503945126000076;0
153384;08200808311010036130;08;3;11;000;2020;08;08;7;3;5;3;0;1;0;0;0;0;1;414370,860600000250000;5316053,612800000200000;7,852255603000060;47,992047051000043;0
153386;08200813115400022290;08;1;15;045;2020;08;14;5;3;5;3;0;1;1;0;0;0;0;500256,259300000030000;5395053,253100000300000;9,003483280000069;48,708511825000073;1
153387;08200813435100050730;08;4;35;016;2020;08;14;5;2;0;1;0;1;0;0;0;0;0;536454,545599999840000;5282327,981599999600000;9,485824392000041;47,693308744000035;0
153388;08200812215102033220;08;2;15;102;2020;08;19;4;3;0;7;0;1;0;0;0;0;0;456363,829300000330000;5438209,361099999400000;8,402267615000028;49,095186741000077;0
153391;08200812212010006760;08;2;12;000;2020;08;15;4;3;5;3;0;1;1;0;0;0;0;459823,541500000280000;5428700,701799999900000;8,450600024000039;49,009890874000064;0
153393;08200812136010026970;08;1;36;035;2020;08;16;4;2;0;1;0;1;0;0;0;0;0;580391,226800000300000;5431524,295499999100000;10,099803777000034;49,031357718000038;0
153395;08200812126200009990;08;1;26;066;2020;08;10;4;3;6;2;0;0;1;1;0;0;0;535687,332899999800000;5450354,730299999900000;9,489929159000042;49,204947411000035;0
153396;08200813115300039560;08;1;15;028;2020;08;11;5;3;0;7;0;1;0;0;0;1;0;500264,463999999690000;5404965,278999999200000;9,003601172000060;48,797680443000047;1
153399;08200812117200078110;08;1;17;024;2020;08;19;4;3;0;1;0;1;0;0;0;0;0;560423,869099999780000;5386093,464600000500000;9,819976584000074;48,624989468000081;0
153402;08200808222700997610;08;2;22;000;2020;08;13;7;3;1;5;0;1;1;0;0;0;0;462154,426099999810000;5481602,505999999100000;8,477474991000065;49,485882413000070;0
153403;08200812116500005490;08;1;16;049;2020;08;06;4;3;0;1;2;1;0;0;0;0;0;524110,070000000300000;5385012,427999999400000;9,327135335000037;48,617718563000039;0
153404;08200808222400999640;08;2;26;038;2020;08;11;7;3;5;3;0;1;0;0;0;0;1;471547,196100000290000;5479939,136900000300000;8,607274698000026;49,471434059000046;0
153406;08200813231000024520;08;2;36;076;2020;08;17;5;3;5;3;0;1;1;0;1;0;0;471456,829099999740000;5423700,611199999200000;8,610027949000028;48,965560699000036;0
153409;08200808221300021660;08;2;21;000;2020;08;14;7;3;6;7;0;1;0;1;0;0;0;477528,663399999960000;5473636,336200000700000;8,690191003000052;49,414992526000049;0
153410;08200812111500016010;08;1;11;000;2020;08;08;4;3;4;7;0;1;1;0;0;0;0;511663,958800000140000;5401855,845499999800000;9,158738048000032;48,769598859000041;0
153411;08200813316200023400;08;3;16;056;2020;08;07;5;3;1;7;0;1;1;0;0;0;0;423070,639499999580000;5327052,064400000500000;7,966867196000067;48,092091218000064;1
153416;08200811426010003810;08;4;26;001;2020;08;15;3;3;0;1;0;1;0;0;0;0;0;566998,462199999950000;5347742,130999999100000;9,903046781000057;48,279336078000028;0
153417;08200808211100008140;08;2;11;000;2020;08;20;7;2;0;7;0;1;0;0;0;0;0;444767,707799999970000;5399926,364499999200000;8,248619623000025;48,749901029000057;0
153419;08200811421300005290;08;4;21;000;2020;08;17;3;3;5;2;0;1;1;0;0;0;0;572089,718899999750000;5361926,742900000900000;9,974088336000023;48,406372330000067;0
153422;08200811416100030920;08;4;16;036;2020;08;17;3;3;1;5;0;1;1;0;0;0;0;494427,899699999950000;5374610,698300000300000;8,924534225000059;48,524581463000061;0
153423;08200811336400051610;08;3;36;078;2020;08;05;3;3;9;1;2;1;0;0;0;0;0;397484,458200000230000;5289585,034700000700000;7,632257737000032;47,751483032000067;0
153425;08200811335100032810;08;3;35;043;2020;08;18;3;3;5;2;0;1;1;0;0;0;0;511018,224200000060000;5280815,943099999800000;9,146802556000068;47,680638446000046;0
153426;08200808121200008840;08;1;21;000;2020;08;12;7;3;1;7;0;1;1;0;0;0;0;514278,470999999900000;5440614,796000000100000;9,195677894000028;49,118206406000070;0
153427;08200811335100017380;08;3;35;043;2020;08;21;3;3;5;3;1;1;1;0;0;0;0;512945,247100000270000;5279104,806600000700000;9,172426628000039;47,665206498000032;0
153428;08200811317500057690;08;3;17;096;2020;08;10;3;2;1;7;0;1;0;0;0;0;0;421862,845800000240000;5369104,315199999100000;7,942872788000045;48,470213639000065;0
153429;08200811317200003050;08;3;17;005;2020;08;09;3;3;5;2;0;1;1;0;0;0;0;426134,470099999570000;5376144,160800000700000;7,999408990000063;48,534053490000076;0
153430;08200811316200030320;08;3;16;009;2020;08;09;3;2;5;1;0;1;0;0;0;0;0;417078,053799999880000;5324131,410599999100000;7,886971070000072;48,065067232000047;0
153431;08200808119100046320;08;1;19;006;2020;08;01;7;2;0;1;2;1;0;0;0;0;0;538574,585199999620000;5420446,724400000600000;9,526713116000053;48,935746269000049;0
153432;08200811316100017810;08;3;16;017;2020;08;18;3;3;0;1;0;1;1;0;0;0;0;409199,491600000300000;5341671,742100000400000;7,777502808000065;48,221768156000053;0
153434;08200813415200024320;08;4;15;053;2020;08;15;5;3;4;2;0;1;1;0;0;0;0;536946,322300000120000;5362693,368300000200000;9,499320084000033;48,416309216000059;0
153435;08200811311400020410;08;3;15;076;2020;08;16;3;3;1;5;0;1;1;0;0;0;0;394554,922100000080000;5303102,408900000200000;7,589896163000049;47,872596209000051;0
153437;08200811311010180710;08;3;11;000;2020;08;15;3;3;5;3;0;1;0;0;1;0;0;412854,133000000380000;5316833,075099999100000;7,831771948000039;47,998853659000076;0
153439;08200811311010025010;08;3;15;047;2020;08;09;3;3;5;3;0;1;1;0;0;0;0;415347,625000000000000;5321042,538000000600000;7,864360028000021;48,037054465000040;0
153440;08200811311010004110;08;3;36;078;2020;08;18;3;2;0;6;0;1;0;0;0;0;0;399184,451500000430000;5290558,148499999200000;7,654706556000065;47,760504298000058;0
153441;08200813221011021420;08;2;21;000;2020;08;08;5;3;5;3;0;1;1;0;0;0;0;477432,675400000070000;5472693,476399999100000;8,688921246000064;49,406508099000064;1
153442;08200811226200004590;08;2;26;032;2020;08;07;3;3;5;3;0;1;1;0;0;0;0;466398,911899999720000;5463885,818700000600000;8,537574561000042;49,326776231000053;0
153443;08200808116500020570;08;1;16;071;2020;08;21;7;2;9;7;2;1;0;0;0;0;0;530210,611600000410000;5390471,587400000500000;9,410306148000075;48,666564018000031;0
153444;08200811225200009920;08;2;25;109;2020;08;15;3;3;0;1;0;1;0;0;0;0;0;526437,142599999900000;5491660,092800000700000;9,365689812000028;49,576950634000070;0
153446;08200813317300019550;08;3;17;065;2020;08;07;5;3;5;2;0;1;0;0;0;1;0;416093,570500000380000;5354478,975500000600000;7,867758858000059;48,337918491000039;1
153448;08200813212502010180;08;2;12;000;2020;08;23;5;3;0;7;2;1;0;0;0;0;0;452032,059899999760000;5428460,015499999700000;8,344089210000050;49,007169427000065;0
153449;08200811212010011600;08;2;12;000;2020;08;12;3;2;2;2;0;1;0;0;0;0;0;461164,041500000280000;5427000,252399999600000;8,469092703000058;48,994680769000070;0
153450;08200811211100005100;08;2;11;000;2020;08;12;3;3;4;2;0;1;1;0;0;0;0;443871,058600000110000;5401383,503200000200000;8,236224041000071;48,762928107000050;0
153451;08200813212102077010;08;2;12;000;2020;08;09;5;3;5;2;0;1;1;0;0;0;0;458412,790199999700000;5427263,067399999100000;8,431456670000046;48,996865648000039;0
153452;08200811135010028740;08;1;35;015;2020;08;20;3;2;8;1;1;1;0;0;0;0;0;576373,025200000030000;5386144,726700000500000;10,036389517000032;48,623706445000039;0
153453;08200808116400001540;08;1;16;033;2020;08;17;7;2;0;1;0;1;0;0;0;0;0;532962,469800000080000;5388726,254599999600000;9,447540425000057;48,650724039000067;0
153454;08200811128100018180;08;1;28;058;2020;08;16;3;3;5;3;0;1;0;0;0;0;0;559377,817800000310000;5482681,283600000700000;9,819951492000030;49,493860117000054;0
153456;08200811127202004520;08;1;27;014;2020;08;09;3;2;0;1;0;1;0;0;0;0;0;578986,716099999850000;5442859,581900000600000;10,082807210000055;49,133487457000058;0
153457;08200808111500017620;08;1;11;000;2020;08;17;7;3;5;2;0;1;1;0;0;0;0;512384,060800000090000;5403307,175200000400000;9,168581783000036;48,782641003000037;0
153458;08200811127100017430;08;1;27;076;2020;08;13;3;3;0;3;0;1;1;0;0;0;0;553293,310999999750000;5440199,510999999900000;9,730269200000066;49,112326866000046;0
153459;08200813311010037580;08;3;11;000;2020;08;12;5;3;3;6;0;1;1;0;0;0;0;415693,488499999980000;5317148,845300000200000;7,869764888000077;48,002074897000057;0
153461;08200813211100035620;08;2;11;000;2020;08;12;5;3;0;1;0;1;0;0;0;0;0;442118,844399999830000;5403145,444900000500000;8,212135121000074;48,778616519000082;1
153465;08200811118300066800;08;1;18;046;2020;08;19;3;3;0;2;0;1;1;0;0;0;0;513581,384800000120000;5411492,206800000700000;9,185151627000039;48,856247350000046;0
153468;08200811118100004190;08;1;18;079;2020;08;11;3;2;5;3;0;1;1;0;0;0;0;509857,862900000070000;5422202,910299999600000;9,134648557000048;48,952668409000069;0
153471;08200813222600036100;08;2;22;000;2020;08;06;5;3;5;5;0;1;1;0;0;0;0;462195,201899999750000;5482904,217199999800000;8,477913437000041;49,497593161000054;0
153474;08200811116400004700;08;1;16;033;2020;08;20;3;3;4;6;1;1;0;0;0;0;1;533918,059100000190000;5388931,587200000900000;9,460531112000069;48,652520047000053;0
153476;08200807435200995890;08;4;35;066;2020;08;12;6;2;0;7;0;1;0;0;0;0;0;518938,796600000000000;5286913,493599999700000;9,252597305000052;47,735317980000048;0
153479;08200807435100033540;08;4;35;024;2020;08;17;6;3;0;6;0;1;0;0;0;0;0;527322,786799999890000;5279265,759199999300000;9,363938074000032;47,666207076000035;0
153480;08200811111500028440;08;1;11;000;2020;08;18;3;3;6;7;0;0;0;1;0;0;1;517364,429800000040000;5405329,289100000600000;9,236463516000072;48,800712571000076;0
153482;08200807426010996520;08;4;25;028;2020;08;13;6;2;0;1;0;1;0;0;0;0;0;579774,829599999820000;5341065,625499999200000;10,073967305000053;48,217798435000077;0
153487;08200807421300170790;08;4;21;000;2020;08;00;6;3;0;1;2;1;0;0;0;0;0;572261,439000000250000;5360122,515699999400000;9,976097744000072;48,390123184000061;0
153489;08200813111340012790;08;1;11;000;2020;08;17;5;2;0;1;0;1;0;0;0;0;0;512422,555999999870000;5406673,938999999300000;9,169207644000039;48,812927287000036;1
153491;08200813136100035590;08;1;36;088;2020;08;17;5;3;0;1;0;1;0;0;0;0;0;580139,529400000350000;5410156,189300000700000;10,092159991000074;48,839204122000069;1
153494;08200810335100026810;08;3;35;043;2020;08;08;2;3;2;6;0;1;0;0;0;1;0;513028,077999999750000;5279342,774000000200000;9,173537002000046;47,667345987000033;0
153495;08200810335100013910;08;3;35;043;2020;08;14;2;3;0;1;0;1;0;0;0;0;0;513392,105600000360000;5278401,971200000500000;9,178357073000029;47,658873514000049;0
153496;08200810335100001880;08;3;35;043;2020;08;09;2;3;0;7;0;1;0;0;0;0;0;514948,246000000280000;5279305,184000000400000;9,199112646000060;47,666966231000060;0
153497;08200807416010013720;08;4;15;050;2020;08;13;6;3;6;4;0;0;1;1;0;0;0;520933,408999999990000;5376533,849500000500000;9,283606681000038;48,541558231000067;0
153498;08200810325102291340;08;3;25;057;2020;08;20;2;3;5;1;0;1;0;0;1;0;0;472556,264600000340000;5356575,159700000700000;8,629501428000026;48,361753053000029;0
153499;08200812435200035030;08;4;35;066;2020;08;14;4;3;0;1;0;1;0;0;0;0;0;517318,851599999700000;5285245,984699999900000;9,230925055000057;47,720360018000065;0
153500;08200813337010030690;08;3;37;076;2020;08;09;5;2;6;7;0;0;1;1;0;0;0;426759,172600000170000;5270247,998800000200000;8,026007063000066;47,581509136000079;0
153502;08200810317600000950;08;3;17;145;2020;08;10;2;2;0;7;0;1;0;0;0;0;0;442324,390700000340000;5349787,272099999700000;8,222320113000023;48,298652015000073;0
153504;08200810311400004760;08;3;15;076;2020;08;13;2;3;4;2;0;1;1;0;0;0;0;392005,499499999920000;5297189,256600000000000;7,557290044000069;47,818986237000047;0
153505;08200807415400007950;08;4;15;061;2020;08;20;6;2;5;3;0;1;1;0;0;0;0;516310,959300000220000;5371051,703099999600000;9,220767705000071;48,492376389000071;0
153507;08200807335300008600;08;3;35;075;2020;08;17;6;3;0;7;0;1;0;0;0;0;0;487800,005699999630000;5291306,777799999300000;8,837158103000036;47,775009342000033;0
153510;08200810311010003550;08;3;36;050;2020;08;19;2;3;5;3;0;1;1;0;0;0;0;400990,178500000390000;5275903,320000000300000;7,682122004000064;47,628959906000034;0
153512;08200807335100183880;08;3;35;066;2020;08;15;6;2;3;6;0;1;0;0;0;0;1;505788,634700000290000;5282051,922700000900000;9,077142019000064;47,691827375000059;0
153514;08200813317100011450;08;3;17;089;2020;08;13;5;2;0;3;0;1;1;0;0;0;0;427617,625300000420000;5377421,713500000500000;8,019274903000053;48,545717950000039;0
153515;08200810231000183200;08;2;36;073;2020;08;15;2;3;6;4;0;0;1;1;0;0;0;480506,260999999940000;5423813,145999999700000;8,733659009000064;48,966924705000054;0
153516;08200810226600021170;08;2;26;082;2020;08;10;2;3;0;7;0;1;1;0;0;0;0;475430,296600000000000;5480005,910299999600000;8,660866727000041;49,472204220000037;0
153518;08200807335100020760;08;3;35;043;2020;08;17;6;2;0;1;0;1;0;0;0;0;0;513353,440200000070000;5278179,540699999800000;9,177835331000040;47,656872954000050;0
153520;08200807335100019520;08;3;35;043;2020;08;12;6;3;6;2;0;0;1;1;0;0;0;513409,579400000160000;5279805,658099999700000;9,178632874000073;47,671503065000081;0
153522;08200810212010024970;08;2;15;102;2020;08;07;2;3;4;6;0;1;0;0;0;0;1;458257,292899999770000;5437697,591900000300000;8,428255942000021;49,090714748000039;0
153524;08200810136300016970;08;1;36;027;2020;08;16;2;3;0;1;0;1;0;0;0;0;0;551754,652099999600000;5421127,500199999700000;9,706753075000052;48,940907718000062;0
153526;08200810136300011840;08;1;36;065;2020;08;19;2;3;5;3;0;1;1;0;0;0;0;562242,637699999850000;5403642,697799999300000;9,847301106000032;48,782668211000043;0
153527;08200810135010003350;08;1;35;019;2020;08;20;2;2;0;1;1;1;0;0;0;0;0;585186,423299999910000;5390161,947300000100000;10,156790159000025;48,658700526000075;0
153529;08200807325302020910;08;3;25;050;2020;08;18;6;3;1;7;0;1;1;0;0;0;0;453983,129099999550000;5351263,198899999300000;8,379351134000046;48,312885226000049;0
153531;08200807317300998420;08;3;17;065;2020;08;11;6;3;0;7;0;1;0;0;0;0;0;415445,834099999630000;5354499,684399999700000;7,859015881000062;48,338018407000050;0