OBJECTID;UIDENTSTLAE;ULAND;UREGBEZ;UKREIS;UGEMEINDE;UJAHR;UMONAT;USTUNDE;UWOCHENTAG;UKATEGORIE;UART;UTYP1;ULICHTVERH;IstRad;IstPKW;IstFuss;IstKrad;IstGkfz;IstSonstige;LINREFX;LINREFY;XGCSWGS84;YGCSWGS84;STRZUSTAND
153534;08200813121300062850;08;1;21;000;2020;08;09;5;3;5;3;0;1;1;0;0;0;0;512294,895700000230000;5444922,867799999200000;9,168625725000027;49,157001944000058;0
153536;08200810117010039140;08;1;17;060;2020;08;10;2;3;5;2;0;1;1;0;0;0;0;542495,181599999780000;5388906,582299999900000;9,576981078000074;48,651770654000075;0
153537;08200807311400036420;08;3;15;074;2020;08;15;6;3;0;7;0;1;0;0;0;0;0;396803,132399999540000;5295896,316700000300000;7,621670361000042;47,808143896000047;0
153538;08200810116500029090;08;1;16;020;2020;08;09;2;2;0;7;0;1;0;0;0;0;0;526138,873399999920000;5382081,232100000600000;9,354477861000021;48,591267857000048;0
153539;08200812435200034840;08;4;35;066;2020;08;19;4;3;5;3;0;1;0;0;0;0;0;517216,322100000460000;5285920,542600000300000;9,229584631000023;47,726432130000035;0
153540;08200813435100009320;08;4;35;030;2020;08;14;5;2;0;6;0;1;0;0;0;0;1;540198,356300000100000;5272007,660399999500000;9,534766824000030;47,600231115000042;0
153541;08200810116200054460;08;1;16;078;2020;08;11;2;3;0;7;0;1;1;0;0;0;0;508070,523900000380000;5395105,948999999100000;9,109701897000036;48,708933710000053;0
153543;08200810111140016600;08;1;11;000;2020;08;17;2;2;0;1;0;1;1;0;0;0;0;510804,228600000030000;5401816,743699999500000;9,147036756000034;48,769262622000042;0
153545;08200809435100027170;08;4;35;016;2020;08;18;1;3;1;5;0;1;1;0;0;0;0;537092,473899999630000;5280313,657999999800000;9,494154448000074;47,675148863000061;0
153546;08200809426010015370;08;4;26;065;2020;08;17;1;3;5;3;0;1;1;0;0;0;0;581579,333100000400000;5331766,516799999400000;10,096470653000040;48,133921078000071;0
153552;08200809336200019180;08;3;36;069;2020;08;21;1;3;3;6;2;1;1;0;0;0;0;408752,107300000270000;5268486,023199999700000;7,786956180000061;47,563375604000043;0
153553;08200809325069033710;08;3;26;074;2020;08;01;1;3;6;4;2;0;1;1;0;0;0;463708,601099999620000;5324163,397500000900000;8,512833482000076;48,069713281000077;0
153554;08200807311010023610;08;3;11;000;2020;08;12;6;3;6;4;0;1;0;1;0;0;0;412264,160099999980000;5318216,438699999800000;7,823581864000062;48,011216708000063;0
153555;08200809317300018650;08;3;17;031;2020;08;12;1;3;5;3;0;1;1;0;0;0;0;417180,093700000080000;5358465,378699999300000;7,881632990000071;48,373919208000075;0
153556;08200809317000002410;08;3;17;057;2020;08;10;1;2;6;4;0;0;1;1;0;0;0;413251,026499999690000;5380088,252900000700000;7,824101997000071;48,567879448000042;0
153558;08200809316100027470;08;3;16;011;2020;08;13;1;3;3;1;0;1;1;0;0;0;0;415119,678600000220000;5328396,663000000600000;7,859842200000060;48,103176728000051;0
153559;08200807231000997020;08;2;36;076;2020;08;13;6;3;5;3;0;1;1;0;0;0;0;471346,942499999890000;5423472,330700000700000;8,608542730000067;48,963502126000037;0
153560;08200809311010999890;08;3;11;000;2020;08;20;1;3;1;5;0;1;1;0;0;0;0;415016,500699999740000;5315918,375000000000000;7,860934545000021;47,990916663000064;0
153563;08200813316100010660;08;3;16;011;2020;08;18;5;3;0;7;0;1;0;0;0;0;1;414328,177000000140000;5330013,889000000400000;7,848887666000053;48,117618028000038;1
153564;08200809311010022400;08;3;11;000;2020;08;19;1;3;5;3;0;1;1;0;0;0;0;412966,143099999990000;5316378,261299999400000;7,833365415000060;47,994777720000059;0
153565;08200809311010008440;08;3;11;000;2020;08;19;1;3;5;3;0;1;0;0;0;0;0;411506,538900000040000;5318889,860500000400000;7,813286437000045;48,017169825000053;0
153566;08200809226700999320;08;2;26;054;2020;08;17;1;3;2;6;0;1;0;0;0;0;0;478952,386800000440000;5454894,563500000200000;8,710808591000046;49,246461512000053;0
153569;08200807222700003240;08;2;22;000;2020;08;09;6;3;3;2;0;1;1;0;0;0;0;464244,760999999940000;5480336,360600000200000;8,506449068000052;49,474620789000028;0
153570;08200809226600010100;08;2;26;096;2020;08;02;1;3;0;1;2;1;0;0;0;0;0;475906,028699999680000;5486001,378399999800000;8,667067445000043;49,526150622000046;0
153573;08200813222700022970;08;2;22;000;2020;08;09;5;3;5;3;0;1;0;0;0;0;0;462070,482599999760000;5481483,819199999800000;8,476327440000034;49,484809646000031;1
153574;08200809222700075770;08;2;22;000;2020;08;10;1;3;0;7;0;1;0;0;0;0;0;462491,252799999900000;5482069,447399999900000;8,482080973000052;49,490103222000073;0
153576;08200809136300075220;08;1;36;028;2020;08;02;1;3;0;1;2;1;0;0;0;0;0;568687,738800000400000;5405617,112199999400000;9,935355889000050;48,799749245000044;0
153577;08200807221011000500;08;2;21;000;2020;08;17;6;3;0;1;0;1;0;0;0;0;0;476805,015100000430000;5472188,070800000800000;8,680298934000064;49,401938455000050;0
153578;08200809136100009400;08;1;36;021;2020;08;12;1;3;0;1;0;1;0;0;0;0;0;574831,885099999610000;5405887,500700000700000;10,019059867000067;48,801472015000058;0
153580;08200809135010012420;08;1;35;021;2020;08;01;1;3;4;6;2;1;0;0;0;0;0;592110,536999999550000;5385234,166300000600000;10,249698452000075;48,613397349000081;0
153582;08200809119100999800;08;1;19;004;2020;08;11;1;3;0;1;0;1;0;0;0;0;0;539390,015200000260000;5417122,910499999300000;9,537525873000050;48,905796040000041;0
153583;08200809116500029070;08;1;16;049;2020;08;18;1;3;0;3;0;1;1;0;0;0;0;524912,106300000100000;5385669,881300000500000;9,338056992000077;48,623601625000049;0
153584;08200808436300997760;08;4;36;081;2020;08;14;7;3;0;1;0;1;0;0;0;0;0;561855,804399999790000;5281216,492100000400000;9,824156965000043;47,681376520000072;0
153585;08200808435100998530;08;4;35;016;2020;08;18;7;3;6;6;0;1;0;1;0;0;0;537029,960599999870000;5278966,957599999400000;9,493207494000046;47,663035678000028;0
153586;08200808426100997940;08;4;26;021;2020;08;10;7;3;6;7;0;0;1;1;0;0;0;558626,108099999840000;5327458,538799999300000;9,787410561000058;48,097694880000063;0
153588;08200808426010033610;08;4;26;021;2020;08;09;7;2;6;1;0;0;0;1;0;0;1;558287,506299999540000;5325606,799699999400000;9,782610420000026;48,081067323000070;0
153589;08200812421300007820;08;4;21;000;2020;08;20;4;3;5;2;0;1;1;0;0;0;0;571270,565499999560000;5362814,499099999700000;9,963172246000056;48,414451101000054;0
153590;08200808416010005160;08;4;15;061;2020;08;16;7;3;6;4;0;0;1;1;0;0;0;514977,422799999830000;5369699,674900000900000;9,202670034000050;48,480246250000050;0
153591;08200813118100037030;08;1;18;007;2020;08;17;5;2;0;7;0;1;0;0;0;0;0;510339,583700000310000;5427329,244300000400000;9,141358692000040;48,998775131000059;1
153592;08200808415100998360;08;4;15;014;2020;08;08;7;3;5;3;0;1;1;0;0;0;0;525696,581500000320000;5374952,779999999300000;9,348039709000034;48,527157599000077;0
153594;08200808415100017990;08;4;15;050;2020;08;02;7;3;0;7;2;1;0;0;0;0;0;520439,426799999550000;5377281,229299999800000;9,276950955000075;48,548298119000037;0
153595;08200807215102007730;08;2;15;090;2020;08;11;6;3;3;2;0;1;1;0;0;0;0;464970,847500000150000;5433058,082000000400000;8,520608562000064;49,049400284000058;0
153597;08200813221400035020;08;2;21;000;2020;08;10;5;3;5;3;0;1;1;0;0;0;0;474374,482900000180000;5473954,042999999600000;8,646685085000058;49,417725550000057;1
153598;08200820416200055360;08;4;16;041;2020;08;12;5;3;0;1;0;1;0;0;0;0;0;506798,004999999890000;5374349,142000000900000;9,092064538000045;48,522216329000059;0
153599;08200817212010028040;08;2;12;000;2020;08;16;2;3;0;3;0;1;1;0;0;0;0;455372,384999999780000;5428706,763299999800000;8,389734679000071;49,009639540000080;0
153600;08200815311300072030;08;3;11;000;2020;08;10;7;3;5;3;0;1;1;0;0;0;0;414945,998999999840000;5315676,305800000200000;7,860037740000053;47,988729776000071;0
153602;08200820119300039760;08;1;19;001;2020;08;00;5;2;8;7;2;1;0;0;0;0;0;549472,107099999670000;5414463,262099999900000;9,674777559000063;48,881148792000033;0
153604;08200819115400036020;08;1;15;045;2020;08;10;4;2;0;1;0;1;0;0;0;0;0;502084,363499999980000;5394397,037499999600000;9,028329009000061;48,702605028000050;0
153605;08200815311010031910;08;3;11;000;2020;08;16;7;3;5;3;0;1;1;0;0;0;0;413264,899400000460000;5316945,481699999400000;7,837254549000022;47,999920656000029;0
153606;08200817425000047530;08;4;25;017;2020;08;17;2;2;1;5;0;1;1;0;0;0;0;556222,635400000030000;5367845,429700000200000;9,760506256000042;48,461230363000027;0
153607;08200815311010031890;08;3;11;000;2020;08;12;7;2;0;1;0;1;0;0;0;0;0;413931,437099999750000;5316425,903300000400000;7,846292293000033;47,995336947000055;0
153609;08200817116010033420;08;1;16;027;2020;08;19;2;3;4;6;0;1;1;0;0;0;0;534242,152999999930000;5393805,955000000100000;9,465335080000045;48,696351356000037;1
153610;08200815221200040930;08;2;21;000;2020;08;17;7;3;2;2;0;1;1;0;0;0;0;477682,962500000370000;5472977,916099999100000;8,692355283000040;49,409075821000044;0
153613;08200818311010025830;08;3;11;000;2020;08;14;3;2;5;3;0;1;1;0;0;0;0;413906,996000000280000;5316435,645999999700000;7,845962786000030;47,995421295000028;0
153614;08200821226400049500;08;2;26;084;2020;08;00;6;3;8;7;2;1;0;0;0;0;0;469141,529500000180000;5470571,725500000600000;8,574799795000047;49,387059539000063;0
153616;08200817335300023030;08;3;35;075;2020;08;14;2;3;0;7;0;1;0;0;0;0;0;488231,940799999980000;5289521,799699999400000;8,842971769000030;47,758957000000066;0
153618;08200820311010057780;08;3;15;098;2020;08;09;5;3;0;7;0;1;0;0;0;0;1;403036,232200000440000;5312308,709499999900000;7,701213260000031;47,956743729000038;1
153621;08200819311010381810;08;3;36;069;2020;08;10;4;3;6;4;0;0;1;1;0;0;0;408698,623499999750000;5267828,570800000800000;7,786381947000052;47,557453734000035;0
153623;08200818222500050870;08;2;22;000;2020;08;15;3;2;1;5;0;1;1;0;0;0;0;464296,579499999990000;5476999,685900000900000;8,507465206000063;49,444611904000055;1
153625;08200815212010038970;08;2;12;000;2020;08;00;7;3;5;3;2;1;0;0;0;0;1;454992,500199999660000;5426575,279999999300000;8,384776413000054;48,990439050000077;0
153627;08200820221011038660;08;2;21;000;2020;08;09;5;3;4;6;0;1;0;0;0;0;0;477665,588800000030000;5473452,919800000300000;8,692089064000072;49,413347767000062;0
153631;08200815135200014960;08;1;35;019;2020;08;21;7;3;9;2;2;1;1;0;0;0;0;584383,684299999850000;5392101,124099999700000;10,146287204000032;48,676251077000074;0
153632;08200820222500043310;08;2;22;000;2020;08;21;5;3;5;2;2;1;1;0;0;0;0;462902,862900000070000;5479121,185399999800000;8,488040727000055;49,463610354000082;0
153634;08200815126200027420;08;1;26;066;2020;08;10;7;3;6;4;0;0;1;1;0;0;0;536559,785699999890000;5449954,722300000500000;9,501869629000055;49,201297934000081;0
153636;08200820436200077350;08;4;36;064;2020;08;19;5;3;8;1;0;1;0;0;0;0;0;546480,272900000210000;5292329,991000000400000;9,620496899000045;47,782654102000038;0
153638;08200817215502031230;08;2;15;106;2020;08;08;2;3;5;3;0;1;1;0;0;0;0;464870,394100000150000;5452233,306700000500000;8,517562826000074;49,221877359000075;1
153641;08200820212010077260;08;2;12;000;2020;08;19;5;2;6;4;0;0;1;1;0;0;0;463212,116499999540000;5428153,667700000100000;8,496985296000048;49,005181482000069;0
153643;08200819117010053110;08;1;17;014;2020;08;17;4;3;5;3;0;1;1;0;0;0;0;553299,334800000300000;5383158,521700000400000;9,722925295000039;48,599235891000035;0
153644;08200815121201461180;08;1;21;000;2020;08;12;7;2;0;7;0;1;0;0;0;0;0;516876,537200000140000;5442175,834300000200000;9,231347870000036;49,132182651000051;0
153645;08200819136010024810;08;1;36;088;2020;08;06;4;2;5;2;0;1;1;0;0;0;0;576801,115199999880000;5412068,627900000700000;10,047030026000073;48,856827255000042;0
153646;08200820426010053060;08;4;25;033;2020;08;11;5;2;0;7;0;1;0;0;0;0;1;553901,343999999580000;5346625,413000000600000;9,726389822000044;48,270540726000036;1
153647;08200818119100036460;08;1;19;053;2020;08;11;3;3;5;3;0;1;1;0;0;0;0;533714,457899999800000;5424531,005999999100000;9,460691543000053;48,972769945000039;0
153648;08200820415200028690;08;4;15;053;2020;08;11;5;2;5;3;0;1;1;0;0;0;0;536763,631599999960000;5362243,206499999400000;9,496811706000074;48,412270159000059;0
153652;08200820116100040270;08;1;16;019;2020;08;09;5;3;0;1;0;1;0;0;0;0;0;526560,365299999710000;5396808,977499999100000;9,361138875000052;48,723740554000074;1
153653;08200821231000055240;08;2;36;076;2020;08;10;6;3;5;3;0;1;1;0;0;0;0;471519,925999999980000;5423668,934000000400000;8,610892209000042;48,965278659000035;0
153656;08200817337101040480;08;3;37;116;2020;08;08;2;2;0;7;0;1;0;0;0;0;0;418261,740199999880000;5271348,206599999200000;7,912818909000066;47,590391732000057;0
153657;08200815117300029320;08;1;17;026;2020;08;21;7;3;6;1;2;0;1;1;0;0;0;545889,016599999740000;5395540,291400000500000;9,623794824000072;48,711204712000040;0
153658;08200820316100053010;08;3;16;011;2020;08;20;5;3;1;5;0;1;1;0;0;0;0;415905,055700000380000;5328726,463199999200000;7,870324656000037;48,106247543000052;0
153659;08200817111500036030;08;1;11;000;2020;08;08;2;3;1;5;0;1;1;0;0;0;0;512670,642699999730000;5401902,749399999200000;9,172439670000074;48,770001120000074;1
153660;08200815116400046150;08;1;16;079;2020;08;18;7;3;3;2;0;1;0;0;0;0;0;533704,859000000170000;5380129,561499999800000;9,456921380000040;48,573349116000031;0
153661;08200818111340064570;08;1;11;000;2020;08;16;3;3;5;7;0;1;1;0;0;0;0;506809,547799999830000;5408024,172499999400000;9,092775417000041;48,825160706000077;0
153662;08200815111500040090;08;1;11;000;2020;08;19;7;3;0;7;0;1;0;0;0;0;0;517553,547700000000000;5408171,896199999400000;9,239160442000070;48,826278871000056;0
153663;08200820335100028320;08;3;35;066;2020;08;15;5;3;0;1;0;1;0;0;0;0;0;505879,139200000090000;5281343,120799999700000;9,078338572000064;47,685448993000080;0
153669;08200817326100025020;08;3;26;006;2020;08;12;2;3;0;1;0;1;0;0;0;0;0;458719,712100000120000;5308321,039300000300000;8,447391145000040;47,926879789000054;0
153671;08200820231000056180;08;2;36;039;2020;08;19;5;3;0;1;0;1;0;0;0;0;0;490310,382000000220000;5411978,895999999700000;8,867892160000054;48,860698506000062;0
153672;08200816311500041530;08;3;15;102;2020;08;17;1;2;7;1;0;1;0;0;0;0;0;438289,563000000080000;5296472,816099999500000;8,175614818000042;47,818646234000028;0
153674;08200819231000064600;08;2;31;000;2020;08;17;4;3;0;2;0;0;1;1;0;0;0;476278,114199999720000;5415400,837500000400000;8,676380561000030;48,891103243000032;0
153676;08200818216300034920;08;2;16;015;2020;08;09;3;3;5;3;0;1;1;0;0;0;0;449962,829199999570000;5405880,559299999800000;8,318564016000039;48,803900089000081;0
153677;08200819317010024640;08;3;17;089;2020;08;07;4;2;5;3;0;1;1;0;0;0;0;427581,555999999870000;5376936,264000000400000;8,018870675000073;48,541347163000069;0
153678;08200821119100079060;08;1;19;008;2020;08;18;6;3;6;7;0;0;1;1;0;0;0;531330,531299999920000;5421556,485600000200000;9,427888399000040;48,946138340000061;0
153680;08200817226700022720;08;2;26;010;2020;08;18;2;3;0;3;0;1;1;0;0;0;0;480707,161000000310000;5458825,568000000000000;8,734729192000032;49,281879151000055;0
153681;08200814336400014170;08;3;36;006;2020;08;19;6;2;0;1;0;1;0;0;0;0;0;391867,031600000340000;5287433,571699999300000;7,557869685000071;47,731213687000036;0
153682;08200820221400292110;08;2;26;018;2020;08;12;5;3;4;6;0;1;0;0;0;0;1;473351,893500000240000;5472103,461500000200000;8,632710514000053;49,401036020000049;0
153683;08200816222600078840;08;2;22;000;2020;08;18;1;3;1;7;0;1;0;0;0;1;0;461117,264200000090000;5485525,551000000900000;8,462769591000040;49,521102412000062;0
153685;08200819212702038330;08;2;15;110;2020;08;12;4;3;6;4;0;0;0;1;0;0;1;461261,988099999730000;5419442,777899999200000;8,471150880000039;48,926705217000062;0
153686;08200820436100028920;08;4;36;055;2020;08;19;5;3;0;1;0;1;0;0;0;0;0;580383,801199999640000;5295783,270999999700000;10,073673365000047;47,810380936000058;0
153687;08200818211023050820;08;2;11;000;2020;08;20;3;3;3;6;0;1;1;0;0;0;0;444587,812199999580000;5401308,348200000800000;8,245986516000073;48,762316293000026;0
153691;08200817221011025230;08;2;21;000;2020;08;17;2;3;0;5;0;1;1;0;0;0;0;477306,383200000040000;5472881,990599999200000;8,687169627000060;49,408199059000026;0
153692;08200814335300013450;08;3;35;075;2020;08;17;6;3;5;2;0;1;1;0;0;0;0;487138,107800000350000;5289798,718499999500000;8,828367973000070;47,761427686000047;0
153693;08200815426010014300;08;4;25;039;2020;08;13;7;3;5;3;0;1;1;0;0;0;0;566566,756299999540000;5353101,997099999300000;9,898074205000057;48,327596855000081;0
153694;08200820215102030030;08;2;15;109;2020;08;17;5;3;5;3;0;1;1;0;0;0;0;460708,449300000440000;5432989,844200000200000;8,462284680000039;49,048529438000060;0
153695;08200816212010048330;08;2;12;000;2020;08;15;1;3;2;6;0;1;1;0;0;0;0;454317,382899999620000;5429330,942600000600000;8,375238569000032;49,015176871000051;0
153696;08200819121200050390;08;1;21;000;2020;08;07;4;2;0;7;0;1;0;0;0;0;0;515653,847400000320000;5443017,222500000100000;9,214619729000049;49,139783592000072;0
153697;08200820416200055430;08;4;16;041;2020;08;14;5;3;0;7;0;1;0;0;0;0;0;504588,701500000430000;5373976,899599999200000;9,062140141000043;48,518887541000026;0
153699;08200818115100056650;08;1;15;013;2020;08;17;3;3;4;6;0;1;0;0;0;0;0;496348,754599999640000;5389610,832200000100000;8,950417465000044;48,659540578000076;0
153700;08200820335400046440;08;3;35;079;2020;08;08;5;3;0;7;0;1;0;0;0;0;1;501062,417000000370000;5299916,099600000300000;9,014201961000026;47,852586180000060;0
153701;08200817135100030660;08;1;35;016;2020;08;18;2;3;0;1;0;1;0;0;0;0;0;590606,342199999840000;5386025,406099999300000;10,229468235000070;48,620733492000056;0
153702;08200814335200027240;08;3;35;063;2020;08;15;6;3;5;3;0;1;0;0;0;0;0;497853,871000000280000;5287057,332000000400000;8,971375028000068;47,736886592000076;1
153704;08200820111330043650;08;1;11;000;2020;08;14;5;3;5;3;0;1;1;0;0;0;0;516882,804499999620000;5410110,812899999300000;9,230101766000075;48,843739578000054;0
153706;08200816136300046940;08;1;36;070;2020;08;15;1;3;0;1;0;1;0;0;0;0;0;561160,788900000040000;5411346,000499999200000;9,833724048000022;48,852066354000044;0
153707;08200818337010043870;08;3;37;096;2020;08;17;3;2;8;7;0;1;0;0;0;0;0;422764,148000000040000;5267605,025299999900000;7,973352623000039;47,557268447000070;0
153709;08200821311010030890;08;3;36;050;2020;08;11;6;3;5;3;0;1;1;0;0;0;0;399473,318900000300000;5274496,779899999500000;7,662260235000076;47,616073935000031;0
153710;08200816135200015720;08;1;35;032;2020;08;09;1;3;1;1;0;1;1;0;0;0;0;577911,487399999980000;5393986,884899999900000;10,058739228000036;48,694053908000058;0
153711;08200819116100038300;08;1;16;076;2020;08;18;4;3;0;7;0;1;0;0;0;0;0;527987,358000000010000;5400609,660000000100000;9,380799317000026;48,757868383000073;0
153712;08200814335200012650;08;3;35;063;2020;08;11;6;3;0;7;0;1;0;0;0;0;0;497584,067999999970000;5287270,278999999200000;8,967775226000072;47,738801650000028;0
153713;08200817426100051750;08;4;26;087;2020;08;18;2;3;2;6;0;1;0;0;1;0;0;570158,554299999960000;5328739,816199999300000;9,942494254000053;48,108055386000046;0
153714;08200814326100065930;08;3;26;027;2020;08;19;6;3;5;3;0;1;1;0;0;0;0;462378,510499999860000;5308842,709499999900000;8,496322937000059;47,931798461000028;0
153715;08200820317500047510;08;3;17;047;2020;08;15;5;2;0;7;0;1;0;0;0;0;0;417687,514600000340000;5362471,475700000300000;7,887698470000032;48,410019947000080;0
153716;08200817116500074690;08;1;16;050;2020;08;13;2;3;0;4;0;1;0;1;0;0;0;527001,210699999700000;5389072,825400000400000;9,366627311000059;48,654127809000045;0
153718;08200819335300053820;08;3;35;075;2020;08;11;4;3;5;3;0;1;1;0;0;0;0;491486,384399999860000;5288670,125299999500000;8,886414323000054;47,751345210000068;0
153719;08200821135200055720;08;1;35;019;2020;08;21;6;3;5;2;2;1;1;0;0;0;0;585093,775799999940000;5392515,023399999400000;10,156016398000077;48,679877431000079;0
153723;08200814317600033860;08;3;17;145;2020;08;03;6;2;1;5;2;1;1;0;0;0;0;441717,566999999810000;5349039,939799999800000;8,214241857000047;48,291873492000036;0
153726;08200814317500040780;08;3;17;096;2020;08;17;6;3;8;3;0;1;1;0;0;0;0;421076,207000000400000;5369049,258300000800000;7,932242560000077;48,469620174000056;0
153728;08200816436200040100;08;4;36;064;2020;08;00;1;2;8;1;2;1;0;0;0;0;0;545414,728299999610000;5293255,883099999300000;9,606369933000053;47,791060382000069;0
153729;08200814316100036650;08;3;16;011;2020;08;14;6;3;0;3;0;1;0;0;0;0;1;414869,521499999800000;5329991,809100000200000;7,856164235000051;48,117492032000030;0
153731;08200821118200055680;08;1;18;011;2020;08;22;6;3;0;1;2;1;0;0;0;0;0;505275,590900000180000;5408026,088899999900000;9,071876351000071;48,825192870000080;0
153732;08200816121100044890;08;1;25;006;2020;08;12;1;3;0;1;0;1;0;0;0;0;0;506714,377399999650000;5453600,537399999800000;9,092233528000065;49,235146566000026;0
153734;08200817222400033750;08;2;26;028;2020;08;17;2;3;5;3;0;1;1;0;0;0;0;471297,011599999850000;5483944,603800000600000;8,603530710000030;49,507449996000048;0
153735;08200814311400013080;08;3;15;007;2020;08;12;6;2;6;4;0;0;1;1;0;0;0;400607,036999999550000;5295146,565999999600000;7,672633996000059;47,801998556000058;0
153736;08200815421200016760;08;4;21;000;2020;08;14;7;2;0;1;0;1;0;0;0;0;0;573298,175699999560000;5360918,198000000800000;9,990238570000031;48,397160873000075;0
153739;08200814311200025290;08;3;11;000;2020;08;12;6;3;5;2;0;1;1;0;0;0;0;413613,535400000400000;5318811,823799999400000;7,841551318000029;48,016756233000081;0
153740;08200819136100029230;08;1;36;088;2020;08;17;4;3;0;1;0;1;0;0;0;0;0;580566,370799999680000;5411097,002699999100000;10,098160983000071;48,847610745000054;0
153742;08200816311010016350;08;3;15;064;2020;08;07;1;3;4;2;0;1;1;0;0;0;0;421997,999300000260000;5312911,031600000300000;7,955039422000027;47,964753167000026;0
153746;08200818212502022690;08;2;12;000;2020;08;11;3;3;1;5;0;1;1;0;0;0;0;453910,648799999620000;5429616,606699999400000;8,369643926000038;49,017716182000072;0
153748;08200814311010011580;08;3;36;050;2020;08;11;6;3;0;1;0;1;0;0;0;0;0;401392,059100000190000;5276203,576700000100000;7,687402178000070;47,631722155000034;0
153750;08200820212302057400;08;2;12;000;2020;08;14;5;3;0;7;0;1;0;0;0;0;0;456439,054800000040000;5428690,645300000900000;8,404321869000057;49,009570777000079;0
153751;08200816121100044740;08;1;25;006;2020;08;15;1;3;5;3;0;1;0;0;1;0;0;509928,952300000000000;5455277,064500000300000;9,136432675000037;49,250183586000048;0
153752;08200819117010182640;08;1;17;018;2020;08;12;4;3;5;3;0;1;1;0;0;0;0;539143,458999999800000;5396065,997999999700000;9,532153080000057;48,716393736000043;0
153754;08200818111500033630;08;1;11;000;2020;08;23;3;3;0;7;2;1;0;0;0;0;0;512617,449900000360000;5402369,191099999500000;9,171730062000052;48,774198279000075;1
153755;08200820335100038090;08;3;35;043;2020;08;11;5;3;0;1;0;1;0;0;0;0;0;514833,421400000340000;5279355,138599999200000;9,197584873000039;47,667418349000059;0
153756;08200818128100049820;08;1;28;126;2020;08;11;3;2;0;1;0;1;0;0;0;0;0;568588,691800000150000;5479908,719200000200000;9,946647042000052;49,467953318000070;0
153757;08200820416000037750;08;4;16;022;2020;08;13;5;3;0;7;0;1;0;0;0;0;0;510539,855999999680000;5375393,091000000000000;9,142766222000034;48,531556361000071;0
153760;08200815415200015380;08;4;15;053;2020;08;14;7;3;1;6;0;1;1;0;0;0;0;539580,906399999750000;5362304,147800000400000;9,534887523000066;48,412647723000077;0
153761;08200820119200028810;08;1;19;020;2020;08;11;5;3;6;6;0;0;1;1;0;0;0;519639,592400000430000;5405379,331700000900000;9,267448048000063;48,801095025000052;0
153762;08200821231202032270;08;2;36;071;2020;08;07;6;2;7;7;0;1;0;0;0;0;0;468882,811200000350000;5422462,710599999900000;8,574955945000056;48,954301010000052;0
153763;08200819111500056060;08;1;11;000;2020;08;17;4;2;0;7;0;1;0;0;0;0;0;520101,945700000040000;5400699,491699999200000;9,273515375000045;48,758981065000057;0
153764;08200814231000064610;08;2;31;000;2020;08;22;6;2;0;1;2;1;0;0;0;0;0;475145,349200000060000;5414528,345799999300000;8,660980458000040;48,883210224000038;0
153765;08200817417200077710;08;4;17;002;2020;08;16;2;3;5;3;0;1;1;0;0;0;0;488800,026200000200000;5346132,402400000000000;8,849073005000037;48,268300353000029;1
153766;08200814222200013180;08;2;22;000;2020;08;17;6;3;0;4;0;1;1;1;0;0;0;461569,030899999660000;5481771,627299999800000;8,469376498000031;49,487366780000059;0
153768;08200817115300034800;08;1;15;041;2020;08;19;2;3;6;4;0;0;1;1;0;0;0;492943,381799999620000;5402203,987099999600000;8,903958432000025;48,772800031000031;0
153769;08200814222014184380;08;2;26;107;2020;08;12;6;2;0;1;0;1;0;0;0;0;0;474219,787999999710000;5482250,944000000100000;8,644012160000045;49,492347404000043;0
153772;08200816118200032650;08;1;18;019;2020;08;17;1;3;0;3;0;1;1;0;0;0;0;504913,913999999870000;5403910,844000000500000;9,066899490000026;48,788175450000040;1
153773;08200817119200022900;08;1;19;020;2020;08;18;2;3;0;3;0;1;1;0;0;0;0;520103,452399999830000;5406549,818800000500000;9,273822048000056;48,811609684000075;1
153774;08200814222014011010;08;2;22;000;2020;08;05;6;2;5;3;1;1;1;0;0;0;0;463368,099999999630000;5484460,766000000800000;8,493966183000055;49,511665464000032;0
153778;08200817335100048510;08;3;35;043;2020;08;09;2;3;5;3;0;1;1;0;0;0;0;511623,394700000060000;5279977,051400000200000;9,154843251000045;47,673079782000059;0
153781;08200816421300017510;08;4;21;000;2020;08;17;1;3;1;1;0;1;1;0;0;0;0;570209,285899999550000;5359942,596300000300000;9,948351470000034;48,388736565000045;0
153782;08200814216300042290;08;2;16;015;2020;08;16;6;2;5;3;0;1;1;0;0;0;0;451179,061099999580000;5405828,615900000600000;8,335132383000030;48,803529564000030;0
153784;08200821117010053180;08;1;17;049;2020;08;14;6;2;5;3;0;1;1;0;0;0;0;555338,172399999570000;5392781,139900000800000;9,751862135000067;48,685618314000067;0
153788;08200818231000066240;08;2;31;000;2020;08;10;3;3;6;7;0;0;1;1;0;0;0;475049,755400000140000;5416471,439300000700000;8,659557917000029;48,900685728000042;0
153789;08200817231102022760;08;2;36;046;2020;08;06;2;3;5;3;0;1;1;0;0;0;0;486129,888000000270000;5416895,002599999300000;8,810728953000023;48,904843188000029;0
153792;08200816226300028710;08;2;26;056;2020;08;12;1;3;5;3;0;1;1;0;0;0;0;485638,361100000330000;5470047,092100000000000;8,802127061000022;49,382952996000029;0
153793;08200814212010039250;08;2;12;000;2020;08;11;6;3;0;7;0;0;1;1;0;0;0;456010,305900000040000;5426931,599400000600000;8,398649776000070;48,993717537000066;0