OBJECTID;UIDENTSTLAE;ULAND;UREGBEZ;UKREIS;UGEMEINDE;UJAHR;UMONAT;USTUNDE;UWOCHENTAG;UKATEGORIE;UART;UTYP1;ULICHTVERH;IstRad;IstPKW;IstFuss;IstKrad;IstGkfz;IstSonstige;LINREFX;LINREFY;XGCSWGS84;YGCSWGS84;STRZUSTAND
153794;08200819221011028110;08;2;21;000;2020;08;18;4;3;0;3;0;1;0;0;0;0;1;476002,964999999850000;5472531,125000000000000;8,669223582000029;49,404993077000029;0
153795;08200820436100065740;08;4;36;010;2020;08;05;5;3;0;7;2;1;0;0;0;0;0;567356,329400000160000;5306589,739900000400000;9,901375624000025;47,909094639000045;0
153796;08200816116500034640;08;1;16;071;2020;08;14;1;3;0;7;0;1;0;0;0;0;0;528347,374300000260000;5391393,671000000100000;9,385064362000037;48,674946369000054;0
153798;08200817215202021690;08;2;15;097;2020;08;14;2;3;0;1;0;1;0;0;0;0;0;475557,538200000300000;5443737,846400000200000;8,664843353000038;49,145978938000042;0
153799;08200814212010030710;08;2;12;000;2020;08;15;6;2;4;2;0;1;1;0;0;0;0;455185,038700000380000;5428485,621099999200000;8,387197357000048;49,007636769000044;0
153800;08200815335300043890;08;3;35;075;2020;08;18;7;3;0;1;0;1;0;0;0;0;0;489054,601499999870000;5288921,446399999800000;8,853964098000063;47,753569789000039;0
153802;08200821311010031930;08;3;15;047;2020;08;09;6;3;5;3;0;1;1;0;0;0;0;415347,625000000000000;5321042,538000000600000;7,864360028000021;48,037054465000040;0
153803;08200815335100056380;08;3;35;043;2020;08;09;7;3;6;7;0;0;1;1;0;0;0;513598,663900000040000;5280846,976299999300000;9,181184143000053;47,680868535000059;0
153804;08200820215502030070;08;2;15;106;2020;08;13;5;3;6;1;0;1;0;1;0;0;0;464829,525000000370000;5452722,974800000000000;8,516958657000032;49,226279552000051;0
153806;08200819127202026550;08;1;27;014;2020;08;12;4;3;0;1;0;1;0;0;0;0;0;578247,036999999550000;5442901,513299999800000;10,072677163000037;49,133959224000080;0
153809;08200820415100027800;08;4;15;050;2020;08;08;5;2;5;2;0;1;1;0;0;0;0;522558,818400000220000;5375087,358200000600000;9,305549166000048;48,528488929000048;1
153811;08200814212010022010;08;2;12;000;2020;08;16;6;3;1;7;0;1;1;0;0;0;0;455465,678799999880000;5428418,425699999600000;8,391041991000066;49,007052656000042;0
153812;08200815335100014550;08;3;35;043;2020;08;20;7;3;0;1;1;1;0;0;0;0;0;514521,959699999540000;5280185,663100000500000;9,193463766000036;47,674898191000068;0
153813;08200820111500053460;08;1;11;000;2020;08;11;5;3;6;2;0;0;1;1;0;0;0;512718,907499999740000;5401988,861700000200000;9,173099184000023;48,770774796000069;0
153815;08200818437200187320;08;4;37;008;2020;08;10;3;3;9;7;0;1;0;0;0;0;0;519899,713999999690000;5328582,792999999600000;9,267338205000044;48,110196560000077;0
153817;08200814135010034970;08;1;35;019;2020;08;20;6;2;8;1;2;1;0;0;0;0;0;584430,576999999580000;5391926,788000000600000;10,146888474000036;48,674676703000046;1
153820;08200817436000021310;08;4;35;029;2020;08;14;2;2;5;3;0;1;1;0;0;0;0;543843,371199999940000;5272602,265900000900000;9,583314178000023;47,605344693000063;0
153821;08200814125102021260;08;1;25;026;2020;08;09;6;1;0;1;0;1;0;0;0;0;0;493437,764100000260000;5442271,155200000900000;8,910041321000051;49,133236832000080;0
153822;08200820326200055320;08;3;26;003;2020;08;16;5;3;5;3;0;1;1;0;0;0;0;465150,258999999610000;5319799,623999999800000;8,532540690000076;48,030533665000064;0
153824;08200814121500040730;08;1;25;084;2020;08;12;6;3;0;6;0;1;0;0;0;0;1;525150,928100000140000;5468142,358899999400000;9,346403807000058;49,365470197000036;0
153825;08200819336400048090;08;3;36;091;2020;08;12;4;3;5;3;0;1;1;0;0;0;0;396635,274199999870000;5272575,810200000200000;7,624957593000033;47,598347844000045;0
153831;08200816311010060660;08;3;11;000;2020;08;15;1;3;4;1;0;1;1;0;0;0;0;415064,598799999800000;5312840,244799999500000;7,862187694000056;47,963233899000045;0
153832;08200814117010026800;08;1;17;024;2020;08;17;6;3;7;1;0;1;0;0;0;0;0;561963,428799999880000;5385998,323899999300000;9,840852503000065;48,623983025000030;0
153833;08200819231000057240;08;2;31;000;2020;08;18;4;3;5;3;0;1;1;0;0;0;0;479934,823599999770000;5414218,968900000700000;8,726323607000040;48,880600718000039;0
153834;08200820311100032290;08;3;15;015;2020;08;15;5;3;0;3;0;1;1;0;0;0;0;393867,394199999980000;5321771,472799999600000;7,576097712000035;48,040401517000078;0
153835;08200817111130053040;08;1;11;000;2020;08;15;2;3;5;2;0;1;0;0;1;0;0;511784,177299999630000;5402908,404999999300000;9,160404290000031;48,779065351000042;1
153836;08200814116400079420;08;1;16;033;2020;08;17;6;3;0;1;0;1;0;0;0;0;0;533820,551400000230000;5387800,840500000900000;9,459114872000043;48,642353270000058;1
153840;08200817222400049610;08;2;26;038;2020;08;13;2;3;4;2;0;1;0;0;0;1;0;471003,827700000260000;5480577,158600000700000;8,599728179000067;49,477147137000031;0
153841;08200814115400024110;08;1;15;029;2020;08;22;6;3;0;4;2;1;0;1;0;0;0;497257,330400000330000;5398687,460200000600000;8,962695288000020;48,741199341000026;0
153842;08200820221400052840;08;2;21;000;2020;08;19;5;3;6;2;0;0;1;1;0;0;0;475792,083899999970000;5469472,393100000900000;8,666503142000067;49,377471886000080;0
153843;08200816222200040660;08;2;22;000;2020;08;00;1;3;0;7;2;0;0;1;0;0;1;461315,169499999840000;5482155,648299999500000;8,465833965000059;49,490804711000067;0
153846;08200820436100027810;08;4;36;055;2020;08;08;5;2;0;7;0;1;0;0;0;0;0;575828,312500000000000;5298330,490800000700000;10,013282441000058;47,833848813000031;0
153847;08200818136010030390;08;1;36;065;2020;08;17;3;3;0;1;0;1;0;0;0;0;0;559783,313000000080000;5405731,882500000300000;9,814130244000069;48,801701733000073;0
153848;08200821116100066380;08;1;16;019;2020;08;09;6;3;5;3;0;1;1;0;0;0;0;522456,418600000440000;5400361,357000000800000;9,305532408000033;48,755858767000063;0
153849;08200818215102039800;08;2;15;102;2020;08;15;3;3;2;6;0;1;1;0;0;0;0;456231,338000000450000;5437479,736400000800000;8,400531868000030;49,088614370000073;0
153850;08200817216300019620;08;2;16;015;2020;08;11;2;3;5;3;0;1;1;0;0;0;0;450887,532999999820000;5405145,360600000200000;8,331244207000054;48,797360500000082;0
153852;08200815325000018050;08;3;26;055;2020;08;17;7;2;5;2;0;1;1;0;0;0;0;440903,980399999770000;5332629,643300000600000;8,205561668000030;48,144171401000051;0
153853;08200820212402380220;08;2;12;000;2020;08;03;5;3;0;7;2;1;0;0;0;0;0;456887,300099999640000;5427964,895999999700000;8,410528163000038;49,003074047000041;0
153855;08200816116100046690;08;1;16;019;2020;08;17;1;2;0;7;0;1;0;0;0;0;0;522563,097799999640000;5398718,424699999400000;9,306893802000047;48,741075285000079;0
153856;08200819119400028590;08;1;19;091;2020;08;14;4;2;0;1;0;1;0;0;0;0;0;528122,429800000040000;5407204,997099999300000;9,383088433000069;48,817192290000037;0
153857;08200816115100032110;08;1;15;003;2020;08;10;1;3;5;3;0;1;1;0;0;0;0;501242,881599999960000;5392539,894600000200000;9,016886669000030;48,685900237000055;0
153859;08200820335100043610;08;3;35;066;2020;08;13;5;3;0;1;0;1;0;0;0;0;0;503342,536100000140000;5283704,134099999400000;9,044556858000021;47,706710693000048;0
153861;08200814111500013490;08;1;11;000;2020;08;13;6;3;5;2;0;1;1;0;0;0;0;519010,324599999930000;5404085,913899999100000;9,258819037000023;48,789479202000052;0
153865;08200823316100063030;08;3;16;037;2020;08;13;1;3;0;1;0;1;0;0;0;0;0;408092,280700000000000;5333604,412300000000000;7,764345066000033;48,149044703000072;0
153866;08200827436300049730;08;4;36;049;2020;08;18;5;2;6;2;0;0;1;1;0;0;0;577388,583200000230000;5282643,329099999700000;10,031335164000041;47,692539686000032;0
153869;08200828311200052770;08;3;11;000;2020;08;18;6;3;0;7;0;1;0;0;0;0;0;414250,192599999720000;5318097,099800000000000;7,850230102000069;48,010412806000033;1
153870;08200823311010039500;08;3;11;000;2020;08;16;1;3;5;3;0;1;1;0;0;0;0;412344,395700000230000;5317654,813799999700000;7,824772276000033;48,006175747000043;0
153871;08200827222014048240;08;2;22;000;2020;08;18;5;2;5;2;0;1;1;0;0;0;0;463429,000599999910000;5477784,618699999500000;8,495424834000062;49,451620446000049;0
153874;08200827221011055620;08;2;21;000;2020;08;08;5;3;3;2;0;1;1;0;0;0;0;475680,897499999960000;5474099,077199999200000;8,664688213000034;49,419083736000061;0
153877;08200827215302049160;08;2;15;094;2020;08;10;5;3;5;3;0;1;1;0;0;0;0;486371,629099999550000;5439170,237700000400000;8,813280061000057;49,105226792000053;0
153878;08200827212702071070;08;2;15;046;2020;08;16;5;3;5;3;0;1;1;0;0;0;0;451171,518500000240000;5412311,771900000100000;8,334257413000046;48,861846721000063;0
153879;08200828222014053090;08;2;22;000;2020;08;16;6;2;3;2;0;1;1;0;0;0;0;462828,880900000220000;5486105,263699999100000;8,486362813000028;49,526423986000054;0
153880;08200827212010047170;08;2;12;000;2020;08;09;5;2;2;6;0;1;0;0;0;0;0;457352,149000000210000;5428610,394899999700000;8,416815805000056;49,008912695000049;0
153881;08200823231000049960;08;2;37;004;2020;08;18;1;3;6;2;0;0;1;1;0;0;0;453800,076000000350000;5369931,645999999700000;8,374828055000023;48,480813763000072;0
153882;08200827136300064070;08;1;36;065;2020;08;11;5;3;6;7;0;0;1;1;0;0;0;556905,456299999730000;5404679,997199999200000;9,774797641000021;48,792510031000063;0
153883;08200827135200049050;08;1;35;019;2020;08;10;5;3;0;1;0;1;1;0;0;0;0;585486,846199999560000;5395442,586200000700000;10,161961031000033;48,706154950000041;0
153884;08200823215302061140;08;2;15;007;2020;08;19;1;2;6;4;0;0;1;1;0;0;0;479096,792299999860000;5431387,459400000100000;8,714011974000073;49,035013398000046;0
153888;08200827121200073870;08;1;21;000;2020;08;19;5;3;5;3;0;1;0;0;0;0;0;514009,224000000390000;5440572,425100000600000;9,191986576000033;49,117831458000069;0
153890;08200827436000055540;08;4;35;035;2020;08;14;5;2;4;6;0;1;0;0;0;0;0;542503,967000000180000;5284922,714999999900000;9,566693346000022;47,716284472000041;0
153891;08200827119010066480;08;1;19;068;2020;08;12;5;2;6;4;0;1;0;1;0;0;0;525180,756900000390000;5413881,427400000400000;9,343427729000041;48,877377615000057;0
153894;08200827116500068690;08;1;16;046;2020;08;08;5;3;8;1;0;1;0;0;0;0;0;527472,018099999990000;5378406,833599999500000;9,372313898000073;48,558155555000042;0
153895;08200823135200050630;08;1;35;019;2020;08;16;1;2;0;1;0;1;0;0;0;0;0;585126,289300000300000;5394122,071699999300000;10,156789061000040;48,694327228000077;0
153896;08200827116400049490;08;1;16;029;2020;08;14;5;3;0;1;0;1;0;0;0;0;0;538125,204900000240000;5387015,307099999900000;9,517476025000065;48,635039019000033;0
153898;08200823119200064540;08;1;19;020;2020;08;18;1;2;0;1;0;1;0;0;0;0;0;520477,760700000450000;5405971,098700000000000;9,278891434000059;48,806391406000046;0
153900;08200829126200075580;08;1;26;011;2020;08;18;7;3;6;7;0;1;0;1;0;0;0;532716,066499999720000;5445678,015200000300000;9,448759297000038;49,163045932000045;0
153903;08200823119100075300;08;1;19;044;2020;08;15;1;3;5;3;0;1;1;0;0;0;0;542313,373999999840000;5425454,678999999500000;9,578281994000065;48,980549533000044;0
153905;08200827115100076750;08;1;15;003;2020;08;17;5;3;5;3;0;1;1;0;0;0;0;500416,076999999580000;5392055,927600000100000;9,005652630000043;48,681547514000044;0
153906;08200827111500068980;08;1;11;000;2020;08;16;5;3;5;3;0;1;1;0;0;0;0;507738,591300000440000;5398059,233999999200000;9,105245392000029;48,735505779000050;0
153908;08200823118400049470;08;1;18;048;2020;08;20;1;3;0;7;0;1;0;0;0;0;0;515618,815799999980000;5415387,966199999700000;9,213076003000026;48,891244689000075;0
153909;08200827111500068780;08;1;11;000;2020;08;05;5;3;5;2;2;1;1;0;0;0;0;512531,232300000270000;5401634,871200000900000;9,170534229000054;48,767594127000052;0
153911;08200827111120061120;08;1;11;000;2020;08;16;5;2;0;7;0;1;0;0;0;0;0;513965,323499999940000;5403425,703199999400000;9,190111111000022;48,783673776000057;0
153912;08200826436400066580;08;4;36;082;2020;08;11;4;3;5;3;0;1;1;0;0;0;0;547458,822800000200000;5295682,169500000800000;9,633926181000049;47,812742142000047;0
153913;08200826436300046510;08;4;36;094;2020;08;13;4;3;0;1;0;1;0;0;0;0;0;571646,968700000080000;5278461,152400000000000;9,954143562000070;47,655577115000028;0
153914;08200823117400058380;08;1;17;051;2020;08;13;1;3;0;1;0;1;0;0;0;0;0;537993,239699999800000;5399669,749700000500000;9,516848771000070;48,748883052000053;1
153916;08200826436200064860;08;4;36;064;2020;08;20;4;2;4;2;1;1;0;0;0;0;1;546598,101200000380000;5285975,162499999600000;9,621388701000058;47,725470916000063;0
153917;08200826436200061280;08;4;36;064;2020;08;17;4;2;0;1;0;1;0;0;0;0;0;545213,243499999870000;5288895,674200000200000;9,603226054000061;47,751845555000045;0
153918;08200828231000072290;08;2;31;000;2020;08;17;6;3;1;5;0;1;1;0;0;0;0;479090,474399999720000;5415667,860500000400000;8,714733232000071;48,893606580000039;1
153919;08200823111500186190;08;1;11;000;2020;08;08;1;3;3;2;0;1;0;0;0;0;1;516954,146599999630000;5403010,161399999600000;9,230780755000069;48,779861320000066;0
153920;08200826436000050370;08;4;35;016;2020;08;09;4;2;3;2;0;1;1;0;0;0;0;534015,995900000450000;5278344,318199999600000;9,453016940000055;47,657599052000080;0
153921;08200823111500052670;08;1;11;000;2020;08;15;1;3;5;2;0;1;1;0;0;0;0;512040,457100000230000;5403428,092800000700000;9,163907936000044;48,783735514000057;0
153922;08200826435100050610;08;4;35;024;2020;08;13;4;3;3;2;0;1;1;0;0;0;0;527180,688000000080000;5279172,629799999300000;9,362039570000036;47,665375129000040;0
153925;08200826416200065970;08;4;16;023;2020;08;05;4;3;0;7;2;1;0;0;0;0;0;507501,697200000290000;5372765,876199999800000;9,101566065000043;48,507964679000054;0
153926;08200823111130039580;08;1;11;000;2020;08;17;1;3;1;5;0;1;1;0;0;0;0;512074,549599999560000;5401867,565700000200000;9,164326212000049;48,769696461000080;0
153927;08200826416010066600;08;4;16;041;2020;08;07;4;3;5;3;0;1;0;0;0;0;1;503687,281299999920000;5373568,761399999300000;9,049929517000066;48,515221720000056;0
153929;08200822435100059950;08;4;35;016;2020;08;20;7;3;5;3;1;1;0;0;0;0;1;536470,709999999960000;5278751,983999999200000;9,485741088000054;47,661133252000070;0
153930;08200826336100047320;08;3;36;050;2020;08;19;4;3;5;2;0;1;1;0;0;0;0;401742,145700000230000;5276397,556700000500000;7,692017476000046;47,633520304000058;0
153931;08200826335300057480;08;3;35;022;2020;08;13;4;3;9;1;0;1;0;0;0;0;0;482171,483699999750000;5300115,356799999300000;8,761668442000030;47,854132494000055;0
153932;08200826327200048270;08;3;27;046;2020;08;17;4;3;9;1;0;1;0;0;0;0;0;480950,802899999540000;5323939,596300000300000;8,744294922000051;48,068447931000037;0
153933;08200822435100058140;08;4;35;057;2020;08;09;7;3;2;6;0;1;0;0;0;0;0;544003,212299999780000;5279804,763100000100000;9,586165032000054;47,670136794000030;0
153934;08200826326400051670;08;3;26;041;2020;08;12;4;3;6;7;0;0;1;1;0;0;0;464897,990699999970000;5331181,424000000600000;8,528221594000058;48,132919101000027;0
153935;08200826326400046410;08;3;26;074;2020;08;16;4;3;5;3;0;1;1;0;0;0;0;460132,829099999740000;5324545,162100000300000;8,464799686000049;48,072934369000052;0
153936;08200822425000039680;08;4;25;134;2020;08;15;7;3;6;4;0;0;1;1;0;0;0;545470,642099999820000;5373139,061000000700000;9,615653240000029;48,509720489000074;0
153937;08200826316200069740;08;3;16;055;2020;08;13;4;3;0;1;0;1;0;0;0;0;0;429737,384999999780000;5332346,550200000400000;8,055513335000057;48,140489258000059;0
153938;08200829212702059030;08;2;15;110;2020;08;17;7;3;5;3;0;1;1;0;0;0;0;461089,943300000390000;5420124,172800000800000;8,468737213000054;48,932823803000076;0
153941;08200829317300066930;08;3;17;065;2020;08;13;7;3;0;7;0;1;0;0;0;0;0;416573,482200000440000;5354413,996999999500000;7,874246398000025;48,337397571000054;0
153943;08200826231000175470;08;2;36;013;2020;08;12;4;3;6;6;0;0;1;1;0;0;0;474854,338000000450000;5408082,379000000700000;8,657407005000039;48,825212607000026;0
153946;08200826222014174110;08;2;22;000;2020;08;11;4;2;6;7;0;0;1;1;0;0;0;466205,232800000350000;5481621,484400000400000;8,533399843000041;49,486292217000027;0
153947;08200822335300049830;08;3;35;075;2020;08;15;7;3;5;2;0;1;1;0;0;0;0;488849,967199999840000;5287874,750700000700000;8,851260667000076;47,744148583000026;0
153950;08200826221011046720;08;2;26;085;2020;08;11;4;2;2;6;0;1;0;0;0;0;0;489349,134899999950000;5451560,716499999200000;8,853746356000045;49,216742073000034;0
153951;08200826216100046460;08;2;16;012;2020;08;16;4;2;3;6;0;1;0;0;0;0;0;442290,741999999620000;5419860,622999999700000;8,212118791000023;48,928985461000082;0
153952;08200822325202066860;08;3;25;049;2020;08;01;7;3;0;7;2;1;0;0;0;0;0;473014,483699999750000;5334068,287499999600000;8,637123327000040;48,159287571000050;0
153953;08200827336300063240;08;3;36;081;2020;08;17;5;3;5;3;0;1;1;0;0;0;0;411084,092699999920000;5277780,709200000400000;7,816065067000068;47,647313210000050;0
153954;08200826212502046110;08;2;12;000;2020;08;06;4;3;4;2;0;1;0;0;0;1;0;454624,583800000140000;5429113,416999999400000;8,379463951000048;49,013242884000078;0
153955;08200822317300038960;08;3;17;065;2020;08;16;7;3;8;1;0;1;0;0;0;0;0;417466,615299999710000;5354614,211200000700000;7,886256683000056;48,339315795000061;0
153956;08200827335300060640;08;3;35;075;2020;08;20;5;3;0;1;1;1;0;0;0;0;0;489000,033900000150000;5291506,688899999500000;8,853170602000034;47,776829651000071;0
153957;08200826212302046800;08;2;12;000;2020;08;18;4;3;4;2;0;1;1;0;0;0;0;456521,273299999540000;5428759,854800000800000;8,405438697000022;49,010199123000064;0
153961;08200828212502070150;08;2;12;000;2020;08;11;6;3;6;4;0;1;0;1;0;0;0;454798,985700000080000;5428800,721799999500000;8,381883679000055;49,010442969000053;0
153962;08200826212010063680;08;2;12;000;2020;08;14;4;2;4;2;0;1;1;0;0;0;0;460094,259499999690000;5427195,704700000600000;8,454449725000075;48,996370686000034;0
153963;08200826212010063000;08;2;12;000;2020;08;16;4;3;4;2;0;1;1;0;0;0;0;455888,531899999830000;5427611,146700000400000;8,396911400000022;48,999821460000078;0
153964;08200826212010059220;08;2;12;000;2020;08;21;4;2;3;2;2;1;1;0;0;0;0;453548,798999999650000;5429836,699799999600000;8,364670088000025;49,019668787000057;0
153965;08200822316100037010;08;3;16;020;2020;08;16;7;3;0;1;0;1;0;0;0;0;0;408249,473500000310000;5339529,167300000800000;7,765178766000076;48,202359511000054;0
153967;08200826212010050880;08;2;12;000;2020;08;19;4;3;4;2;0;1;1;0;0;0;0;454615,161000000310000;5429305,219000000500000;8,379313647000060;49,014967463000062;0
153969;08200826127100062150;08;1;27;100;2020;08;17;4;3;0;1;0;1;0;0;0;0;0;549340,182000000030000;5434521,315999999600000;9,675411133000068;49,061582262000059;0
153970;08200828222600051840;08;2;22;000;2020;08;23;6;3;3;7;2;1;1;0;0;0;0;461346,337600000200000;5483143,220799999300000;8,466167715000040;49,499689369000066;0
153973;08200826121400072600;08;1;25;061;2020;08;19;4;2;4;2;0;1;1;0;0;0;0;503773,656999999660000;5447319,809000000400000;9,051778669000044;49,178674790000059;0
153975;08200822311300071140;08;3;11;000;2020;08;13;7;2;0;7;0;1;0;0;0;0;0;411968,363900000230000;5315906,809399999700000;7,820090422000021;47,990400277000049;0
153977;08200822311010048820;08;3;11;000;2020;08;23;7;3;0;1;2;1;0;0;0;0;0;410710,139899999830000;5314737,640599999600000;7,803473041000075;47,979708870000081;0
153978;08200826119500068870;08;1;19;085;2020;08;15;4;2;0;1;0;1;0;0;0;0;0;529190,737099999560000;5412655,765000000600000;9,398029085000076;48,866176200000041;0
153980;08200822311010036240;08;3;11;000;2020;08;14;7;3;5;3;0;1;1;0;0;0;0;411189,845399999990000;5315194,510700000500000;7,809805408000045;47,983885317000045;0
153982;08200828212010057840;08;2;12;000;2020;08;16;6;3;1;5;0;1;1;0;0;0;0;457425,278800000440000;5428391,449599999900000;8,417838719000031;49,006948302000069;0
153983;08200826116400046260;08;1;16;033;2020;08;14;4;3;5;7;0;1;0;0;0;0;0;531123,715800000350000;5389650,155999999500000;9,422645358000068;48,659129666000069;0
153984;08200826115300068360;08;1;15;028;2020;08;10;4;3;5;3;0;1;1;0;0;0;0;501740,109500000250000;5404942,744000000900000;9,023694748000025;48,797475341000052;0
153985;08200822311010036220;08;3;15;131;2020;08;13;7;3;0;7;0;1;0;0;0;0;0;405733,992499999700000;5308510,694100000000000;7,738171099000056;47,922983111000065;0
153987;08200825436000065960;08;4;35;024;2020;08;20;3;3;0;1;0;1;0;0;0;0;0;526967,620299999600000;5279176,965700000500000;9,359201890000065;47,665423061000070;0
153988;08200822231302034160;08;2;36;040;2020;08;11;7;3;0;1;0;1;0;0;0;0;0;485935,726800000300000;5420690,956199999900000;8,807948569000075;48,938986025000077;0
153989;08200825435200057700;08;4;35;054;2020;08;14;3;2;3;6;0;1;0;0;0;0;0;522399,354799999860000;5280751,142200000600000;9,298435428000062;47,679761198000051;0
153993;08200829231000072020;08;2;31;000;2020;08;18;7;3;5;3;0;1;1;0;0;0;0;479302,443099999800000;5415971,087400000500000;8,717609701000072;48,896341427000038;0
153994;08200828136300067040;08;1;36;065;2020;08;15;6;3;5;3;0;1;1;0;0;0;0;558974,073599999770000;5405800,065899999800000;9,803120939000053;48,802392349000058;1
153995;08200825335400056470;08;3;35;079;2020;08;09;3;2;0;6;0;0;1;1;0;0;0;501443,950299999680000;5300239,917799999900000;9,019303225000044;47,855498963000059;0
153999;08200825327200058220;08;3;27;046;2020;08;19;3;3;5;3;0;1;1;0;0;0;0;479970,195700000040000;5325733,792899999800000;8,731047865000051;48,084560213000032;0
154000;08200825327100064630;08;3;27;025;2020;08;10;3;3;3;1;0;1;0;0;0;0;0;480500,056699999610000;5309255,673800000900000;8,738911947000077;47,936321738000061;0
154001;08200822221011037960;08;2;22;000;2020;08;19;7;3;5;3;0;1;1;0;0;0;0;461919,552600000050000;5485184,646800000200000;8,473886955000069;49,518087112000046;0
154002;08200825326100066360;08;3;26;012;2020;08;22;3;2;4;6;2;1;1;0;0;0;0;463050,579499999990000;5312310,574799999600000;8,505022439000072;47,963037724000060;0
154004;08200825317500044370;08;3;17;096;2020;08;18;3;3;0;7;0;1;0;0;0;0;0;421309,876500000250000;5366687,759299999100000;7,935847405000061;48,448407983000038;0
154007;08200829212102051950;08;2;12;000;2020;08;03;7;2;8;7;2;1;0;0;0;0;0;463283,057000000030000;5428069,274000000200000;8,497962885000050;49,004426563000038;0
154008;08200825311010059840;08;3;11;000;2020;08;16;3;3;6;3;0;1;0;1;0;0;0;414789,235999999570000;5316821,207200000100000;7,857709798000030;47,999007761000030;0
154010;08200822212010042660;08;2;12;000;2020;08;11;7;3;6;7;0;0;1;1;0;0;0;452851,982099999670000;5429963,348999999500000;8,355125380000061;49,020755133000080;0
154011;08200827326300070300;08;3;26;052;2020;08;14;5;3;6;1;0;0;1;1;0;0;0;450271,578200000340000;5330555,863700000600000;8,331724379000036;48,126316330000066;0
154014;08200825231000041170;08;2;31;000;2020;08;10;3;3;6;4;0;0;0;1;0;0;1;477616,957899999800000;5415511,700600000100000;8,694639023000036;48,892150339000068;0
154015;08200828415400069140;08;4;15;061;2020;08;23;6;3;0;7;2;1;0;0;0;0;0;516742,903500000010000;5373728,182600000900000;9,226721361000045;48,516443503000062;0
154020;08200825222400172200;08;2;26;105;2020;08;15;3;3;5;3;0;1;1;0;0;0;0;471708,080299999560000;5476868,560699999300000;8,609714666000059;49,443822692000026;0
154021;08200825222014049850;08;2;22;000;2020;08;12;3;3;0;7;0;1;0;0;0;0;1;461631,879700000400000;5483685,015599999600000;8,470058433000077;49,504580642000064;0
154023;08200827317600051370;08;3;17;040;2020;08;15;5;3;0;7;0;1;0;0;0;0;0;431790,076999999580000;5347873,739000000100000;8,080605319000028;48,280390597000064;0
154025;08200825212010064340;08;2;12;000;2020;08;18;3;2;0;5;0;1;1;0;0;0;0;455009,817800000310000;5428499,531500000500000;8,384799978000046;49,007749145000048;0
154027;08200822121500078610;08;1;25;065;2020;08;17;7;3;5;3;0;1;0;0;0;0;0;516916,386900000270000;5449431,117200000200000;9,232199090000052;49,197444889000053;0
154029;08200822118100046340;08;1;18;074;2020;08;11;7;3;0;7;0;1;0;0;0;0;0;511228,306300000290000;5429055,291400000500000;9,153556647000073;49,014286390000052;0
154030;08200825135200041910;08;1;35;019;2020;08;16;3;3;0;1;0;1;0;0;0;0;0;584961,883600000290000;5392952,166300000600000;10,154314847000023;48,683827184000052;0
154033;08200825119010067770;08;1;19;020;2020;08;12;3;2;6;4;0;0;1;1;0;0;0;519959,272699999620000;5407485,381999999300000;9,271903762000022;48,820030475000067;0
154036;08200825119010060210;08;1;19;067;2020;08;14;3;2;5;3;0;1;1;0;0;0;0;537782,029000000100000;5406315,850999999800000;9,514586404000056;48,808681575000037;0
154038;08200825116400059100;08;1;16;033;2020;08;15;3;3;5;3;0;1;1;0;0;0;0;533444,849000000390000;5388491,839999999900000;9,454070671000068;48,648589641000058;0
154039;08200825115300068180;08;1;15;041;2020;08;15;3;3;5;3;0;1;1;0;0;0;0;494316,182099999860000;5402133,985200000900000;8,922643385000072;48,772184351000078;0
154044;08200822111500061530;08;1;11;000;2020;08;22;7;2;0;1;2;1;0;0;0;0;0;519553,758200000040000;5403759,625800000500000;9,266202090000036;48,786527112000044;0
154045;08200824436400072750;08;4;36;082;2020;08;17;2;3;5;3;0;1;1;0;0;0;0;547898,599499999550000;5295374,901499999700000;9,639766120000047;47,809945087000074;0
154048;08200824426010051040;08;4;21;000;2020;08;17;2;3;5;3;0;1;1;0;0;0;0;575772,212000000290000;5365090,585999999200000;10,024410453000030;48,434399411000072;0
154049;08200822111500048580;08;1;11;000;2020;08;15;7;3;3;6;0;1;1;0;0;0;0;511417,328999999910000;5400835,581399999600000;9,155353295000055;48,760425186000077;0
154050;08200824416200070450;08;4;16;041;2020;08;03;2;2;0;1;2;1;0;0;0;0;0;502680,933500000280000;5374499,877499999500000;9,036308539000061;48,523603487000059;0
154051;08200824415400073280;08;4;15;061;2020;08;15;2;3;0;7;0;1;1;0;0;0;0;515986,129300000150000;5371805,314600000200000;9,216400038000074;48,499164485000051;0
154054;08200824325102066900;08;3;25;045;2020;08;15;2;3;4;2;0;1;1;0;0;0;0;468590,324400000270000;5349561,361300000900000;8,576484305000065;48,298469076000060;0
154055;08200821435200055740;08;4;35;053;2020;08;10;6;3;4;6;0;1;1;0;0;0;0;506779,171299999580000;5293853,187000000800000;9,090526268000076;47,798000536000075;0
154056;08200824317100042930;08;3;17;110;2020;08;12;2;3;0;7;0;1;0;0;0;0;0;431163,442300000230000;5381542,643100000900000;8,066629286000023;48,583185337000032;0
154059;08200824311300040850;08;3;11;000;2020;08;12;2;2;0;7;0;1;0;0;0;0;0;414247,542399999690000;5315269,565800000000000;7,850759641000025;47,984977714000081;0
154061;08200821435200050350;08;4;35;018;2020;08;09;6;3;6;6;0;1;0;1;0;0;0;522860,281600000340000;5280475,058900000500000;9,304561992000060;47,677260984000043;0