OBJECTID;UIDENTSTLAE;ULAND;UREGBEZ;UKREIS;UGEMEINDE;UJAHR;UMONAT;USTUNDE;UWOCHENTAG;UKATEGORIE;UART;UTYP1;ULICHTVERH;IstRad;IstPKW;IstFuss;IstKrad;IstGkfz;IstSonstige;LINREFX;LINREFY;XGCSWGS84;YGCSWGS84;STRZUSTAND
154062;08200827317200061490;08;3;17;057;2020;08;22;5;3;9;1;2;1;0;0;0;0;0;414600,998499999750000;5379626,387499999300000;7,842492005000054;48,563910625000062;0
154064;08200827317100062490;08;3;17;001;2020;08;17;5;3;0;3;0;1;1;0;0;0;0;431095,167100000200000;5387312,919199999400000;8,064745571000060;48,635081642000046;0
154065;08200824225200042530;08;2;25;109;2020;08;14;2;3;5;3;0;1;1;0;0;0;0;526644,067699999550000;5491615,347400000300000;9,368548995000026;49,576539091000029;0
154067;08200824222700042190;08;2;22;000;2020;08;12;2;3;5;3;0;1;1;0;0;0;0;462485,067200000400000;5480810,989199999700000;8,482114970000055;49,478783650000025;0
154069;08200824222600042760;08;2;22;000;2020;08;13;2;3;5;3;0;1;0;0;1;0;0;462643,274299999700000;5484303,255300000300000;8,483968753000056;49,510204516000044;0
154071;08200824222200056160;08;2;22;000;2020;08;12;2;3;3;5;0;1;1;0;0;0;0;461285,837299999780000;5481868,119200000500000;8,465457121000043;49,488216671000032;0
154072;08200821435100077070;08;4;35;029;2020;08;15;6;3;0;6;0;1;0;0;0;0;1;542574,850899999960000;5270776,500099999800000;9,566260741000065;47,589002156000049;0
154073;08200827311400060190;08;3;15;111;2020;08;07;5;3;5;3;0;1;1;0;0;0;0;401462,524000000210000;5299774,731000000600000;7,683002911000074;47,843760832000044;0
154075;08200824222014037530;08;2;22;000;2020;08;07;2;2;5;3;0;1;1;0;0;0;0;462395,713000000450000;5478370,701700000100000;8,481113382000046;49,456828919000031;0
154076;08200828222700053930;08;2;22;000;2020;08;11;6;3;6;7;0;0;0;1;1;0;0;461863,464900000020000;5481351,791400000500000;8,473482118000050;49,483609151000053;1
154077;08200824221011037740;08;2;26;012;2020;08;07;2;2;4;3;0;1;0;0;0;0;0;475657,660000000150000;5477351,091000000000000;8,664168172000075;49,448333965000074;0
154078;08200821435100058990;08;4;35;016;2020;08;07;6;3;4;2;0;1;1;0;0;0;0;536364,175999999980000;5278274,820699999100000;9,484282546000031;47,656846020000046;0
154079;08200824215402070230;08;2;15;009;2020;08;13;2;2;6;2;0;0;1;1;0;0;0;470480,867600000460000;5441392,834699999500000;8,595405091000032;49,124662103000048;0
154080;08200828325102072170;08;3;25;057;2020;08;18;6;2;5;3;0;1;1;0;0;0;0;472556,132399999540000;5356575,419399999100000;8,629499627000030;48,361755383000059;1
154081;08200821435100057500;08;4;35;030;2020;08;20;6;3;0;7;1;1;1;0;0;0;0;541316,405199999920000;5271657,298499999600000;9,549606742000037;47,597008467000080;0
154083;08200821435100038030;08;4;35;035;2020;08;10;6;3;0;1;0;1;0;0;0;0;0;545567,533400000070000;5284906,250900000300000;9,607534995000037;47,715927376000081;0
154085;08200824121500071860;08;1;25;078;2020;08;17;2;3;3;6;0;1;0;0;0;0;0;518830,063099999910000;5455239,642899999400000;9,258739131000027;49,249637798000037;0
154086;08200821335300045770;08;3;35;075;2020;08;08;6;2;5;2;0;1;1;0;0;0;0;488258,130900000220000;5290714,381600000000000;8,843289012000071;47,769687762000046;0
154087;08200824119400066340;08;1;19;091;2020;08;15;2;3;0;1;0;1;0;0;0;0;0;528128,207899999800000;5407197,869100000700000;9,383166652000057;48,817127908000032;0
154090;08200821335300033390;08;3;35;075;2020;08;16;6;3;5;5;0;1;1;0;0;0;0;487705,890800000170000;5290759,309699999200000;8,835917386000062;47,770081704000063;0
154091;08200824118301134120;08;1;18;081;2020;08;13;2;2;8;6;0;1;1;0;0;0;0;519282,640700000340000;5415455,432199999700000;9,263061554000046;48,891748408000069;0
154092;08200824118300039370;08;1;18;046;2020;08;09;2;3;0;7;0;1;0;0;0;0;0;513320,127399999650000;5412361,203900000100000;9,181618270000058;48,864070330000061;0
154093;08200821335200058690;08;3;35;025;2020;08;17;6;3;0;1;0;1;0;0;0;0;0;499270,435399999840000;5283202,210300000400000;8,990275557000075;47,702202795000062;0
154095;08200824116400051090;08;1;16;016;2020;08;19;2;3;5;3;0;1;0;0;0;0;0;534345,066999999810000;5384969,643400000400000;9,466000361000056;48,616855505000046;0
154097;08200821335100050930;08;3;35;043;2020;08;13;6;3;3;6;0;1;1;0;0;0;0;515619,354500000370000;5280627,998199999300000;9,208099156000060;47,678852580000068;0
154099;08200829317200073540;08;3;17;057;2020;08;18;7;3;9;7;0;1;0;0;0;0;0;412085,459800000300000;5380982,492000000600000;7,808117021000044;48,575760120000041;0
154101;08200824111500042260;08;1;11;000;2020;08;15;2;3;2;6;0;1;1;0;0;0;0;516886,769100000150000;5400364,167099999300000;9,229755000000068;48,756060031000061;0
154102;08200821325102064720;08;3;25;045;2020;08;00;6;3;0;1;2;1;0;0;0;0;0;465826,705900000410000;5347497,464199999300000;8,539388971000051;48,279758094000044;0
154103;08200824111320043380;08;1;11;000;2020;08;17;2;3;3;2;0;1;1;0;0;0;0;515528,218100000170000;5407734,494000000900000;9,211549741000056;48,822398017000069;0
154104;08200823436400063420;08;4;36;009;2020;08;15;1;2;6;4;0;1;0;1;0;0;0;551481,299300000070000;5304247,381500000100000;9,688671645000056;47,889492134000079;0
154106;08200823435200182320;08;4;35;059;2020;08;09;1;3;3;3;0;1;1;0;0;0;0;513945,129900000060000;5289665,070100000100000;9,186082635000048;47,760202657000036;0
154107;08200829111500064490;08;1;11;000;2020;08;12;7;3;0;3;0;1;1;0;0;0;0;514001,599999999630000;5406208,422000000300000;9,190699804000076;48,808705983000038;0
154108;08200823435100050710;08;4;35;024;2020;08;17;1;2;4;2;0;1;1;0;0;0;0;526654,339900000020000;5279129,284700000700000;9,355026248000058;47,665007037000066;0
154109;08200829212102052010;08;2;12;000;2020;08;01;7;3;5;3;2;1;0;0;0;0;1;458359,803199999970000;5429164,409099999800000;8,430537325000046;49,013964955000063;0
154110;08200823435100036120;08;4;35;066;2020;08;17;1;3;0;1;0;1;0;0;0;0;0;517256,080599999990000;5285514,127000000300000;9,230098714000064;47,722774324000056;0
154111;08200823426010041480;08;4;21;000;2020;08;04;1;3;6;4;2;0;1;1;0;0;0;573068,315100000240000;5361397,663400000000000;9,987217150000049;48,401500453000040;0
154112;08200821311010055260;08;3;11;000;2020;08;06;6;3;0;7;0;1;0;0;0;0;0;414745,658599999730000;5317611,006999999300000;7,856968781000035;48,006106509000062;0
154113;08200827311010071050;08;3;16;056;2020;08;17;5;3;3;5;0;1;1;0;0;0;0;421342,525000000370000;5326886,026100000400000;7,943693894000035;48,090386643000045;0
154115;08200823415400070930;08;4;15;061;2020;08;14;1;3;0;7;0;1;1;0;0;0;0;516802,980800000020000;5379029,167799999900000;9,227748715000075;48,564130975000069;0
154118;08200828436000070340;08;4;36;064;2020;08;20;6;2;5;3;2;1;0;0;0;0;0;546227,616799999960000;5292255,819900000500000;9,617116325000040;47,782004967000034;1
154119;08200827437200069770;08;4;37;104;2020;08;12;5;3;0;7;0;1;0;0;0;0;0;514437,183899999600000;5324766,640200000300000;9,193824526000071;48,076009953000039;0
154120;08200823335100046880;08;3;35;043;2020;08;01;1;3;0;7;2;1;0;0;0;0;0;512869,009100000370000;5279810,643899999600000;9,171431962000042;47,671558910000044;0
154122;08200823317000065410;08;3;17;089;2020;08;03;1;3;6;6;2;0;1;1;0;0;0;432021,879099999550000;5375680,955399999400000;8,079224875000023;48,530552345000046;0
154123;08200821311010037730;08;3;11;000;2020;08;11;6;3;3;6;0;1;0;0;0;0;0;419180,992999999780000;5314111,853000000100000;7,917082176000065;47,975205803000051;0
154124;08200828221300067510;08;2;21;000;2020;08;19;6;3;1;5;0;1;1;0;0;0;0;477703,293600000440000;5473606,908500000800000;8,692600220000031;49,414734254000052;0
154125;08200901222301107590;08;2;22;000;2020;09;21;3;3;3;2;2;1;1;0;0;0;0;465371,430100000460000;5484111,796000000100000;8,521669788000054;49,508644379000032;0
154126;08200902436200100710;08;4;36;064;2020;09;05;4;3;0;7;2;1;0;0;0;0;0;547860,992899999950000;5289613,718900000700000;9,638628639000046;47,758114715000033;1
154127;08200901421200080000;08;4;21;000;2020;09;20;3;3;0;1;2;1;0;0;0;0;0;572912,156700000170000;5361275,803799999900000;9,985086470000056;48,400422380000066;1
154128;08200905326200172660;08;3;26;003;2020;09;09;7;3;5;3;0;1;1;0;0;0;0;464999,552299999630000;5318832,678700000000000;8,530598243000043;48,021825966000051;0
154129;08200907215102100130;08;2;15;090;2020;09;07;2;3;5;3;0;1;1;0;0;0;0;464524,097599999980000;5434305,086300000500000;8,514385542000071;49,060591789000057;0
154130;08200904317300122480;08;3;17;073;2020;09;21;6;3;8;7;2;1;0;0;0;0;0;409819,467500000260000;5348548,765200000300000;7,784382417000074;48,283713800000044;0
154131;08200901221011079840;08;2;21;000;2020;09;14;3;3;5;2;0;1;1;0;0;0;0;477614,066800000150000;5473507,280899999700000;8,691375707000077;49,413834843000075;0
154132;08200901216200079900;08;2;16;007;2020;09;19;3;3;0;1;0;1;0;0;0;0;0;435226,103799999690000;5396213,397299999400000;8,119413916000042;48,715583619000029;0
154135;08200902335100102410;08;3;35;066;2020;09;15;4;3;1;6;0;1;0;0;0;0;0;509107,976999999960000;5281981,131899999500000;9,121375546000024;47,691152160000058;0
154136;08200905216100108170;08;2;16;009;2020;09;18;7;3;1;5;0;1;1;0;0;0;0;446880,452200000170000;5421020,439899999600000;8,274623631000054;48,939829008000061;0
154137;08200907119300103050;08;1;19;067;2020;09;16;2;3;5;2;0;1;1;0;0;0;0;539152,045599999840000;5404940,765699999400000;9,533113906000040;48,796227140000042;0
154138;08200904231000103630;08;2;31;000;2020;09;10;6;3;6;2;0;0;1;1;0;0;0;477595,271700000390000;5415679,949300000400000;8,694333947000075;48,893663063000076;0
154141;08200904311010183080;08;3;36;091;2020;09;12;6;2;5;3;0;1;0;0;1;0;0;397712,656299999920000;5272011,362700000400000;7,639417276000074;47,593441364000057;0
154148;08200907115200090000;08;1;15;004;2020;09;17;2;3;6;4;0;0;1;1;0;0;0;487375,138100000100000;5374187,586799999700000;8,829028236000056;48,520672773000058;0
154150;08200904135200083930;08;1;35;032;2020;09;14;6;3;0;1;0;1;0;0;0;0;0;578211,836799999700000;5393593,444100000000000;10,062745457000062;48,690477509000061;0
154151;08200901212102107150;08;2;15;101;2020;09;18;3;3;0;3;0;1;0;0;1;0;0;466256,291600000110000;5426569,630999999100000;8,538739573000044;48,991106500000058;0
154154;08200905417200085160;08;4;17;002;2020;09;16;7;3;0;7;0;1;0;0;0;0;0;488044,815100000240000;5344807,032800000200000;8,838933545000032;48,256362542000033;0
154155;08200901212010081620;08;2;12;000;2020;09;03;3;2;2;6;2;1;1;0;0;0;0;453605,929899999870000;5428098,398000000000000;8,365650131000052;49,004036982000059;0
154157;08200901121200080170;08;1;21;000;2020;09;18;3;3;6;4;0;0;1;1;0;0;0;516147,862599999640000;5443861,453199999400000;9,221426631000043;49,147364933000063;0
154158;08200903118100178400;08;1;18;079;2020;09;16;5;2;5;3;0;1;1;0;0;0;0;511207,035600000060000;5421462,500800000500000;9,153056470000024;48,945984952000060;0
154162;08200904435200084840;08;4;35;059;2020;09;13;6;2;5;3;0;1;1;0;0;0;0;512784,342000000180000;5290980,379799999300000;9,170631954000044;47,772061244000042;0
154163;08200906436000104110;08;4;36;064;2020;09;19;1;3;0;1;2;1;0;0;0;0;0;545467,935999999750000;5292582,262000000100000;9,607009739000034;47,784996048000039;1
154164;08200904212402084850;08;2;12;000;2020;09;16;6;3;5;3;0;1;1;0;0;0;0;456737,562300000340000;5427788,025599999400000;8,408499783000025;49,001472597000031;0
154165;08200904118300093180;08;1;18;046;2020;09;17;6;3;1;5;0;1;1;0;0;0;0;513252,501899999570000;5412870,987400000900000;9,180712722000067;48,868657680000069;0
154166;08200901118300108490;08;1;18;046;2020;09;09;3;3;0;7;0;1;0;0;0;0;0;513168,893000000160000;5411446,203999999900000;9,179526779000071;48,855842411000026;1
154168;08200901335300080280;08;3;35;015;2020;09;14;3;3;0;1;0;1;0;0;0;0;0;476944,423000000420000;5282674,192099999600000;8,692719980000049;47,697040860000072;1
154169;08200905335300160960;08;3;35;100;2020;09;21;7;3;9;1;2;1;0;0;0;0;0;488722,979799999860000;5287261,210300000400000;8,849582588000033;47,738626007000050;0
154170;08200904317600106950;08;3;17;051;2020;09;15;6;2;7;7;0;1;0;0;0;0;1;441385,276899999940000;5337435,935599999500000;8,211368587000038;48,187453697000080;0
154173;08200906316100110310;08;3;16;038;2020;09;04;1;2;6;7;2;0;1;1;0;0;0;398377,702200000170000;5330918,021800000200000;7,634414913000057;48,123404106000066;0
154174;08200903417200082640;08;4;17;057;2020;09;18;5;2;0;1;0;1;0;0;0;0;0;482266,158900000150000;5339755,135900000100000;8,761292575000027;48,210776530000032;0
154175;08200901111500080290;08;1;11;000;2020;09;16;3;3;5;3;0;1;1;0;0;0;0;507902,321700000200000;5406722,789100000600000;9,107638616000031;48,813440669000045;0
154176;08200902426010081570;08;4;25;039;2020;09;14;4;2;5;3;0;1;1;0;0;0;0;566924,699799999590000;5350656,114199999700000;9,902514546000077;48,305556938000052;0
154177;08200901335100080440;08;3;35;043;2020;09;13;3;3;0;7;0;1;0;0;0;0;0;510919,836900000460000;5281868,001499999300000;9,145518011000036;47,690106173000061;1
154180;08200904311400092300;08;3;15;074;2020;09;08;6;2;5;3;0;1;1;0;0;0;0;396711,805599999610000;5295930,894799999900000;7,620442699000023;47,808440272000041;0
154182;08200831436000076110;08;4;35;029;2020;08;12;2;2;8;7;0;1;0;0;0;0;0;544607,476999999960000;5270804,556099999700000;9,593296788000032;47,589117947000034;0
154184;08200831421200171970;08;4;21;000;2020;08;18;2;3;8;1;0;1;1;0;0;0;0;573149,669700000440000;5361550,304600000400000;9,988342754000030;48,402864058000034;1
154186;08200831416200067670;08;4;16;041;2020;08;11;2;3;0;7;0;1;0;0;0;0;0;503814,339399999940000;5373763,171199999700000;9,051651789000061;48,516969944000039;0
154187;08200903316200089000;08;3;16;009;2020;09;15;5;3;6;4;0;0;1;1;0;0;0;415650,586199999790000;5324405,205900000400000;7,867760552000050;48,067342928000073;0
154188;08200831335400072660;08;3;35;098;2020;08;15;2;3;5;3;0;1;1;0;0;0;0;504248,123300000090000;5295966,074799999600000;9,056748419000030;47,817032892000043;0
154191;08200907121500088360;08;1;25;065;2020;09;15;2;3;5;3;0;1;1;0;0;0;0;516368,293399999850000;5448465,716900000300000;9,224636541000052;49,188775757000030;0
154192;08200904311010104150;08;3;11;000;2020;09;11;6;2;6;4;0;1;0;1;0;0;0;411616,065899999810000;5314169,459499999900000;7,815727086000038;47,974723716000028;0
154193;08200831311300074230;08;3;15;056;2020;08;20;2;3;0;1;2;1;0;0;0;0;0;413726,604899999690000;5310470,021099999500000;7,844742776000032;47,941733776000035;0
154195;08200906118100086450;08;1;18;079;2020;09;15;1;3;0;7;0;1;0;0;0;0;0;506883,337600000200000;5421701,468000000300000;9,094011108000075;48,948197863000075;0
154196;08200831311010062120;08;3;11;000;2020;08;16;2;3;3;2;0;1;1;0;0;0;0;413883,116000000390000;5317722,664999999100000;7,845384407000040;48,006995274000076;0
154197;08200902311010080600;08;3;36;050;2020;09;15;4;3;0;7;0;1;0;0;0;0;0;401266,583899999970000;5276106,135299999300000;7,685754375000045;47,630826511000066;0
154198;08200905111500106970;08;1;11;000;2020;09;10;7;3;5;2;0;1;1;0;0;0;0;515531,466099999850000;5407734,461100000900000;9,211593988000061;48,822397640000077;0
154199;08200907111500097370;08;1;11;000;2020;09;15;2;2;6;4;0;0;1;1;0;0;0;512217,461799999700000;5403610,014499999600000;9,166322916000070;48,785368615000039;0
154200;08200904221200102230;08;2;21;000;2020;09;22;6;3;5;3;2;1;1;0;0;0;0;476551,678700000050000;5472489,636499999100000;8,676789403000043;49,404641284000036;0
154202;08200905119200084580;08;1;19;093;2020;09;09;7;3;1;7;0;1;1;0;0;0;0;523731,727800000460000;5406004,632300000600000;9,323209229000042;48,806577330000039;0
154203;08200907119101091470;08;1;19;044;2020;09;13;2;3;6;4;0;0;1;1;0;0;0;541735,602099999790000;5425614,207100000200000;9,570402577000039;48,982023827000035;0
154204;08200904226600083120;08;2;26;096;2020;09;14;6;3;4;3;0;1;0;0;0;0;0;475061,383299999870000;5488659,030999999500000;8,655228152000063;49,550021004000030;0
154207;08200903117010103330;08;1;17;025;2020;09;11;5;2;0;7;0;1;0;0;0;0;1;557529,034500000070000;5389696,356499999800000;9,781196742000077;48,657671682000057;0
154208;08200905436400123450;08;4;36;008;2020;09;09;7;2;5;3;0;1;1;0;0;0;0;547574,491899999790000;5310787,712400000500000;9,637135356000044;47,948635444000047;0
154209;08200831231000066390;08;2;31;000;2020;08;16;2;3;6;4;0;0;1;1;0;0;0;478104,624200000430000;5415285,609099999100000;8,701304038000046;48,890133920000039;1
154211;08200904426010089730;08;4;21;000;2020;09;15;6;3;2;6;0;1;0;0;0;0;0;572977,926699999720000;5360913,516100000600000;9,985911946000044;48,397155910000038;0
154212;08200906335300087650;08;3;35;075;2020;09;17;1;3;0;7;0;1;0;0;0;0;0;489063,822399999950000;5288371,632799999800000;8,854100952000067;47,748622970000042;0
154213;08200903435100090550;08;4;35;016;2020;09;16;5;3;5;3;0;1;1;0;0;0;0;537422,974999999630000;5279725,558000000200000;9,498506892000023;47,669838468000080;0
154214;08200831222700078870;08;2;22;000;2020;08;21;2;3;5;5;2;1;1;0;0;0;0;461453,673700000160000;5481079,887399999400000;8,467851249000034;49,481137629000045;1
154219;08200903115100105220;08;1;15;003;2020;09;14;5;3;0;1;0;1;0;0;0;0;0;500659,776800000110000;5390424,392400000200000;9,008960819000038;48,666869806000079;0
154220;08200901317500097110;08;3;17;096;2020;09;17;3;3;5;3;0;1;1;0;0;0;0;421813,100899999960000;5369744,867900000900000;7,942080118000035;48,475969168000063;1
154223;08200904336300083850;08;3;36;081;2020;09;14;6;2;0;3;0;1;0;0;0;0;0;411352,990600000140000;5278285,776799999200000;7,819542326000033;47,651893599000061;0
154224;08200906231000097470;08;2;36;074;2020;09;18;1;3;5;3;0;1;1;0;0;0;0;472498,248499999750000;5421614,759600000500000;8,624396951000051;48,946844658000032;0
154225;08200902126100087120;08;1;26;046;2020;09;12;4;2;3;2;0;1;1;0;0;0;0;549659,717899999580000;5458754,131799999600000;9,682775886000059;49,279523800000050;0
154232;08200902119400086560;08;1;19;090;2020;09;11;4;3;1;5;0;1;0;0;0;0;1;532395,623999999840000;5406116,685300000000000;9,441211000000067;48,807194091000042;0
154233;08200904311200091400;08;3;11;000;2020;09;15;6;3;3;2;0;1;1;0;0;0;0;414053,697200000290000;5316683,802400000400000;7,847879135000028;47,997673291000069;0
154235;08200902118400080490;08;1;18;048;2020;09;13;4;3;0;7;0;1;0;0;0;0;0;512818,147199999540000;5415546,759999999800000;9,174873732000037;48,892737423000028;0
154236;08200904317500084330;08;3;17;096;2020;09;16;6;3;5;3;0;1;1;0;0;0;0;422508,020200000140000;5364200,409099999800000;7,952507563000040;48,426182957000037;0
154239;08200903311010099820;08;3;36;050;2020;09;12;5;3;0;7;0;1;0;0;0;0;0;399426,346199999560000;5274492,103599999100000;7,661636404000035;47,616024580000044;0
154240;08200831212010073670;08;2;12;000;2020;08;14;2;3;3;6;0;1;1;0;0;0;0;456708,168200000190000;5428834,440899999800000;8,407986343000061;49,010883174000071;0
154241;08200902335100106630;08;3;35;043;2020;09;19;4;2;6;4;0;0;1;1;0;0;0;511492,560399999840000;5281005,638199999900000;9,153127400000074;47,682336998000039;0
154242;08200905221011087330;08;2;26;063;2020;09;19;7;3;6;4;0;0;1;1;0;0;0;469777,729799999860000;5470977,115599999200000;8,583534958000030;49,390737836000028;1
154243;08200907119400111830;08;1;19;090;2020;09;15;2;3;3;6;0;1;1;0;0;0;0;531796,654600000010000;5406204,855200000100000;9,433060434000026;48,808018172000061;0
154244;08200902117010168850;08;1;17;026;2020;09;20;4;2;6;2;2;0;1;1;0;0;0;548252,814199999910000;5394616,911499999500000;9,655817146000061;48,702720024000030;0
154245;08200904311010083380;08;3;11;000;2020;09;09;6;3;0;7;0;1;0;0;0;0;0;412160,776700000280000;5316326,989099999900000;7,822582825000040;47,994206377000069;0
154246;08200904212010278430;08;2;12;000;2020;09;08;6;2;4;6;0;1;0;0;0;0;0;455781,552000000140000;5426425,835000000900000;8,395577871000057;48,989151781000032;0
154247;08200831212010063490;08;2;12;000;2020;08;18;2;3;3;2;0;1;1;0;0;0;0;455247,641800000330000;5429265,351500000800000;8,387967376000063;49,014655053000070;0
154248;08200903118500090870;08;1;18;001;2020;09;17;5;3;3;6;0;1;1;0;0;0;0;523706,248200000260000;5418923,123199999300000;9,323610648000056;48,922788981000053;0
154249;08200906111500097350;08;1;11;000;2020;09;18;1;3;0;5;0;1;1;0;0;0;0;511851,156700000170000;5402926,053700000000000;9,161316507000038;48,779222845000049;0
154252;08200906136100087320;08;1;36;088;2020;09;15;1;3;0;7;0;1;0;0;0;0;0;578057,217299999670000;5408279,978900000500000;10,063429716000030;48,822594186000060;0
154254;08200902317300088610;08;3;17;026;2020;09;12;4;3;0;7;0;1;0;0;0;0;0;411776,648699999790000;5345157,562000000800000;7,811466512000038;48,253486338000073;0
154257;08200902117010167920;08;1;17;060;2020;09;10;4;2;6;4;0;0;0;1;0;0;1;542043,741399999710000;5388435,610400000600000;9,570804117000023;48,647564461000059;0
154258;08200904222500095500;08;2;22;000;2020;09;15;6;3;0;7;0;1;0;0;0;0;0;464857,403599999850000;5478752,590600000700000;8,515046053000049;49,460411244000056;0
154261;08200903116400087040;08;1;16;072;2020;09;12;5;3;5;2;0;1;1;0;0;0;0;530542,755499999970000;5393589,073200000500000;9,415047395000045;48,694592395000029;0
154263;08200905417200113300;08;4;17;002;2020;09;14;7;2;0;1;0;1;0;0;0;0;0;487533,086000000130000;5350150,939999999500000;8,831881615000043;48,304430248000074;0
154265;08200902215502089440;08;2;15;099;2020;09;18;4;3;5;3;0;1;1;0;0;0;0;463288,703400000000000;5446774,945299999800000;8,496341011000027;49,172686862000035;0
154266;08200904415300083050;08;4;15;092;2020;09;12;6;3;3;6;0;1;0;0;0;0;1;520463,237999999900000;5363516,377000000300000;9,276599376000036;48,424464364000073;0
154267;08200906335000086700;08;3;35;063;2020;09;17;1;2;6;4;0;0;1;1;0;0;0;501960,626099999990000;5291481,893400000400000;9,026170698000044;47,776697481000042;0
154268;08200831116010067930;08;1;16;078;2020;08;13;2;3;5;3;0;1;0;0;0;0;1;510276,434799999930000;5394254,685000000500000;9,139665368000067;48,701243244000068;1
154269;08200902225100100950;08;2;25;064;2020;09;17;4;3;0;1;0;1;0;0;0;0;0;505296,825799999760000;5470573,822399999900000;9,072986246000028;49,387837232000038;0
154271;08200906436200085710;08;4;36;064;2020;09;10;1;2;5;3;0;1;1;0;0;0;0;545625,169800000270000;5291380,935799999200000;9,608982495000021;47,774176566000051;0
154272;08200904212502093670;08;2;12;000;2020;09;12;6;3;5;3;0;1;1;0;0;0;0;452644,777400000020000;5429751,275900000700000;8,352316248000022;49,018831661000036;0
154273;08200904118500093510;08;1;18;063;2020;09;14;6;3;1;5;0;1;1;0;0;0;0;514809,740799999800000;5422610,907900000000000;9,202300734000062;48,956239827000047;0
154275;08200903111500086760;08;1;11;000;2020;09;17;5;3;0;6;0;1;1;0;0;0;0;513880,056599999780000;5401882,839900000000000;9,188898290000054;48,769796214000053;0
154276;08200901311010094370;08;3;11;000;2020;09;11;3;3;3;2;0;1;1;0;0;0;0;412992,441999999810000;5317243,500000000000000;7,833542407000039;48,002564401000029;0
154277;08200905336200112860;08;3;36;069;2020;09;19;7;2;0;1;0;1;0;0;0;0;0;408865,431200000460000;5268236,815899999800000;7,788514047000035;47,561149691000026;0
154278;08200902116500130690;08;1;16;041;2020;09;19;4;3;0;2;0;1;0;0;0;0;0;519676,426900000310000;5384471,455399999400000;9,266952943000035;48,613007068000059;0
154279;08200904327100104240;08;3;27;050;2020;09;16;6;3;6;2;0;0;1;1;0;0;0;486836,967500000260000;5314696,044500000800000;8,823590840000065;47,985431416000040;0
154280;08200902116010085300;08;1;16;035;2020;09;16;4;2;9;1;0;1;0;0;0;0;0;528030,937900000250000;5393650,653799999500000;9,380919152000047;48,695264274000067;0
154282;08200903435100082850;08;4;35;035;2020;09;12;5;3;5;3;0;1;1;0;0;0;0;541897,701000000350000;5283287,733100000800000;9,558453404000034;47,701613814000041;0
154283;08200831111500062040;08;1;11;000;2020;08;15;2;2;5;3;0;1;1;0;0;0;0;512105,638000000270000;5408929,446000000500000;9,164957497000046;48,833223760000067;0
154286;08200905317300103530;08;3;17;031;2020;09;22;7;3;8;1;2;1;0;0;0;0;0;417199,246700000020000;5358671,887199999800000;7,881850897000049;48,375779242000078;0
154287;08200907212302087170;08;2;12;000;2020;09;07;2;3;5;2;0;1;1;0;0;0;0;456991,356999999840000;5427102,610200000900000;8,412042141000029;48,995324922000066;0
154288;08200904311400108840;08;3;15;076;2020;09;17;6;3;0;1;0;1;0;0;0;0;0;391756,826000000350000;5297255,977000000000000;7,553952413000047;47,819544569000072;0
154293;08200902335100082380;08;3;35;043;2020;09;13;4;3;5;2;0;1;1;0;0;0;0;513790,716500000100000;5280247,848400000500000;9,183724049000034;47,675473724000028;0
154294;08200905215402179190;08;2;15;103;2020;09;11;7;3;0;7;0;1;0;0;0;0;1;466953,120299999600000;5443438,838500000500000;8,546886897000036;49,142886602000033;0
154295;08200907119200100990;08;1;19;020;2020;09;17;2;3;5;3;0;1;1;0;0;0;0;520870,021999999880000;5406844,590199999500000;9,284278082000071;48,814236114000039;0
154296;08200902111110080340;08;1;11;000;2020;09;10;4;3;0;7;0;1;0;0;0;0;0;513301,701299999840000;5402291,202099999400000;9,181040510000059;48,773482443000034;0
154297;08200830222700066990;08;2;22;000;2020;08;19;1;3;5;3;0;1;1;0;0;0;0;461792,330599999990000;5481031,733599999900000;8,472530997000035;49,480725923000080;1
154298;08200902415400081180;08;4;15;061;2020;09;14;4;3;5;3;0;1;1;0;0;0;0;516658,311800000260000;5373752,681800000400000;9,225576863000072;48,516666156000042;0
154300;08200907127202102290;08;1;27;075;2020;09;18;2;3;4;1;0;1;1;0;0;0;0;570395,854799999860000;5463655,527699999500000;9,968706152000038;49,321570060000056;0
154305;08200830222500076560;08;2;26;009;2020;08;15;1;3;5;3;0;1;1;0;0;0;0;465885,345099999570000;5471059,703099999600000;8,529892321000034;49,391275046000032;1
154306;08200902311010089660;08;3;11;000;2020;09;17;4;3;8;7;0;1;0;0;0;0;0;410697,157599999570000;5315365,986400000800000;7,803168449000054;47,985359185000050;0
154309;08200904221200104900;08;2;21;000;2020;09;12;6;3;4;6;0;1;0;0;0;0;1;476895,786299999800000;5472351,317800000300000;8,681540535000067;49,403410289000078;0
154311;08200830212302079230;08;2;12;000;2020;08;02;1;3;1;5;2;1;1;0;0;0;0;455510,347799999640000;5428395,930999999900000;8,391655219000029;49,006853536000051;0
154312;08200903115400104080;08;1;15;045;2020;09;17;5;3;3;2;0;1;1;0;0;0;0;499252,790699999780000;5395541,946000000500000;8,989842453000051;48,712907745000052;0
154314;08200904212010095260;08;2;12;000;2020;09;17;6;3;5;3;0;1;1;0;0;0;0;451343,197399999950000;5427106,338400000700000;8,334832584000026;48,994939163000026;0
154317;08200905436500179470;08;4;36;055;2020;09;08;7;2;5;3;0;1;0;0;0;0;0;576584,524000000210000;5297590,274900000500000;10,023255004000021;47,827100190000067;0