OBJECTID;UIDENTSTLAE;ULAND;UREGBEZ;UKREIS;UGEMEINDE;UJAHR;UMONAT;USTUNDE;UWOCHENTAG;UKATEGORIE;UART;UTYP1;ULICHTVERH;IstRad;IstPKW;IstFuss;IstKrad;IstGkfz;IstSonstige;LINREFX;LINREFY;XGCSWGS84;YGCSWGS84;STRZUSTAND
154318;08200830212010074220;08;2;12;000;2020;08;12;1;2;6;2;0;0;1;1;0;0;0;460279,346499999990000;5425175,086799999700000;8,457177398000056;48,978206695000040;0
154326;08200903111320082670;08;1;11;000;2020;09;19;5;3;6;4;0;0;1;1;0;0;0;515178,792799999940000;5406300,271900000100000;9,206736294000052;48,809504613000058;0
154329;08200907222500087430;08;2;22;000;2020;09;10;2;3;5;2;0;1;1;0;0;0;0;462768,265399999920000;5479408,174699999400000;8,486156297000036;49,466183450000074;0
154330;08200904317600095180;08;3;17;129;2020;09;14;6;3;5;2;0;1;1;0;0;0;0;430065,028699999680000;5350954,247099999300000;8,056846546000031;48,307913096000050;0
154334;08200904415100083310;08;4;15;050;2020;09;12;6;3;0;7;0;1;0;0;0;0;0;520862,012299999590000;5375900,035599999100000;9,282607668000026;48,535858673000064;0
154335;08200906231000107700;08;2;31;000;2020;09;10;1;3;0;1;0;1;0;0;0;0;0;476360,692099999640000;5414091,441400000800000;8,677582820000055;48,879327525000065;0
154337;08200830119400070990;08;1;19;079;2020;08;00;1;3;0;7;2;1;0;0;0;0;0;521897,203800000250000;5411641,460000000900000;9,298525791000031;48,857352212000080;0
154340;08200905311010084260;08;3;11;000;2020;09;11;7;3;5;2;0;1;1;0;0;0;0;413876,391400000080000;5317726,358200000600000;7,845293524000056;48,007027590000064;0
154341;08200907136100114690;08;1;36;033;2020;09;16;2;3;5;3;0;1;0;0;1;0;0;581366,567999999970000;5416917,554999999700000;10,110223875000031;48,899857128000065;0
154342;08200904311400091720;08;3;15;006;2020;09;17;6;2;6;4;0;0;0;1;0;1;0;402856,609000000170000;5307771,626800000700000;7,699831644000028;47,915905594000037;0
154345;08200830118300175620;08;1;18;046;2020;08;02;1;3;6;7;2;0;1;1;0;0;0;513881,415900000370000;5411643,686799999300000;9,189246990000072;48,857603392000044;0
154347;08200903311200081510;08;3;11;000;2020;09;11;5;3;0;7;0;1;0;0;0;0;0;415045,730600000360000;5319873,225099999500000;7,860542777000035;48,026495979000060;0
154352;08200904311010086380;08;3;36;081;2020;09;08;6;2;5;3;0;1;0;0;0;1;0;411755,773000000040000;5277809,062999999200000;7,825000969000030;47,647660211000073;0
154354;08200903119400089150;08;1;19;079;2020;09;13;5;3;0;1;0;1;0;0;0;0;0;523249,941700000320000;5408882,289899999300000;9,316810852000060;48,832482263000031;0
154355;08200906115400097070;08;1;15;045;2020;09;12;1;3;1;6;0;1;1;0;0;0;0;502407,078900000080000;5394782,432099999900000;9,032717346000027;48,706070906000036;0
154356;08200829436300065810;08;4;36;049;2020;08;09;7;3;6;7;0;0;1;1;0;0;0;578062,826799999920000;5282578,955199999700000;10,040307572000074;47,691879460000052;1
154357;08200902226400081840;08;2;26;084;2020;09;16;4;2;3;5;0;1;1;0;0;0;0;469800,608699999750000;5469503,442299999300000;8,583962154000062;49,377483608000034;0
154360;08200829435100055160;08;4;35;030;2020;08;15;7;3;0;1;0;1;0;0;0;0;0;541229,321000000460000;5271721,677999999400000;9,548454423000067;47,597593260000053;1
154361;08200902317500081880;08;3;17;096;2020;09;17;4;3;5;2;0;1;0;0;0;0;1;420607,687900000250000;5367478,665500000100000;7,926203197000064;48,455433910000067;0
154365;08200904136300085820;08;1;36;065;2020;09;18;6;3;2;1;0;1;0;0;0;0;0;558417,540900000370000;5406997,378900000800000;9,795713125000077;48,813214792000053;0
154367;08200903117010082470;08;1;17;014;2020;09;23;5;2;1;1;2;1;1;0;0;0;0;552794,373999999840000;5382791,858599999900000;9,716030205000038;48,595980346000033;0
154370;08200902221011081070;08;2;21;000;2020;09;11;4;3;4;2;0;1;1;0;0;0;0;477506,807000000030000;5471336,743000000700000;8,690019919000065;49,394307220000030;0
154371;08200904415300084530;08;4;15;089;2020;09;16;6;3;4;6;0;1;1;0;0;0;0;521687,555900000040000;5359591,129499999800000;9,292945251000049;48,389110182000081;0
154372;08200906335300086030;08;3;35;028;2020;09;06;1;3;8;1;1;1;0;0;0;0;0;484034,866399999710000;5286452,618499999900000;8,787080694000053;47,731251676000056;0
154373;08200903435100083640;08;4;35;013;2020;09;17;5;3;5;2;0;1;1;0;0;0;0;539748,632500000300000;5275198,155300000700000;9,529073807000032;47,628965041000072;0
154379;08200901222600082100;08;2;22;000;2020;09;15;3;3;0;7;0;1;0;0;0;0;0;460275,595599999650000;5484843,983200000600000;8,451209683000059;49,514917545000060;0
154380;08200905336400089100;08;3;36;091;2020;09;02;7;2;8;1;2;1;0;0;0;0;0;397793,558699999940000;5272068,651499999700000;7,640479743000071;47,593969451000078;0
154381;08200901435100079670;08;4;35;016;2020;09;09;3;3;0;1;0;1;0;0;0;0;0;535952,083499999720000;5277491,363700000600000;9,478730242000040;47,649819962000038;0
154382;08200902128200081250;08;1;28;115;2020;09;15;4;3;2;6;0;1;0;0;0;0;0;546153,105299999940000;5500974,823400000100000;9,639490756000043;49,659545234000063;0
154383;08200904335101084570;08;3;35;043;2020;09;15;6;3;7;1;0;1;0;0;0;0;0;513347,235600000250000;5278680,030200000900000;9,177767987000038;47,661376327000028;0
154384;08200901426100087690;08;4;26;021;2020;09;13;3;3;6;6;0;0;0;1;0;0;1;558580,730200000110000;5327369,194299999600000;9,786788883000043;48,096895294000035;1
154388;08200905226100112320;08;2;26;013;2020;09;12;7;3;5;3;0;1;1;0;0;0;0;499093,297199999910000;5478819,892300000400000;8,987487470000076;49,462032590000035;0
154389;08200911435200097630;08;4;35;034;2020;09;18;6;3;8;1;1;1;0;0;0;0;0;529422,589999999850000;5285360,349999999600000;9,392317772000070;47,720950783000035;0
154390;08200910311400126070;08;3;15;050;2020;09;15;5;3;3;2;0;1;1;0;0;0;0;399463,928500000390000;5303290,396900000100000;7,655480792000049;47,875074507000079;0
154392;08200912415400145240;08;4;15;061;2020;09;20;7;3;0;1;2;1;0;0;0;0;0;515374,395299999970000;5370786,619500000000000;9,208081708000066;48,490015217000064;0
154395;08200911435100142360;08;4;35;029;2020;09;14;6;3;4;6;0;1;0;0;0;0;0;544295,831500000320000;5270759,995200000700000;9,589147509000043;47,588738380000052;0
154397;08200910235100094740;08;2;35;079;2020;09;17;5;3;0;1;0;1;0;0;0;0;0;466362,328999999910000;5398592,982899999200000;8,542488924000054;48,739447252000048;0
154398;08200911426200187330;08;4;26;108;2020;09;16;6;3;9;4;0;1;0;1;0;0;0;570620,640399999920000;5339195,685900000900000;9,950436597000021;48,202062244000047;0
154399;08200910231000146140;08;2;35;080;2020;09;09;5;2;0;7;0;1;0;1;0;0;0;477884,248700000350000;5387122,329900000200000;8,699811440000076;48,636773086000062;0
154400;08200912311100111490;08;3;15;059;2020;09;11;7;3;0;1;0;1;0;0;0;0;0;401585,082200000060000;5322626,479699999100000;7,679413983000075;48,049328528000046;0
154401;08200910231000096470;08;2;31;000;2020;09;19;5;2;5;7;0;1;1;0;0;0;0;481636,592299999670000;5417288,462999999500000;8,749396442000034;48,908265704000030;0
154402;08200910226700104200;08;2;26;095;2020;09;19;5;3;0;1;0;1;0;0;0;0;0;474037,725999999790000;5461216,801999999200000;8,642872721000060;49,303141357000072;0
154404;08200910222800095240;08;2;22;000;2020;09;10;5;3;1;5;0;1;1;0;0;0;0;462813,943300000390000;5485924,669900000100000;8,486173434000023;49,524798730000043;0
154405;08200911421200110490;08;4;21;000;2020;09;07;6;3;6;1;0;0;0;1;0;0;1;573611,326399999670000;5361137,398900000400000;9,994506924000064;48,399096145000044;0
154406;08200910222500095230;08;2;22;000;2020;09;08;5;2;0;1;0;1;0;0;0;0;0;462833,220099999570000;5479287,000800000500000;8,487064092000026;49,465097527000069;0
154408;08200911417100119870;08;4;17;010;2020;09;20;6;3;0;1;2;1;0;0;0;0;0;506805,287700000220000;5343101,596899999300000;9,091657073000022;48,241095353000048;0
154411;08200910212502095680;08;2;12;000;2020;09;09;5;3;2;7;0;1;1;0;0;0;0;454650,170900000260000;5427718,251100000000000;8,379969688000074;49,000695139000072;0
154412;08200910212010129460;08;2;12;000;2020;09;18;5;3;0;2;0;1;1;0;0;0;0;461206,929200000130000;5427231,881400000300000;8,469656855000039;48,996767023000075;0
154415;08200910136200108280;08;1;36;019;2020;09;14;5;3;4;1;0;1;0;0;0;0;1;587887,754700000400000;5419569,626399999500000;10,199755041000060;48,922818441000061;0
154416;08200912118400102870;08;1;18;048;2020;09;13;7;3;1;5;0;1;1;0;0;0;0;512235,738699999640000;5414971,828099999600000;9,166910946000030;48,887577254000064;0
154417;08200913111130139050;08;1;11;000;2020;09;12;1;3;4;2;0;1;1;0;0;0;0;506757,118999999950000;5400309,857000000800000;9,091934241000047;48,755763810000076;0
154419;08200911337010121950;08;3;37;076;2020;09;14;6;2;0;1;0;1;0;0;0;0;0;425121,500400000250000;5270368,508500000500000;8,004211277000024;47,582406317000050;0
154420;08200910128300123140;08;1;28;131;2020;09;14;5;3;0;1;0;1;0;0;0;0;0;540178,835199999620000;5513417,660100000000000;9,557997403000059;49,771884538000052;0
154421;08200911335000122730;08;3;35;075;2020;09;10;6;2;5;3;0;1;1;0;0;0;0;487933,659799999560000;5289324,517699999700000;8,838997120000045;47,757176434000030;0
154423;08200910126100095950;08;1;26;046;2020;09;18;5;2;0;7;0;1;0;0;0;0;0;549155,971699999650000;5460223,333300000100000;9,676030996000065;49,292779311000061;0
154425;08200910119400122450;08;1;19;091;2020;09;20;5;3;5;3;2;1;1;0;0;0;0;528396,885900000110000;5406218,706800000700000;9,386758780000037;48,808307429000081;0
154426;08200910119400095070;08;1;19;091;2020;09;09;5;3;6;1;0;0;1;1;0;0;0;526824,502399999650000;5406704,587999999500000;9,365375519000054;48,812748147000036;0
154427;08200910119100104750;08;1;19;008;2020;09;19;5;3;0;1;0;1;0;0;0;0;0;532449,828999999910000;5421896,121999999500000;9,443201497000075;48,949135799000032;0
154430;08200910117010171890;08;1;17;012;2020;09;19;5;2;0;1;0;1;0;0;0;0;0;545340,186999999920000;5386764,230200000100000;9,615372581000031;48,632298827000056;0
154432;08200912416200101340;08;4;16;025;2020;09;17;7;3;3;6;0;1;0;0;0;0;0;502342,215599999760000;5361143,087200000900000;9,031646412000043;48,403441053000051;0
154433;08200910116100141380;08;1;16;056;2020;09;06;5;3;8;1;0;1;0;0;0;0;0;532163,667000000370000;5394983,858999999200000;9,437182059000065;48,707058188000076;0
154434;08200910116010111340;08;1;16;019;2020;09;10;5;2;5;3;0;1;1;0;0;0;0;523396,045099999760000;5398383,676100000700000;9,318204015000049;48,738033197000050;0
154435;08200911311010181340;08;3;11;000;2020;09;16;6;2;3;5;0;1;1;0;0;0;0;414238,329199999570000;5319172,675400000100000;7,849855889000025;48,020086392000053;0
154436;08200910115200124800;08;1;15;053;2020;09;17;5;2;0;7;0;1;0;0;0;0;0;483494,252100000160000;5379051,840700000500000;8,776279068000065;48,564342844000066;0
154437;08200910115100127590;08;1;15;003;2020;09;18;5;3;1;1;0;1;1;0;0;0;0;501395,668800000100000;5391729,887599999100000;9,018959809000023;48,678612998000062;0
154438;08200911226600147400;08;2;26;096;2020;09;14;6;3;1;5;0;1;1;0;0;0;0;475851,667200000030000;5489902,836100000900000;8,666077218000055;49,561240560000044;0
154439;08200910115100095920;08;1;15;044;2020;09;21;5;3;0;1;2;1;0;0;0;0;0;504767,166100000030000;5389190,980900000800000;9,064731472000062;48,655756015000065;0
154440;08200912118010125160;08;1;18;048;2020;09;04;7;3;0;7;2;1;0;0;0;0;0;511067,410600000060000;5415414,056500000900000;9,150985512000034;48,891577400000074;0
154443;08200910111500095090;08;1;11;000;2020;09;08;5;3;5;2;0;1;1;0;0;0;0;512105,746500000360000;5406430,181299999400000;9,164885210000023;48,810740726000063;0
154446;08200910111310096270;08;1;11;000;2020;09;16;5;3;0;7;0;1;0;0;0;0;0;515625,721900000240000;5407564,165400000300000;9,212871592000056;48,820863324000072;0
154447;08200911222200132900;08;2;22;000;2020;09;16;6;3;1;5;0;1;1;0;0;0;0;461087,341300000440000;5481812,395199999200000;8,462722014000065;49,487702768000077;0
154448;08200910111210108750;08;1;11;000;2020;09;11;5;3;5;3;0;1;1;0;0;0;0;510954,812099999750000;5397607,823400000100000;9,148974093000049;48,731396636000056;0
154449;08200912311010129530;08;3;36;069;2020;09;15;7;3;5;3;0;1;1;0;0;0;0;407628,126000000160000;5268311,399900000500000;7,772054272000048;47,561645741000063;0
154450;08200911222200114120;08;2;22;000;2020;09;17;6;3;5;3;0;1;1;0;0;0;0;461626,756699999790000;5481737,167899999800000;8,470176838000043;49,487060489000044;0
154451;08200909436500120930;08;4;36;010;2020;09;21;4;2;6;4;2;0;0;1;1;0;0;567005,484799999740000;5306528,500700000700000;9,896671632000050;47,908580472000040;0
154453;08200909436300176830;08;4;36;081;2020;09;13;4;2;0;1;0;1;0;0;0;0;0;561902,256199999710000;5283015,093699999200000;9,825030990000073;47,697553628000037;0
154455;08200909436300176820;08;4;36;081;2020;09;11;4;2;0;1;0;1;0;0;0;0;0;561969,128200000150000;5281578,677300000600000;9,825718133000066;47,684624155000051;0
154456;08200909435100093860;08;4;35;057;2020;09;17;4;3;5;2;0;1;1;0;0;0;0;544748,536100000140000;5281404,130300000300000;9,596256835000077;47,684475484000075;0
154457;08200911221400278700;08;2;21;000;2020;09;16;6;3;3;7;0;1;0;0;1;0;0;475324,912499999630000;5473257,975099999500000;8,659832272000074;49,411503848000052;0
154458;08200909426010167420;08;4;21;000;2020;09;09;4;2;5;3;0;1;1;0;0;0;0;574667,152999999930000;5362122,918999999800000;10,008944444000065;48,407836883000073;0
154461;08200909417100092200;08;4;17;079;2020;09;18;4;3;5;3;0;1;1;0;0;0;0;499881,116100000220000;5339951,808499999300000;8,998399694000057;48,212793761000057;0
154462;08200909416200093990;08;4;16;041;2020;09;14;4;3;0;7;0;1;0;0;0;0;0;504370,742300000040000;5374788,819199999800000;9,059197053000048;48,526193418000048;0
154463;08200909415400139540;08;4;15;061;2020;09;19;4;3;5;3;0;1;1;0;0;0;0;515882,809000000360000;5371804,653500000000000;9,215001403000031;48,499161158000049;0
154464;08200909415400120840;08;4;15;061;2020;09;14;4;3;3;2;0;1;1;0;0;0;0;515371,437599999830000;5370788,342100000000000;9,208041741000045;48,490030786000034;0
154465;08200909415300169980;08;4;15;092;2020;09;19;4;3;0;7;0;1;1;0;0;0;0;521862,777200000360000;5365536,289599999800000;9,295621940000046;48,442589251000072;0
154466;08200909337101182940;08;3;37;108;2020;09;16;4;2;0;1;0;1;0;0;0;0;0;424591,923499999570000;5286831,352399999300000;7,994329562000075;47,730450381000026;0
154467;08200909337101125900;08;3;37;116;2020;09;16;4;2;5;3;0;1;1;0;0;0;0;418235,348500000310000;5271088,522500000900000;7,912516344000039;47,588052231000063;0
154468;08200911216300099720;08;2;16;015;2020;09;17;6;3;0;7;0;1;0;0;0;0;0;449925,060899999920000;5406380,260500000800000;8,317988749000051;48,808392001000072;0
154470;08200913119010125930;08;1;19;020;2020;09;17;1;2;5;3;0;1;1;0;0;0;0;518706,055900000040000;5409506,310000000500000;9,254923666000025;48,838249333000078;0
154471;08200909337101093600;08;3;37;108;2020;09;15;4;2;0;1;0;1;0;0;0;0;0;424643,572999999860000;5285655,932099999900000;7,995221666000020;47,719882058000053;0
154472;08200911215302129590;08;2;15;007;2020;09;13;6;2;0;7;0;1;1;0;0;0;0;479298,638799999840000;5431273,563899999500000;8,716779325000061;49,033995667000056;0
154473;08200909336200143360;08;3;36;069;2020;09;19;4;2;0;7;0;1;0;0;0;0;0;408530,655700000000000;5269196,957800000900000;7,783864852000022;47,569739888000072;0
154474;08200909336200092810;08;3;36;069;2020;09;09;4;3;0;7;0;1;0;0;0;0;0;408441,721699999650000;5268205,807900000400000;7,782889286000057;47,560811122000075;0
154475;08200909335200138790;08;3;35;063;2020;09;16;4;3;3;2;0;1;0;0;0;0;0;497899,357300000270000;5288635,294900000100000;8,971974103000036;47,751084604000027;0
154476;08200911215302099880;08;2;15;040;2020;09;15;6;3;1;5;0;1;1;0;0;0;0;488698,486700000240000;5435934,267999999200000;8,845250295000028;49,076164976000030;0
154477;08200909335200124050;08;3;35;063;2020;09;15;4;3;6;7;0;0;1;1;0;0;0;495075,475499999710000;5289240,267999999200000;8,934292217000063;47,756512508000071;0
154479;08200912416100127000;08;4;16;036;2020;09;08;7;3;5;3;0;1;1;0;0;0;0;495038,615299999710000;5368822,502900000700000;8,932874233000064;48,472513683000045;0
154484;08200912436300100850;08;4;36;006;2020;09;18;7;3;5;3;0;1;1;0;0;0;0;555771,331000000240000;5284327,495600000000000;9,743493621000027;47,709919557000035;0
154486;08200909317100097500;08;3;17;067;2020;09;15;4;2;0;1;0;1;0;0;0;0;0;437060,490399999540000;5375095,711300000500000;8,147553898000069;48,525813463000077;0
154487;08200909316200117920;08;3;16;056;2020;09;09;4;3;6;4;0;0;1;1;0;0;0;422622,382000000220000;5327255,993400000000000;7,960811322000041;48,093871398000033;0
154488;08200912222400115810;08;2;22;000;2020;09;10;7;3;1;5;0;1;1;0;0;0;0;468061,515700000340000;5479327,785499999300000;8,559213681000074;49,465761838000049;0
154489;08200909316200105650;08;3;16;014;2020;09;07;4;3;4;6;0;1;0;0;0;0;0;424342,310399999840000;5329325,133300000800000;7,983539376000067;48,112691116000065;0
154490;08200911212502131090;08;2;12;000;2020;09;12;6;3;6;2;0;0;1;1;0;0;0;453846,682099999860000;5428889,861899999900000;8,368851770000049;49,011174296000036;0
154491;08200909311010288640;08;3;15;064;2020;09;11;4;3;0;2;0;1;0;0;0;0;0;421766,627000000330000;5311052,576999999600000;7,952278438000064;47,948006736000082;0
154492;08200912116400101120;08;1;16;033;2020;09;15;7;3;0;7;0;1;0;0;0;0;0;535416,434999999590000;5387783,632999999400000;9,480776785000046;48,642110087000049;0
154493;08200912326200130410;08;3;26;012;2020;09;17;7;3;2;6;0;1;0;0;0;0;0;466703,294900000100000;5309322,300499999900000;8,554184195000062;47,936352683000052;0
154496;08200909226700091810;08;2;26;103;2020;09;14;4;3;5;3;0;1;1;0;0;0;0;473239,475599999540000;5457051,247099999300000;8,632171339000024;49,265637797000068;0
154497;08200912222014099140;08;2;21;000;2020;09;10;7;2;5;6;0;1;0;0;0;0;1;476857,431099999700000;5472844,253499999600000;8,680983144000038;49,407842711000058;0
154502;08200911212102098130;08;2;12;000;2020;09;10;6;3;5;3;0;1;0;0;1;0;0;457718,737399999980000;5429595,795199999600000;8,421725759000026;49,017801732000066;0
154503;08200909222500122000;08;2;22;000;2020;09;16;4;3;5;3;0;1;1;0;0;0;0;465737,532100000420000;5475752,581700000900000;8,527450462000047;49,433477617000051;0
154504;08200912316100105750;08;3;16;017;2020;09;08;7;3;3;2;0;1;1;0;0;0;0;410397,943500000050000;5340133,882099999100000;7,793959437000069;48,208105748000037;0
154505;08200909222200279540;08;2;22;000;2020;09;15;4;3;6;7;0;0;0;1;0;0;1;463701,911299999800000;5480202,246400000500000;8,498968394000031;49,473382281000056;0
154508;08200909222014096380;08;2;22;000;2020;09;12;4;3;6;4;0;0;0;1;0;0;1;461674,374900000170000;5481042,224400000600000;8,470901637000054;49,480812846000049;0
154509;08200911212102097400;08;2;12;000;2020;09;13;6;3;5;2;0;1;0;0;0;0;1;457876,511900000270000;5428454,716299999500000;8,424001930000031;49,007548359000054;0
154510;08200909221011092110;08;2;21;000;2020;09;13;4;3;0;7;0;0;0;1;0;0;1;474202,697700000370000;5472474,120699999900000;8,644412789000057;49,404406685000026;0
154511;08200909212702124260;08;2;15;017;2020;09;13;4;3;0;7;0;1;0;0;0;0;0;457584,002999999560000;5421655,915999999300000;8,420711488000052;48,946371812000052;0
154513;08200909212010113720;08;2;12;000;2020;09;07;4;3;5;3;0;1;0;0;0;1;0;455889,440100000240000;5427610,724899999800000;8,396923862000051;48,999817731000064;0
154514;08200909212010110360;08;2;12;000;2020;09;17;4;3;3;6;0;1;0;0;0;0;0;458855,117200000210000;5428192,291600000100000;8,437409324000043;49,005253825000068;0
154515;08200911136100104360;08;1;36;088;2020;09;10;6;3;0;1;0;1;0;0;0;0;0;580887,178700000050000;5412699,405799999800000;10,102849483000057;48,861981312000069;0
154516;08200909212010096910;08;2;12;000;2020;09;16;4;3;4;2;0;1;1;0;0;0;0;458403,175999999980000;5431454,550000000700000;8,430895588000055;49,034568006000029;0
154518;08200909121200091750;08;1;21;000;2020;09;13;4;2;0;7;0;1;0;0;0;0;0;515725,861999999730000;5445156,449999999300000;9,215690584000072;49,159024785000042;0
154520;08200909119010116600;08;1;19;079;2020;09;18;4;2;6;4;0;0;1;1;0;0;0;521888,984699999910000;5411437,228700000800000;9,298402821000025;48,855515295000032;0
154521;08200909118400137820;08;1;18;048;2020;09;11;4;3;5;3;0;1;1;0;0;0;0;513821,363699999640000;5414953,180800000200000;9,188540130000035;48,887376172000074;0
154522;08200911121500111440;08;1;25;005;2020;09;17;6;3;4;2;0;1;0;0;1;0;0;517012,999800000340000;5451860,137800000600000;9,233628142000043;49,219291779000059;0
154523;08200909118000107050;08;1;15;045;2020;09;16;4;2;7;1;0;1;0;0;0;0;0;502717,103699999860000;5395182,541799999800000;9,036933879000060;48,709669049000070;0
154525;08200913111370103400;08;1;11;000;2020;09;14;1;3;0;7;0;1;0;0;0;0;0;508660,208899999970000;5406799,926999999200000;9,117963508000059;48,814124492000076;0
154526;08200909116400460200;08;1;16;033;2020;09;16;4;3;5;3;0;1;1;0;0;0;0;533115,451500000430000;5388953,364099999900000;9,449635598000043;48,652759002000039;0
154528;08200909116400156850;08;1;16;016;2020;09;07;4;3;0;3;0;1;1;0;0;0;0;533455,873399999920000;5385943,512599999100000;9,454014580000035;48,625664545000063;0
154529;08200909116400104450;08;1;16;033;2020;09;14;4;3;5;3;0;1;1;0;0;0;0;533706,764100000260000;5387952,667099999300000;9,457582613000056;48,643725232000065;0
154531;08200909111500092570;08;1;11;000;2020;09;19;4;3;5;3;1;1;1;0;0;0;0;518499,397900000210000;5403354,057399999400000;9,251830072000075;48,782910929000082;0
154532;08200908436200187170;08;4;36;064;2020;09;13;3;3;5;3;0;1;1;0;0;0;0;546691,009800000120000;5293441,718299999800000;9,623429602000044;47,792641058000072;0
154533;08200908436200134690;08;4;36;064;2020;09;15;3;3;0;1;0;1;0;0;0;0;0;546194,974000000390000;5291968,102000000000000;9,616649972000062;47,779418708000037;0
154534;08200908435200100860;08;4;35;066;2020;09;11;3;3;3;6;0;1;0;0;0;0;0;515924,508899999780000;5288188,092499999300000;9,212441030000036;47,746867670000029;0
154536;08200908435200096350;08;4;35;034;2020;09;10;3;3;5;3;0;1;0;0;0;0;1;529414,813000000080000;5285426,913000000600000;9,392218572000047;47,721550033000028;0
154538;08200912426010133270;08;4;26;021;2020;09;15;7;2;4;2;0;1;1;0;0;0;0;557537,421900000420000;5327712,321100000300000;9,772823966000033;48,100077215000056;0
154540;08200912136300128530;08;1;36;065;2020;09;01;7;3;0;1;2;1;0;0;0;0;0;558607,089300000110000;5405541,534800000500000;9,798086881000074;48,800101558000051;0
154541;08200908426100091320;08;4;26;021;2020;09;15;3;3;0;1;0;1;0;0;0;0;0;558358,131500000130000;5325825,169600000600000;9,783588430000066;48,083025364000036;0
154542;08200912136200111180;08;1;36;037;2020;09;19;7;3;0;1;1;1;0;0;0;0;0;602801,761800000440000;5414718,134999999800000;10,402065740000069;48,876891476000026;0
154544;08200908421200118580;08;4;21;000;2020;09;09;3;3;6;4;0;0;1;1;0;0;0;573982,440799999980000;5361546,260399999100000;9,999592040000039;48,402730487000042;0
154545;08200911118300119910;08;1;18;046;2020;09;18;6;3;5;3;0;1;0;0;0;0;0;516398,387900000440000;5412719,180299999200000;9,223604011000020;48,867216851000080;0
154546;08200908421200090380;08;4;21;000;2020;09;15;3;3;6;4;0;0;1;1;0;0;0;573412,612700000410000;5362456,353700000800000;9,992053401000021;48,410983579000060;0
154548;08200912415100100770;08;4;15;050;2020;09;18;7;3;1;7;0;1;1;0;0;0;0;521720,094600000420000;5375948,675200000400000;9,294234076000066;48,536267126000041;0
154550;08200908335300090740;08;3;35;026;2020;09;15;3;3;0;1;0;1;0;0;0;0;0;480903,718200000000000;5284011,478099999900000;8,745429490000049;47,709202350000055;0
154551;08200911117100098220;08;1;17;042;2020;09;11;6;3;5;2;0;1;1;0;0;0;0;553788,506799999620000;5393091,869799999500000;9,730849583000065;48,688548924000031;0
154552;08200911116500128330;08;1;16;020;2020;09;05;6;3;0;7;1;1;0;0;0;0;0;526752,309200000020000;5382178,874500000800000;9,362802983000051;48,592120348000037;0
154553;08200908335100137370;08;3;35;043;2020;09;12;3;3;5;2;0;1;1;0;0;0;0;512010,159599999900000;5280345,984099999100000;9,160005740000031;47,676392246000034;0
154555;08200908335100103730;08;3;35;043;2020;09;16;3;3;0;7;0;1;0;0;0;0;0;513909,490399999540000;5280550,277499999900000;9,185316017000048;47,678192330000059;0
154556;08200912311010130270;08;3;11;000;2020;09;13;7;3;5;3;0;1;1;0;0;0;0;411968,086000000130000;5314907,549200000200000;7,820291571000041;47,981411594000065;0
154558;08200912136100097960;08;1;36;088;2020;09;00;7;3;0;1;2;1;0;0;0;0;0;580919,872299999930000;5412143,822499999800000;10,103185321000069;48,856980039000064;0
154560;08200908317600120900;08;3;17;129;2020;09;12;3;3;0;3;0;1;1;0;0;0;0;431170,474200000060000;5348239,042099999300000;8,072195376000025;48,283609638000030;0
154562;08200908317600102670;08;3;17;040;2020;09;23;3;2;6;6;2;0;0;1;1;0;0;430622,105600000360000;5350181,426599999900000;8,064485384000022;48,301022542000055;0
154563;08200908317600089830;08;3;17;085;2020;09;20;3;3;0;1;1;1;0;0;0;0;0;431681,485600000250000;5360898,376800000700000;8,077029124000035;48,397541860000047;0
154564;08200911116400126760;08;1;16;072;2020;09;17;6;3;5;3;0;1;1;0;0;0;0;531310,588999999690000;5392305,034000000000000;9,425383929000077;48,683003303000078;0
154565;08200908311010184500;08;3;11;000;2020;09;15;3;3;3;6;0;1;0;0;1;0;0;413851,442599999720000;5316186,866800000900000;7,845268212000065;47,993175952000058;0
154566;08200908311010154630;08;3;15;089;2020;09;13;3;3;5;3;0;1;1;0;0;0;0;406664,464300000110000;5309824,594599999500000;7,750338431000046;47,934938014000068;0
154567;08200911116400115240;08;1;16;070;2020;09;14;6;3;0;1;0;1;0;0;0;0;0;540091,320600000210000;5385149,967199999800000;9,543980643000054;48,618135819000031;0
154568;08200908311010106520;08;3;11;000;2020;09;17;3;2;0;7;0;1;0;0;0;0;0;413073,388899999670000;5315242,705299999600000;7,835032611000031;47,984577596000065;0
154569;08200908311010089460;08;3;11;000;2020;09;07;3;2;4;6;0;1;0;0;0;0;1;409204,477099999790000;5318115,325400000400000;7,782586523000020;48,009879771000044;0
154571;08200908222700093890;08;2;22;000;2020;09;10;3;3;6;2;0;0;1;1;0;0;0;461602,961799999700000;5481130,678300000700000;8,469907211000077;49,481603929000073;0
154574;08200908221200092100;08;2;21;000;2020;09;17;3;3;0;7;0;1;0;0;0;0;0;477708,760900000110000;5472390,276000000500000;8,692743900000039;49,403791032000072;0
154575;08200908221011096620;08;2;26;098;2020;09;19;3;2;5;3;1;1;1;0;0;0;0;476656,716000000010000;5459581,063799999700000;8,678993501000036;49,288533586000028;0
154576;08200911115400126250;08;1;15;045;2020;09;17;6;2;1;5;0;1;1;0;0;0;0;497405,934500000440000;5396729,959000000700000;8,964728862000072;48,723590229000081;0