OBJECTID;UIDENTSTLAE;ULAND;UREGBEZ;UKREIS;UGEMEINDE;UJAHR;UMONAT;USTUNDE;UWOCHENTAG;UKATEGORIE;UART;UTYP1;ULICHTVERH;IstRad;IstPKW;IstFuss;IstKrad;IstGkfz;IstSonstige;LINREFX;LINREFY;XGCSWGS84;YGCSWGS84;STRZUSTAND
154577;08200908216200088240;08;2;16;007;2020;09;05;3;3;8;1;2;1;0;0;0;0;0;436317,830799999650000;5393646,188999999300000;8,134649916000058;48,692603911000049;0
154578;08200913126100121210;08;1;26;046;2020;09;18;1;3;6;4;0;0;1;1;0;0;0;548992,724299999890000;5458412,072000000600000;9,673564101000068;49,276500946000056;0
154579;08200908215502092700;08;2;15;106;2020;09;16;3;3;1;7;0;1;1;0;0;0;0;466675,258200000040000;5454629,867900000900000;8,542149103000043;49,243535199000064;0
154580;08200911115400116340;08;1;15;045;2020;09;16;6;3;7;1;0;1;0;0;0;0;0;495072,503800000060000;5393965,443800000500000;8,933034566000060;48,698706396000034;0
154581;08200908212102103670;08;2;12;000;2020;09;18;3;3;1;5;0;1;1;0;0;0;0;461313,460199999620000;5426244,158099999700000;8,471207226000047;48,987888895000026;0
154582;08200908212102090310;08;2;12;000;2020;09;19;3;3;1;5;1;1;1;0;0;0;0;460079,734100000000000;5426446,832800000900000;8,454324736000046;48,989633480000066;0
154583;08200912127202130990;08;1;27;071;2020;09;12;7;3;5;3;0;1;1;0;0;0;0;574688,623999999840000;5455219,971999999100000;10,026192877000028;49,245192805000045;0
154584;08200908212010114240;08;2;12;000;2020;09;15;3;3;5;3;0;1;1;0;0;0;0;456117,097000000070000;5428523,785000000100000;8,399937517000069;49,008047039000076;0
154585;08200908212010096860;08;2;12;000;2020;09;11;3;2;5;3;0;1;1;0;0;0;0;459471,150200000030000;5431493,720200000300000;8,445502370000042;49,034991477000062;0
154588;08200912111500099700;08;1;11;000;2020;09;11;7;3;5;3;0;1;1;0;0;0;0;516136,595700000410000;5402000,448799999400000;9,219612673000029;48,770799789000080;0
154589;08200912416100130310;08;4;16;048;2020;09;16;7;3;1;5;0;1;1;0;0;0;0;497672,024699999950000;5374595,520500000600000;8,968471125000065;48,524465335000059;0
154590;08200908136100121500;08;1;36;088;2020;09;14;3;3;0;1;0;1;0;0;0;0;0;579775,277800000270000;5412869,067600000600000;10,087725311000042;48,863651281000045;0
154591;08200908136100092640;08;1;36;088;2020;09;15;3;3;6;4;0;0;1;1;0;0;0;581798,865799999800000;5410542,185399999800000;10,114846438000029;48,842459411000050;0
154592;08200912111130116750;08;1;11;000;2020;09;17;7;3;1;7;0;1;1;0;0;0;0;512001,564100000080000;5402837,321799999100000;9,163361236000071;48,778421735000052;0
154593;08200912436300136520;08;4;36;081;2020;09;17;7;2;0;1;0;1;0;0;0;0;0;557928,626299999650000;5282027,185799999200000;9,771944540000050;47,689034107000055;0
154594;08200908136100092510;08;1;36;088;2020;09;18;3;3;5;3;0;1;1;0;0;0;0;581670,834400000050000;5413972,351900000100000;10,113786168000047;48,873327662000065;0
154595;08200908135200103570;08;1;35;016;2020;09;16;3;3;8;1;0;1;0;0;0;0;0;591523,645200000140000;5386201,759800000100000;10,241951316000041;48,622186100000079;0
154596;08200908135010093730;08;1;35;019;2020;09;17;3;3;5;3;0;1;1;0;0;0;0;585698,098000000230000;5394178,507999999400000;10,164569462000031;48,694756555000026;0
154598;08200910436400096660;08;4;36;009;2020;09;17;5;2;5;3;0;1;0;0;0;0;0;556825,798799999990000;5307517,221999999100000;9,760590305000051;47,918458387000044;0
154600;08200911437200108380;08;4;37;104;2020;09;19;6;2;0;7;0;1;0;0;0;0;0;516648,671000000090000;5327073,888000000300000;9,223604296000076;48,096714307000070;0
154601;08200912337010135490;08;3;37;032;2020;09;11;7;3;4;2;0;1;0;0;1;0;0;438750,092100000010000;5273667,717399999500000;8,184972342000037;47,613519176000068;0
154602;08200908121200135220;08;1;21;000;2020;09;17;3;3;3;6;0;1;0;0;0;0;0;515818,707000000400000;5443441,708000000600000;9,216896657000063;49,143597755000030;0
154604;08200910436300183190;08;4;36;001;2020;09;22;5;3;0;4;2;0;1;1;0;0;0;553773,436800000260000;5273557,616900000700000;9,715536336000071;47,613192247000029;0
154605;08200908118600121910;08;1;18;067;2020;09;22;3;3;8;6;2;1;1;0;0;0;0;505673,533300000240000;5413845,922700000900000;9,077378676000024;48,877543664000029;0
154606;08200910435100142640;08;4;35;024;2020;09;17;5;3;0;7;0;1;0;0;0;0;0;528275,828999999910000;5280688,948000000800000;9,376724415000069;47,678971262000061;0
154608;08200908118300134560;08;1;18;046;2020;09;12;3;3;0;7;0;1;0;0;0;0;0;513040,621799999850000;5412470,093200000000000;9,177810736000026;48,865055815000062;0
154609;08200910417010101410;08;4;17;002;2020;09;09;5;2;6;7;0;0;1;1;0;0;0;489184,180499999780000;5348322,980900000800000;8,854193649000024;48,288015053000038;0
154612;08200908115100115830;08;1;15;048;2020;09;16;3;3;5;3;0;1;1;0;0;0;0;510255,321700000200000;5387529,790100000800000;9,139211667000041;48,640745725000045;0
154614;08200910416200094510;08;4;16;041;2020;09;13;5;3;5;2;0;1;1;0;0;0;0;503224,669900000100000;5374161,173200000100000;9,043669873000056;48,520553822000068;0
154616;08200908111320092350;08;1;11;000;2020;09;16;3;3;6;4;0;1;0;1;0;0;0;513016,300800000320000;5408962,526900000900000;9,177367636000042;48,833502927000040;0
154620;08200907425000088750;08;4;25;033;2020;09;17;2;3;5;2;0;1;1;0;0;0;0;553691,792200000030000;5347584,889200000100000;9,723687965000067;48,279190011000026;0
154621;08200910335100164020;08;3;35;043;2020;09;18;5;3;0;1;0;1;0;0;0;0;1;512303,574599999930000;5281340,490000000200000;9,163942786000064;47,685334947000058;0
154622;08200907417010186950;08;4;15;061;2020;09;09;2;3;6;2;0;0;1;1;0;0;0;515460,066999999810000;5371289,762700000800000;9,209259832000043;48,494539569000040;0
154623;08200912311010107410;08;3;15;041;2020;09;14;7;3;0;6;0;1;0;1;0;0;0;420402,178600000220000;5322725,865499999400000;7,931842897000024;48,052847121000070;0
154624;08200907336101103680;08;3;36;050;2020;09;10;2;3;0;3;0;1;1;0;0;0;0;399206,448800000360000;5272990,217399999500000;7,659056419000024;47,602480439000033;0
154625;08200907335400087340;08;3;35;079;2020;09;16;2;2;0;7;0;1;0;0;0;0;0;500359,093000000340000;5300016,175499999900000;9,004800293000074;47,853487383000072;0
154626;08200907335100087200;08;3;35;043;2020;09;15;2;3;0;1;0;1;0;0;0;0;0;513785,714100000450000;5281069,125000000000000;9,183683341000062;47,682863387000054;0
154628;08200907327100281970;08;3;27;016;2020;09;07;2;2;4;6;0;1;1;0;0;0;0;495190,168300000020000;5319756,560300000000000;8,935482396000055;48,031079101000046;0
154629;08200913119010107780;08;1;19;075;2020;09;02;1;2;3;1;2;1;0;0;0;0;1;538809,568799999540000;5427188,466000000000000;9,530564533000074;48,996375454000031;0
154630;08200907317600087140;08;3;17;145;2020;09;16;2;3;0;7;0;1;0;0;0;0;0;442123,995000000110000;5349812,292300000800000;8,219614870000044;48,298858793000079;0
154631;08200910325069097360;08;3;25;045;2020;09;19;5;3;5;3;0;1;1;0;0;0;0;470640,996199999940000;5349753,856200000300000;8,604120657000067;48,300299350000046;0
154632;08200907317200107490;08;3;17;057;2020;09;23;2;3;0;6;2;0;1;1;0;0;0;414272,244099999780000;5381631,651300000000000;7,837623577000045;48,581901960000039;0
154634;08200907311010121220;08;3;11;000;2020;09;16;2;3;5;2;0;1;1;0;0;0;0;410413,418499999680000;5315671,583300000100000;7,799302894000050;47,988068420000047;0
154635;08200907311010115270;08;3;11;000;2020;09;23;2;3;0;7;2;0;1;1;0;0;0;409887,263700000010000;5316995,886700000600000;7,791974592000031;47,999906867000050;0
154636;08200907311010099610;08;3;11;000;2020;09;19;2;3;1;5;1;1;1;0;0;0;0;413747,122999999670000;5316258,498999999800000;7,843855816000030;47,993806247000066;0
154637;08200910317000117970;08;3;17;096;2020;09;05;5;2;5;3;2;1;1;0;0;0;0;421033,413999999870000;5365624,740599999200000;7,932309831000055;48,438811580000049;0
154638;08200907311010099200;08;3;11;000;2020;09;16;2;2;0;2;0;1;0;0;0;0;1;410415,104500000370000;5315670,919099999600000;7,799325624000062;47,988062682000077;0
154639;08200911437100103870;08;4;37;056;2020;09;18;6;3;9;1;0;1;0;0;0;0;0;527386,512099999930000;5303257,363900000200000;9,366299731000026;47,882065476000037;0
154640;08200912435200102560;08;4;35;059;2020;09;12;7;3;0;1;0;1;0;0;0;0;0;512338,702600000430000;5290186,130400000100000;9,164661496000065;47,764923662000058;0
154641;08200907226700111550;08;2;26;103;2020;09;11;2;3;0;1;0;1;0;0;0;0;0;471843,480800000020000;5457231,765300000100000;8,612970864000033;49,267198879000034;0
154642;08200912121300127940;08;1;21;000;2020;09;20;7;3;6;4;2;0;0;1;0;0;1;514086,003700000230000;5446382,914400000100000;9,193241911000030;49,170097030000079;0
154643;08200907226700087700;08;2;26;095;2020;09;08;2;3;5;3;0;1;1;0;0;0;0;473858,627999999560000;5460850,467000000200000;8,640433143000053;49,299838546000046;0
154644;08200907226400088170;08;2;26;084;2020;09;13;2;3;5;3;0;1;1;0;0;0;0;468853,077499999660000;5471043,736300000900000;8,570788333000053;49,391290476000052;0
154648;08200907222500087620;08;2;22;000;2020;09;05;2;3;5;3;1;1;1;0;0;0;0;466370,000199999660000;5474431,567099999600000;8,536285192000037;49,421630864000065;0
154649;08200912326000125140;08;3;26;054;2020;09;10;7;2;1;6;0;1;1;0;0;0;0;439982,511300000360000;5329256,290899999400000;8,193650684000033;48,113738130000058;0
154650;08200912226700133240;08;2;26;065;2020;09;11;7;3;0;1;0;1;0;0;0;0;0;476794,613499999980000;5455759,065199999100000;8,681111450000060;49,254159762000029;0
154651;08200917212502115120;08;2;12;000;2020;09;16;5;3;0;1;0;1;0;0;0;0;0;451150,504499999810000;5429711,601700000500000;8,331885086000057;49,018358275000026;0
154653;08200915216100123650;08;2;16;009;2020;09;19;3;3;6;7;0;0;1;1;0;0;0;446504,829400000160000;5420313,163100000500000;8,269587563000073;48,933434695000074;0
154655;08200914311010108690;08;3;11;000;2020;09;15;2;3;4;2;0;1;1;0;0;0;0;404253,389100000260000;5319835,391799999400000;7,715833469000074;48,024628980000045;0
154661;08200917116010130440;08;1;16;070;2020;09;15;5;3;0;7;0;1;0;0;0;0;1;539204,692999999970000;5385257,256999999300000;9,531961090000038;48,619157171000040;0
154664;08200914121400157700;08;1;25;058;2020;09;16;2;3;5;3;0;1;1;0;0;0;0;507432,735399999660000;5443532,396400000900000;9,101915197000039;49,144572268000047;0
154666;08200916111500116230;08;1;11;000;2020;09;14;4;3;2;6;0;1;1;0;0;0;1;511708,225700000300000;5403063,477099999800000;9,159374870000022;48,780461802000048;0
154667;08200917426010123400;08;4;21;000;2020;09;11;5;3;5;3;0;1;1;0;0;0;0;573212,938099999910000;5361676,233999999200000;9,989219424000055;48,403989474000070;0
154668;08200916116010125440;08;1;16;033;2020;09;07;4;3;5;3;0;1;1;0;0;0;0;531955,336400000380000;5388736,128599999500000;9,433867478000025;48,650865180000039;0
154669;08200915311400108820;08;3;15;076;2020;09;11;3;3;5;3;0;1;1;0;0;0;0;392511,497299999930000;5296128,131999999300000;7,564310691000060;47,809526533000053;0
154671;08200917111210118920;08;1;11;000;2020;09;16;5;3;5;2;0;1;1;0;0;0;0;508788,873300000090000;5396491,636299999400000;9,119495853000046;48,721389703000057;0
154672;08200917225200147990;08;2;25;109;2020;09;18;5;3;0;7;0;0;0;1;0;0;1;526410,478000000120000;5492405,796000000100000;9,365371061000076;49,583659045000047;0
154673;08200915121300112720;08;1;21;000;2020;09;17;3;3;5;3;0;1;1;0;0;0;0;513361,875400000250000;5448013,231499999800000;9,183362019000072;49,184778405000031;0
154674;08200914119210110030;08;1;19;020;2020;09;06;2;3;5;3;2;1;1;0;0;0;0;519361,093700000080000;5409054,613900000200000;9,263828999000054;48,834165891000055;0
154675;08200916221400144280;08;2;21;000;2020;09;08;4;3;5;3;0;1;1;0;0;0;0;475540,976999999960000;5469115,909199999600000;8,663065787000051;49,374255329000050;0
154676;08200916111120112980;08;1;11;000;2020;09;07;4;3;1;5;0;1;1;0;0;0;0;513751,181800000370000;5401912,611099999400000;9,187145395000073;48,770066895000070;0
154677;08200917337010147620;08;3;37;126;2020;09;14;5;3;5;2;0;1;1;0;0;0;0;445415,844499999660000;5275801,894300000700000;8,273396961000060;47,633316346000072;0
154678;08200915231202127890;08;2;36;071;2020;09;12;3;3;4;5;0;1;1;0;0;0;0;468804,434100000190000;5422960,992300000000000;8,573847207000028;48,958779321000065;0
154680;08200914311010107020;08;3;11;000;2020;09;18;2;2;2;6;0;1;0;0;0;0;0;413206,160400000400000;5315215,084300000200000;7,836817183000051;47,984347166000077;0
154683;08200914118200109600;08;1;18;080;2020;09;17;2;3;6;4;0;0;1;1;0;0;0;509567,622000000440000;5410805,924900000900000;9,130417144000035;48,850148563000062;0
154684;08200915311010145190;08;3;11;000;2020;09;17;3;3;0;7;0;1;1;0;0;0;0;413398,005699999630000;5316710,935300000000000;7,839085894000050;47,997828877000074;0
154685;08200914118000127460;08;1;15;003;2020;09;08;2;2;5;3;0;1;1;0;0;0;0;500793,613099999730000;5391691,755799999500000;9,010780961000023;48,678271016000053;0
154687;08200917221200118510;08;2;21;000;2020;09;16;5;3;0;1;0;1;0;0;0;0;0;477669,654299999590000;5471872,687999999200000;8,692233972000054;49,399133968000058;0
154688;08200915118000148210;08;1;18;081;2020;09;16;3;2;3;6;0;1;1;0;0;0;0;518428,774000000210000;5412488,197000000600000;9,251279143000033;48,865081974000077;0
154689;08200914117010141780;08;1;17;024;2020;09;12;2;3;5;3;0;1;0;0;0;0;0;560501,345200000330000;5386565,032199999300000;9,821096671000021;48,629223859000035;0
154692;08200917326400133740;08;3;26;075;2020;09;12;5;3;5;3;0;1;1;0;0;0;0;460774,414900000210000;5317251,427100000900000;8,474080657000059;48,007354294000038;0
154694;08200914117010141690;08;1;17;023;2020;09;20;2;3;6;6;2;1;0;1;0;0;0;548240,599000000390000;5388138,996999999500000;9,654895435000071;48,644448634000071;0
154696;08200916335100113570;08;3;35;043;2020;09;19;4;3;5;3;1;1;0;0;0;0;0;512869,462899999690000;5281687,487199999400000;9,171493339000051;47,688446082000041;0
154697;08200916118400180460;08;1;18;048;2020;09;15;4;3;5;3;0;1;1;0;0;0;0;513814,230899999850000;5414951,780999999500000;9,188442783000028;48,887363739000079;0
154702;08200917311010154100;08;3;36;091;2020;09;20;5;2;0;1;1;1;0;0;0;0;0;396500,508200000040000;5272019,433399999500000;7,623296664000065;47,593321609000043;0
154705;08200914311010106100;08;3;11;000;2020;09;19;2;2;4;6;0;1;0;0;0;0;0;415138,319500000220000;5315874,884999999800000;7,862575592000042;47,990541630000052;0
154706;08200916311010180650;08;3;11;000;2020;09;08;4;1;5;3;0;1;1;0;0;0;0;415134,796600000000000;5315477,638800000800000;7,862606911000057;47,986967762000063;0
154707;08200916116500174390;08;1;16;068;2020;09;17;4;3;5;2;0;0;1;1;0;0;0;526310,411000000310000;5389748,416899999600000;9,357290647000070;48,660234887000058;0
154709;08200915317200126480;08;3;17;005;2020;09;19;3;3;0;7;1;1;0;0;0;0;0;424169,970599999650000;5379990,054999999700000;7,972101547000023;48,568412475000059;0
154710;08200914116100105470;08;1;16;019;2020;09;08;2;3;4;3;0;1;1;0;0;0;0;521717,664300000300000;5398732,964800000200000;9,295395499000051;48,741236137000044;0
154713;08200915121400183120;08;1;25;013;2020;09;18;3;3;3;6;0;1;0;0;0;0;0;506423,596900000240000;5434841,849899999800000;9,087939991000042;49,066408357000057;0
154717;08200917118000148340;08;1;18;011;2020;09;15;5;2;6;4;0;0;0;1;0;0;1;503242,009800000120000;5409579,472799999600000;9,044182483000043;48,839180865000060;0
154718;08200917311010116800;08;3;11;000;2020;09;17;5;3;0;7;0;1;0;0;0;0;0;411968,570000000300000;5315909,099999999600000;7,820092714000055;47,990420910000068;0
154719;08200915136300144760;08;1;36;079;2020;09;15;3;3;5;2;0;1;0;0;1;0;0;561822,555200000290000;5398390,346799999500000;9,840794292000055;48,735465085000044;0
154720;08200914111500135000;08;1;11;000;2020;09;11;2;3;5;3;0;1;1;0;0;0;0;511575,701299999840000;5406351,209899999200000;9,157663579000030;48,810040409000067;0
154721;08200916311010122590;08;3;36;050;2020;09;15;4;2;0;2;0;1;0;0;0;0;0;398580,126000000160000;5272387,481000000600000;7,650865699000065;47,596960937000063;0
154723;08200917436000186260;08;4;35;035;2020;09;17;5;2;5;3;0;1;1;0;0;0;0;541794,923499999570000;5281553,021700000400000;9,556917342000077;47,686012851000044;0
154724;08200915311100143310;08;3;15;015;2020;09;07;3;3;4;6;0;1;0;0;0;0;0;394103,528199999590000;5321565,452800000100000;7,579315693000069;48,038587714000073;0
154725;08200914111500109480;08;1;11;000;2020;09;18;2;3;2;2;0;1;1;0;0;0;0;512101,798600000330000;5406434,227299999400000;9,164831557000071;48,810777201000064;0
154726;08200916436400111360;08;4;36;005;2020;09;12;4;3;0;1;0;1;0;0;0;0;0;540389,639800000000000;5309355,235500000400000;9,540783529000066;47,936241093000035;0
154728;08200915119200146980;08;1;19;020;2020;09;19;3;3;5;2;0;1;1;0;0;0;0;519738,363300000320000;5408549,594000000500000;9,268945586000029;48,829610964000040;0
154729;08200914111320121060;08;1;11;000;2020;09;17;2;3;0;7;0;1;0;0;0;0;0;516843,667600000280000;5407110,655899999700000;9,229445097000053;48,816751798000041;0
154730;08200916212102146290;08;2;12;000;2020;09;10;4;3;0;1;0;1;0;0;0;0;0;458473,393099999990000;5428624,296800000600000;8,432145935000051;49,009114216000057;0
154733;08200916111500113170;08;1;11;000;2020;09;09;4;3;6;7;0;1;0;1;0;0;0;511819,768299999650000;5401881,783800000300000;9,160859239000047;48,769829258000073;0
154734;08200917417200147160;08;4;17;022;2020;09;09;5;3;0;2;0;1;0;0;0;0;0;486654,644299999810000;5348663,061899999200000;8,820082783000032;48,291026368000075;0
154735;08200915237200122870;08;2;37;073;2020;09;20;3;3;0;7;2;1;0;0;0;0;0;461864,121500000360000;5374511,497999999700000;8,483526265000023;48,522555220000072;0
154740;08200913437100113530;08;4;37;088;2020;09;11;1;3;8;7;0;1;0;0;0;0;0;518041,172500000340000;5308668,116800000900000;9,241531891000022;47,931078104000051;0
154743;08200917317500145250;08;3;17;096;2020;09;07;5;3;5;2;0;1;1;0;0;0;0;422224,433600000110000;5369101,080000000100000;7,947764495000058;48,470229363000044;0
154744;08200915221200122370;08;2;21;000;2020;09;09;3;3;5;2;0;1;1;0;0;0;0;476565,901999999770000;5472503,939999999500000;8,676984609000044;49,404770489000043;0
154745;08200913436400135320;08;4;36;082;2020;09;18;1;2;0;1;0;1;0;0;0;0;0;547578,784599999900000;5294026,175799999400000;9,635346738000067;47,797834407000039;0
154747;08200917335300114990;08;3;35;075;2020;09;16;5;3;0;1;0;1;0;0;0;0;0;488182,768600000070000;5289491,175000000700000;8,842316470000071;47,758680553000033;0
154749;08200913436300104160;08;4;36;049;2020;09;17;1;3;0;1;0;1;0;0;0;0;0;578139,342799999750000;5282834,412599999500000;10,041372849000027;47,694168353000066;0
154750;08200914226600155880;08;2;26;096;2020;09;09;2;3;6;4;0;0;1;1;0;0;0;476124,700699999930000;5488297,028400000200000;8,669949997000060;49,546807794000074;0
154751;08200916335200147360;08;3;35;063;2020;09;17;4;3;5;2;0;1;1;0;0;0;0;495097,474999999630000;5288820,735200000900000;8,934590486000047;47,752737901000046;0
154752;08200914435100105550;08;4;35;029;2020;09;20;2;3;0;1;1;1;0;0;0;0;0;544623,995199999770000;5270804,741800000900000;9,593516493000038;47,589118481000071;0
154753;08200916119300126690;08;1;19;067;2020;09;17;4;3;5;3;0;1;1;0;0;0;0;539580,373999999840000;5405926,369999999200000;9,539040972000066;48,805066052000029;0
154754;08200914415400113060;08;4;15;061;2020;09;16;2;3;4;2;0;1;1;0;0;0;0;516451,685999999750000;5370236,388900000600000;9,222640306000074;48,485037867000074;0
154755;08200915335300127510;08;3;35;075;2020;09;17;3;3;5;3;0;1;1;0;0;0;0;487874,408900000150000;5290332,057700000700000;8,838178419000030;47,766240690000075;0
154757;08200917311010125520;08;3;36;050;2020;09;11;5;3;6;3;0;1;0;1;0;0;0;399590,567699999550000;5274063,812899999300000;7,663919291000070;47,612197429000048;0
154758;08200915212010111110;08;2;12;000;2020;09;07;3;3;2;6;0;1;0;0;0;0;1;462867,179600000380000;5428424,313400000300000;8,492244283000048;49,007595351000077;0
154759;08200913435100137810;08;4;35;035;2020;09;16;1;3;0;6;0;1;0;0;0;0;0;541534,068099999800000;5281102,622199999200000;9,553398749000053;47,681977305000032;0
154763;08200916116100144030;08;1;16;019;2020;09;19;4;3;5;3;1;1;1;0;0;0;0;520356,232300000270000;5399806,966700000700000;9,276931128000058;48,750943740000025;0
154764;08200916317500112380;08;3;17;096;2020;09;12;4;3;0;7;0;1;0;0;0;0;0;422317,655500000340000;5369466,629499999800000;7,948957572000040;48,473528977000058;0
154765;08200914335200143250;08;3;35;063;2020;09;12;2;3;5;2;0;1;0;0;0;0;0;497910,527800000270000;5287104,529500000200000;8,972130487000072;47,737311442000077;0
154767;08200913435100134050;08;4;35;035;2020;09;10;1;3;0;1;0;1;0;0;0;0;0;540009,993900000120000;5280414,370699999900000;9,533029875000068;47,675881036000078;0
154768;08200915317300145990;08;3;17;065;2020;09;10;3;3;1;5;0;1;1;0;0;0;0;413110,372999999670000;5356097,248999999800000;7,827177977000076;48,352071228000057;0
154769;08200913435100103720;08;4;35;029;2020;09;15;1;3;0;1;0;1;0;0;0;0;0;544845,876500000250000;5275639,056500000900000;9,596962218000044;47,632599010000035;0
154770;08200917116010183270;08;1;16;033;2020;09;10;5;3;6;7;0;0;0;1;0;0;1;532644,674999999810000;5387365,369699999700000;9,443118511000023;48,638498332000040;0
154771;08200917311010114500;08;3;11;000;2020;09;10;5;3;0;7;0;1;0;0;0;0;0;414080,076700000090000;5315241,842800000700000;7,848521309000034;47,984705861000066;0
154772;08200915127202145140;08;1;27;014;2020;09;11;3;3;5;3;0;1;1;0;0;0;0;578062,872000000440000;5443635,736999999700000;10,070295122000061;49,140586133000056;0
154773;08200913421200137280;08;4;21;000;2020;09;14;1;3;0;1;0;1;0;0;0;0;0;573075,835599999870000;5360749,700500000300000;9,987205953000057;48,395671010000058;0
154775;08200914335100142900;08;3;35;043;2020;09;12;2;3;0;1;0;1;0;0;0;0;0;513359,185999999750000;5278216,053400000600000;9,177912967000054;47,657201366000038;0
154777;08200917426010147420;08;4;26;021;2020;09;17;5;3;5;3;0;1;1;0;0;0;0;558479,639000000430000;5323863,549399999900000;9,784951317000036;48,065367051000067;0
154779;08200913421200102640;08;4;21;000;2020;09;20;1;2;0;1;2;1;0;0;0;0;0;574009,370000000110000;5362202,906999999700000;10,000071635000040;48,408633978000069;0
154784;08200917111500116890;08;1;11;000;2020;09;18;5;2;4;6;0;1;0;0;0;0;0;513555,962199999950000;5399680,394500000400000;9,184415061000038;48,749990278000041;0
154786;08200915121400109070;08;1;25;074;2020;09;20;3;3;0;1;2;1;0;0;0;0;0;506515,702899999920000;5441255,689899999600000;9,089304373000061;49,124102807000043;0
154788;08200916221400149820;08;2;21;000;2020;09;15;4;3;0;7;0;1;0;0;0;0;0;474605,227300000380000;5474552,345200000300000;8,649828148000040;49,423116830000026;0
154790;08200916111250129500;08;1;11;000;2020;09;15;4;3;4;6;0;1;0;0;0;0;0;518523,723000000230000;5402876,792999999600000;9,252139698000065;48,778616795000062;0
154791;08200917415100291970;08;4;15;078;2020;09;18;5;3;6;4;0;0;1;1;0;0;0;529030,898799999620000;5371340,658199999500000;9,392947999000057;48,494516946000033;0
154795;08200916336300113580;08;3;36;081;2020;09;17;4;3;2;6;0;1;1;0;0;0;0;411691,699900000360000;5277985,134099999400000;7,824112446000072;47,649235379000061;0
154796;08200915111500142170;08;1;11;000;2020;09;19;3;2;4;1;1;1;0;0;0;0;1;520107,864000000060000;5402871,277699999500000;9,273702062000041;48,778517993000037;0
154797;08200913336200138560;08;3;36;105;2020;09;18;1;3;3;6;0;1;1;0;0;0;0;398454,105999999680000;5267868,646500000700000;7,650235034000048;47,556292703000054;0
154798;08200916121600131610;08;1;25;098;2020;09;14;4;3;7;7;0;1;0;0;0;0;0;520052,446999999690000;5438197,457000000400000;9,274685901000055;49,096300378000080;0
154799;08200915118010117700;08;1;18;011;2020;09;07;3;3;6;4;0;0;1;1;0;0;0;504645,129999999890000;5408202,286000000300000;9,063288750000027;48,826782954000066;0
154800;08200913327100134500;08;3;27;004;2020;09;14;1;3;0;1;0;1;0;0;0;0;0;494913,339900000020000;5324948,936400000000000;8,931707362000054;48,077793258000042;0
154801;08200916136100115220;08;1;36;088;2020;09;15;4;3;1;5;0;1;0;0;0;0;1;587638,972500000150000;5408457,300100000600000;10,193978755000046;48,822911049000027;0
154802;08200915435100109970;08;4;35;016;2020;09;13;3;3;0;5;0;1;0;0;0;0;1;537048,090200000440000;5280013,250800000500000;9,493537694000054;47,672448534000068;0
154803;08200917326400166680;08;3;26;074;2020;09;17;5;3;6;2;0;0;1;1;0;0;0;458740,636400000190000;5323405,923599999400000;8,446220929000049;48,062596460000066;0
154805;08200913326100105890;08;3;26;012;2020;09;16;1;3;5;3;0;1;1;0;0;0;0;462183,577100000340000;5310947,311599999700000;8,493528351000066;47,950721940000051;0
154806;08200914222400107630;08;2;26;028;2020;09;08;2;3;6;4;0;0;1;1;0;0;0;471795,021900000050000;5484516,069100000000000;8,610368645000051;49,512613472000055;0
154808;08200914316200185810;08;3;16;056;2020;09;21;2;3;0;2;2;1;0;0;1;0;0;424066,391599999740000;5329102,874299999300000;7,979872593000039;48,110658922000027;0
154809;08200916118600113310;08;1;18;067;2020;09;17;4;3;5;3;0;1;1;0;0;0;0;506109,133999999610000;5413450,997999999700000;9,083313725000039;48,873986860000059;0
154810;08200914316200140520;08;3;16;055;2020;09;14;2;3;5;3;0;1;1;0;0;0;0;428605,422700000000000;5333386,038300000100000;8,040125077000027;48,149714140000071;0
154811;08200915325202371200;08;3;25;049;2020;09;17;3;3;6;4;0;0;1;1;0;0;0;472202,949599999930000;5334651,041699999900000;8,626172700000041;48,164495491000025;0
154812;08200917119300162170;08;1;19;084;2020;09;00;5;3;0;3;2;1;0;0;0;0;1;545653,791799999770000;5413554,630500000000000;9,622599340000022;48,873268384000028;0
154814;08200915337101133540;08;3;37;097;2020;09;09;3;3;6;7;0;0;1;1;0;0;0;435241,470599999650000;5289870,444700000800000;8,135885464000069;47,758948421000071;0
154816;08200917311400145530;08;3;15;033;2020;09;17;5;3;5;3;0;1;1;0;0;0;0;399130,177000000140000;5304752,661000000300000;7,650677071000075;47,888175046000072;0
154817;08200915216100112240;08;2;16;043;2020;09;18;3;3;0;3;0;1;1;0;0;0;0;441981,603900000450000;5411204,611199999200000;8,209127683000077;48,851096339000037;0
154818;08200913317100102380;08;3;17;116;2020;09;12;1;3;0;7;0;1;0;0;0;0;0;434043,552600000050000;5388942,778300000400000;8,104499671000042;48,650060332000066;0
154819;08200914222014105210;08;2;22;000;2020;09;17;2;2;5;2;0;1;1;0;0;0;0;461643,635599999690000;5483500,393200000700000;8,470238727000037;49,502920810000035;0
154820;08200916317200113730;08;3;17;005;2020;09;18;4;3;0;7;0;1;0;0;0;0;0;425146,905899999660000;5376166,084400000100000;7,986029561000066;48,534133655000062;0