OBJECTID;UIDENTSTLAE;ULAND;UREGBEZ;UKREIS;UGEMEINDE;UJAHR;UMONAT;USTUNDE;UWOCHENTAG;UKATEGORIE;UART;UTYP1;ULICHTVERH;IstRad;IstPKW;IstFuss;IstKrad;IstGkfz;IstSonstige;LINREFX;LINREFY;XGCSWGS84;YGCSWGS84;STRZUSTAND
154821;08200916117400128190;08;1;17;055;2020;09;19;4;3;5;3;1;1;1;0;0;0;0;544806,321000000460000;5397002,483999999200000;9,609236842000030;48,724436676000039;0
154822;08200913311010117610;08;3;11;000;2020;09;14;1;3;0;7;0;1;0;0;0;0;0;414528,273599999960000;5316089,623299999200000;7,854357907000065;47,992392040000027;0
154824;08200913237100152820;08;2;37;028;2020;09;21;1;3;9;7;2;1;0;0;0;0;0;456064,761400000190000;5368508,908700000500000;8,405621271000030;48,468177248000075;0
154825;08200917115200150520;08;1;15;016;2020;09;12;5;3;1;5;0;1;1;0;0;0;0;487524,631799999620000;5377592,919900000100000;8,830950776000066;48,551311179000038;0
154827;08200915121500113110;08;1;25;039;2020;09;13;3;3;0;1;0;1;0;0;0;0;0;511875,986999999730000;5459033,160000000100000;9,163298032000057;49,283935581000037;0
154828;08200913231000130510;08;2;37;054;2020;09;18;1;3;5;3;0;1;1;0;0;0;0;468056,989000000060000;5375764,010999999900000;8,567297476000022;48,534168662000070;0
154830;08200914311400139820;08;3;15;050;2020;09;12;2;3;5;3;0;1;1;0;0;0;0;399068,394000000320000;5303023,938999999300000;7,650254881000024;47,872615694000046;0
154832;08200913231000120860;08;2;36;038;2020;09;17;1;2;0;7;0;1;0;0;0;0;0;484697,772499999960000;5426547,907600000500000;8,790823835000026;48,991643497000041;0
154833;08200916311010123810;08;3;11;000;2020;09;04;4;3;4;7;2;1;0;0;0;0;1;412785,328400000000000;5315060,077400000800000;7,831210023000040;47,982895583000072;0
154834;08200916116010121360;08;1;16;049;2020;09;18;4;2;0;1;0;1;0;0;0;0;0;525643,289499999960000;5387964,807700000700000;9,348120957000049;48,644217289000039;0
154836;08200913231000105080;08;2;31;000;2020;09;18;1;2;0;7;0;0;1;1;0;0;0;478515,637600000020000;5416135,399199999900000;8,706866301000048;48,897792734000063;0
154839;08200915119300143950;08;1;19;086;2020;09;10;3;3;5;3;0;1;1;0;0;0;0;535621,377100000160000;5405293,471599999800000;9,485071032000064;48,799612266000054;0
154840;08200913226700130130;08;2;26;095;2020;09;19;1;3;0;7;0;1;0;0;0;0;0;474191,250099999830000;5461336,126800000700000;8,644976788000065;49,304221186000063;0
154844;08200915226700140620;08;2;26;065;2020;09;22;3;3;0;1;2;1;0;0;0;0;0;476628,872999999670000;5456326,369699999700000;8,678800769000077;49,259256398000048;0
154846;08200916111500115520;08;1;11;000;2020;09;12;4;3;5;3;0;1;1;0;0;0;0;511925,468799999920000;5406510,292199999100000;9,162432092000074;48,811464880000074;0
154850;08200916417100111240;08;4;17;079;2020;09;07;4;3;3;7;0;1;0;0;0;1;0;499881,041600000110000;5339951,203400000900000;8,998398691000034;48,212788317000047;0
154851;08200917221200117880;08;2;21;000;2020;09;11;5;3;3;6;0;1;1;0;0;0;0;476981,396999999880000;5472843,665799999600000;8,682692002000067;49,407842126000048;0
154854;08200916127202130060;08;1;27;014;2020;09;15;4;3;2;6;0;1;1;0;0;0;0;578316,685399999840000;5443874,594200000200000;10,073820855000065;49,142702063000058;0
154855;08200914311010156960;08;3;11;000;2020;09;09;2;3;1;7;0;1;0;0;0;0;0;413786,237999999900000;5317546,644999999600000;7,844121167000026;48,005398853000031;0
154856;08200915416200185070;08;4;16;041;2020;09;19;3;3;0;7;1;1;0;0;0;0;0;504644,040699999780000;5376290,377800000800000;9,062915321000048;48,539699992000067;0
154857;08200917317500149910;08;3;17;096;2020;09;18;5;3;1;5;1;1;1;0;0;0;0;422305,394999999550000;5369627,809100000200000;7,948761763000050;48,474977261000049;0
154859;08200913221011115200;08;2;21;000;2020;09;17;1;3;0;4;0;1;0;1;1;0;0;479582,001400000420000;5473557,813500000200000;8,718503732000045;49,414358605000075;0
154860;08200914216300107180;08;2;16;015;2020;09;18;2;2;0;1;0;1;0;0;0;0;0;448878,698499999940000;5405632,554999999700000;8,303831683000055;48,801581003000081;0
154861;08200916317500116120;08;3;17;151;2020;09;17;4;2;0;7;0;1;0;0;0;0;0;412201,476300000210000;5368525,186300000200000;7,812312127000041;48,463730018000035;0
154862;08200914215402122240;08;2;15;009;2020;09;17;2;3;5;3;0;1;1;0;0;0;0;468338,105800000020000;5442856,009500000600000;8,565921946000060;49,137716931000057;0
154863;08200916335300117530;08;3;35;075;2020;09;15;4;3;8;1;0;1;0;0;0;0;0;491075,211000000130000;5284671,269999999600000;8,881010596000067;47,715359598000077;0
154864;08200915111250140370;08;1;11;000;2020;09;07;3;3;0;7;0;1;0;0;0;0;0;513979,147499999960000;5404003,001399999500000;9,190318935000050;48,788866784000049;0
154867;08200917127100117130;08;1;27;076;2020;09;17;5;3;0;1;0;1;0;0;0;0;0;554559,358000000010000;5438950,464500000700000;9,747447320000049;49,100981052000066;0
154868;08200917311010150480;08;3;11;000;2020;09;08;5;3;0;2;0;1;1;0;0;0;0;413374,326600000260000;5317449,386299999400000;7,838619434000066;48,004468284000041;0
154869;08200915212010143840;08;2;12;000;2020;09;07;3;3;5;3;0;1;0;0;0;0;0;457893,533300000240000;5429653,569900000500000;8,424110293000069;49,018333379000069;0
154870;08200913216100135160;08;2;16;043;2020;09;17;1;3;8;7;0;1;0;0;0;0;0;440828,620099999940000;5412966,348700000000000;8,193157834000033;48,866834196000070;0
154871;08200914212502123470;08;2;12;000;2020;09;17;2;3;5;3;0;1;0;0;0;0;0;454112,096599999820000;5428274,425400000100000;8,372550659000069;49,005658201000074;0
154872;08200916311010149350;08;3;11;000;2020;09;16;4;3;0;6;0;1;1;0;0;0;0;413795,246700000020000;5315609,574100000800000;7,844631055000036;47,987975417000030;0
154873;08200916116500174380;08;1;16;049;2020;09;19;4;3;0;6;0;1;0;0;0;0;1;524957,929999999700000;5385164,695699999100000;9,338648404000026;48,619055121000031;0
154874;08200915311500138480;08;3;15;094;2020;09;11;3;3;5;3;0;1;1;0;0;0;0;434696,434999999590000;5313575,219000000500000;8,125031663000073;47,972149951000063;0
154875;08200913216100103840;08;2;16;043;2020;09;18;1;3;6;7;0;0;1;1;0;0;0;441496,198400000110000;5412013,501299999700000;8,202396006000072;48,858326707000060;0
154876;08200916118400164320;08;1;18;048;2020;09;08;4;2;0;1;0;1;0;0;0;0;0;513515,180399999950000;5415702,835699999700000;9,184388238000054;48,894126627000048;0
154877;08200913215502103600;08;2;15;099;2020;09;12;1;3;5;3;0;1;1;0;0;0;0;462292,293999999760000;5445193,202999999700000;8,482819595000024;49,158398679000072;0
154879;08200913215302106370;08;2;15;025;2020;09;16;1;3;0;2;0;1;0;0;0;0;0;475238,516599999740000;5433583,155600000200000;8,661091525000074;49,054621652000037;0
154880;08200917116500135800;08;1;16;049;2020;09;14;5;3;5;3;0;1;0;0;0;0;1;525669,151300000030000;5387213,229399999600000;9,348425466000037;48,637455019000072;0
154881;08200917311010116430;08;3;11;000;2020;09;22;5;3;3;6;2;1;0;0;0;0;0;414420,281600000340000;5317461,837099999200000;7,852637019000042;48,004721185000051;0
154882;08200915135200110250;08;1;35;026;2020;09;16;3;3;4;3;0;1;0;0;1;0;0;590947,684600000270000;5394693,935000000500000;10,236003873000072;48,698649209000052;0
154883;08200913136200291470;08;1;36;010;2020;09;18;1;3;5;3;0;1;1;0;0;0;0;599135,175999999980000;5412404,187000000800000;10,351513065000063;48,856678527000042;0
154884;08200916311010112570;08;3;11;000;2020;09;20;4;2;0;7;2;1;0;0;0;0;0;413146,834099999630000;5320077,467900000500000;7,835037634000059;48,028077795000058;0
154885;08200916115200184710;08;1;15;016;2020;09;11;4;3;0;1;0;1;0;0;0;0;0;488932,876000000160000;5378684,470100000500000;8,850004288000037;48,561157508000065;0
154886;08200917435100114590;08;4;35;016;2020;09;10;5;3;0;1;0;1;0;0;0;0;0;532868,000400000250000;5279363,989099999900000;9,437805378000064;47,666832843000066;0
154887;08200915311100123330;08;3;15;015;2020;09;13;3;3;1;5;0;1;0;0;0;1;0;393846,374400000090000;5321175,502000000300000;7,575963548000061;48,035037655000053;0
154888;08200913136010122490;08;1;36;065;2020;09;17;1;2;2;6;0;1;0;0;0;0;0;559725,466599999930000;5404521,113500000900000;9,813166518000060;48,790816392000067;0
154889;08200916435100287720;08;4;35;029;2020;09;16;4;3;3;6;0;1;0;0;0;0;0;544033,849200000060000;5270759,563300000500000;9,585663212000043;47,588752337000074;0
154890;08200917221300174020;08;2;21;000;2020;09;19;5;3;0;1;0;1;0;0;0;0;0;476430,300300000240000;5473955,968100000200000;8,675029301000052;49,417825996000033;0
154891;08200915119100128230;08;1;19;008;2020;09;14;3;2;5;3;0;1;1;0;0;0;0;531533,588000000450000;5421622,285000000100000;9,430666604000066;48,946719915000074;0
154893;08200916136300113340;08;1;36;065;2020;09;16;4;3;5;3;0;1;1;0;0;0;0;563458,477800000460000;5405089,237500000700000;9,864073631000053;48,795556872000077;0
154894;08200917111500166030;08;1;11;000;2020;09;16;5;2;5;3;0;1;1;0;0;0;0;516182,745099999940000;5408670,844300000000000;9,220503620000045;48,830804549000050;0
154896;08200915121400110020;08;1;25;013;2020;09;12;3;3;0;7;0;1;0;0;0;0;0;505454,421400000340000;5437022,138299999800000;9,074701252000068;49,086030464000032;0
154897;08200913135200129720;08;1;35;026;2020;09;11;1;2;0;1;0;1;0;0;0;0;0;595591,729399999600000;5395963,980000000400000;10,299395248000053;48,709377407000034;0
154898;08200916222014185650;08;2;22;000;2020;09;18;4;3;0;1;0;1;0;0;0;0;0;461436,035899999550000;5480707,912599999500000;8,467644032000067;49,477790790000029;0
154903;08200916415100141900;08;4;15;078;2020;09;17;4;3;5;3;0;1;0;0;1;0;0;529293,417999999600000;5371033,599400000600000;9,396479704000058;48,491742400000078;0
154905;08200913128200102850;08;1;28;115;2020;09;10;1;3;2;6;0;1;1;0;0;0;0;548875,660199999810000;5495474,068600000800000;9,676525705000074;49,609857006000027;0
154908;08200915435100144710;08;4;35;016;2020;09;13;3;3;0;1;0;1;0;0;0;0;0;534062,103000000120000;5280562,870999999300000;9,453803958000037;47,677557896000053;0
154909;08200917335100126550;08;3;35;043;2020;09;07;5;3;0;1;0;1;0;0;0;0;0;509845,390100000430000;5288122,787200000100000;9,131341310000039;47,746401543000047;0
154910;08200915225200112140;08;2;25;109;2020;09;16;3;3;5;3;0;1;1;0;0;0;0;525886,713700000200000;5492220,543700000300000;9,358113092000053;49,582015434000027;0
154911;08200913127100117820;08;1;27;025;2020;09;16;1;3;0;7;0;1;0;0;0;0;0;555927,334900000130000;5428186,618599999700000;9,764699998000026;49,004040300000042;0
154913;08200916335100186430;08;3;35;043;2020;09;18;4;3;3;6;0;1;0;0;1;0;0;513033,878999999720000;5279345,535000000100000;9,173614354000051;47,667370713000025;0
154914;08200914421200146360;08;4;21;000;2020;09;19;2;3;1;5;0;1;1;0;0;0;0;573678,709599999710000;5361346,436100000500000;9,995453835000035;48,400968604000070;0
154915;08200914311010133660;08;3;36;084;2020;09;13;2;3;5;3;0;1;0;0;0;0;1;406751,875000000000000;5277444,413000000600000;7,758465977000071;47,643678313000066;0
154916;08200916119010184560;08;1;19;079;2020;09;14;4;2;5;3;0;1;1;0;0;0;0;525609,252700000070000;5407692,509600000500000;9,348884646000045;48,821686505000059;0
154917;08200914311010110880;08;3;36;050;2020;09;18;2;3;0;1;0;1;0;0;0;0;0;399171,354799999860000;5272839,904899999500000;7,658624235000048;47,601122868000061;0
154918;08200915327100187250;08;3;27;050;2020;09;16;3;3;0;2;0;0;1;1;0;0;0;486225,656899999830000;5315759,838300000900000;8,815364045000024;47,994989661000034;0
154919;08200917119400138880;08;1;19;091;2020;09;18;5;3;5;3;0;1;0;0;1;0;0;526781,220300000160000;5406949,307499999200000;9,364801960000023;48,814951444000030;0
154920;08200917311010118630;08;3;11;000;2020;09;17;5;3;0;7;0;1;0;0;0;0;0;414658,718600000250000;5316309,094000000500000;7,856062359000021;47,994383690000063;0
154921;08200915212010108520;08;2;12;000;2020;09;15;3;3;5;2;0;1;1;0;0;0;0;455373,313000000080000;5429726,909000000000000;8,389635191000025;49,018815903000075;0
154923;08200916311010138130;08;3;36;091;2020;09;13;4;3;0;7;0;1;0;0;0;0;1;396244,933500000280000;5272074,285100000000000;7,619885165000028;47,593774166000060;0
154924;08200922118300168450;08;1;18;081;2020;09;18;3;3;4;2;0;1;1;0;0;0;0;517957,232200000440000;5412444,058499999300000;9,244847724000067;48,864698747000034;0
154925;08200922117100130860;08;1;17;019;2020;09;14;3;3;0;7;0;1;0;0;0;0;0;552006,092100000010000;5391937,268699999900000;9,706487751000054;48,678313877000051;0
154927;08200922216100131280;08;2;16;005;2020;09;07;3;3;5;3;0;1;1;0;0;0;0;445223,514000000430000;5417468,369100000700000;8,252476264000052;48,907733739000037;0
154928;08200922117010168880;08;4;21;000;2020;09;18;3;2;5;3;0;0;1;1;0;0;0;571603,801099999810000;5360404,001100000000000;9,967263775000049;48,392730242000027;0
154930;08200922117010148700;08;1;17;042;2020;09;09;3;2;6;7;0;0;0;1;0;0;1;554472,220399999990000;5393226,534000000000000;9,740156470000045;48,689700971000036;0
154935;08200922115300168260;08;1;15;028;2020;09;15;3;3;0;7;0;1;0;0;0;0;0;501285,471099999730000;5404160,910000000100000;9,017501575000040;48,790443116000063;0
154936;08200918317500153580;08;3;17;100;2020;09;18;6;3;5;3;0;1;0;0;0;0;0;424062,603600000030000;5366671,860300000800000;7,973069992000035;48,448603146000039;0
154937;08200922111500134510;08;1;11;000;2020;09;17;3;3;6;4;0;0;1;1;0;0;0;513370,025200000030000;5403320,566099999500000;9,182003890000033;48,782741054000041;0
154938;08200923118000166770;08;1;18;019;2020;09;19;4;2;6;4;1;0;1;1;0;0;0;504849,429899999870000;5405230,808100000000000;9,066037167000047;48,800050265000039;0
154940;08200923121400137460;08;1;25;058;2020;09;16;4;3;2;6;0;1;1;0;0;0;0;508252,907399999910000;5443921,789599999800000;9,113169078000055;49,148064530000056;0
154941;08200922111140131620;08;1;11;000;2020;09;08;3;3;5;3;0;1;1;0;0;0;0;512113,156700000170000;5402606,000700000700000;9,164873375000070;48,776338624000061;0
154943;08200918316200120050;08;3;16;056;2020;09;15;6;3;8;1;0;1;0;0;0;0;0;423609,738599999810000;5328469,697100000500000;7,973852122000039;48,104908514000044;0
154945;08200921435200129010;08;4;35;034;2020;09;15;2;3;0;7;0;1;0;0;0;0;0;529819,879099999550000;5284374,002000000300000;9,397547541000051;47,712057968000067;0
154951;08200918311100292380;08;3;15;015;2020;09;00;6;3;7;7;2;1;0;1;0;0;0;396850,243200000380000;5321666,523600000900000;7,616129396000076;48,039946492000070;0
154953;08200921416100129470;08;4;16;048;2020;09;14;2;3;0;7;0;1;0;0;0;0;0;497330,855200000110000;5378135,001199999800000;8,963827825000067;48,556306334000055;0
154954;08200921415400180920;08;4;15;061;2020;09;18;2;3;1;5;0;1;1;0;0;0;0;514550,882899999620000;5374806,172299999700000;9,197076277000065;48,526196069000036;0
154955;08200918311010152320;08;3;11;000;2020;09;21;6;3;0;7;2;1;0;0;0;0;0;411357,741000000390000;5317011,167999999600000;7,811679803000061;48,000249917000076;0
154957;08200921415300128170;08;4;15;092;2020;09;19;2;2;0;1;2;1;0;0;0;0;0;517854,962000000290000;5365856,642000000900000;9,241443677000063;48,445597720000080;0
154958;08200918311010148290;08;3;11;000;2020;09;19;6;2;0;2;0;1;1;0;0;0;0;411917,615399999540000;5315318,125600000800000;7,819531152000025;47,985097905000032;0
154960;08200921335200165270;08;3;35;063;2020;09;12;2;3;0;6;0;1;0;1;0;0;0;498052,058799999770000;5287192,384800000100000;8,974017843000070;47,738102372000071;0
154961;08200918311010133890;08;3;11;000;2020;09;08;6;3;3;3;0;1;1;0;0;0;0;410080,178399999630000;5315802,105399999800000;7,794810278000057;47,989195727000038;0
154962;08200921335100163820;08;3;35;043;2020;09;21;2;3;8;1;2;1;0;0;0;0;0;512998,449199999680000;5279257,719399999800000;9,173139810000066;47,666581290000067;0
154963;08200922436200164450;08;4;36;095;2020;09;05;3;2;0;1;2;1;0;0;0;0;0;536600,723699999970000;5292409,069800000600000;9,488620343000036;47,784002771000075;1
154964;08200921326400149860;08;3;26;074;2020;09;17;2;3;0;7;0;1;0;0;0;0;0;458625,106300000100000;5322920,811499999800000;8,444717309000055;48,058224583000026;0
154969;08200923215402181490;08;2;15;009;2020;09;19;4;3;5;3;1;1;1;0;0;0;0;470373,435999999750000;5442042,617000000600000;8,593884918000072;49,130501849000041;0
154973;08200922317300154200;08;3;17;065;2020;09;10;3;3;6;4;0;1;0;1;0;0;0;415518,237800000240000;5354156,552699999900000;7,860061520000045;48,334941666000077;0
154975;08200921311010149550;08;3;11;000;2020;09;16;2;3;0;7;0;1;0;0;0;0;0;414836,498999999840000;5318614,992100000400000;7,857987053000045;48,015149849000068;0
154976;08200921311010149430;08;3;11;000;2020;09;13;2;2;5;3;0;1;1;0;0;0;0;411392,061200000350000;5321101,694900000500000;7,811294141000076;48,037049866000075;0
154977;08200918231000134760;08;2;31;000;2020;09;16;6;3;4;6;0;1;0;0;0;0;0;479120,040099999870000;5415876,385399999100000;8,715125930000056;48,895483398000067;0
154978;08200922212010155410;08;2;15;017;2020;09;08;3;2;5;3;0;1;0;0;0;0;0;455161,408099999650000;5422498,417799999900000;8,387534524000046;48,953779371000053;0
154979;08200921311010131650;08;3;11;000;2020;09;14;2;3;5;3;0;1;1;0;0;0;0;415018,737599999640000;5320689,823899999300000;7,860018794000041;48,033837986000037;0
154980;08200923212010138550;08;2;12;000;2020;09;13;4;3;1;5;0;1;0;0;0;0;0;455595,692599999720000;5428440,126000000200000;8,392817309000066;49,007257221000032;0
154981;08200921311010131640;08;3;15;064;2020;09;12;2;3;0;6;0;1;0;0;0;0;1;424000,512000000100000;5313880,826700000100000;7,981690311000023;47,973718176000034;0
154982;08200918231000133760;08;2;37;019;2020;09;16;6;2;6;7;0;0;1;1;0;0;0;462627,030399999580000;5368865,419500000800000;8,494363276000058;48,471808679000048;0
154984;08200918226300119080;08;2;26;056;2020;09;13;6;2;0;2;0;1;0;0;0;0;0;485419,717299999670000;5471326,427400000400000;8,799067706000074;49,394455361000041;0
154986;08200921226600166450;08;2;26;096;2020;09;17;2;3;6;7;0;0;1;1;0;0;0;480231,111700000240000;5484331,391499999900000;8,726914675000046;49,511286115000075;0
154987;08200918222600117940;08;2;22;000;2020;09;13;6;3;0;1;0;1;0;0;0;0;0;462719,076999999580000;5484351,985999999600000;8,485011216000032;49,510647487000028;0
154989;08200918222014158460;08;2;22;000;2020;09;07;6;1;6;7;0;0;1;1;0;1;0;460379,808500000280000;5484929,433199999900000;8,452640732000020;49,515692936000050;0
154990;08200921225200166610;08;2;25;060;2020;09;14;2;3;5;3;0;1;1;0;0;0;0;514964,798100000250000;5486880,565800000000000;9,206819350000046;49,534352879000039;0
154992;08200918222014129890;08;2;22;000;2020;09;11;6;1;3;2;0;1;1;0;0;0;0;461400,580299999560000;5482056,534900000300000;8,467022955000061;49,489918679000027;0
155000;08200918221011129130;08;2;21;000;2020;09;17;6;3;5;2;0;1;1;0;0;0;0;477997,101999999960000;5473293,128000000500000;8,696668224000064;49,411922545000039;0
155001;08200921221011147540;08;2;21;000;2020;09;09;2;2;5;3;0;1;1;0;0;0;0;477571,880400000140000;5474362,719100000300000;8,690745768000056;49,421527812000079;0
155004;08200921212402127840;08;2;12;000;2020;09;07;2;3;2;6;0;1;1;0;0;0;0;456670,951500000430000;5424573,339299999200000;8,407931808000058;48,972551321000026;0
155006;08200921212102162940;08;2;12;000;2020;09;17;2;3;5;3;0;1;1;0;0;0;0;458283,908699999560000;5428082,062699999700000;8,429610686000046;49,004223954000054;0
155007;08200921212102128410;08;2;12;000;2020;09;09;2;3;0;7;0;1;0;0;0;0;0;458374,276300000030000;5429112,440300000800000;8,430740576000062;49,013498465000055;0
155008;08200918216300153860;08;2;16;024;2020;09;16;6;3;6;2;0;0;1;1;0;0;0;445819,265399999920000;5408362,174699999400000;8,261811519000048;48,825875231000055;0
155009;08200921212010164690;08;2;12;000;2020;09;13;2;3;0;2;0;1;1;0;0;0;0;455373,975999999790000;5428766,916999999400000;8,389749821000066;49,010180743000035;0
155010;08200921212010137950;08;2;12;000;2020;09;14;2;2;2;6;0;1;0;0;0;0;0;458096,636099999770000;5428412,796399999400000;8,427016085000048;49,007186269000044;0
155012;08200921212010127080;08;2;15;017;2020;09;13;2;2;6;7;0;1;0;1;0;0;0;455935,765399999920000;5420604,148199999700000;8,398316009000041;48,936795698000026;0
155014;08200921136200131520;08;1;36;019;2020;09;14;2;2;0;1;0;1;0;0;0;0;0;585731,137699999850000;5426547,662300000000000;10,171790759000032;48,985880001000055;0
155016;08200918216100123750;08;2;16;043;2020;09;07;6;3;8;6;0;1;0;0;0;0;0;436964,212700000030000;5411124,061000000700000;8,140753705000066;48,849882401000059;0
155017;08200922212010138360;08;2;12;000;2020;09;12;3;2;5;2;0;1;0;0;0;0;1;456254,996100000110000;5428796,555299999200000;8,401793671000064;49,010510429000078;0
155019;08200918216100118880;08;2;16;043;2020;09;22;6;3;1;5;2;1;1;0;0;0;0;441273,451100000180000;5411306,729299999800000;8,199460899000030;48,851948272000072;0
155023;08200923221400166480;08;2;21;000;2020;09;05;4;3;3;6;2;1;1;0;0;0;0;473914,296600000000000;5472726,449899999400000;8,640421007000043;49,406664044000081;0
155025;08200922311400157530;08;3;15;006;2020;09;07;3;3;6;4;0;0;1;1;0;0;0;402629,347099999900000;5307349,492100000400000;7,696886136000046;47,912074022000070;0
155027;08200921121200149630;08;1;21;000;2020;09;16;2;3;5;2;0;1;1;0;0;0;0;516470,078200000340000;5444093,987500000700000;9,225854465000055;49,149448094000036;0
155028;08200921119300169060;08;1;19;055;2020;09;19;2;3;1;1;0;1;1;0;0;0;0;543405,174999999810000;5404572,125099999800000;9,590984637000076;48,792628661000037;0
155030;08200918215402170040;08;2;15;009;2020;09;18;6;2;6;4;0;1;0;1;0;0;0;466552,800699999560000;5437829,332800000900000;8,541863176000049;49,092406620000077;0
155032;08200921118300128110;08;1;18;081;2020;09;07;2;3;5;3;0;1;1;0;0;0;0;520469,290099999870000;5413303,212500000400000;9,279142342000057;48,872349633000056;0
155035;08200921118000133800;08;1;15;045;2020;09;05;2;2;6;2;2;0;1;1;0;0;0;500148,399899999610000;5393972,572000000600000;9,002016781000066;48,698789965000060;0
155037;08200923212402168210;08;2;12;000;2020;09;07;4;2;0;7;0;1;0;0;0;0;0;455833,508000000380000;5427884,588999999700000;8,396129424000037;49,002277171000060;0
155038;08200922311010135010;08;3;36;050;2020;09;20;3;2;6;4;2;1;0;1;0;0;0;399205,600800000130000;5272976,646099999500000;7,659048261000066;47,602358228000071;0
155040;08200918212302122270;08;2;12;000;2020;09;16;6;3;0;1;0;1;0;0;0;0;0;456050,778300000350000;5428556,304099999400000;8,399027195000031;49,008334832000060;0
155041;08200921111500164910;08;1;11;000;2020;09;17;2;2;2;6;0;1;0;0;0;0;0;507690,359199999830000;5397758,784399999300000;9,104583827000056;48,732803526000055;0
155042;08200918212010167090;08;2;15;046;2020;09;20;6;3;6;7;2;0;0;1;0;0;1;450685,990799999800000;5414323,946300000000000;8,327395475000060;48,879908219000072;0
155043;08200921111500142510;08;1;11;000;2020;09;08;2;3;4;6;0;1;1;0;0;0;0;513494,738499999980000;5400102,788599999600000;9,183596024000053;48,753791448000072;0
155044;08200921111230144490;08;1;11;000;2020;09;10;2;3;2;2;0;1;1;0;0;0;0;508708,346300000320000;5399416,540200000600000;9,118462792000059;48,747703308000041;0
155045;08200918212010150190;08;2;12;000;2020;09;11;6;3;3;6;0;1;0;0;0;0;1;457604,965300000270000;5428541,671299999600000;8,420279910000033;49,008311937000030;0
155046;08200921111230128300;08;1;11;000;2020;09;09;2;3;0;1;0;1;0;0;0;0;0;512030,506699999790000;5400293,486600000400000;9,163680801000055;48,755536974000051;0
155047;08200923119010137190;08;1;19;085;2020;09;12;4;3;0;7;0;1;0;0;0;0;0;530053,934000000360000;5413378,074100000800000;9,409851926000044;48,872632567000039;0
155048;08200922311010133910;08;3;11;000;2020;09;13;3;3;0;7;0;1;0;0;0;0;0;413770,964999999850000;5317523,354100000100000;7,843921126000055;48,005187283000055;0
155049;08200920426100124090;08;4;26;021;2020;09;20;1;3;6;2;2;0;1;1;0;0;0;558269,507600000130000;5327278,102000000000000;9,782596868000042;48,096104351000065;0
155050;08200920417300144630;08;4;17;031;2020;09;13;1;3;0;7;0;1;0;0;0;0;0;497182,286999999550000;5356379,676999999200000;8,961960939000051;48,360584684000059;0
155051;08200918212010148540;08;2;12;000;2020;09;20;6;3;0;6;2;1;0;0;0;0;1;456870,220099999570000;5428598,617900000900000;8,410227327000030;49,008773265000059;0
155052;08200920416200162870;08;4;16;041;2020;09;19;1;2;0;1;0;1;0;0;0;0;0;504151,026800000110000;5377967,984500000300000;9,056252924000035;48,554795739000042;0
155054;08200918212010133690;08;2;12;000;2020;09;18;6;2;5;3;0;1;1;0;0;0;0;457375,319799999710000;5427697,632799999800000;8,417228453000064;49,000703871000042;0
155057;08200918136300156290;08;1;36;065;2020;09;16;6;3;8;1;0;1;0;0;0;0;0;558867,765399999920000;5405630,885800000300000;9,801649106000070;48,800880643000028;0
155058;08200920336400128720;08;3;36;019;2020;09;17;1;3;7;7;0;1;0;0;0;0;0;395244,185399999840000;5277276,553500000400000;7,605333534000067;47,640408304000061;0
155059;08200923115100136310;08;1;15;003;2020;09;08;4;3;0;1;0;1;0;0;0;0;0;501092,043300000020000;5392400,958799999200000;9,014836906000028;48,684650638000051;0
155060;08200922235200135340;08;2;35;080;2020;09;15;3;3;1;5;0;1;1;0;0;0;0;483704,692699999550000;5384999,424499999700000;8,778898066000068;48,617853950000040;0
155061;08200920335300144800;08;3;35;001;2020;09;16;1;3;5;3;0;1;1;0;0;0;0;488859,587500000370000;5298592,421499999200000;8,851113810000072;47,840580820000071;0
155062;08200920335010127900;08;3;35;022;2020;09;13;1;2;6;7;0;0;1;1;0;0;0;484000,884800000120000;5301313,650800000900000;8,786079337000047;47,864962119000040;0
155065;08200920326400184850;08;3;26;074;2020;09;06;1;3;9;1;2;1;0;0;0;0;0;459636,607900000180000;5323347,335100000700000;8,458251537000024;48,062126685000067;0
155066;08200920316100287100;08;3;16;051;2020;09;17;1;3;6;4;0;0;1;1;0;0;0;399415,237999999900000;5335016,032999999800000;7,647384948000024;48,160428281000065;0
155067;08200918136100150920;08;1;36;088;2020;09;14;6;3;5;3;0;1;1;0;0;0;0;581769,307599999940000;5413240,810000000500000;10,114982610000027;48,866735112000072;0
155068;08200923226700137660;08;2;26;076;2020;09;12;4;3;5;3;0;1;0;0;0;0;1;474943,308199999850000;5466282,872300000900000;8,655011095000020;49,348748194000052;0
155071;08200920311400162330;08;3;15;108;2020;09;13;1;3;0;1;0;1;0;0;0;0;0;405014,481399999930000;5304394,858699999700000;7,729448758000046;47,885854456000061;0
155072;08200918135100119630;08;1;35;016;2020;09;16;6;3;0;1;0;1;0;0;0;0;0;591522,810800000090000;5386210,815199999100000;10,241941994000058;48,622267668000063;0
155073;08200920311300286160;08;3;11;000;2020;09;08;1;3;8;6;0;1;1;0;0;0;0;412344,753999999720000;5316400,506600000000000;7,825033346000055;47,994892937000031;0
155074;08200923111130140170;08;1;11;000;2020;09;13;4;3;1;5;0;1;1;0;0;0;0;510251,777800000270000;5402742,631999999300000;9,139541455000028;48,777601209000068;0