OBJECTID;UIDENTSTLAE;ULAND;UREGBEZ;UKREIS;UGEMEINDE;UJAHR;UMONAT;USTUNDE;UWOCHENTAG;UKATEGORIE;UART;UTYP1;ULICHTVERH;IstRad;IstPKW;IstFuss;IstKrad;IstGkfz;IstSonstige;LINREFX;LINREFY;XGCSWGS84;YGCSWGS84;STRZUSTAND
155330;08200924118100140790;08;1;18;071;2020;09;15;5;3;5;3;0;1;1;0;0;0;0;510608,172500000340000;5420132,232499999900000;9,144843089000062;48,934028844000068;0
155333;08200925222500143070;08;2;22;000;2020;09;09;6;2;5;3;0;1;1;0;0;0;0;462407,281000000420000;5478761,556600000700000;8,481235889000061;49,460345191000044;0
155334;08200924116500171270;08;1;16;049;2020;09;17;5;2;5;3;0;1;0;0;1;0;0;525924,646499999800000;5384539,485899999700000;9,351726232000033;48,613391388000082;0
155335;08200928311010170130;08;3;11;000;2020;09;12;2;3;0;7;0;1;0;0;0;1;0;413509,309899999760000;5319389,461699999900000;7,840037375000065;48,021938164000062;0
155337;08200927436000170520;08;4;35;016;2020;09;15;1;3;6;4;0;0;1;1;0;0;0;534642,933899999600000;5279599,854199999900000;9,461465623000038;47,668862374000071;0
155339;08200924116400142930;08;1;16;016;2020;09;12;5;3;3;6;0;1;1;0;0;0;0;533219,968700000080000;5384943,590199999500000;9,450733229000036;48,616681886000038;0
155340;08200924426010151650;08;4;26;087;2020;09;11;5;2;0;1;0;1;0;0;0;0;0;570573,159300000410000;5325154,028899999300000;9,947470383000052;48,075752514000044;0
155341;08200929117200158340;08;1;17;024;2020;09;14;3;3;0;1;0;1;0;0;0;0;0;561068,016699999570000;5385772,823899999300000;9,828669760000025;48,622042658000055;1
155343;08200928221200155960;08;2;21;000;2020;09;16;2;3;6;4;0;1;0;1;0;0;0;477683,140700000340000;5472751,837899999700000;8,692370446000041;49,407042289000060;0
155344;08200925127010173370;08;1;27;101;2020;09;16;6;3;5;2;0;1;1;0;0;0;0;586123,060200000180000;5440590,662000000500000;10,180132156000070;49,112123077000035;0
155347;08200927311010176310;08;3;11;000;2020;09;10;1;3;0;2;0;1;0;1;0;0;0;413292,539499999960000;5316512,258999999600000;7,837712548000070;47,996027422000054;0
155348;08200929311010187210;08;3;11;000;2020;09;16;3;3;0;7;0;1;0;0;0;0;0;413560,030000000260000;5317166,399900000500000;7,841165634000049;48,001947866000080;0
155350;08200924116200169040;08;1;16;077;2020;09;12;5;2;7;1;0;1;0;0;0;0;0;515018,477099999790000;5391615,589400000900000;9,204017408000027;48,677405668000063;0
155351;08200924426010146270;08;4;21;000;2020;09;06;5;2;5;2;2;1;1;0;0;0;0;571353,608699999750000;5360316,009600000500000;9,963869585000055;48,391967094000051;0
155353;08200928211000165040;08;2;11;000;2020;09;10;2;3;5;2;0;1;1;0;0;0;0;442248,363800000400000;5406929,650699999200000;8,213365885000030;48,812667823000027;0
155358;08200925326200172960;08;3;26;074;2020;09;20;6;2;6;4;2;0;1;1;0;0;0;464933,059600000270000;5323290,126599999100000;8,529341351000028;48,061925165000048;1
155362;08200925121500291320;08;1;25;065;2020;09;09;6;3;5;3;0;1;1;0;0;0;0;516418,476999999960000;5448905,491000000400000;9,225343216000056;49,192730292000078;0
155363;08200925416010146190;08;4;16;041;2020;09;22;6;3;2;6;2;1;1;0;0;0;0;504288,888299999760000;5374969,148399999400000;9,058090284000059;48,527816288000054;1
155365;08200928415400178590;08;4;15;061;2020;09;18;2;3;5;3;0;1;0;0;0;0;1;515884,128299999980000;5370572,470200000300000;9,214972395000075;48,488075976000061;0
155369;08200929221400178120;08;2;21;000;2020;09;21;3;3;0;7;2;1;0;0;0;0;0;475857,707999999630000;5470231,437999999200000;8,667361106000044;49,384302000000048;1
155370;08200925226700141280;08;2;26;098;2020;09;07;6;3;0;1;0;1;0;0;0;0;0;476637,256500000130000;5459606,565099999300000;8,678724417000069;49,288762227000063;1
155371;08200923435200170150;08;4;35;059;2020;09;16;4;3;0;7;0;1;0;0;0;0;0;512109,082899999800000;5290279,012000000100000;9,161599794000040;47,765763721000042;0
155372;08200928311500169300;08;3;15;039;2020;09;14;2;3;6;4;0;0;1;1;0;0;0;447416,932300000450000;5304467,977800000500000;8,296564125000032;47,891387433000034;0
155376;08200923421300168120;08;4;21;000;2020;09;19;4;2;8;1;1;1;0;0;0;0;0;571101,750000000000000;5360367,043999999800000;9,960476528000072;48,392454614000030;0
155378;08200926222014146050;08;2;22;000;2020;09;16;7;2;6;4;0;0;1;1;0;0;0;461863,247200000100000;5482659,207200000100000;8,473352973000033;49,495368650000046;0
155380;08200929216200155690;08;2;11;000;2020;09;14;3;3;0;7;0;1;0;0;0;0;0;435973,967699999920000;5397531,009800000100000;8,129375176000053;48,727512810000064;1
155382;08200923416200136010;08;4;16;041;2020;09;07;4;3;0;7;0;1;0;0;0;0;0;504340,382000000220000;5374730,440199999100000;9,058785247000060;48,525668430000053;1
155383;08200928311010150600;08;3;11;000;2020;09;07;2;3;1;5;0;1;1;0;0;0;0;411940,610999999570000;5316078,016000000800000;7,819683402000067;47,991936509000027;0
155388;08200923415400167410;08;4;15;061;2020;09;13;4;3;6;7;0;0;0;1;0;0;1;515923,619800000450000;5370532,692099999600000;9,215505345000054;48,487717118000035;0
155390;08200929116010163760;08;1;16;019;2020;09;16;3;3;5;3;0;1;1;0;0;0;0;524197,093700000080000;5397799,057299999500000;9,329064375000030;48,732743435000032;0
155393;08200925212302169200;08;2;12;000;2020;09;23;6;3;6;6;2;1;0;1;0;0;0;456080,828800000250000;5428541,568900000300000;8,399439684000072;49,008204427000067;0
155395;08200929317500160950;08;3;17;096;2020;09;13;3;3;0;7;0;1;0;0;0;0;0;420321,580699999820000;5370005,692600000600000;7,921852843000067;48,478127996000069;0
155399;08200923337100157090;08;3;37;116;2020;09;16;4;3;0;1;0;1;0;0;0;0;0;418294,980800000020000;5275177,419999999900000;7,912547076000067;47,624844228000029;0
155400;08200924416200138150;08;4;16;041;2020;09;12;5;3;0;1;0;1;0;0;0;0;0;505635,942900000140000;5375314,586699999900000;9,076339944000040;48,530913319000035;0
155401;08200929111130156260;08;1;11;000;2020;09;08;3;3;6;4;0;0;1;1;0;0;0;511469,028699999680000;5402309,353099999900000;9,156097846000023;48,773682210000061;0
155402;08200928136300169380;08;1;36;065;2020;09;16;2;2;0;7;0;1;0;0;0;0;0;560142,043100000360000;5408929,138299999800000;9,819483575000049;48,830426393000039;0
155404;08200923335100136690;08;3;35;043;2020;09;09;4;2;0;1;0;1;0;0;0;0;0;513361,385700000450000;5278228,300699999600000;9,177942636000068;47,657311517000039;0
155405;08200928215302153000;08;2;15;007;2020;09;20;2;3;0;7;2;1;0;0;0;0;0;484940,943699999710000;5434283,800699999600000;8,793860629000051;49,061237833000064;0
155406;08200923311500137640;08;3;15;068;2020;09;18;4;3;0;1;0;1;0;0;0;0;0;443891,280700000000000;5299479,787399999800000;8,250051105000068;47,846211968000034;0
155407;08200927136300152230;08;1;36;079;2020;09;12;1;3;0;1;0;1;0;0;0;0;0;559708,892599999900000;5400828,993699999500000;9,812404824000055;48,757607127000028;1
155408;08200923311010173610;08;3;36;050;2020;09;13;4;3;0;7;0;1;0;0;0;0;1;399339,986800000070000;5272947,559599999300000;7,660842284000069;47,602117468000074;0
155411;08200923311010169460;08;3;11;000;2020;09;11;4;3;3;6;0;1;0;0;0;0;0;414348,128100000320000;5315294,894500000400000;7,852102341000034;47,985219034000067;0
155412;08200928335300152560;08;3;35;075;2020;09;19;2;3;5;2;2;1;1;0;0;0;0;488602,059999999590000;5288060,883999999600000;8,847948766000059;47,745818995000036;0
155416;08200929221200158620;08;2;21;000;2020;09;12;3;3;0;7;0;1;0;0;0;0;0;477523,308299999680000;5471865,448999999100000;8,690217411000049;49,399063468000065;1
155419;08200928311010178420;08;3;11;000;2020;09;07;2;3;1;3;0;1;0;0;0;0;0;410444,737300000150000;5315690,549900000900000;7,799718597000037;47,988243415000056;0
155422;08200923311010165860;08;3;11;000;2020;09;21;4;3;0;7;2;1;1;0;0;0;0;412003,412600000390000;5316364,621600000200000;7,820466227000054;47,994523254000057;0
155424;08200930117100174370;08;1;17;019;2020;09;16;4;3;5;3;0;1;0;0;1;0;0;553002,427299999630000;5393717,479100000100000;9,720249905000060;48,694243781000068;0
155425;08200928118400160430;08;1;18;048;2020;09;19;2;3;3;6;1;1;1;0;0;0;0;513118,862700000410000;5417031,774800000700000;9,179023975000064;48,906089921000046;0
155427;08200923311010136270;08;3;11;000;2020;09;09;4;3;0;7;0;1;0;0;0;0;0;414530,157399999910000;5316017,116299999900000;7,854397589000030;47,991740062000076;0
155428;08200929136300157620;08;1;36;065;2020;09;12;3;3;5;3;0;1;1;0;0;0;0;559597,385800000280000;5405717,263399999600000;9,811596428000030;48,801588088000074;1
155429;08200925221011141330;08;2;21;000;2020;09;09;6;2;2;6;0;1;1;0;0;0;0;477200,318099999800000;5472547,791300000600000;8,685726737000039;49,405189023000048;0
155431;08200928231102179040;08;2;36;040;2020;09;14;2;3;5;3;0;1;1;0;0;0;0;485288,413099999540000;5420167,781700000200000;8,799128266000025;48,934264669000072;0
155432;08200929336100160780;08;3;36;050;2020;09;15;3;3;0;1;0;1;0;0;0;0;0;399241,708100000400000;5274630,345899999100000;7,659148266000045;47,617239426000026;0
155434;08200929436400177240;08;4;36;082;2020;09;07;3;3;5;3;0;1;1;0;0;0;0;547895,052299999630000;5295294,243599999700000;9,639709832000051;47,809219678000034;1
155435;08200928111500177310;08;1;11;000;2020;09;17;2;3;6;4;0;1;1;1;0;0;0;512385,872000000440000;5401535,353000000100000;9,168553072000066;48,766701777000037;0
155437;08200923231102166910;08;2;36;040;2020;09;11;4;3;5;3;0;1;1;0;0;0;0;489116,558000000190000;5422487,299000000600000;8,851335502000040;48,955209471000046;0
155438;08200924415400139420;08;4;15;061;2020;09;19;5;3;6;3;1;0;1;1;0;0;0;515191,564500000330000;5371366,520700000200000;9,205628331000071;48,495236660000046;1
155439;08200929118000158820;08;1;15;045;2020;09;05;3;2;5;3;2;1;1;0;0;0;0;499142,704199999570000;5396588,687699999700000;8,988343764000035;48,722324154000034;0
155440;08200925212010174130;08;2;12;000;2020;09;08;6;3;4;6;0;1;0;0;0;0;0;452597,617899999950000;5426497,663400000000000;8,352051102000075;48,989561685000069;1
155441;08200925116500149290;08;1;16;049;2020;09;17;6;3;5;3;0;1;1;0;0;0;0;526203,483099999840000;5385730,009500000600000;9,355584417000046;48,624089772000048;0
155443;08200925116400141140;08;1;16;033;2020;09;08;6;3;2;2;0;1;1;0;0;0;0;535732,202899999920000;5387742,685300000000000;9,485059631000070;48,641723756000033;0
155446;08200925416200274560;08;4;16;041;2020;09;11;6;3;1;5;0;1;1;0;0;0;0;504723,179899999870000;5375252,145800000100000;9,063975692000042;48,530359113000031;0
155448;08200928426010155540;08;4;21;000;2020;09;18;2;3;5;3;0;1;0;0;0;0;0;575450,516499999910000;5364963,757099999100000;10,020039137000026;48,433297206000077;0
155449;08201005316100205140;08;3;16;002;2020;10;14;2;3;0;1;0;1;0;0;0;0;0;405821,553000000310000;5330882,481300000100000;7,734425801000043;48,124229334000063;0
155451;08201001127100207590;08;1;27;076;2020;10;13;5;3;5;3;0;1;1;0;0;0;0;552523,620600000020000;5440089,480100000300000;9,719708824000065;49,111403398000050;0
155453;08201005311010192490;08;3;11;000;2020;10;07;2;3;0;7;1;1;0;0;0;0;0;412540,527999999930000;5314417,289999999100000;7,828060977000064;47,977080071000046;1
155454;08201006311010193520;08;3;11;000;2020;10;12;3;3;5;2;0;1;1;0;0;0;0;413115,553399999630000;5320138,950500000300000;7,834605686000032;48,028626593000070;0
155455;08201005235100194270;08;2;35;073;2020;10;19;2;3;6;7;1;0;1;1;0;0;0;478869,996399999600000;5407417,532600000500000;8,712151153000036;48,819381397000029;0
155456;08201001127010188420;08;1;27;102;2020;10;18;5;2;0;1;0;1;0;0;0;0;0;590273,237300000150000;5433932,951500000400000;10,235501490000047;49,051652400000080;0
155457;08201005231000192020;08;2;36;074;2020;10;17;2;3;4;2;0;1;1;0;0;0;0;472653,578700000420000;5421082,234899999600000;8,626554059000057;48,942061214000034;0
155460;08201005222014195930;08;2;22;000;2020;10;15;2;3;5;3;0;1;1;0;0;0;0;463126,678199999970000;5486190,493200000400000;8,490469690000055;49,527208770000072;0
155461;08201001121600196860;08;1;25;102;2020;10;16;5;2;0;7;0;1;0;0;0;0;0;521457,123900000010000;5444877,464700000400000;9,294282815000031;49,156341663000035;1
155462;08201005222014192080;08;2;22;000;2020;10;15;2;3;5;5;0;1;1;0;0;0;0;461859,932599999940000;5483586,357999999100000;8,473217692000048;49,503707657000064;0
155466;08201001121500208060;08;1;25;005;2020;10;16;5;3;5;3;0;1;1;0;0;0;0;514678,388799999840000;5454143,974800000000000;9,201652311000032;49,239895744000080;0
155467;08201005212302192420;08;2;12;000;2020;10;11;2;3;6;6;0;1;0;1;0;0;0;456045,769100000150000;5428722,105100000300000;8,398940750000065;49,009825873000068;0
155468;08201005212010209760;08;2;15;064;2020;10;17;2;2;6;4;0;0;1;1;0;0;0;481445,300999999980000;5447326,861899999900000;8,745410336000020;49,178469224000025;0
155472;08201005136300194470;08;1;36;065;2020;10;18;2;3;5;2;1;1;1;0;0;0;0;557654,132500000300000;5405051,781500000500000;9,785042446000034;48,795785298000055;0
155474;08201006111500207400;08;1;11;000;2020;10;16;3;3;5;3;0;1;1;0;0;0;0;512213,347199999730000;5401933,482200000400000;9,166217100000040;48,770286734000081;0
155475;08201005136100192460;08;1;36;088;2020;10;07;2;3;5;2;1;1;1;0;0;0;0;580274,650899999770000;5410283,284900000300000;10,094026005000046;48,840329791000045;1
155476;08201006317300198910;08;3;17;065;2020;10;14;3;3;5;3;0;1;1;0;0;0;0;420263,034199999650000;5353497,483500000100000;7,924197166000056;48,329629899000054;1
155477;08201005121400231250;08;1;25;086;2020;10;07;2;3;5;3;1;1;1;0;0;0;0;504382,266300000250000;5443100,690899999800000;9,060083517000066;49,140718252000056;0
155478;08201001121200204770;08;1;21;000;2020;10;17;5;2;5;3;0;1;1;0;0;0;0;515538,627999999560000;5444501,104599999300000;9,213097274000063;49,153134518000059;1
155479;08201005119300219050;08;1;19;086;2020;10;14;2;3;3;6;0;1;1;0;0;0;0;535394,238699999640000;5406040,737500000700000;9,482042527000033;48,806347350000067;0
155482;08201005118400294000;08;1;18;048;2020;10;07;2;3;0;7;0;1;0;0;0;0;0;512838,007500000300000;5415537,068000000000000;9,175144374000070;48,892649825000035;1
155485;08201005118000204840;08;1;18;048;2020;10;11;2;2;6;4;0;0;1;1;0;0;0;513984,666299999690000;5415453,152599999700000;9,190784873000041;48,891870125000025;0
155486;08201005115300229010;08;1;15;041;2020;10;07;2;2;4;6;1;1;0;0;0;0;0;494469,583300000060000;5401922,792400000600000;8,924734010000066;48,770285850000050;0
155490;08201006311010207880;08;3;11;000;2020;10;07;3;3;4;2;2;1;1;0;0;0;0;413697,014499999580000;5316269,711100000900000;7,843182042000024;47,993900342000074;0
155492;08201001118300205740;08;1;18;003;2020;10;12;5;3;6;2;0;0;0;1;0;0;1;509914,819000000130000;5416981,470000000700000;9,135299550000070;48,905696975000069;0
155493;08201005111500203230;08;1;11;000;2020;10;11;2;3;4;6;0;1;0;0;0;0;0;512640,044999999930000;5401842,076300000800000;9,172021392000033;48,769455931000039;0
155497;08201001118300204270;08;1;18;046;2020;10;14;5;3;2;7;0;1;0;0;0;0;0;514261,663200000300000;5412378,555900000000000;9,194456523000042;48,864205490000074;0
155500;08201006231000216480;08;2;31;000;2020;10;07;3;2;6;4;0;0;0;1;0;0;1;477581,069799999710000;5415680,640699999400000;8,694140156000060;48,893668769000044;0
155501;08201004326400285680;08;3;26;074;2020;10;15;1;3;5;2;0;1;1;0;0;0;0;458741,399699999950000;5323407,754000000700000;8,446230997000043;48,062612977000072;0
155502;08201001117400196600;08;1;17;018;2020;10;16;5;3;5;3;0;1;1;0;0;0;0;538336,483000000010000;5396275,697000000600000;9,521202255000048;48,718330267000056;0
155503;08201004231402191620;08;2;31;000;2020;10;15;1;3;0;7;0;1;1;1;0;0;0;477993,665400000290000;5414850,802600000100000;8,699813778000021;48,886218615000075;0
155507;08201001116200230990;08;1;16;077;2020;10;23;5;3;5;3;2;1;1;0;0;0;0;516283,911799999890000;5391979,341000000000000;9,221221814000046;48,680646271000057;0
155509;08201001115100199480;08;1;15;003;2020;10;07;5;3;6;4;1;0;1;1;0;0;0;500324,001699999910000;5392434,197300000100000;9,004402034000066;48,684950526000080;0
155510;08201004222014190830;08;2;21;000;2020;10;18;1;2;8;1;2;1;0;0;0;0;0;478672,423999999650000;5471562,154999999300000;8,706071031000022;49,396376723000060;1
155511;08201004216100215580;08;2;16;043;2020;10;17;1;3;6;4;0;0;1;1;0;0;0;441751,563000000080000;5413228,741000000400000;8,205704158000060;48,869281775000047;1
155512;08201001115100197430;08;1;15;003;2020;10;14;5;2;1;5;0;1;1;0;0;0;0;502096,030600000170000;5392731,607000000800000;9,028479127000026;48,687622620000070;0
155516;08201004211021191540;08;2;11;000;2020;10;17;1;3;0;6;0;0;0;1;0;0;1;442678,370000000110000;5403123,322000000600000;8,219753597000022;48,778469328000028;1
155523;08201004117200213630;08;1;17;025;2020;10;16;1;2;0;1;0;1;0;0;0;0;0;557516,084599999710000;5389713,970400000000000;9,781023358000027;48,657831317000046;0
155526;08201001111500187710;08;1;11;000;2020;10;07;5;3;5;3;0;1;1;0;0;0;0;511951,430900000040000;5405212,376900000500000;9,162747924000030;48,799788485000079;0
155528;08201003426010190660;08;4;26;070;2020;10;17;7;3;5;3;0;1;1;0;0;0;0;566121,523199999700000;5343160,817800000300000;9,890512262000073;48,238216203000036;0
155529;08201001111240187720;08;1;11;000;2020;10;08;5;3;5;3;0;1;1;0;0;0;0;519461,980000000450000;5401647,608300000400000;9,264852680000047;48,767530556000054;0
155530;08201003421200207660;08;4;21;000;2020;10;23;7;3;6;2;2;0;1;1;0;0;0;573361,503999999720000;5360838,585000000900000;9,991080074000024;48,396437371000047;0
155532;08201003415200190110;08;4;15;085;2020;10;20;7;2;0;7;2;1;0;0;0;0;0;534591,274799999780000;5342130,603499999300000;9,465805879000072;48,231452498000067;0
155534;08201005436200216700;08;4;36;064;2020;10;11;2;3;5;3;0;1;1;0;0;0;0;545446,890700000340000;5292034,120600000000000;9,606671411000036;47,780065892000039;0
155535;08201003326300190890;08;3;26;052;2020;10;15;7;3;4;1;0;1;0;0;0;0;1;446444,136699999680000;5327245,366100000200000;8,280709107000064;48,096223524000038;1
155536;08200930436400161580;08;4;36;012;2020;09;18;4;3;0;1;0;1;0;0;0;0;0;549739,131299999540000;5298943,724800000000000;9,664757690000045;47,841913641000076;0
155539;08201006311010231580;08;3;11;000;2020;10;18;3;3;6;4;1;0;1;1;0;0;0;412733,842000000180000;5317778,395999999700000;7,829967436000061;48,007340699000054;1
155540;08201003316200212760;08;3;16;056;2020;10;15;7;3;0;1;0;1;0;0;0;0;0;422230,619599999860000;5327410,893899999600000;7,955522597000027;48,095217116000072;0
155542;08201006212102222170;08;2;12;000;2020;10;15;3;3;5;7;0;1;1;0;0;0;0;457871,025100000200000;5428674,261399999300000;8,423904124000046;49,009522826000079;1
155544;08201003311010198690;08;3;11;000;2020;10;09;7;3;5;7;0;1;1;0;0;0;0;411968,398400000300000;5315907,193000000000000;7,820090805000064;47,990403732000061;1
155545;08201003311010191180;08;3;11;000;2020;10;16;7;3;4;2;0;1;0;0;0;0;0;412306,613800000400000;5317003,550499999900000;7,824398969000072;48,000312265000048;0
155546;08200930426200158480;08;4;26;070;2020;09;08;4;3;8;1;0;1;0;0;0;0;0;560928,196899999860000;5341695,923699999200000;9,820366603000025;48,225558558000046;0
155547;08201005435200213660;08;4;35;066;2020;10;15;2;3;0;1;0;1;0;0;0;0;0;518210,665900000370000;5286777,732300000300000;9,242880230000026;47,734117428000047;0
155549;08201006226400216680;08;2;26;084;2020;10;07;3;3;0;7;0;1;0;0;0;0;0;470064,393199999820000;5469874,471899999300000;8,587568119000025;49,380833961000064;1
155552;08201003226200215120;08;2;26;032;2020;10;11;7;3;1;5;0;1;1;0;0;0;0;466648,294999999930000;5463036,482000000800000;8,541077511000026;49,319150279000041;0
155553;08201006311010196220;08;3;36;050;2020;10;15;3;2;0;2;0;1;0;0;0;0;0;399621,143899999560000;5274143,804999999700000;7,664307709000070;47,612921723000056;1
155556;08200930416200159950;08;4;16;041;2020;09;22;4;3;0;7;2;1;0;0;0;0;0;504191,899500000290000;5373695,392799999600000;9,056763827000054;48,516357777000053;0
155558;08200930416200159320;08;4;16;041;2020;09;13;4;3;0;1;0;1;0;0;0;0;0;504071,054200000130000;5372948,263000000300000;9,055120132000070;48,509637111000075;0
155559;08201003222014207170;08;2;22;000;2020;10;20;7;3;5;3;2;1;1;0;0;0;0;461341,178399999630000;5483136,982100000600000;8,466097077000029;49,499632927000050;0
155563;08201006135200196560;08;1;35;019;2020;10;12;3;3;1;7;0;1;1;0;0;0;0;591080,328800000250000;5391740,801400000200000;10,237155272000052;48,672069347000047;0
155564;08201003216300193730;08;2;16;015;2020;10;10;7;3;5;2;0;1;1;0;0;0;0;450963,809299999850000;5404875,124199999500000;8,332315036000068;48,794935657000053;1
155565;08201003216200198200;08;2;16;007;2020;10;19;7;3;8;7;2;1;0;0;0;0;0;433013,459999999960000;5396375,437999999200000;8,089311128000077;48,716807362000054;0
155566;08200930335300164000;08;3;35;100;2020;09;18;4;3;0;1;0;1;0;0;0;0;0;487756,087299999780000;5286586,373500000700000;8,836704825000027;47,732536490000030;0
155569;08200930335100180600;08;3;35;066;2020;09;18;4;3;5;2;0;1;0;0;0;0;1;504484,554399999790000;5282173,168600000400000;9,059764500000028;47,692928673000040;0
155573;08201003111340190280;08;1;11;000;2020;10;12;7;3;6;5;0;0;1;1;0;0;0;508395,019999999550000;5407053,376900000500000;9,114356478000047;48,816408139000032;0
155576;08201002436300193260;08;4;36;078;2020;10;14;6;3;5;3;0;1;1;0;0;0;0;557424,662700000220000;5291955,823000000800000;9,766539320000049;47,778405067000051;0
155578;08201005426010217070;08;4;21;000;2020;10;17;2;2;6;1;0;0;0;1;0;0;1;573547,997899999840000;5361272,195699999100000;9,993675092000046;48,400316061000069;0
155580;08201002435100188680;08;4;35;016;2020;10;12;6;3;6;7;0;0;1;1;0;0;0;536339,847799999640000;5278489,957399999700000;9,483976454000072;47,658783059000029;0
155581;08200930311500178520;08;3;15;068;2020;09;15;4;3;5;3;0;1;1;0;0;0;0;442275,867300000040000;5300892,763499999400000;8,228272899000046;47,858780890000048;0
155583;08201002421300205260;08;4;21;000;2020;10;07;6;3;1;7;2;1;1;0;0;0;0;571829,784599999900000;5360416,183700000900000;9,970318114000065;48,392814126000076;0
155585;08201002416200211180;08;4;16;041;2020;10;16;6;3;6;7;0;1;0;1;0;0;0;505929,639100000260000;5375305,651300000000000;9,080317985000022;48,530830226000035;0
155586;08201002416000213480;08;4;16;009;2020;10;14;6;3;0;7;0;1;0;0;0;0;0;507277,756099999880000;5384124,120600000000000;9,098732764000033;48,610149431000082;0
155587;08201002415400189570;08;4;15;061;2020;10;17;6;2;5;3;0;1;0;0;0;0;0;516802,205699999820000;5370813,540699999800000;9,227407056000061;48,490220854000029;0
155590;08201002415400188760;08;4;15;061;2020;10;13;6;3;0;7;0;1;0;0;0;0;0;516389,185700000260000;5369940,842000000200000;9,221782905000055;48,482380654000053;0
155593;08201002415100189850;08;4;15;014;2020;10;18;6;2;0;7;0;1;0;0;0;0;0;525603,677000000140000;5374860,357000000800000;9,346775739000066;48,526329941000029;0
155595;08201002335100211610;08;3;35;043;2020;10;15;6;3;5;2;0;1;1;0;0;0;0;513794,393000000160000;5280018,702999999700000;9,183765790000052;47,673411875000056;0
155596;08201002335100196350;08;3;35;043;2020;10;23;6;2;7;7;2;1;0;0;0;0;0;513092,789099999700000;5281027,190700000200000;9,174449471000060;47,682500485000048;0
155597;08201002327200208710;08;3;27;049;2020;10;06;6;3;6;4;2;1;0;1;0;0;0;473738,188000000080000;5323825,554099999400000;8,647485720000077;48,067165665000061;1
155598;08201002325102190780;08;3;25;045;2020;10;22;6;3;0;1;2;1;0;0;0;0;0;468039,679299999960000;5351581,691600000500000;8,568906790000028;48,316617294000025;0
155600;08200930311300162260;08;3;11;000;2020;09;17;4;3;5;3;0;1;1;0;0;0;0;411045,694299999620000;5315099,992000000600000;7,807893571000022;47,983015065000075;0
155601;08201005417300292130;08;4;17;031;2020;10;14;2;3;6;7;0;0;1;1;0;0;0;500485,529799999670000;5355867,352700000600000;9,006554051000023;48,355981598000028;0
155602;08201002311400197860;08;3;15;006;2020;10;13;6;3;5;2;0;1;1;0;0;0;0;402917,019899999720000;5307738,800899999200000;7,700647363000030;47,915619475000028;0
155607;08200930311010182560;08;3;11;000;2020;09;10;4;2;3;6;0;1;0;0;0;1;0;412901,930300000120000;5316224,890799999200000;7,832535993000022;47,993389359000048;0
155608;08201002231000193900;08;2;31;000;2020;10;08;6;3;6;7;0;0;1;1;0;0;0;475670,797899999660000;5414696,549399999900000;8,668137484000056;48,884744173000058;1
155610;08200930311010181850;08;3;11;000;2020;09;15;4;3;0;7;0;1;0;0;0;0;0;412730,720499999820000;5316615,963300000900000;7,830162064000035;47,996883836000052;0
155613;08201002222500195720;08;2;22;000;2020;10;15;6;3;5;3;0;1;1;0;0;0;0;462015,004300000150000;5480217,297000000300000;8,475683153000034;49,473414456000057;0
155614;08200930226500176090;08;2;26;085;2020;09;17;4;3;5;3;0;1;1;0;0;0;0;490449,479500000370000;5455822,705600000900000;8,868754290000027;49,255097759000080;0
155620;08201002221400206880;08;2;26;018;2020;10;18;6;3;0;7;0;1;0;0;0;0;0;473159,592000000180000;5472856,757600000100000;8,630009181000048;49,407803315000081;0
155621;08201002221300198870;08;2;26;012;2020;10;16;6;3;0;7;0;1;0;0;0;0;0;476479,840800000350000;5477676,076099999200000;8,675491654000041;49,451289510000038;0
155622;08200930225100179830;08;2;25;002;2020;09;09;4;2;6;4;0;0;0;1;1;0;0;500078,015100000430000;5466512,018600000100000;9,001074193000022;49,351324185000067;0
155624;08201002212702189370;08;2;15;017;2020;10;10;6;3;4;6;0;1;0;0;0;0;0;455712,020999999720000;5421680,667999999600000;8,395144014000039;48,946463239000082;0
155629;08200930221011177140;08;2;21;000;2020;09;16;4;3;5;3;0;1;1;0;0;0;0;476371,900200000030000;5472953,503300000000000;8,674283785000057;49,408806736000031;0
155630;08201002121200197480;08;1;21;000;2020;10;19;6;3;0;7;1;1;1;0;0;0;0;515939,162100000310000;5443689,826099999200000;9,218558069000039;49,145826544000045;0
155632;08200930215402180160;08;2;15;009;2020;09;18;4;2;6;6;0;1;0;1;0;0;0;469937,449300000440000;5440902,490399999500000;8,587993636000022;49,120225021000067;0
155634;08201006118400196440;08;1;18;048;2020;10;18;3;3;3;2;0;1;1;0;0;0;0;512071,411000000310000;5415728,228399999400000;9,164691665000021;48,894384865000063;0
155636;08201002111500197300;08;1;11;000;2020;10;11;6;3;6;4;0;1;0;1;0;0;0;513084,227800000460000;5403128,285399999500000;9,178107277000038;48,781017391000034;0
155637;08200930212402173170;08;2;12;000;2020;09;13;4;3;5;3;0;1;1;0;0;0;0;456334,230200000110000;5424553,369899999400000;8,403333096000040;48,972347989000070;0
155638;08201005416200192040;08;4;16;025;2020;10;15;2;3;0;7;0;1;0;0;0;0;0;504923,235899999740000;5362453,565500000500000;9,066534749000027;48,415215944000067;0
155639;08201002111500195570;08;1;11;000;2020;10;17;6;2;0;1;0;1;0;0;0;0;0;511386,230499999600000;5403302,978900000500000;9,154998453000076;48,782622320000030;0