OBJECTID;UIDENTSTLAE;ULAND;UREGBEZ;UKREIS;UGEMEINDE;UJAHR;UMONAT;USTUNDE;UWOCHENTAG;UKATEGORIE;UART;UTYP1;ULICHTVERH;IstRad;IstPKW;IstFuss;IstKrad;IstGkfz;IstSonstige;LINREFX;LINREFY;XGCSWGS84;YGCSWGS84;STRZUSTAND
155640;08201006311010196330;08;3;36;105;2020;10;16;3;3;5;3;0;1;1;0;0;0;0;402368,020100000310000;5265910,862500000700000;7,702680129000044;47,539281660000029;0
155641;08201005335100192810;08;3;35;043;2020;10;12;2;3;5;3;0;1;1;0;0;0;0;512017,110299999830000;5280345,468299999800000;9,160098326000025;47,676387476000059;0
155642;08201002111500189950;08;1;11;000;2020;10;14;6;2;5;3;0;0;1;1;0;0;0;512921,978600000030000;5408526,429600000400000;9,176068607000048;48,829581836000045;0
155644;08201002111500189380;08;1;11;000;2020;10;18;6;3;0;7;1;1;0;0;0;0;0;514962,410699999890000;5406588,637800000600000;9,203799687000071;48,812103958000080;0
155645;08201002111250188550;08;1;11;000;2020;10;10;6;3;0;7;0;1;0;0;0;0;0;519783,325600000100000;5401074,149800000700000;9,269198159000041;48,762361656000053;0
155647;08201001436400205910;08;4;36;009;2020;10;11;5;3;0;1;0;1;0;0;0;0;0;556476,933000000190000;5307638,945399999600000;9,755937253000070;47,919584305000058;0
155648;08201001426010202450;08;4;21;000;2020;10;17;5;2;5;2;0;1;1;0;0;0;0;569928,731999999840000;5362793,518999999400000;9,945037390000039;48,414412730000038;0
155649;08200930212402164680;08;2;12;000;2020;09;12;4;3;5;2;0;1;1;0;0;0;0;456424,193900000300000;5427360,476700000500000;8,404261405000057;48,997604696000053;0
155650;08201005316200205590;08;3;16;009;2020;10;09;2;3;5;3;0;1;0;0;0;0;0;418200,429299999960000;5324217,073799999400000;7,902017001000047;48,065982742000074;0
155651;08201001426010188640;08;4;25;033;2020;10;16;5;2;6;4;0;0;1;1;0;0;0;552609,275299999860000;5348293,165899999400000;9,709186569000053;48,285652594000055;0
155653;08201001416200187960;08;4;16;041;2020;10;08;5;3;0;7;0;1;0;0;0;0;0;504984,685300000010000;5373743,534499999100000;9,067499756000075;48,516785083000059;0
155654;08201001415400192790;08;4;15;061;2020;10;10;5;3;3;6;0;1;0;0;0;0;0;515667,413399999960000;5370866,899299999700000;9,212050487000056;48,490730205000034;0
155655;08200930212010177020;08;2;12;000;2020;09;17;4;2;5;3;0;1;0;0;0;0;1;455530,839900000020000;5427959,297100000100000;8,391983228000072;49,002927446000058;0
155656;08201001335300193170;08;3;35;075;2020;10;08;5;3;5;3;0;1;1;0;0;0;0;487922,489000000060000;5290457,896400000900000;8,838816569000073;47,767373829000064;0
155657;08200930212010176330;08;2;12;000;2020;09;08;4;2;5;3;0;1;1;0;0;0;0;453697,011699999680000;5428816,832800000900000;8,366813483000044;49,010506183000075;0
155659;08200930212000173690;08;2;12;000;2020;09;18;4;3;5;2;0;1;1;0;0;0;0;453046,936499999840000;5429005,707100000200000;8,357902533000072;49,012155991000043;0
155660;08201001317200187800;08;3;17;057;2020;10;14;5;3;4;6;0;1;0;0;0;0;0;413832,387099999930000;5379489,985400000600000;7,832104653000044;48,562578576000078;1
155662;08200930136300180790;08;1;36;065;2020;09;13;4;2;5;2;0;1;1;0;0;0;0;561029,695600000210000;5407528,882099999100000;9,831368858000076;48,817744562000030;0
155663;08201001316200244720;08;3;16;009;2020;10;00;5;3;0;7;2;1;0;0;0;0;0;417411,150700000110000;5324043,211999999400000;7,891458268000065;48,064317069000026;0
155665;08201001311500220190;08;3;15;113;2020;10;12;5;2;6;2;0;0;1;1;0;0;0;440913,481999999840000;5307381,677999999400000;8,209172393000074;47,917034588000035;0
155667;08200930127100162230;08;1;27;076;2020;09;18;4;3;0;7;0;1;0;0;0;0;1;556417,973399999550000;5440478,932700000700000;9,773121002000039;49,114561392000041;0
155668;08201001311200200500;08;3;11;000;2020;10;17;5;3;5;3;0;1;1;0;0;0;0;413557,223000000230000;5317394,488700000600000;7,841082048000033;48,003999223000051;1
155669;08201001311010198310;08;3;36;050;2020;10;18;5;2;0;1;0;1;0;0;0;0;0;401967,781100000250000;5276943,008999999600000;7,694898077000062;47,638461080000070;1
155672;08201001222500188160;08;2;22;000;2020;10;08;5;3;2;6;0;1;1;0;0;0;0;461490,779299999590000;5480502,726099999600000;8,468419679000022;49,475948719000030;0
155674;08200930121600163360;08;1;25;110;2020;09;13;4;3;1;5;0;1;1;0;0;0;0;525818,689299999740000;5442931,449999999300000;9,353975535000075;49,138668908000056;0
155675;08201001222301234520;08;2;22;000;2020;10;17;5;3;5;3;0;1;1;0;0;0;0;464701,103000000120000;5481904,986999999700000;8,512607969000044;49,488756562000049;1
155677;08201001221011193500;08;2;21;000;2020;10;05;5;2;0;1;2;1;0;0;0;0;0;475111,693300000390000;5472715,606100000400000;8,656926911000028;49,406616655000050;0
155678;08200930121400182570;08;1;25;058;2020;09;06;4;3;5;3;1;1;1;0;0;0;0;509302,617999999780000;5443653,625000000000000;9,127557145000026;49,145637288000046;0
155681;08200930121200178570;08;1;21;000;2020;09;11;4;2;6;4;0;0;1;1;0;0;0;513927,331500000320000;5440782,599099999300000;9,190871558000026;49,119723914000076;0
155683;08201001212702233340;08;2;15;108;2020;10;05;5;2;4;2;2;1;0;0;0;0;0;450057,636099999770000;5424798,883800000000000;8,317542977000073;48,974080953000055;0
155686;08200930119210176890;08;1;19;020;2020;09;13;4;2;5;3;0;1;1;0;0;0;0;519360,773500000130000;5409055,988700000600000;9,263824701000033;48,834178269000063;0
155687;08201005316200200970;08;3;16;056;2020;10;09;2;2;0;7;0;1;0;0;0;0;0;422351,865699999970000;5327229,539899999300000;7,957183697000062;48,093600525000056;1
155691;08201006116200205070;08;1;16;080;2020;10;10;3;3;6;6;0;1;0;1;0;0;0;518561,661399999630000;5397449,052200000700000;9,252411379000023;48,729788172000042;0
155692;08201001212010205720;08;2;12;000;2020;10;15;5;1;5;3;0;1;1;0;0;0;0;459634,865799999800000;5428256,735200000900000;8,448064213000066;49,005884999000045;0
155693;08201006116010202320;08;1;16;029;2020;10;17;3;3;0;7;0;0;1;1;0;0;0;538127,173000000420000;5386995,248999999800000;9,517500892000044;48,634858460000032;0
155698;08201006221200204580;08;2;21;000;2020;10;13;3;3;4;2;0;1;1;0;0;0;0;477465,140999999830000;5472831,209000000700000;8,689360944000043;49,407748186000049;1
155699;08201006222600197420;08;2;22;000;2020;10;17;3;3;0;7;0;1;1;0;0;0;0;463879,652700000440000;5483387,521600000600000;8,501130665000062;49,502042878000054;1
155700;08201007416100221610;08;4;16;036;2020;10;21;4;3;5;3;2;1;1;0;0;0;0;495510,254499999810000;5369219,482699999600000;8,939251076000062;48,476088631000039;1
155702;08201012336300208760;08;3;36;081;2020;10;16;2;3;4;2;0;1;1;0;0;0;0;411819,771900000050000;5278180,495200000700000;7,825778048000075;47,651010282000072;0
155703;08201009335200223120;08;3;35;063;2020;10;07;6;3;5;3;1;1;1;0;0;0;0;497061,131900000390000;5288230,062300000300000;8,960793590000037;47,747435216000042;0
155706;08201012221400238030;08;2;26;041;2020;10;13;2;2;0;1;0;1;0;0;0;0;0;476095,860999999570000;5464308,910000000100000;8,670997931000045;49,331038800000044;0
155710;08201007231102240530;08;2;36;046;2020;10;07;4;3;6;6;2;1;0;1;0;0;0;482818,127500000410000;5418522,557299999500000;8,765468627000075;48,919401127000071;0
155713;08201008335100199320;08;3;35;043;2020;10;19;5;3;1;5;2;1;1;0;0;0;0;511494,069400000390000;5280263,897399999200000;9,153127976000064;47,675663039000028;0
155714;08201013118300245420;08;1;18;003;2020;10;15;3;3;2;6;0;1;1;0;0;0;0;510017,996000000280000;5416468,505000000800000;9,136694934000047;48,901080814000068;0
155715;08201008435200209570;08;4;35;059;2020;10;20;5;3;0;1;2;1;0;0;0;0;0;513257,723500000310000;5290167,846400000200000;9,176925326000060;47,764740901000039;0
155716;08201013119300225130;08;1;19;067;2020;10;15;3;3;5;3;0;1;1;0;0;0;0;539832,834400000050000;5410358,405500000300000;9,542909535000035;48,844918241000073;0
155717;08201008116100203350;08;1;16;019;2020;10;17;5;3;0;2;0;1;0;0;0;0;1;524868,986899999900000;5397785,298399999700000;9,338200682000036;48,732593207000036;0
155720;08201007216100200700;08;2;16;043;2020;10;13;4;3;6;6;0;1;0;1;0;0;0;441532,770899999890000;5411900,016200000400000;8,202910771000063;48,857309360000045;0
155721;08201012212010210280;08;2;12;000;2020;10;07;2;3;6;7;0;1;0;1;0;0;0;457324,751199999820000;5428692,686599999700000;8,416432526000051;49,009651026000029;0
155724;08201008111130201620;08;1;11;000;2020;10;16;5;3;0;7;0;1;1;0;0;0;0;509368,845099999570000;5398458,914200000500000;9,127425994000021;48,739078922000033;0
155725;08201012212010209850;08;2;12;000;2020;10;10;2;3;5;3;0;1;1;0;0;0;0;460399,335900000300000;5425986,345799999300000;8,458738077000021;48,985511870000039;0
155727;08201009436300227000;08;4;36;078;2020;10;15;6;3;5;3;0;1;0;0;0;0;1;559414,468799999920000;5291980,721999999100000;9,793101283000055;47,778448629000081;0
155728;08201007111500207440;08;1;11;000;2020;10;15;4;3;1;5;0;1;1;0;0;0;0;513668,623300000090000;5402740,502299999800000;9,186049346000061;48,777516360000050;1
155729;08201012136100242730;08;1;36;088;2020;10;16;2;3;5;3;0;1;1;0;0;0;0;580650,820199999960000;5409879,672800000800000;10,099072226000033;48,836650860000077;0
155730;08201008115200201870;08;1;15;021;2020;10;13;5;3;5;3;0;1;1;0;0;0;0;489822,416899999600000;5382398,615299999700000;8,861969502000022;48,594585971000072;0
155731;08201012121200254580;08;1;21;000;2020;10;12;2;3;6;4;0;0;1;1;0;0;0;515712,372600000350000;5442796,747400000700000;9,215413529000045;49,137798850000081;1
155733;08201007121200222960;08;1;21;000;2020;10;15;4;3;5;3;0;1;1;0;0;0;0;518146,288300000130000;5442576,544199999400000;9,248771812000030;49,135750978000033;1
155734;08201012119300239720;08;1;19;055;2020;10;05;2;3;2;6;2;1;0;0;0;0;1;544266,862200000320000;5404721,693199999600000;9,602732413000069;48,793913343000042;1
155735;08201009136200200850;08;1;36;019;2020;10;13;6;3;6;4;0;0;1;1;0;0;0;581706,127000000330000;5426125,588400000700000;10,116702467000039;48,982629495000026;0
155736;08201008222600198720;08;2;22;000;2020;10;09;5;3;6;7;0;1;0;1;0;0;0;462595,115199999880000;5484357,506300000500000;8,483298390000073;49,510689505000073;0
155737;08201007426010208990;08;4;26;045;2020;10;15;4;2;0;1;0;1;0;0;0;0;0;531121,637400000360000;5328645,834200000400000;9,418097784000054;48,110314158000051;1
155739;08201012317500239790;08;3;17;096;2020;10;08;2;3;5;3;0;1;0;0;0;0;0;422544,755699999630000;5368615,824200000600000;7,952187288000062;48,465904049000073;0
155740;08201009415400207010;08;4;15;061;2020;10;19;6;3;4;2;2;1;0;0;0;0;0;515563,289699999620000;5371829,957900000700000;9,210677128000043;48,499396803000081;0
155741;08201007111500207420;08;1;11;000;2020;10;17;4;3;3;6;0;1;1;0;0;0;0;513648,239500000140000;5402430,288200000300000;9,185761599000045;48,774726146000035;1
155742;08201009117100259470;08;1;17;015;2020;10;12;6;3;0;1;0;1;0;0;0;0;0;560010,025200000030000;5392812,170399999200000;9,815335172000061;48,685465726000075;0
155743;08201012119101236950;08;1;19;044;2020;10;15;2;3;6;6;0;1;0;1;0;0;0;542564,862999999900000;5425270,232999999100000;9,581699512000057;48,978873129000078;0
155744;08201013221400241290;08;2;21;000;2020;10;14;3;3;5;3;0;1;1;0;0;0;0;476477,233300000430000;5470269,039899999300000;8,675894720000031;49,384664468000040;0
155746;08201009121500381560;08;1;25;005;2020;10;17;6;3;0;6;0;1;1;0;0;0;0;514414,495000000110000;5453385,325699999900000;9,197999670000058;49,233077821000052;1
155748;08201008212702227200;08;2;15;017;2020;10;18;5;3;3;6;0;1;0;0;0;0;0;455306,433199999850000;5422626,664500000000000;8,389501276000033;48,954943473000071;0
155749;08201007415100197550;08;4;15;050;2020;10;15;4;2;1;5;0;1;1;0;0;0;0;521518,898000000040000;5376057,263000000300000;9,291514185000040;48,537250940000035;1
155750;08201012118400220710;08;1;18;048;2020;10;12;2;3;6;4;0;0;1;1;0;0;0;515819,392900000330000;5418116,934100000200000;9,215918038000041;48,915788587000065;0
155751;08201012317500207240;08;3;17;096;2020;10;12;2;3;0;1;0;1;0;0;0;0;0;421976,187800000420000;5363957,339199999300000;7,945365060000029;48,423930885000061;0
155754;08201009111210230180;08;1;11;000;2020;10;14;6;2;5;3;0;1;0;0;0;0;0;507631,111600000410000;5398874,258300000800000;9,103798758000039;48,742839072000038;0
155756;08201013135100243660;08;1;35;020;2020;10;17;3;3;6;7;0;0;1;1;0;0;0;586611,471199999560000;5386108,717900000500000;10,175290040000050;48,622048689000053;0
155759;08201007222301381090;08;2;22;000;2020;10;07;4;3;3;2;0;1;0;0;0;1;0;465423,766900000160000;5484954,296000000100000;8,522318908000045;49,516225233000057;0
155760;08201012116200211200;08;1;16;078;2020;10;14;2;3;6;2;0;0;1;1;0;0;0;509226,315499999560000;5394760,260199999400000;9,125404703000072;48,705807846000027;1
155762;08201007317600198100;08;3;17;146;2020;10;16;4;3;5;3;0;1;1;0;0;0;0;430670,399000000210000;5355192,052999999400000;8,064312403000031;48,346100817000035;1
155763;08201012111500446820;08;1;11;000;2020;10;07;2;2;6;7;0;1;0;1;0;0;0;513928,562800000420000;5405610,484999999400000;9,189684765000038;48,803328660000034;0
155767;08201013119010234470;08;1;19;085;2020;10;12;3;2;6;4;0;0;1;1;0;0;0;529291,256699999790000;5412961,838800000000000;9,399421595000035;48,868924779000054;0
155768;08201008116010218130;08;1;16;019;2020;10;07;5;3;6;4;0;0;1;1;0;0;0;521895,690600000320000;5400511,562000000800000;9,297911482000075;48,757229966000068;0
155769;08201012111500208610;08;1;11;000;2020;10;07;2;3;5;1;0;1;1;0;0;0;0;513961,453200000340000;5409658,929300000900000;9,190270482000074;48,839747106000061;1
155771;08201007212010210420;08;2;12;000;2020;10;14;4;2;6;4;0;0;1;1;0;0;0;453825,823300000280000;5425686,848799999800000;8,368930617000046;48,982361393000076;0
155776;08201008316100211530;08;3;16;043;2020;10;10;5;3;1;5;0;1;1;0;0;0;0;411921,078300000170000;5331049,129200000300000;7,816338282000061;48,126601626000081;0
155780;08201010115400218910;08;1;15;045;2020;10;12;7;3;3;2;0;1;1;0;0;0;0;500498,694799999710000;5395045,444599999100000;9,006778646000043;48,708441432000029;1
155781;08201007119200227920;08;1;19;020;2020;10;07;4;3;6;7;1;1;0;1;0;0;0;520456,258200000040000;5407332,164599999800000;9,278666437000027;48,818635996000069;1
155782;08201011335100233980;08;3;35;043;2020;10;09;1;3;5;2;0;1;1;0;0;0;0;512726,952899999920000;5278159,864900000400000;9,169491510000057;47,656708546000061;1
155784;08201008221200209330;08;2;21;000;2020;10;09;5;3;5;3;0;1;1;0;0;0;0;476607,277800000270000;5471967,032299999100000;8,677586544000064;49,399942680000038;1
155785;08201007416200223110;08;4;16;011;2020;10;14;4;3;6;7;0;1;0;1;0;0;0;504150,137799999680000;5366314,949400000300000;9,056125016000067;48,449960462000035;1
155786;08201011317300220840;08;3;17;127;2020;10;16;1;3;4;5;0;1;0;0;0;0;1;421319,435899999920000;5350775,986800000100000;7,938955269000076;48,305282058000046;1
155787;08201012317300222930;08;3;17;065;2020;10;16;2;3;2;6;0;1;1;0;0;0;0;415085,981300000100000;5354481,650900000700000;7,854164627000046;48,337807934000068;1
155788;08201009336300215250;08;3;36;081;2020;10;22;6;3;1;5;2;1;1;0;0;0;0;412945,799200000240000;5279310,996799999800000;7,840544074000036;47,661332611000034;0
155789;08201007436100224170;08;4;36;055;2020;10;08;4;3;5;3;0;1;1;0;0;0;0;575692,080199999730000;5296763,858999999200000;10,011188479000054;47,819771357000036;1
155790;08201011317010210070;08;3;17;073;2020;10;01;1;2;4;6;2;1;1;0;0;0;0;409565,336799999700000;5349878,302999999400000;7,780672886000048;48,295636326000078;0
155793;08201007111000213650;08;1;11;000;2020;10;18;4;3;2;6;0;1;1;0;0;0;0;508121,492800000120000;5406636,220699999500000;9,110622257000046;48,812659083000028;0
155794;08201009119200274730;08;1;19;093;2020;10;10;6;3;0;7;0;1;1;0;0;0;0;523474,444299999620000;5406130,914100000600000;9,319712490000029;48,807723104000047;0
155795;08201013116200243300;08;1;16;080;2020;10;07;3;3;1;1;1;1;1;0;0;0;0;519338,013700000010000;5395189,670199999600000;9,262862591000044;48,709439250000059;0
155796;08201013222800214640;08;2;22;000;2020;10;13;3;2;3;6;0;1;0;0;0;0;0;461298,853199999780000;5486657,075999999400000;8,465167421000047;49,531291423000027;0
155797;08201008136200229090;08;1;36;019;2020;10;16;5;3;5;3;0;1;1;0;0;0;0;589161,336000000130000;5421787,751100000000000;10,217621721000057;48,942585425000061;0
155800;08201012311300207950;08;3;11;000;2020;10;19;2;3;0;1;2;1;0;0;0;0;0;414622,659300000410000;5315656,895300000900000;7,855708834000041;47,988512085000082;0
155801;08201009311010220030;08;3;36;069;2020;10;17;6;3;5;3;0;1;1;0;0;0;0;407082,618300000210000;5267629,674000000600000;7,764948445000073;47,555435221000039;0
155803;08201013116010215510;08;1;16;077;2020;10;15;3;2;6;4;0;0;1;1;0;0;0;516050,745400000360000;5389147,658900000200000;9,217944324000030;48,655178294000052;0
155808;08201011226700236940;08;2;26;098;2020;10;13;1;2;5;3;0;1;1;0;0;0;0;476979,802600000050000;5459897,741200000000000;8,683418134000021;49,291394363000052;0
155809;08201013216100211550;08;2;16;043;2020;10;07;3;3;0;7;1;1;0;0;0;0;0;441924,879499999810000;5411356,736700000200000;8,208332952000035;48,852459400000043;0
155812;08201007311010198680;08;3;11;000;2020;10;17;4;3;5;3;0;1;1;0;0;0;0;409832,392099999820000;5315823,547800000800000;7,791485474000069;47,989353717000029;1
155813;08201011221011234280;08;2;21;000;2020;10;12;1;2;5;3;0;1;1;0;0;0;0;477328,369300000370000;5473005,143400000400000;8,687465668000073;49,409307618000071;0
155814;08201009222301207320;08;2;22;000;2020;10;13;6;2;0;7;0;1;0;0;0;0;0;465408,406000000420000;5484437,906199999200000;8,522151952000058;49,511579689000030;1
155815;08201013111340226550;08;1;11;000;2020;10;11;3;2;0;7;0;1;0;0;0;0;0;505902,786999999550000;5407137,672000000300000;9,080408679000072;48,817195127000048;0
155816;08201008416200200300;08;4;16;041;2020;10;15;5;3;1;5;0;1;1;0;0;0;0;504280,676099999810000;5375025,753799999100000;9,057979636000027;48,528325586000051;0
155818;08201008115200215280;08;1;15;015;2020;10;14;5;3;5;3;0;1;1;0;0;0;0;492549,430800000210000;5387542,121200000900000;8,898861370000077;48,640896380000072;0
155819;08201011221011207070;08;2;21;000;2020;10;19;1;3;6;4;2;0;1;1;0;0;0;477212,254200000320000;5472633,338899999900000;8,685886354000047;49,405958958000042;0
155824;08201010212000213130;08;2;12;000;2020;10;11;7;3;5;3;0;1;1;0;0;0;0;451536,399400000460000;5428149,072599999600000;8,337349165000035;49,004333769000027;0
155825;08201007221400208360;08;2;26;018;2020;10;07;4;3;0;7;1;1;0;0;0;0;0;473549,257000000220000;5472059,520999999700000;8,635433633000048;49,400649393000037;1
155826;08201011135200236570;08;1;35;019;2020;10;19;1;3;2;6;1;1;0;0;1;0;0;585940,871500000360000;5391967,641699999600000;10,167408106000039;48,674838100000045;1
155827;08201009215102201420;08;2;12;000;2020;10;19;6;3;5;3;2;1;1;0;0;0;0;460192,581399999560000;5430709,291500000300000;8,455449215000044;49,027982417000032;1
155829;08201008311100200080;08;3;15;072;2020;10;18;5;3;5;5;0;1;1;0;0;0;0;401793,932000000030000;5319339,533500000800000;7,682969447000062;48,019795437000028;0
155830;08201008111130214090;08;1;11;000;2020;10;18;5;3;6;2;2;0;1;1;0;0;0;511800,755699999630000;5402178,053700000000000;9,160608991000061;48,772494845000040;0
155832;08201012311100233560;08;3;15;015;2020;10;10;2;3;5;3;0;1;1;0;0;0;0;394560,222699999810000;5320795,062999999200000;7,585630355000035;48,031734119000077;1
155834;08201007116200204560;08;1;16;047;2020;10;09;4;3;5;2;0;1;1;0;0;0;0;520234,536000000310000;5391999,766000000800000;9,274892644000033;48,680714454000054;1
155838;08201011121200247080;08;1;21;000;2020;10;12;1;3;0;7;0;1;0;0;0;0;0;515788,505599999800000;5443354,443399999300000;9,216479138000068;49,142813559000047;0
155841;08201007435100196840;08;4;35;035;2020;10;11;4;3;5;7;0;1;1;0;0;0;0;542155,410299999640000;5282819,343100000200000;9,561842955000032;47,697382835000042;0
155842;08201011119100206010;08;1;19;008;2020;10;14;1;3;4;6;0;1;1;0;0;0;0;531245,995000000110000;5419417,786000000300000;9,426569941000025;48,926904017000027;1
155844;08201009416000200710;08;4;16;025;2020;10;12;6;3;3;6;0;1;1;0;0;0;0;504069,094800000080000;5361522,425300000200000;9,054982489000054;48,406845003000058;0
155845;08201006436400217200;08;4;36;005;2020;10;14;3;3;7;7;0;1;0;0;0;0;0;541127,893899999560000;5308807,095100000500000;9,550615308000033;47,931262574000073;0
155847;08201009118400212420;08;1;18;048;2020;10;10;6;3;6;4;0;0;1;1;0;0;0;513824,310200000180000;5415450,456900000600000;9,188597147000053;48,891849473000036;0
155848;08201012425000249200;08;4;25;124;2020;10;04;2;3;0;1;2;1;0;0;0;0;0;551161,089800000190000;5339105,638699999100000;9,688555854000072;48,203118932000052;0
155849;08201013222400245760;08;2;26;038;2020;10;14;3;3;5;2;0;1;1;0;0;0;0;470046,370900000450000;5480706,759500000600000;8,586501701000032;49,478266361000067;0
155850;08201008119500224530;08;1;19;085;2020;10;22;5;3;3;6;2;1;0;0;0;0;1;529147,440100000240000;5413532,173000000400000;9,397501172000034;48,874062055000081;0
155851;08201007335300197820;08;3;35;028;2020;10;17;4;3;5;3;0;1;1;0;0;0;0;483400,578499999830000;5286554,913499999800000;8,778617665000070;47,732156074000045;0
155853;08201008215402224770;08;2;15;009;2020;10;11;5;3;6;7;0;0;1;1;0;0;0;471014,029400000350000;5442234,428799999900000;8,602652033000027;49,132257786000025;0
155859;08201009111500210080;08;1;11;000;2020;10;05;6;3;2;2;2;1;1;0;0;0;0;515449,007500000300000;5406165,911900000600000;9,210411556000054;48,808289270000046;0
155861;08201013136300241640;08;1;36;065;2020;10;15;3;3;5;3;0;1;1;0;0;0;0;557656,664800000380000;5404802,136199999600000;9,785041884000066;48,793539481000039;0
155863;08201011115400223310;08;1;15;045;2020;10;18;1;3;5;7;0;1;1;0;0;0;0;500492,824599999930000;5394038,251399999500000;9,006697652000071;48,699380646000066;0
155864;08201007226200197460;08;2;26;068;2020;10;12;4;3;5;3;0;1;1;0;0;0;0;467775,725700000300000;5460072,345000000700000;8,556829756000070;49,292548817000068;0
155866;08201009221300201980;08;2;21;000;2020;10;11;6;3;5;3;0;1;1;0;0;0;0;475664,820199999960000;5474096,709899999200000;8,664466689000051;49,419061800000065;1
155869;08201009226500201530;08;2;26;085;2020;10;20;6;3;1;6;2;1;1;0;0;0;0;493011,077899999920000;5453690,755200000500000;8,903993561000050;49,235955024000077;1
155872;08201013119300213260;08;1;19;008;2020;10;15;3;3;6;7;0;0;1;1;0;0;0;530513,736999999730000;5421695,017999999200000;9,416743938000025;48,947425342000031;0
155873;08201008116010238530;08;1;16;081;2020;10;21;5;3;0;1;2;1;0;0;0;0;0;518017,906000000420000;5386524,662900000800000;9,244540984000025;48,631527941000058;0
155874;08201010415400230570;08;4;15;061;2020;10;02;7;2;7;1;2;1;0;0;0;0;0;515962,352500000040000;5371163,593399999700000;9,216053648000070;48,493391946000031;0
155876;08201007216100196920;08;2;16;009;2020;10;07;4;3;6;2;1;0;1;1;0;0;0;446324,605000000450000;5419562,266899999200000;8,267225877000044;48,926664783000035;1
155877;08201010335100218460;08;3;35;043;2020;10;11;7;3;0;1;0;1;0;0;0;0;0;513451,742200000210000;5279296,725400000800000;9,179178860000036;47,666922984000053;1
155879;08201008231000249400;08;2;36;040;2020;10;17;5;3;3;6;0;1;0;0;0;0;0;488295,966500000100000;5421607,753300000000000;8,840151795000054;48,947282389000065;0
155883;08201013118010250630;08;1;15;045;2020;10;14;3;3;6;7;0;0;0;1;0;0;1;500400,387099999930000;5395053,290300000500000;9,005442380000034;48,708512084000063;0
155888;08201010317100214000;08;3;17;001;2020;10;09;7;3;5;3;0;1;1;0;0;0;0;431836,771599999630000;5386462,981000000600000;8,074949864000075;48,627517720000071;1
155890;08201012416010370960;08;4;16;036;2020;10;23;2;3;0;7;2;1;1;0;0;0;0;494893,471199999560000;5368946,933499999300000;8,930908967000050;48,473631953000051;0
155891;08201008221200224980;08;2;21;000;2020;10;16;5;2;0;1;0;1;0;0;0;0;0;478512,644199999980000;5471415,637800000600000;8,703876958000024;49,395053200000063;1
155895;08201009337010201130;08;3;37;116;2020;10;16;6;2;9;1;0;1;0;0;0;0;0;418061,794400000010000;5273882,794700000400000;7,909686254000064;47,613168118000033;0
155896;08201006426010213210;08;4;21;000;2020;10;19;3;3;4;6;2;1;0;0;0;0;0;573852,705699999820000;5360986,566800000100000;9,997740970000052;48,397711149000031;0
155897;08201009117010212400;08;1;17;026;2020;10;07;6;2;0;3;1;1;0;0;0;0;0;549836,981599999590000;5394114,423000000400000;9,677285803000075;48,698075348000032;0
155900;08201006425000206460;08;4;25;033;2020;10;07;3;3;0;1;0;1;0;0;0;0;0;551756,453700000420000;5348359,222500000100000;9,697699302000046;48,286317159000077;1
155902;08201013226200212860;08;2;26;032;2020;10;16;3;3;0;7;0;1;0;0;0;0;0;465772,555900000040000;5464666,180400000900000;8,528887841000028;49,333760615000074;0
155903;08201008212010197870;08;2;12;000;2020;10;07;5;2;6;4;0;0;0;1;1;0;0;455884,821999999690000;5427612,871099999200000;8,396860494000066;48,999836706000053;1
155904;08201007415100196070;08;4;15;050;2020;10;07;4;3;0;6;1;1;1;0;0;0;0;520775,417000000370000;5376296,744999999200000;9,281454400000030;48,539430437000078;1
155905;08201010311010231770;08;3;11;000;2020;10;16;7;3;3;2;0;1;1;0;0;0;0;410602,643000000160000;5315726,729000000300000;7,801826944000027;47,988590947000034;1
155907;08201009326400227930;08;3;26;074;2020;10;15;6;3;4;2;0;1;0;0;0;0;0;458758,370000000110000;5324455,948000000800000;8,446357628000044;48,072044320000032;0
155910;08201013121200241430;08;1;21;000;2020;10;13;3;3;0;7;0;1;0;0;0;0;0;515246,633000000380000;5442837,994500000000000;9,209029936000036;49,138181617000043;0
155911;08201008116200226060;08;1;16;080;2020;10;07;5;3;5;3;0;1;1;0;0;0;0;518973,101300000210000;5397333,317800000300000;9,258000973000037;48,728734640000027;0
155913;08201010231202228080;08;2;36;070;2020;10;23;7;3;1;7;2;1;1;0;0;0;0;468734,268199999820000;5416798,432499999200000;8,573361318000025;48,903340626000045;0
155915;08201008119400199640;08;1;19;079;2020;10;19;5;3;5;3;2;1;1;0;0;0;0;522621,684000000360000;5408109,216000000000000;9,308207496000023;48,825551087000065;0
155916;08201010222500205150;08;2;22;000;2020;10;14;7;2;5;3;0;1;1;0;0;0;0;461719,036600000230000;5480056,443600000800000;8,471613578000074;49,471949071000040;0
155917;08201007311010198730;08;3;11;000;2020;10;17;4;3;0;7;0;1;0;0;0;0;0;414365,834400000050000;5315373,142599999900000;7,852323984000066;47,985925278000082;0
155918;08201010222200232420;08;2;22;000;2020;10;23;7;3;6;3;2;0;1;1;0;0;0;460686,752899999730000;5482547,265599999600000;8,457118144000049;49,494286698000053;0
155922;08201013118400228930;08;1;18;048;2020;10;08;3;3;5;3;0;1;1;0;0;0;0;514400,049899999980000;5415346,548000000400000;9,196447924000040;48,890901624000037;0