OBJECTID;UIDENTSTLAE;ULAND;UREGBEZ;UKREIS;UGEMEINDE;UJAHR;UMONAT;USTUNDE;UWOCHENTAG;UKATEGORIE;UART;UTYP1;ULICHTVERH;IstRad;IstPKW;IstFuss;IstKrad;IstGkfz;IstSonstige;LINREFX;LINREFY;XGCSWGS84;YGCSWGS84;STRZUSTAND
155924;08201010222014207470;08;2;21;000;2020;10;13;7;3;5;3;0;1;1;0;0;0;0;474699,498200000260000;5472018,735999999600000;8,651289505000023;49,400331438000080;0
155929;08201010212000237250;08;2;12;000;2020;10;11;7;3;5;2;0;1;1;0;0;0;0;453579,204099999740000;5431068,405999999500000;8,364944951000041;49,030750303000048;0
155930;08201007222014200540;08;2;22;000;2020;10;13;4;3;6;4;0;0;0;1;0;0;1;461626,787999999710000;5483787,449799999600000;8,469978156000025;49,505501658000071;0
155931;08201010216100205360;08;2;16;043;2020;10;13;7;2;8;1;0;1;0;0;0;0;0;441843,898000000040000;5411229,888199999900000;8,207247156000051;48,851310814000044;0
155932;08201009215402203370;08;2;15;009;2020;10;13;6;3;2;6;0;1;0;0;0;0;0;470971,031700000170000;5441446,171399999400000;8,602119365000021;49,125165225000046;0
155933;08201008311100229080;08;3;15;015;2020;10;14;5;3;4;3;0;1;1;0;0;0;0;394078,220999999900000;5321059,018999999400000;7,579101557000058;48,034028468000031;0
155938;08201007118200197490;08;1;18;011;2020;10;12;4;3;6;3;0;0;1;1;0;0;0;502582,445899999700000;5409412,165699999800000;9,035192818000041;48,837678887000038;0
155939;08201010212010232260;08;2;15;099;2020;10;22;7;2;6;2;2;0;1;1;0;0;0;463868,545800000430000;5447146,857899999200000;8,504262412000060;49,176066638000066;0
155941;08201008215502232050;08;2;15;111;2020;10;07;5;3;0;7;1;0;0;1;0;0;1;457724,433400000450000;5448299,721300000300000;8,419845800000076;49,186043876000042;0
155943;08201007435100209290;08;4;35;024;2020;10;16;4;3;5;2;0;1;1;0;0;0;0;527806,303299999800000;5279451,447399999900000;9,370390170000064;47,667857201000061;0
155944;08201010212010216670;08;2;12;000;2020;10;17;7;3;5;2;0;1;0;0;0;0;1;454143,525100000200000;5425695,914100000600000;8,373271400000022;48,982466604000081;0
155945;08201012222200225820;08;2;22;000;2020;10;15;2;3;0;7;0;1;0;0;0;0;0;462387,133999999610000;5480926,766000000800000;8,480752072000030;49,479818943000055;1
155947;08201006327100205210;08;3;27;050;2020;10;06;3;3;4;2;2;1;1;0;0;0;0;486506,245099999940000;5314088,756899999500000;8,819177649000039;47,979960654000081;1
155948;08201012415300240580;08;4;15;019;2020;10;17;2;3;8;1;0;1;0;0;0;0;0;517174,372999999670000;5370033,077999999700000;9,232411975000048;48,483189478000043;0
155950;08201012415300211880;08;4;15;059;2020;10;14;2;3;6;4;0;0;1;1;0;0;0;516781,010400000030000;5368639,201500000400000;9,227032886000075;48,470660280000061;1
155952;08201008121300226960;08;1;21;000;2020;10;17;5;3;5;2;0;1;1;0;0;0;0;512494,216300000440000;5445382,853000000100000;9,171373690000053;49,161135637000029;0
155953;08201007336100267570;08;3;36;084;2020;10;21;4;3;0;7;2;1;0;0;0;0;0;404850,456399999560000;5278404,792999999600000;7,732947277000051;47,652040727000042;1
155958;08201014425000214830;08;4;25;033;2020;10;05;4;3;6;2;2;0;1;1;0;0;0;553112,094100000340000;5349009,859799999700000;9,716054280000037;48,292057997000029;0
155959;08201015115400231380;08;1;15;045;2020;10;12;5;3;4;2;0;1;0;0;0;0;0;499177,051099999810000;5397029,975400000800000;8,988809882000055;48,726294046000078;1
155960;08201019336100282280;08;3;36;050;2020;10;08;2;3;3;2;0;1;1;0;0;0;0;399265,111200000160000;5273499,471500000000000;7,659719605000021;47,607070474000068;0
155964;08201014421300212850;08;4;25;141;2020;10;07;4;3;3;6;0;1;1;0;0;0;0;568026,457299999890000;5362844,358500000100000;9,919341229000054;48,415078304000076;1
155965;08201017212402226370;08;2;12;000;2020;10;18;7;3;6;4;0;0;1;1;0;0;0;455909,055499999780000;5423672,745400000400000;8,397619102000022;48,964396430000079;0
155968;08201014416200215070;08;4;16;041;2020;10;08;4;3;0;7;0;1;0;0;0;0;0;503944,226499999870000;5372548,675699999600000;9,053399170000034;48,506043079000051;1
155970;08201015337010216030;08;3;37;126;2020;10;08;5;3;0;1;0;1;0;0;0;0;0;445120,344899999910000;5275699,642599999900000;8,269476536000070;47,632371404000025;0
155973;08201015421300221530;08;4;21;000;2020;10;15;5;3;0;1;0;1;0;0;0;0;0;572048,760800000280000;5361961,022500000900000;9,973540873000047;48,406685367000080;1
155974;08201020121500278230;08;1;25;065;2020;10;16;3;3;5;7;0;1;1;0;0;0;0;518414,898000000040000;5451244,640000000600000;9,252851040000053;49,213714719000052;0
155976;08201017119200226600;08;1;19;020;2020;10;15;7;3;1;5;0;1;1;0;0;0;0;520205,146800000220000;5406867,446699999300000;9,275222814000074;48,814463705000037;0
155978;08201016119400239210;08;1;19;079;2020;10;16;6;3;5;3;0;1;1;0;0;0;0;523079,471599999820000;5407222,304500000600000;9,314394587000038;48,817555800000036;1
155980;08201019216100255140;08;2;16;043;2020;10;16;2;3;6;4;0;0;1;1;0;0;0;442057,929499999620000;5411439,417799999900000;8,210134779000043;48,853215554000030;0
155982;08201018235100227530;08;2;35;079;2020;10;13;1;2;0;1;0;1;0;0;0;0;0;466679,358799999580000;5399687,589600000500000;8,546712207000041;48,749311083000066;0
155986;08201016116100220920;08;1;16;019;2020;10;05;6;3;0;1;2;1;0;0;0;0;0;523241,158300000240000;5396701,479900000600000;9,316002628000035;48,722906122000040;1
155989;08201014337100229650;08;3;37;096;2020;10;11;4;3;5;3;0;1;1;0;0;0;0;419303,346599999820000;5267202,899800000700000;7,927432340000053;47,553229843000054;0
155991;08201014335100251660;08;3;35;043;2020;10;19;4;3;4;6;2;1;0;0;0;0;0;513009,672899999660000;5279290,822899999100000;9,173290295000072;47,666878919000055;0
155992;08201019118100260740;08;1;18;010;2020;10;12;2;3;1;7;0;1;0;0;0;0;1;506690,325299999680000;5431899,960799999500000;9,091542934000074;49,039941690000035;0
155993;08201015311010219750;08;3;11;000;2020;10;11;5;3;5;3;0;1;1;0;0;0;0;412977,316300000060000;5316378,602499999100000;7,833515084000055;47,994782310000062;0
155996;08201014335100234950;08;3;35;043;2020;10;13;4;3;5;3;0;1;1;0;0;0;0;511413,018799999730000;5281141,922700000900000;9,152071152000076;47,683564648000072;0
155998;08201016111500220960;08;1;11;000;2020;10;08;6;3;1;5;0;1;1;0;0;0;0;511272,548299999910000;5395650,102000000000000;9,153241448000074;48,713779270000032;1
155999;08201020216100236560;08;2;16;022;2020;10;17;3;3;1;3;0;1;1;0;0;0;0;434574,805200000290000;5404972,068900000300000;8,109168831000034;48,794299111000043;0
156001;08201014326100215560;08;3;26;012;2020;10;18;4;2;9;1;1;1;0;0;0;0;0;462448,457000000400000;5311926,449999999300000;8,496990226000037;47,959546749000026;0
156002;08201019115200247910;08;1;15;021;2020;10;13;2;3;6;6;0;0;1;1;0;0;0;489702,947300000120000;5382334,878200000200000;8,860350816000050;48,594010624000077;0
156004;08201017335100226320;08;3;35;043;2020;10;14;7;3;5;2;0;1;1;0;0;0;0;513049,619900000280000;5279080,511800000400000;9,173816109000029;47,664985804000025;0
156005;08201016221400247350;08;2;21;000;2020;10;07;6;3;0;7;1;1;0;0;0;0;0;474348,210099999790000;5474574,364600000900000;8,646282751000058;49,423304103000078;1
156006;08201014317600460570;08;3;17;041;2020;10;07;4;2;0;7;2;0;0;1;1;0;0;436208,533200000410000;5347943,974500000500000;8,140143432000059;48,281483097000034;0
156010;08201020212010257490;08;2;12;000;2020;10;13;3;3;6;4;0;0;0;1;0;0;1;455539,300200000410000;5428761,607799999400000;8,392011038000021;49,010144920000073;0
156014;08201014317300232700;08;3;17;065;2020;10;14;4;3;9;1;0;1;0;0;0;0;0;414363,741999999620000;5355033,255999999100000;7,844308574000024;48,342672037000057;0
156016;08201014317010219650;08;3;17;089;2020;10;07;4;2;5;3;1;1;1;0;0;0;0;431811,619199999610000;5375520,714700000400000;8,076403469000070;48,529088138000077;0
156018;08201014317010215760;08;3;17;089;2020;10;07;4;3;0;1;0;1;0;0;0;0;0;432635,768000000160000;5374938,019200000900000;8,087659058000043;48,523935675000075;0
156019;08201016212010219680;08;2;15;064;2020;10;07;6;2;5;3;2;1;1;0;0;0;0;478937,480899999850000;5452301,956700000900000;8,710739997000076;49,223140153000031;1
156020;08201014311400276500;08;3;15;006;2020;10;15;4;3;5;3;0;1;1;0;0;0;0;402773,844999999740000;5307461,109600000100000;7,698794265000061;47,913099947000035;0
156021;08201019311010260760;08;3;11;000;2020;10;16;2;3;6;4;0;0;1;1;0;0;0;410293,125900000330000;5315740,039200000500000;7,797676718000048;47,988667334000070;0
156022;08201015421300217790;08;4;25;140;2020;10;08;5;3;0;1;0;1;0;0;0;0;0;580325,948099999690000;5336781,094599999500000;10,080574485000056;48,179188376000070;1
156024;08201018336300238900;08;3;36;036;2020;10;08;1;3;5;3;0;1;1;0;0;0;0;413247,475599999540000;5282137,037799999100000;7,843999779000058;47,686795831000040;0
156026;08201014311010381220;08;3;11;000;2020;10;09;4;3;6;4;0;0;1;1;0;0;0;415232,298499999570000;5315660,999900000200000;7,863877196000033;47,988630106000073;0
156027;08201016119200251500;08;1;19;020;2020;10;09;6;3;5;3;0;1;1;0;0;0;0;520426,953099999580000;5406919,734899999600000;9,278246698000032;48,814926826000033;1
156031;08201018212010253450;08;2;12;000;2020;10;11;1;3;5;3;0;1;0;0;0;0;0;455817,703800000250000;5425593,381799999600000;8,396162485000048;48,981666336000046;0
156032;08201019222400229340;08;2;22;000;2020;10;20;2;3;5;3;2;1;1;0;0;0;0;466559,971900000240000;5477939,216199999700000;8,538608686000032;49,453191379000032;0
156033;08201015335100248600;08;3;35;043;2020;10;10;5;2;5;2;0;1;0;0;0;0;0;513332,687500000000000;5278944,244200000500000;9,177582288000053;47,663753939000060;0
156034;08201019437100245710;08;4;37;076;2020;10;06;2;3;5;3;2;1;1;0;0;0;0;523311,945100000130000;5322296,621200000900000;9,312835293000035;48,053524573000061;0
156035;08201018311010262580;08;3;11;000;2020;10;15;1;3;5;3;0;1;1;0;0;0;0;411292,836699999870000;5315381,212500000400000;7,811146775000054;47,985579042000040;0
156037;08201014311010214910;08;3;11;000;2020;10;08;4;3;5;3;0;1;1;0;0;0;0;411640,318099999800000;5316015,912300000000000;7,815672056000039;47,991336445000059;0
156038;08201016117200289920;08;1;17;024;2020;10;14;6;3;6;4;0;0;0;1;1;0;0;561343,517500000070000;5385881,223999999500000;9,832423826000024;48,622990787000049;1
156041;08201015231000291710;08;2;31;000;2020;10;06;5;3;6;4;2;0;1;1;0;0;0;478794,211000000130000;5415147,467000000200000;8,710718399000029;48,888915221000047;1
156042;08201017336400275810;08;3;36;091;2020;10;23;7;3;0;7;2;1;0;0;0;0;0;396376,504300000150000;5274016,497199999200000;7,621175676000064;47,611265803000038;1
156044;08201014226700232500;08;2;26;098;2020;10;15;4;3;5;3;0;1;1;0;0;0;0;476966,837100000120000;5460227,122099999300000;8,683220846000040;49,294356663000030;0
156046;08201016317500223360;08;3;17;047;2020;10;12;6;3;3;6;0;1;0;0;0;0;0;418219,768099999990000;5363435,641599999700000;7,894701516000055;48,418761780000068;0
156048;08201015111240247260;08;1;11;000;2020;10;13;5;3;1;5;0;1;1;0;0;0;0;515357,797000000250000;5403466,133899999800000;9,209068354000067;48,784004662000029;0
156050;08201020222014259660;08;2;22;000;2020;10;17;3;2;5;3;0;1;0;0;0;1;0;460430,184100000190000;5481983,577500000600000;8,453631756000050;49,489199961000054;0
156053;08201015212502221320;08;2;12;000;2020;10;12;5;3;5;3;0;1;1;0;0;0;0;453603,275700000110000;5429417,769799999900000;8,365463041000055;49,015904597000031;0
156054;08201017311400268030;08;3;15;111;2020;10;15;7;3;3;6;0;1;1;0;0;0;0;401269,587000000290000;5300629,852000000000000;7,680229776000033;47,851423071000056;0
156055;08201016221011263520;08;2;21;000;2020;10;15;6;3;6;7;0;0;1;1;0;0;0;478515,558100000020000;5473162,034099999800000;8,703822648000028;49,410761902000047;0
156057;08201015111240221350;08;1;11;000;2020;10;17;5;3;0;7;0;1;0;0;0;0;0;515645,287999999710000;5403536,093000000300000;9,212984654000024;48,784626842000080;1
156060;08201015212010230630;08;2;12;000;2020;10;08;5;3;5;3;0;1;1;0;0;0;0;452802,001799999740000;5428754,073100000600000;8,354582458000039;49,009873849000030;0
156062;08201018416100224120;08;4;16;036;2020;10;03;1;3;0;7;2;1;0;0;0;0;0;495050,863300000320000;5369013,977099999800000;8,933037678000062;48,474236365000081;1
156063;08201019415100246730;08;4;15;050;2020;10;14;2;3;5;3;0;1;1;0;0;0;0;520486,740000000220000;5375403,516000000800000;9,277499686000056;48,531404229000032;0
156064;08201015436300270200;08;4;36;081;2020;10;19;5;3;5;3;2;1;1;0;0;0;0;561773,015999999830000;5282523,987999999900000;9,823239113000057;47,693147651000061;0
156066;08201020215102236720;08;2;12;000;2020;10;14;3;3;5;3;0;1;0;0;0;0;0;457961,938000000080000;5429675,866000000400000;8,425043504000030;49,018538600000056;0
156067;08201019111310292960;08;1;11;000;2020;10;20;2;3;5;2;2;1;1;0;0;0;0;518237,171099999920000;5406102,381300000500000;9,248382468000045;48,807642191000070;0
156069;08201017221011223140;08;2;21;000;2020;10;13;7;3;4;7;0;1;1;0;0;0;0;477002,492100000380000;5473398,272700000600000;8,682950665000021;49,412831522000033;0
156070;08201014136010227460;08;1;36;065;2020;10;15;4;2;6;4;0;0;1;1;0;0;0;560269,397699999620000;5409487,743000000700000;9,821300828000062;48,835438669000041;1
156074;08201015415100291210;08;4;15;050;2020;10;10;5;3;5;3;0;1;1;0;0;0;0;520529,984100000000000;5376455,124600000700000;9,278137252000022;48,540863337000076;1
156075;08201015127010246840;08;1;27;014;2020;10;20;5;2;5;3;2;1;0;0;0;0;0;576253,413099999540000;5443500,852700000600000;10,045465072000070;49,139600281000071;1
156076;08201020115100274210;08;1;15;003;2020;10;08;3;3;6;4;1;0;1;1;0;0;0;501021,174599999560000;5392338,846999999100000;9,013873904000036;48,684091993000038;0
156077;08201018326400225950;08;3;26;074;2020;10;10;1;3;1;5;0;1;1;0;0;0;0;459466,728500000200000;5325543,975700000300000;8,455763211000033;48,081878358000040;0
156078;08201016436300250590;08;4;36;081;2020;10;18;6;3;0;3;2;1;1;0;0;0;0;562785,033499999900000;5281528,624600000700000;9,836581413000033;47,684095100000036;1
156083;08201014126200263580;08;1;26;066;2020;10;16;4;3;4;3;0;1;1;0;0;0;0;534647,499900000170000;5450043,421700000800000;9,475627606000046;49,202206862000025;1
156085;08201015317300240180;08;3;17;065;2020;10;12;5;3;5;3;0;1;1;0;0;0;0;414510,222900000400000;5354625,009899999900000;7,846367839000038;48,339019776000043;0
156090;08201014121200241420;08;1;21;000;2020;10;07;4;3;5;3;1;1;1;0;0;0;0;515453,709400000050000;5442027,608100000800000;9,211837849000062;49,130886738000072;0
156091;08201014617123227780;08;3;36;091;2020;10;07;4;3;5;3;2;1;1;0;0;0;0;395053,022800000380000;5275075,060000000500000;7,603317075000064;47,620574706000070;0
156093;08201014121200215480;08;1;21;000;2020;10;18;4;2;8;1;1;1;0;0;0;0;0;515460,623100000430000;5442320,756400000300000;9,211943862000055;49,133523535000052;1
156098;08201019119400258180;08;1;19;079;2020;10;13;2;3;0;4;0;0;0;1;0;0;1;522291,975399999880000;5408290,809599999300000;9,303725343000053;48,827196582000056;0
156101;08201016235200257480;08;2;35;046;2020;10;08;6;3;1;7;0;1;0;0;0;0;1;480107,340400000100000;5376886,928999999500000;8,730476403000068;48,544768486000066;0
156102;08201014118600215430;08;1;18;073;2020;10;18;4;3;0;7;1;1;0;0;0;0;0;496879,386199999600000;5420351,749199999500000;8,957389658000068;48,936086626000076;1
156103;08201014436300241660;08;4;36;081;2020;10;12;4;3;6;2;0;0;1;1;0;0;0;562566,143000000160000;5281901,600800000100000;9,833718590000046;47,687471892000076;0
156106;08201020216200264110;08;2;16;007;2020;10;19;3;3;0;1;2;1;0;0;0;0;0;436117,044300000180000;5393749,581000000200000;8,131905850000067;48,693513404000043;0
156107;08201019111500248120;08;1;11;000;2020;10;16;2;2;5;3;0;1;1;0;0;0;0;514967,919999999930000;5402233,183100000000000;9,203716039000028;48,772922657000038;0
156108;08201015119100219550;08;1;19;083;2020;10;15;5;3;0;1;0;1;0;0;0;0;0;535088,948499999940000;5419679,345499999800000;9,479054589000043;48,929050895000046;0
156109;08201017311010224390;08;3;15;089;2020;10;13;7;3;0;1;0;1;0;0;0;0;0;407222,356999999840000;5310626,035000000100000;7,757633459000033;47,942228131000036;0
156110;08201017335100254550;08;3;35;043;2020;10;09;7;3;8;6;0;1;1;0;0;0;0;515305,208800000140000;5280830,766599999700000;9,203920879000066;47,680684530000065;0
156111;08201016222500220280;08;2;22;000;2020;10;09;6;3;6;4;0;1;0;1;0;0;0;465512,628499999640000;5476484,934100000200000;8,524284984000076;49,440052135000030;1
156114;08201019317500281430;08;3;17;096;2020;10;15;2;3;3;2;0;1;1;0;0;0;0;422717,472900000400000;5369825,538200000300000;7,954299814000024;48,476806608000061;0
156115;08201015426300236070;08;4;26;097;2020;10;16;5;3;6;6;0;0;1;1;0;0;0;535740,119800000450000;5333088,369500000000000;9,480514524000057;48,150039695000032;1
156116;08201020212010257530;08;2;12;000;2020;10;13;3;3;1;5;0;1;1;0;0;0;0;454514,004700000400000;5429130,314999999500000;8,377949915000045;49,013386741000033;0
156117;08201018437100288120;08;4;37;124;2020;10;13;1;3;4;1;0;1;1;0;0;0;0;512778,520999999720000;5300863,967000000200000;9,170845732000032;47,860988305000035;0
156120;08201014116500232240;08;1;16;035;2020;10;13;4;3;4;6;0;1;1;0;0;0;0;526778,616100000220000;5391968,898399999400000;9,363792424000053;48,680190337000056;0
156122;08201014115100246040;08;1;15;003;2020;10;11;4;2;6;4;0;0;1;1;0;0;0;500983,891999999990000;5392589,276000000500000;9,013367971000037;48,686344940000026;1
156123;08201019222400277590;08;2;26;038;2020;10;15;2;3;1;3;0;1;1;0;0;0;0;471492,261099999770000;5480256,696699999300000;8,606493585000067;49,474287826000079;0
156124;08201015335300219170;08;3;35;075;2020;10;18;5;3;5;3;1;1;1;0;0;0;0;489748,776200000200000;5288094,024299999700000;8,863245405000043;47,746136424000042;1
156125;08201015118400235810;08;1;18;048;2020;10;17;5;3;0;1;0;1;0;0;0;0;0;513249,453999999910000;5417392,282099999500000;9,180817755000021;48,909330163000050;1
156126;08201020111500233320;08;1;11;000;2020;10;09;3;3;6;2;0;0;1;1;0;0;0;512353,987599999640000;5399453,466000000000000;9,168056690000071;48,747973842000079;0
156128;08201014111500233180;08;1;11;000;2020;10;15;4;3;2;7;0;1;1;0;0;0;0;511554,492899999950000;5402090,939999999500000;9,157254906000048;48,771715797000070;0
156129;08201019316100290000;08;3;16;011;2020;10;11;2;3;0;3;0;1;1;0;0;0;0;413112,992300000040000;5330781,794600000600000;7,832407032000049;48,124360754000065;0
156130;08201015421300219820;08;4;21;000;2020;10;15;5;3;0;7;0;1;0;0;0;0;0;571000,565999999640000;5359118,551500000100000;9,958898869000052;48,381235429000071;0
156132;08201018336400261120;08;3;36;091;2020;10;14;1;3;1;5;0;1;1;0;0;0;0;397118,088999999690000;5272263,968000000300000;7,631451659000049;47,595619546000080;0
156134;08201013611033220170;08;3;16;020;2020;10;12;3;3;6;4;0;0;1;1;0;0;0;408499,830699999820000;5338532,446200000100000;7,768762248000030;48,193430345000081;0
156142;08201018317100229920;08;3;17;001;2020;10;12;1;3;6;6;0;0;1;1;0;0;0;432213,935100000350000;5390686,460799999500000;8,079376407000041;48,665548953000041;0
156143;08201016336100256210;08;3;36;084;2020;10;21;6;3;6;7;2;0;1;1;0;0;0;405408,103299999610000;5277942,876499999300000;7,740471213000035;47,647967289000064;1
156144;08201013436100227150;08;4;36;055;2020;10;16;3;2;5;3;0;1;1;0;0;0;0;577949,252999999560000;5293435,031999999700000;10,040739103000021;47,789555654000026;0
156145;08201016117300235650;08;1;17;026;2020;10;20;6;3;6;1;2;1;0;1;0;0;0;548054,840900000180000;5394692,604299999800000;9,653135430000077;48,703416202000028;1
156146;08201013436000274530;08;4;36;082;2020;10;15;3;3;6;2;0;0;1;1;0;0;0;547265,463800000030000;5295574,862999999900000;9,631331869000064;47,811790945000041;0
156148;08201015311010217610;08;3;11;000;2020;10;09;5;3;5;3;0;1;0;0;0;0;0;411999,438799999650000;5314265,230900000800000;7,820843226000022;47,975638054000058;0
156149;08201015116500248270;08;1;16;049;2020;10;05;5;3;4;2;2;1;1;0;0;0;0;525226,629200000320000;5384469,344300000000000;9,342251968000028;48,612788922000050;1
156151;08201016231000234240;08;2;37;054;2020;10;09;6;3;0;3;0;1;1;0;0;0;0;468260,437400000170000;5375979,744100000700000;8,570036889000051;48,536119742000039;1
156152;08201013435200245410;08;4;35;018;2020;10;16;3;3;4;2;0;1;1;0;0;0;0;524035,166899999600000;5280157,777599999700000;9,320196993000025;47,674363613000025;0
156153;08201014435100218250;08;4;35;030;2020;10;17;4;3;3;2;0;1;0;0;0;0;0;540309,033099999650000;5272259,925699999600000;9,536262308000062;47,602493979000030;0
156156;08201014426200246050;08;4;26;070;2020;10;22;4;3;6;2;2;0;1;1;0;0;0;565235,724000000390000;5341505,396199999400000;9,878329054000062;48,223416188000044;1
156157;08201016116010249580;08;1;16;019;2020;10;19;6;2;5;3;2;1;1;0;0;0;0;522909,216000000010000;5398287,398299999500000;9,311577519000025;48,737185185000044;1
156161;08201017327100250820;08;3;27;016;2020;10;10;7;3;5;3;0;1;1;0;0;0;0;494986,760900000110000;5318567,969300000000000;8,932767862000048;48,020383616000061;0
156162;08201016221400237270;08;2;21;000;2020;10;12;6;3;1;5;0;1;1;0;0;0;0;474298,250199999660000;5474942,272299999400000;8,645570022000072;49,426611243000082;1
156166;08201015425000221710;08;4;25;033;2020;10;15;5;2;3;2;0;1;1;0;0;0;0;552912,995500000190000;5348273,887499999300000;9,713278052000021;48,285453845000063;1
156169;08201017126100242410;08;1;26;072;2020;10;12;7;2;2;6;0;1;1;0;0;0;0;540656,270200000140000;5465828,281099999300000;9,559714021000048;49,343818783000074;1
156170;08201013435100240990;08;4;35;016;2020;10;10;3;2;5;3;0;1;1;0;0;0;0;535319,387600000020000;5278042,837200000900000;9,470350247000056;47,654816651000033;0
156172;08201013426100242640;08;4;26;021;2020;10;05;3;3;0;7;2;1;0;0;0;0;0;557295,294700000440000;5327360,291400000500000;9,769524832000059;48,096932102000039;0
156174;08201013416200246140;08;4;16;041;2020;10;14;3;3;0;7;0;0;0;1;0;0;1;504442,574799999590000;5373282,724500000500000;9,060153903000071;48,512643535000052;0
156176;08201013416010239250;08;4;15;061;2020;10;19;3;3;4;6;2;1;1;0;0;0;0;515294,249599999750000;5371125,794800000300000;9,207009419000030;48,493068514000072;0
156177;08201019311010234850;08;3;36;050;2020;10;08;2;3;1;5;0;1;1;0;0;0;0;400013,029299999590000;5275384,992300000000000;7,669237555000052;47,624147239000081;0
156178;08201015416100248760;08;4;16;036;2020;10;06;5;3;5;3;2;1;1;0;0;0;0;495477,365399999540000;5370019,294500000800000;8,938797413000032;48,483283844000027;1
156179;08201020116500291640;08;1;16;049;2020;10;07;3;3;2;6;0;1;1;0;0;0;0;525164,802199999800000;5385566,425699999600000;9,341479731000050;48,622660817000053;0
156181;08201017111500254210;08;1;11;000;2020;10;17;7;3;0;1;0;1;0;0;0;0;1;508031,005699999630000;5397599,131200000600000;9,109213276000048;48,731362985000032;1
156182;08201013336400213820;08;3;36;091;2020;10;08;3;3;3;6;0;1;1;0;0;0;0;395919,175699999560000;5271938,577199999200000;7,615585549000059;47,592501238000068;0
156183;08201016119200249850;08;1;19;020;2020;10;14;6;3;5;2;0;1;1;0;0;0;0;520530,580000000070000;5406971,786800000800000;9,279660843000045;48,815391659000056;1
156185;08201019135010251280;08;4;25;072;2020;10;16;2;2;6;4;0;0;1;1;0;0;0;579895,751699999910000;5369403,777699999500000;10,080972354000039;48,472686288000034;0
156188;08201019222014271900;08;2;22;000;2020;10;07;2;2;5;3;0;1;1;0;0;0;0;461252,381000000050000;5482974,791999999400000;8,464886692000050;49,498168451000026;0
156190;08201019426100257590;08;4;26;021;2020;10;06;2;3;5;2;2;1;0;0;0;0;0;558295,099600000310000;5325626,933399999500000;9,782715111000073;48,081247756000039;0
156191;08201018311010256170;08;3;11;000;2020;10;20;1;2;9;1;2;1;0;0;0;0;0;415219,270100000310000;5319488,674699999400000;7,862946008000051;48,023059864000061;0
156192;08201016327200234330;08;3;27;049;2020;10;20;6;3;1;5;2;1;0;0;0;0;1;471094,325400000440000;5324774,231799999300000;8,611933591000025;48,075586440000052;1
156194;08201016116500278020;08;1;16;049;2020;10;07;6;3;5;3;1;1;1;0;0;0;0;525474,010800000280000;5384681,852000000000000;9,345621202000075;48,614690631000030;1
156196;08201019116500228840;08;1;16;049;2020;10;15;2;3;0;7;0;1;1;0;0;0;0;524963,752899999730000;5385726,481599999600000;9,338761231000035;48,624108745000058;0
156197;08201015226200219510;08;2;26;032;2020;10;13;5;3;5;3;0;1;1;0;0;0;0;466885,609199999830000;5462021,665300000500000;8,544427061000022;49,310035086000028;0
156201;08201016311010223260;08;3;11;000;2020;10;17;6;3;0;2;0;1;1;0;0;0;0;411636,088899999860000;5316010,721899999300000;7,815616451000039;47,991289171000062;1
156202;08201013317300215540;08;3;17;150;2020;10;18;3;3;1;7;0;1;1;0;0;0;0;409802,565700000150000;5357659,346599999800000;7,782205142000066;48,365657838000061;1
156203;08201014426010216910;08;4;25;052;2020;10;19;4;2;0;1;2;1;0;0;0;0;0;549602,537999999710000;5335997,020999999700000;9,667218323000043;48,175276653000026;0
156206;08201020216200445870;08;2;16;007;2020;10;21;3;3;0;7;2;1;0;0;0;0;1;436135,105299999940000;5393748,998600000500000;8,132151338000028;48,693510014000026;0
156207;08201019111500257840;08;1;11;000;2020;10;06;2;3;5;3;1;1;1;0;0;0;0;516249,946399999780000;5406382,670499999100000;9,221328639000035;48,810218770000063;0
156214;08201022115100256570;08;1;15;003;2020;10;08;5;3;0;1;0;1;0;0;0;0;0;501509,005199999550000;5391768,988500000900000;9,020499598000072;48,678964491000045;0
156218;08201028222500261810;08;2;22;000;2020;10;19;4;3;0;1;2;1;0;0;0;0;0;466307,750000000000000;5477529,824999999300000;8,535163577000049;49,449495129000070;1
156219;08201026416010250920;08;4;15;061;2020;10;14;2;3;3;2;0;1;1;0;0;0;0;515399,910400000400000;5371243,348400000500000;9,208443876000047;48,494123487000081;1
156220;08201022111500257350;08;1;11;000;2020;10;07;5;3;4;6;1;1;0;0;0;0;1;508711,624699999580000;5406935,847799999600000;9,118666744000052;48,815346501000079;1
156223;08201026325000284570;08;3;26;075;2020;10;20;2;2;0;7;2;1;0;0;0;0;1;460057,853600000030000;5316225,028200000500000;8,464569322000045;47,998075616000051;1
156229;08201026231000249630;08;2;31;000;2020;10;07;2;3;6;2;0;0;1;1;0;0;0;475780,609899999570000;5415004,471899999300000;8,669617102000075;48,887518435000061;1
156231;08201026221011256380;08;2;21;000;2020;10;16;2;3;0;7;0;1;0;0;0;0;1;477526,497800000010000;5473582,304199999200000;8,690164205000031;49,414506437000057;0
156232;08201026215102292170;08;2;12;000;2020;10;19;2;3;6;6;2;0;1;1;0;0;0;455345,219600000420000;5432151,080399999400000;8,388984011000048;49,040619432000028;0
156233;08201021437200285380;08;4;37;104;2020;10;19;4;3;6;6;0;1;0;1;0;0;0;515831,608000000010000;5326349,175000000700000;9,212603720000061;48,090214908000064;0