OBJECTID;UIDENTSTLAE;ULAND;UREGBEZ;UKREIS;UGEMEINDE;UJAHR;UMONAT;USTUNDE;UWOCHENTAG;UKATEGORIE;UART;UTYP1;ULICHTVERH;IstRad;IstPKW;IstFuss;IstKrad;IstGkfz;IstSonstige;LINREFX;LINREFY;XGCSWGS84;YGCSWGS84;STRZUSTAND
156238;08201026119010250380;08;1;19;067;2020;10;08;2;2;6;4;0;0;1;1;0;0;0;538150,451500000430000;5405944,539100000600000;9,519569548000050;48,805318912000075;1
156239;08201026118600269690;08;1;18;073;2020;10;12;2;3;6;2;0;0;1;1;0;0;0;499096,767699999730000;5425019,342900000500000;8,987656480000055;48,978082033000078;0
156241;08201027231000257760;08;2;37;028;2020;10;16;3;3;6;4;0;0;1;1;0;0;0;456503,428999999540000;5367756,848999999500000;8,411633672000050;48,461442227000077;0
156242;08201026118400278040;08;1;18;048;2020;10;06;2;3;6;4;2;0;0;1;0;0;1;513626,535299999640000;5415500,751599999100000;9,185900710000055;48,892306292000058;1
156243;08201021436300239940;08;4;36;049;2020;10;16;4;3;0;1;0;1;0;0;0;0;0;578069,290699999780000;5282987,868799999400000;10,040466880000054;47,695557341000040;0
156246;08201025435100289800;08;4;35;029;2020;10;13;1;2;0;1;0;1;0;0;0;0;0;544846,294999999930000;5275617,686000000700000;9,596965599000043;47,632406705000051;0
156247;08201021426010260460;08;4;25;033;2020;10;15;4;2;0;1;0;1;0;0;0;0;0;553250,762699999850000;5347864,459699999500000;9,717779244000042;48,281742290000068;0
156248;08201028436300280410;08;4;36;018;2020;10;09;4;2;6;4;0;0;1;1;0;0;0;552029,777999999930000;5284324,258999999600000;9,693618098000059;47,710202752000043;1
156249;08201025421300247340;08;4;21;000;2020;10;14;1;3;0;1;0;1;0;0;0;0;0;570903,018799999730000;5360222,682000000000000;9,957767990000036;48,391178410000066;0
156251;08201025316100247310;08;3;16;043;2020;10;12;1;3;5;3;0;1;1;0;0;0;0;411534,583700000310000;5330836,649399999500000;7,811189586000069;48,124636755000040;0
156252;08201025311100283540;08;3;15;015;2020;10;22;1;2;5;3;2;1;0;0;0;0;1;394381,345200000330000;5320678,724500000500000;7,583260337000070;48,030658165000034;0
156253;08201021421300260870;08;4;25;141;2020;10;12;4;2;3;3;0;1;0;0;0;0;0;568259,822999999860000;5363016,520999999700000;9,922522637000043;48,416601729000035;1
156254;08201027222700290700;08;2;22;000;2020;10;16;3;3;1;5;0;1;1;0;0;0;0;462027,957899999800000;5480931,161699999100000;8,475793419000070;49,479836117000048;0
156256;08201028311010283160;08;3;15;073;2020;10;15;4;2;0;1;0;1;0;0;0;0;0;412832,084400000050000;5313433,516899999200000;7,832166506000021;47,968270469000061;0
156258;08201021337010235860;08;3;37;013;2020;10;15;4;2;0;1;0;1;0;0;0;0;0;427617,963600000370000;5295669,301799999500000;8,033207343000072;47,810305470000060;0
156259;08201028325302282270;08;3;25;053;2020;10;12;4;2;6;4;0;0;1;1;0;0;0;454054,019700000060000;5342224,698999999100000;8,381289640000034;48,231577931000061;1
156260;08201025226600279800;08;2;26;082;2020;10;13;1;3;1;6;0;0;1;1;0;0;0;476501,144799999890000;5480354,949699999800000;8,675626556000054;49,475386125000057;0
156261;08201025226500248890;08;2;26;066;2020;10;12;1;3;5;3;0;1;1;0;0;0;0;495955,733599999920000;5467057,783399999100000;8,944308804000059;49,356219964000047;0
156263;08201025222301276910;08;2;22;000;2020;10;14;1;3;0;7;0;1;0;0;0;0;0;465723,336199999790000;5485008,801100000700000;8,526452665000022;49,516732492000074;0
156264;08201021335010288170;08;3;35;075;2020;10;18;4;2;6;4;2;0;1;1;0;0;0;489763,862599999640000;5288903,422599999200000;8,863427610000031;47,753419270000052;0
156266;08201025221011247760;08;2;26;107;2020;10;17;1;3;2;6;0;1;1;0;0;0;0;475304,470999999900000;5484840,284199999600000;8,658827891000044;49,515682780000077;0
156267;08201025215300375270;08;2;15;007;2020;10;14;1;3;6;7;0;0;1;1;0;0;0;477144,076000000350000;5431698,248999999800000;8,687278687000060;49,037739783000063;0
156268;08201028221400261930;08;2;21;000;2020;10;13;4;3;3;3;0;1;1;0;0;0;0;476955,497999999670000;5469065,712999999500000;8,682554043000039;49,373858966000057;1
156271;08201025212010264990;08;2;12;000;2020;10;19;1;3;5;2;2;1;1;0;0;0;0;456396,087700000030000;5428532,366100000200000;8,403751346000036;49,008144003000041;0
156272;08201021326400266010;08;3;26;074;2020;10;07;4;3;5;2;0;1;0;0;0;0;1;458637,112399999980000;5322940,104299999800000;8,444876567000051;48,058398933000035;0
156275;08201025136100274180;08;1;36;088;2020;10;09;1;3;5;3;0;1;1;0;0;0;0;580058,828700000420000;5410285,903899999300000;10,091085735000036;48,840381218000061;0
156277;08201025121200275990;08;1;21;000;2020;10;13;1;3;0;7;0;1;1;0;0;0;0;516616,619500000030000;5441220,455700000700000;9,227745517000074;49,123595775000069;0
156278;08201021311010237100;08;3;11;000;2020;10;18;4;3;7;6;1;1;0;0;0;0;0;412913,111899999900000;5316247,962600000200000;7,832681157000025;47,993598420000069;0
156279;08201025119500267620;08;1;19;006;2020;10;16;1;3;0;1;0;1;0;0;0;0;0;537178,051599999890000;5420662,724800000000000;9,507664778000049;48,937774769000043;0
156280;08201025119100247710;08;1;19;018;2020;10;14;1;3;0;1;0;1;0;0;0;0;0;527612,525000000370000;5419376,258600000300000;9,376964239000074;48,926703241000041;0
156281;08201028212010274670;08;2;12;000;2020;10;14;4;2;0;7;0;1;0;0;0;0;0;453603,322200000290000;5427422,440899999800000;8,365691700000070;48,997956510000051;0
156282;08201025116500284690;08;1;16;046;2020;10;10;1;3;7;6;0;1;1;0;0;0;0;528043,587299999780000;5377395,448100000600000;9,379991762000032;48,549031703000026;0
156284;08201021311010235490;08;3;11;000;2020;10;16;4;2;0;1;0;1;0;0;0;0;0;414668,381599999960000;5316322,904699999800000;7,856189112000038;47,994509212000025;0
156285;08201024416100263500;08;4;16;036;2020;10;14;7;3;0;7;0;1;1;0;0;0;0;492771,185399999840000;5368199,793099999400000;8,902207519000058;48,466889535000064;0
156287;08201024415400273390;08;4;15;061;2020;10;11;7;2;2;7;0;1;1;0;0;0;0;515848,962600000200000;5371047,745799999700000;9,214514508000036;48,492352611000058;0
156291;08201024311010291420;08;3;11;000;2020;10;22;7;3;6;7;2;0;1;1;0;0;0;413450,859000000170000;5318673,763100000100000;7,839398154000037;48,015492317000053;0
156293;08201024311010274300;08;3;15;047;2020;10;13;7;3;5;3;0;1;1;0;0;0;0;415857,455900000410000;5322116,055800000200000;7,870987184000057;48,046778554000070;0
156294;08201024311010259830;08;3;36;050;2020;10;11;7;3;1;5;0;1;0;0;0;0;0;399014,676900000310000;5273423,382300000600000;7,656406045000040;47,606347053000036;0
156295;08201021231000260320;08;2;31;000;2020;10;21;4;2;1;7;2;1;1;0;0;0;0;477314,606700000350000;5416083,703099999600000;8,690482491000068;48,897284878000050;0
156298;08201028336400283520;08;3;36;091;2020;10;06;4;3;5;3;2;1;1;0;0;0;0;394634,998200000260000;5272111,696799999100000;7,598467918000040;47,593851073000053;1
156299;08201024226700273190;08;2;26;098;2020;10;11;7;3;1;3;0;1;1;0;0;0;0;476640,874599999750000;5459709,259400000800000;8,678768169000023;49,289686103000065;0
156306;08201021225200235690;08;2;25;109;2020;10;08;4;3;6;4;0;0;1;1;0;0;0;526384,781700000170000;5491861,885299999300000;9,364979085000073;49,578767949000053;0
156307;08201027222400271730;08;2;26;105;2020;10;10;3;3;0;7;0;0;0;1;0;0;1;471051,033999999990000;5479350,656800000000000;8,600469548000035;49,466117425000050;1
156309;08201028317300280000;08;3;17;065;2020;10;09;4;3;0;1;0;1;0;0;0;0;0;416775,762000000100000;5354903,152000000700000;7,876878749000071;48,341824161000034;1
156311;08201024212010275720;08;2;12;000;2020;10;13;7;3;6;3;0;0;1;1;0;0;0;453913,455099999900000;5432733,859300000600000;8,369327967000061;49,045756146000031;0
156313;08201024121200288590;08;1;21;000;2020;10;09;7;2;6;7;0;0;1;1;0;0;0;516438,273799999620000;5443949,504899999100000;9,225412438000035;49,148149280000041;0
156315;08201021222600264130;08;2;22;000;2020;10;18;4;3;5;3;1;1;1;0;0;0;0;463340,292899999770000;5483253,072599999600000;8,493694181000024;49,500801218000049;0
156316;08201027221400255870;08;2;21;000;2020;10;10;3;3;4;5;0;1;1;0;0;0;0;476810,201200000010000;5469187,494100000700000;8,680545463000044;49,374948860000075;0
156320;08201028216200260130;08;2;16;007;2020;10;12;4;3;5;3;0;1;1;0;0;0;0;436552,310999999750000;5394251,346999999100000;8,137742830000036;48,698071239000058;0
156321;08201024118300265630;08;1;18;081;2020;10;12;7;3;0;1;0;1;0;0;0;0;0;517996,029600000010000;5412439,520099999400000;9,245376524000051;48,864656796000077;1
156322;08201024118100270720;08;1;18;007;2020;10;00;7;3;0;1;2;1;0;0;0;0;0;510019,120199999770000;5427088,668099999400000;9,136971521000021;48,996616289000031;1
156323;08201024116400284650;08;1;16;033;2020;10;14;7;3;6;4;0;0;1;1;0;0;0;533438,744300000370000;5388462,654400000300000;9,453985436000039;48,648327417000075;0
156324;08201027436200255440;08;4;36;064;2020;10;12;3;3;8;1;0;1;0;0;0;0;0;544713,390800000170000;5292151,034600000800000;9,596892501000070;47,781169105000060;0
156327;08201021221400277010;08;2;21;000;2020;10;18;4;3;2;3;0;1;1;0;0;0;0;475488,222000000070000;5470518,161800000800000;8,662252645000024;49,386866280000049;0
156330;08201024115300274750;08;1;15;028;2020;10;18;7;3;5;2;2;1;1;0;0;0;0;500089,694899999540000;5405001,881100000800000;9,001221372000032;48,798009763000039;0
156331;08201021221011250520;08;2;21;000;2020;10;20;4;1;0;1;2;1;0;0;0;0;0;475708,589200000280000;5470020,904100000900000;8,665319407000027;49,382402347000038;0
156332;08201024111140246710;08;1;11;000;2020;10;15;7;3;5;3;0;1;1;0;0;0;0;511122,344999999740000;5400592,300000000700000;9,151332948000061;48,758241976000079;0
156333;08201024111130259610;08;1;11;000;2020;10;11;7;3;1;5;0;1;1;0;0;0;0;510767,308899999600000;5401324,400100000200000;9,146521425000060;48,764834162000056;1
156334;08201027421200269880;08;4;21;000;2020;10;05;3;3;7;7;2;1;0;0;0;0;1;573076,299999999810000;5360990,330000000100000;9,987254108000059;48,397835473000043;0
156337;08201023425000271460;08;4;25;079;2020;10;20;6;2;8;1;2;1;0;0;0;0;0;556043,327600000430000;5373323,707800000900000;9,758815883000068;48,510526949000052;1
156341;08201023421200270810;08;4;21;000;2020;10;21;6;3;0;2;2;0;1;1;0;0;0;572904,713800000030000;5364448,148000000000000;9,985537325000053;48,428959122000037;1
156345;08201027415400254300;08;4;15;061;2020;10;14;3;3;5;3;0;1;1;0;0;0;0;516088,910500000230000;5370602,499800000300000;9,217745010000044;48,488340923000067;0
156346;08201028117300284200;08;1;17;026;2020;10;17;4;3;0;1;0;1;0;0;0;0;0;547492,777400000020000;5394735,455399999400000;9,645501606000039;48,703844720000063;0
156347;08201023327100275480;08;3;27;056;2020;10;15;6;3;8;1;0;1;0;0;0;0;0;482007,613599999810000;5319613,120500000200000;8,758662715000071;48,029553190000058;1
156349;08201021211000275910;08;2;16;043;2020;10;13;4;3;5;2;0;1;0;0;0;0;0;441197,993999999950000;5413294,367000000600000;8,198146836000035;48,869819834000054;0
156351;08201023317100245690;08;3;17;001;2020;10;13;6;3;5;3;0;1;1;0;0;0;0;431325,719700000250000;5386705,282099999500000;8,067975140000044;48,629641311000057;1
156354;08201023311400270930;08;3;15;050;2020;10;12;6;3;4;2;0;1;1;0;0;0;0;399802,017599999900000;5302953,581100000100000;7,660079066000037;47,872097725000060;1
156355;08201023311400268940;08;3;15;074;2020;10;11;6;3;0;1;0;1;0;0;0;0;0;396647,651999999770000;5295937,765000000600000;7,619584458000077;47,808491769000057;1
156357;08201021121500270770;08;1;25;069;2020;10;14;4;3;6;4;0;0;1;1;0;0;0;524011,714800000190000;5453872,991299999900000;9,329855897000073;49,237163257000077;0
156359;08201023311010252830;08;3;36;050;2020;10;07;6;3;5;7;2;1;1;0;0;0;0;398788,398199999700000;5274302,081299999700000;7,653193351000027;47,614215927000032;1
156360;08201023311010242420;08;3;36;091;2020;10;14;6;3;6;5;0;0;1;1;0;0;0;395912,753399999810000;5271938,211300000500000;7,615500237000049;47,592496916000073;1
156362;08201021121200239920;08;1;21;000;2020;10;13;4;3;5;3;0;1;1;0;0;0;0;516662,349999999630000;5443348,774199999900000;9,228460249000023;49,142739478000067;0
156366;08201028311400259730;08;3;15;006;2020;10;12;4;3;1;6;0;1;1;0;0;0;0;403326,982099999670000;5307692,352600000800000;7,706143239000028;47,915263617000051;1
156367;08201023226700272550;08;2;26;098;2020;10;06;6;3;5;3;2;1;1;0;0;0;0;478264,062400000170000;5460436,438600000000000;8,701050165000027;49,296287000000063;1
156369;08201023226200240660;08;2;26;032;2020;10;06;6;3;2;6;2;1;0;0;1;0;0;467969,530799999830000;5462314,909499999100000;8,559315169000058;49,312730598000030;1
156370;08201023221400262380;08;2;21;000;2020;10;13;6;3;0;7;0;1;0;0;0;0;0;478079,735000000340000;5468881,379000000700000;8,698050720000026;49,372242385000050;1
156373;08201027118300253940;08;1;18;046;2020;10;13;3;3;4;1;0;1;1;0;0;0;0;514074,842500000260000;5412350,457499999600000;9,191908288000036;48,863956990000077;0
156374;08201023216100257430;08;2;16;043;2020;10;14;6;3;8;1;0;1;0;0;0;0;0;441463,083800000140000;5412267,108500000100000;8,201908320000030;48,860604771000055;1
156376;08201028222014274380;08;2;26;032;2020;10;15;4;3;3;6;0;1;0;0;0;1;1;466309,883000000380000;5464478,551000000900000;8,536299296000038;49,332102834000068;0
156377;08201023215502242680;08;2;15;099;2020;10;06;6;3;5;3;2;1;0;0;0;0;0;462283,419999999930000;5445058,726199999500000;8,482710486000030;49,157188515000030;1
156380;08201021119300255120;08;1;19;076;2020;10;15;4;3;0;7;0;1;0;0;0;0;0;542495,995600000020000;5407094,155300000700000;9,578867387000059;48,815378296000063;0
156381;08201023212010280580;08;2;12;000;2020;10;23;6;2;6;6;2;1;0;1;0;0;0;455040,338899999860000;5429707,009199999300000;8,385083541000029;49,018612725000025;1
156382;08201021119200261080;08;1;19;020;2020;10;19;4;3;0;7;2;1;0;0;0;0;1;518715,560999999750000;5410235,598600000100000;9,255086513000038;48,844809563000069;0
156384;08201023212010249530;08;2;12;000;2020;10;16;6;3;0;7;0;1;0;0;0;0;0;453643,821800000030000;5429729,899299999700000;8,365981869000052;49,018715261000068;1
156388;08201021119100235970;08;1;19;008;2020;10;11;4;3;6;7;0;0;1;1;0;0;0;531361,308100000020000;5421573,473600000100000;9,428310021000073;48,946289595000053;0
156391;08201028212010281980;08;2;15;009;2020;10;23;4;3;0;1;2;1;0;0;0;0;0;468223,723299999720000;5440739,940899999800000;8,564520566000056;49,118676659000073;1
156392;08201023128100262430;08;1;28;007;2020;10;12;6;3;3;2;0;1;1;0;0;0;0;556055,929600000380000;5481842,457299999900000;9,773964936000027;49,486631712000076;0
156393;08201023121200461030;08;1;21;000;2020;10;08;6;3;5;3;0;1;1;0;0;0;0;515776,504700000400000;5442595,850500000600000;9,216284897000037;49,135990071000037;0
156394;08201021118000245070;08;1;18;067;2020;10;06;4;2;5;3;2;1;1;0;0;0;0;505726,705099999900000;5414560,979199999900000;9,078113877000021;48,883975677000080;0
156395;08201023119200254150;08;1;19;020;2020;10;11;6;3;6;7;0;0;1;1;0;0;0;520437,913599999620000;5406945,333499999700000;9,278397270000028;48,815156745000081;0
156399;08201023118300287840;08;1;18;046;2020;10;11;6;3;1;5;0;1;1;0;0;0;0;512869,475399999880000;5411678,495699999900000;9,175452249000045;48,857938344000047;1
156403;08201023116500292830;08;1;16;049;2020;10;14;6;3;1;5;0;1;1;0;0;0;0;524739,921799999660000;5386138,015499999700000;9,335748427000056;48,627819817000045;1
156409;08201023111500274620;08;1;11;000;2020;10;07;6;2;6;4;0;0;0;1;0;0;1;511806,993599999700000;5402556,029699999800000;9,160704741000075;48,775894975000028;0
156410;08201027311010272740;08;3;11;000;2020;10;17;3;3;0;7;2;1;1;0;0;0;0;414513,985899999740000;5319205,347600000000000;7,853545418000067;48,020417237000061;0
156411;08201023111500241220;08;1;11;000;2020;10;09;6;3;6;7;0;0;0;1;0;0;1;514963,441700000320000;5403654,975099999500000;9,203706838000073;48,785713071000032;1
156413;08201020435100267650;08;4;35;016;2020;10;07;3;3;5;3;1;1;0;0;0;0;0;537631,607900000180000;5278319,018999999400000;9,501164813000059;47,657171204000065;0
156416;08201028231000259980;08;2;31;000;2020;10;18;4;3;6;4;2;0;1;1;0;0;0;477651,517599999900000;5415134,984899999600000;8,695131102000062;48,888762780000036;0
156421;08201022417100268970;08;4;17;079;2020;10;19;5;3;6;2;2;0;1;1;0;0;0;502253,618999999950000;5339799,575999999400000;9,030335343000047;48,211420157000077;1
156427;08201022335400280920;08;3;35;098;2020;10;10;5;3;0;7;0;1;0;0;0;0;1;504359,628299999980000;5295779,672900000600000;9,058236079000039;47,815355000000068;0
156428;08201028221400260140;08;2;21;000;2020;10;15;4;3;0;5;0;1;1;0;0;0;0;476820,413800000210000;5470266,793500000600000;8,680623239000056;49,384657420000053;0
156430;08201022335100271350;08;3;35;043;2020;10;11;5;2;9;1;0;1;0;0;0;0;0;513093,645499999630000;5284231,959400000100000;9,174557097000047;47,711335768000026;0
156431;08201020426100230610;08;4;26;120;2020;10;07;3;3;4;2;1;1;1;0;0;0;0;561585,286899999720000;5324201,864900000400000;9,826681677000067;48,068118266000056;0
156432;08201022335100269030;08;3;35;002;2020;10;17;5;3;6;7;0;0;1;1;0;0;0;507594,082999999630000;5284036,587999999500000;9,101236788000051;47,709665991000065;0
156434;08201022326300268860;08;3;26;052;2020;10;16;5;3;0;1;0;1;0;0;0;0;0;449935,281700000170000;5330614,523099999900000;8,327198487000032;48,126817686000038;0
156438;08201022317200238330;08;3;17;141;2020;10;12;5;3;3;6;0;1;0;0;0;0;1;421059,754599999640000;5376322,239600000900000;7,930644645000029;48,535037343000056;0
156439;08201022311010270640;08;3;36;050;2020;10;19;5;3;6;4;2;0;1;1;0;0;0;399153,733900000340000;5272798,122899999800000;7,658399492000058;47,600744283000040;1
156440;08201028212010259850;08;2;12;000;2020;10;18;4;3;5;3;2;1;1;0;0;0;0;457346,085099999790000;5428589,876199999800000;8,416735046000042;49,008727708000038;0
156441;08201022311010266450;08;3;11;000;2020;10;11;5;3;0;7;0;1;0;0;0;0;0;412688,023500000130000;5315438,472400000300000;7,829829352000047;47,986286097000061;0
156442;08201022311010239540;08;3;11;000;2020;10;19;5;2;0;7;2;1;0;0;0;0;0;414327,799599999560000;5319379,948599999800000;7,851014085000031;48,021962890000054;1
156444;08201022237100258260;08;2;37;028;2020;10;17;5;3;5;3;1;1;1;0;0;0;0;456461,517300000410000;5367684,762499999300000;8,411074277000068;48,460790838000037;1
156446;08201022231102261680;08;2;36;046;2020;10;14;5;3;6;4;0;0;1;1;0;0;0;484006,265599999580000;5418378,451400000600000;8,781692151000073;48,918136634000064;0
156448;08201020317300231740;08;3;17;026;2020;10;14;3;2;8;1;0;1;0;0;0;0;0;411068,214999999850000;5345063,098200000800000;7,801944596000055;48,252537621000045;0
156450;08201022222014239400;08;2;26;037;2020;10;21;5;3;6;6;2;0;1;1;0;0;0;465683,519700000060000;5470046,591600000900000;8,527198673000044;49,382151066000063;0
156451;08201028118000262770;08;1;15;045;2020;10;10;4;2;6;4;0;0;0;1;0;1;0;500495,493900000120000;5394117,635500000800000;9,006734024000025;48,700094790000037;1
156452;08201022222014239080;08;2;22;000;2020;10;16;5;3;6;4;0;0;0;1;1;0;0;465455,148000000040000;5476317,162000000500000;8,523506754000039;49,438539825000078;0
156453;08201022221400360210;08;2;21;000;2020;10;23;5;2;5;3;2;1;1;0;0;0;0;474259,801400000230000;5471619,939999999500000;8,645255234000047;49,396725904000050;1
156454;08201020317200288750;08;3;17;057;2020;10;17;3;3;0;7;0;1;0;0;0;0;0;413333,583300000060000;5374392,891400000100000;7,826405849000025;48,516664265000031;0
156457;08201028335100380610;08;3;35;043;2020;10;08;4;3;3;6;0;1;0;0;0;0;0;512335,149000000210000;5280649,490000000200000;9,164343979000023;47,679116969000063;0
156458;08201022212302237650;08;2;12;000;2020;10;07;5;3;5;3;0;1;1;0;0;0;0;455003,739099999890000;5429279,794399999100000;8,384630366000067;49,014767229000029;0
156459;08201022212010237640;08;2;15;107;2020;10;06;5;2;5;2;2;1;1;0;0;0;0;462437,618999999950000;5456519,754000000700000;8,483752994000042;49,260289052000076;0
156461;08201022119400241070;08;1;19;091;2020;10;12;5;3;5;3;0;1;1;0;0;0;0;527163,770899999890000;5406303,545600000800000;9,369970038000076;48,809125740000070;0
156462;08201022118300256180;08;1;18;003;2020;10;17;5;3;5;2;0;1;1;0;0;0;0;510513,054200000130000;5417538,129499999800000;9,143477495000070;48,910694669000065;0
156463;08201022118100253210;08;1;18;079;2020;10;11;5;3;0;7;0;1;0;0;0;0;0;507183,840499999930000;5422890,660100000000000;9,098136285000066;48,958892032000051;0
156464;08201020311010271010;08;3;11;000;2020;10;17;3;3;1;1;0;1;1;0;0;0;0;413086,995000000110000;5316839,888100000100000;7,834891515000038;47,998946645000046;0
156466;08201022118010270380;08;1;15;041;2020;10;21;5;2;0;7;2;1;0;0;0;0;0;494847,806099999700000;5402049,036200000000000;8,929879832000040;48,771424782000054;1
156468;08201028317010257270;08;3;17;145;2020;10;09;4;2;0;7;0;1;0;0;0;0;0;442260,641099999660000;5349587,784800000500000;8,221487902000035;48,296851635000053;1
156469;08201022118000274990;08;1;18;081;2020;10;14;5;2;0;1;0;1;0;0;0;0;0;518825,367999999780000;5412242,836100000900000;9,256675419000032;48,862862860000064;0
156474;08201028116010260240;08;1;16;056;2020;10;14;4;3;0;7;0;1;0;0;0;0;0;531216,871600000190000;5394922,035399999500000;9,424308517000043;48,706550144000062;1
156475;08201106119400320810;08;1;19;079;2020;11;12;6;3;6;4;0;0;1;1;0;0;0;522616,696000000460000;5408111,478000000100000;9,308139663000077;48,825571617000037;0
156476;08201102136300314930;08;1;36;007;2020;11;16;2;2;5;7;0;1;1;0;0;0;0;573081,839999999850000;5400547,160100000000000;9,994282377000047;48,753645961000075;0
156477;08201030435200290360;08;4;35;034;2020;10;08;6;3;5;3;0;1;1;0;0;0;0;531130,654900000430000;5284989,138900000600000;9,415065804000051;47,717530733000046;1
156481;08201030426100263490;08;4;26;021;2020;10;08;6;3;5;3;0;1;1;0;0;0;0;558040,499800000340000;5327692,560300000000000;9,779577811000024;48,099853804000077;1
156482;08201102417010305270;08;4;17;002;2020;11;14;2;2;5;3;0;1;1;0;0;0;0;490105,423000000420000;5347223,178700000000000;8,866638496000064;48,278135518000056;0
156485;08201105416100309740;08;4;16;048;2020;11;13;5;3;0;7;0;1;0;0;0;0;0;497379,459900000130000;5374999,491800000900000;8,964506242000027;48,528098452000052;0
156487;08201030421200291270;08;4;21;000;2020;10;10;6;3;5;3;0;1;1;0;0;0;0;573726,766900000160000;5361503,036900000600000;9,996130529000027;48,402371640000069;0
156488;08201104327100296970;08;3;27;050;2020;11;07;4;3;0;1;0;1;0;0;0;0;0;485950,029699999840000;5314876,892200000600000;8,811698367000076;47,987039662000029;1
156489;08201103226200315140;08;2;26;068;2020;11;19;3;3;6;4;2;0;1;1;0;0;0;468608,863099999730000;5460159,076199999100000;8,568280472000026;49,293372328000032;0
156490;08201103317100297030;08;3;17;001;2020;11;16;3;3;6;4;1;0;0;1;0;0;1;432449,502999999560000;5385506,736999999700000;8,083419962000050;48,618982736000078;1
156495;08201102115100294990;08;1;15;003;2020;11;11;2;3;6;7;0;0;1;1;0;0;0;500442,873300000090000;5391986,502299999800000;9,006016597000041;48,680922938000037;0
156496;08201030335100289610;08;3;35;043;2020;10;16;6;3;0;2;0;1;0;0;0;0;1;512689,583800000140000;5279305,009999999800000;9,169027104000065;47,667012930000055;0
156497;08201104221011330660;08;2;21;000;2020;11;10;4;3;3;6;0;1;0;0;0;1;0;476561,321000000460000;5472852,941099999500000;8,676900866000040;49,407909521000079;0
156499;08201106415100300040;08;4;15;050;2020;11;12;6;3;8;6;0;1;0;0;0;0;0;521384,879800000230000;5376153,098200000800000;9,289703599000063;48,538117678000049;0
156500;08201102222700308360;08;2;22;000;2020;11;18;2;3;0;7;2;1;0;0;0;0;0;462731,543499999680000;5481251,421599999100000;8,485475868000037;49,482760302000031;0
156502;08201031222500458750;08;2;22;000;2020;10;18;7;3;5;3;2;1;1;0;0;0;0;463331,057799999600000;5478244,328999999900000;8,494030998000028;49,455749433000051;1
156504;08201101117400308990;08;1;17;055;2020;11;17;1;3;6;7;2;0;1;1;0;0;0;544895,336000000130000;5398607,430999999900000;9,610621921000075;48,738867613000082;1
156505;08201030327200267150;08;3;27;046;2020;10;17;6;2;6;7;1;0;1;1;0;0;0;481169,351599999700000;5323989,146500000700000;8,747226377000061;48,068900224000060;0
156506;08201102317500294470;08;3;17;047;2020;11;10;2;3;1;5;0;1;1;0;0;0;0;419479,319199999790000;5364222,355200000100000;7,911570635000032;48,426000435000049;0
156507;08201030327100275870;08;3;27;016;2020;10;06;6;3;0;7;0;1;0;0;0;0;0;494905,268600000070000;5318714,695299999800000;8,931673232000037;48,021703087000049;1
156509;08201101421200294170;08;4;21;000;2020;11;15;1;3;0;1;0;1;0;0;0;0;0;572944,431499999950000;5360899,703999999900000;9,985457105000023;48,397035543000072;1
156510;08201030326200276340;08;3;26;074;2020;10;08;6;2;0;1;0;1;0;0;0;0;0;466873,800099999640000;5323264,026399999900000;8,555390612000053;48,061794089000045;1
156512;08201103128300297790;08;1;28;039;2020;11;15;3;2;6;7;0;0;1;1;0;0;0;523585,327200000170000;5511683,996799999800000;9,327449680000029;49,757172077000064;0
156513;08201106311200334470;08;3;11;000;2020;11;16;6;3;1;5;0;1;1;0;0;0;0;413860,083200000230000;5315989,184800000900000;7,845423679000021;47,991398894000042;0
156515;08201030317300274610;08;3;17;065;2020;10;11;6;3;6;7;0;0;1;1;0;0;0;416395,362499999810000;5354685,327999999700000;7,871789485000022;48,339814623000052;0
156517;08201105119100299150;08;1;19;003;2020;11;10;5;3;6;2;0;0;1;1;0;0;0;534093,955299999560000;5417647,583399999900000;9,465301040000043;48,910829910000075;0
156519;08201030317200282820;08;3;17;057;2020;10;06;6;3;0;7;1;1;0;0;0;0;0;415804,102500000040000;5386427,171900000400000;7,857416971000021;48,625242795000077;1
156521;08201103118200319420;08;1;18;080;2020;11;07;3;3;5;2;0;1;0;0;0;0;0;509459,118400000040000;5408646,292500000400000;9,128888268000026;48,830722511000033;1
156522;08201106231000309510;08;2;31;000;2020;11;07;6;3;6;2;0;0;1;1;0;0;0;477496,499800000340000;5414540,222600000000000;8,693049191000057;48,883406887000035;0
156524;08201102128100302850;08;1;28;007;2020;11;16;2;3;5;3;0;1;0;0;1;0;0;559826,413300000130000;5480673,506500000100000;9,825841700000069;49,475758257000052;0
156525;08201030311200285370;08;3;11;000;2020;10;16;6;3;0;3;0;1;1;0;0;0;0;413739,538099999540000;5319109,524800000700000;7,843180754000059;48,019451174000039;0
156527;08201105111240299010;08;1;11;000;2020;11;06;5;3;5;3;2;1;1;0;0;0;0;515123,229000000280000;5402523,270300000900000;9,205840476000049;48,775528500000064;0
156528;08201103335100296800;08;3;35;043;2020;11;16;3;2;0;1;0;1;0;0;0;0;0;513363,630300000310000;5278240,797499999400000;9,177972910000051;47,657423913000059;1
156530;08201102416100294630;08;4;16;036;2020;11;14;2;3;6;7;0;0;1;1;0;0;0;494980,171199999750000;5369179,781700000200000;8,932079216000034;48,475727455000026;0