OBJECTID;UIDENTSTLAE;ULAND;UREGBEZ;UKREIS;UGEMEINDE;UJAHR;UMONAT;USTUNDE;UWOCHENTAG;UKATEGORIE;UART;UTYP1;ULICHTVERH;IstRad;IstPKW;IstFuss;IstKrad;IstGkfz;IstSonstige;LINREFX;LINREFY;XGCSWGS84;YGCSWGS84;STRZUSTAND
156531;08201030311010264660;08;3;36;081;2020;10;15;6;2;5;3;0;1;1;0;0;0;0;411108,508399999700000;5277588,252699999100000;7,816429213000049;47,645585260000075;0
156532;08201106212010336530;08;2;12;000;2020;11;14;6;3;2;6;0;1;0;0;0;0;1;461123,286799999890000;5427462,803500000400000;8,468491323000023;48,998838959000068;0
156534;08201102115400294350;08;1;15;045;2020;11;06;2;3;0;1;1;1;0;0;0;0;0;501293,862999999900000;5395659,392000000900000;9,017589114000032;48,713963403000037;1
156536;08201102426010307620;08;4;26;100;2020;11;13;2;3;0;1;0;1;0;0;0;0;0;576709,157800000160000;5318060,038200000300000;10,028563817000077;48,011228626000047;0
156538;08201106222200299740;08;2;22;000;2020;11;07;6;2;0;7;0;1;0;0;0;0;0;461709,373999999840000;5482443,020800000100000;8,471249114000045;49,493414477000044;2
156540;08201102118300296370;08;1;18;046;2020;11;13;2;3;5;3;0;1;1;0;0;0;0;514586,369199999610000;5411909,100999999800000;9,198867101000076;48,859974826000041;0
156542;08201104416200304880;08;4;16;041;2020;11;21;4;3;0;7;2;1;0;0;0;0;0;500198,505099999720000;5370205,900900000700000;9,002686361000031;48,484978875000081;0
156545;08201030226200285290;08;2;26;032;2020;10;14;6;3;6;4;0;0;1;1;0;0;0;466501,278199999590000;5462929,287699999300000;8,539063614000042;49,318178034000027;0
156549;08201104215102297870;08;2;15;090;2020;11;10;4;2;5;3;0;1;1;0;0;0;0;465071,078999999910000;5433911,700600000100000;8,521906602000058;49,057084461000045;0
156551;08201104317000341580;08;3;17;065;2020;11;09;4;3;0;7;0;1;0;0;0;0;0;416469,144899999720000;5354997,433599999200000;7,872723043000065;48,342631744000073;0
156553;08201102311010301330;08;3;11;000;2020;11;11;2;3;1;5;0;1;1;0;0;0;0;409733,654199999760000;5316977,999500000800000;7,789919586000053;47,999724297000057;0
156554;08201030222500266350;08;2;22;000;2020;10;11;6;3;3;2;0;1;1;0;0;0;0;461781,524699999950000;5479241,068499999100000;8,472554797000043;49,464619115000062;1
156555;08201105221400307010;08;2;21;000;2020;11;15;5;2;1;5;0;1;0;0;0;0;1;476128,647300000300000;5472760,854399999600000;8,670942154000045;49,407064397000056;0
156559;08201103119300313640;08;1;19;067;2020;11;07;3;3;0;7;0;1;0;0;0;0;0;538709,341900000350000;5406297,267599999900000;9,527213982000035;48,808457336000060;1
156561;08201102212102301930;08;2;12;000;2020;11;13;2;3;3;6;0;1;1;0;0;0;0;461577,261300000360000;5426719,794700000400000;8,474767900000074;48,992183836000038;0
156562;08201030222014275840;08;2;22;000;2020;10;17;6;2;6;4;2;0;1;1;0;0;0;463602,089900000020000;5485484,242900000900000;8,497104008000065;49,520885180000050;0
156563;08201031215402286410;08;2;15;009;2020;10;14;7;2;0;1;0;1;0;0;0;0;0;471513,700000000190000;5441621,094000000500000;8,609544818000074;49,126764083000069;0
156564;08201106326200339630;08;3;26;074;2020;11;17;6;3;6;4;1;0;1;1;0;0;0;464725,075899999590000;5322883,888100000100000;8,526583462000076;48,058258857000055;0
156566;08201030212010285400;08;2;12;000;2020;10;16;6;3;6;7;2;0;1;1;0;0;0;455751,491600000300000;5428573,936699999500000;8,394932989000040;49,008472052000059;0
156567;08201031212010285330;08;2;12;000;2020;10;23;7;3;4;6;2;1;0;0;0;0;0;458687,572200000290000;5428240,995400000400000;8,435113574000070;49,005680732000030;0
156568;08201105126100319060;08;1;26;046;2020;11;12;5;3;6;4;0;0;1;1;0;0;0;549658,565100000240000;5458799,536200000000000;9,682765675000042;49,279932285000029;0
156571;08201031436200278130;08;4;36;064;2020;10;19;7;3;0;1;2;1;0;0;0;0;0;545267,625500000080000;5290774,167099999300000;9,604147210000065;47,768742660000044;0
156573;08201106226600325970;08;2;26;096;2020;11;14;6;3;3;6;0;1;1;0;0;0;0;475644,144700000060000;5487674,404600000000000;8,663345434000064;49,541188398000031;0
156575;08201102119400312920;08;1;19;079;2020;11;17;2;3;3;6;0;1;1;0;0;0;0;522647,017500000070000;5408115,089400000900000;9,308552969000061;48,825603000000058;0
156576;08201030212000285080;08;2;15;109;2020;10;12;6;3;1;7;0;1;1;0;0;0;0;462226,970999999900000;5438862,574300000400000;8,482516702000055;49,101450371000055;0
156577;08201031212010278030;08;2;12;000;2020;10;10;7;3;0;7;0;1;0;0;0;0;0;452828,662100000310000;5428721,610300000800000;8,354950777000056;49,009583884000051;0
156579;08201031436100288460;08;4;36;055;2020;10;14;7;3;0;7;0;1;0;0;0;0;0;578026,659099999820000;5292079,839800000200000;10,041528833000029;47,777354918000071;0
156583;08201103417200296160;08;4;17;002;2020;11;07;3;3;5;3;1;1;1;0;0;0;0;488210,777400000020000;5347784,786399999600000;8,841086427000050;48,283155692000037;1
156584;08201030136300293940;08;1;36;065;2020;10;16;6;3;5;3;0;1;0;0;0;0;1;558961,091000000010000;5405795,096000000800000;9,802943443000061;48,802348876000053;0
156586;08201030136100285020;08;1;36;021;2020;10;15;6;3;6;2;0;0;1;1;0;0;0;575635,126899999570000;5406862,868400000000000;10,030176265000023;48,810147710000081;0
156588;08201105421200298590;08;4;21;000;2020;11;15;5;3;0;1;0;1;0;0;0;0;0;573794,693400000220000;5361958,471899999300000;9,997128229000055;48,406460415000026;0
156590;08201030119100276660;08;1;19;008;2020;10;15;6;3;5;3;0;1;1;0;0;0;0;530862,568799999540000;5422730,107200000400000;9,421586451000053;48,956719123000028;0
156592;08201031415100287560;08;4;15;014;2020;10;14;7;3;0;7;0;1;0;0;0;0;0;524917,067800000310000;5375520,798900000800000;9,337515969000037;48,532299043000080;0
156594;08201102317500308350;08;3;17;034;2020;11;17;2;3;0;7;1;1;0;0;0;0;0;426606,367499999700000;5361999,465700000500000;8,008282967000071;48,406875994000075;0
156600;08201105231000333580;08;2;31;000;2020;11;17;5;1;6;3;1;0;0;1;0;0;1;478633,295900000260000;5416131,860400000600000;8,708471800000041;48,897764969000036;0
156601;08201102115100303210;08;1;15;024;2020;11;16;2;3;5;2;0;1;1;0;0;0;0;500864,738099999730000;5387296,323799999400000;9,011737986000071;48,638728947000061;0
156603;08201104311010298000;08;3;11;000;2020;11;18;4;3;0;7;2;1;0;0;0;0;0;411013,816100000400000;5314691,954700000600000;7,807550999000057;47,979340227000080;0
156605;08201103222200313490;08;2;22;000;2020;11;08;3;3;1;5;0;1;1;0;0;0;0;461528,715800000350000;5481795,710899999400000;8,468817542000068;49,487580844000036;1
156607;08201102222700311340;08;2;22;000;2020;11;12;2;3;5;3;0;1;1;0;0;0;0;462205,212899999690000;5482047,008199999100000;8,478133665000030;49,489883644000031;0
156610;08201105212302300780;08;2;12;000;2020;11;14;5;3;0;7;0;1;0;0;0;0;0;456195,295199999590000;5428709,954099999700000;8,400986663000026;49,009727206000036;0
156611;08201101127202295240;08;1;27;014;2020;11;18;1;3;5;3;2;1;1;0;0;0;0;579030,114299999550000;5442668,711899999500000;10,083364621000044;49,131765230000042;1
156612;08201029426100282720;08;4;26;021;2020;10;11;5;3;0;1;0;1;0;0;0;0;0;557721,963999999690000;5328367,302999999400000;9,775391058000025;48,105952868000031;1
156613;08201104119400307360;08;1;19;079;2020;11;18;4;3;5;3;2;1;1;0;0;0;0;523026,936200000350000;5408916,639399999800000;9,313774088000059;48,832799573000045;0
156614;08201101426300296940;08;4;26;013;2020;11;19;1;3;1;7;2;1;1;0;0;0;0;545622,336199999790000;5323492,956399999600000;9,612344441000062;48,063082314000042;1
156615;08201029416200262400;08;4;16;025;2020;10;23;5;3;5;3;2;1;1;0;0;0;0;504036,106999999840000;5361446,247999999700000;9,054536018000022;48,406159883000043;1
156616;08201104128300303660;08;1;28;131;2020;11;07;4;3;0;1;1;1;0;0;0;0;0;537680,909300000410000;5510263,074400000300000;9,523002923000036;49,743673878000038;0
156618;08201106317500301040;08;3;17;096;2020;11;13;6;3;5;3;0;1;1;0;0;0;0;421990,768799999730000;5370717,865000000200000;7,944302043000050;48,484743252000044;0
156621;08201031119100280310;08;1;19;008;2020;10;13;7;3;6;4;0;1;0;1;0;0;0;531440,290900000370000;5421713,545700000600000;9,429399490000037;48,947545596000055;0
156623;08201031317500286400;08;3;17;096;2020;10;16;7;3;0;7;0;1;0;0;0;0;0;420432,235299999830000;5368241,065400000700000;7,923685625000076;48,462269439000067;0
156624;08201103436400313960;08;4;36;082;2020;11;18;3;3;1;5;2;1;1;0;0;0;0;547409,058000000190000;5294751,911000000300000;9,633159761000059;47,804376332000061;1
156625;08201031317500285030;08;3;17;096;2020;10;10;7;3;5;3;0;1;1;0;0;0;0;420688,321200000120000;5369114,915200000600000;7,926983369000027;48,470161949000044;0
156626;08201102436100301820;08;4;36;055;2020;11;15;2;3;6;4;0;0;1;1;0;0;0;577192,937599999830000;5298759,652899999200000;10,031591223000021;47,837547165000046;0
156627;08201106222301380240;08;2;22;000;2020;11;07;6;3;5;3;0;1;1;0;0;0;0;466647,792500000450000;5481422,301100000700000;8,539526803000058;49,484525134000080;0
156630;08201106311010299620;08;3;15;047;2020;11;06;6;3;4;2;1;1;1;0;0;0;0;415326,217100000010000;5320932,145999999700000;7,864094722000061;48,036058610000055;0
156633;08201029311010380720;08;3;15;064;2020;10;10;5;3;0;6;0;1;1;0;0;0;0;421792,915799999610000;5313352,409700000700000;7,952212167000027;47,968698660000030;0
156635;08201105111500319000;08;1;11;000;2020;11;16;5;3;6;4;0;0;1;1;0;0;0;506556,986499999650000;5405923,101399999100000;9,089300869000056;48,806262410000045;0
156637;08201029311010262490;08;3;15;047;2020;10;07;5;3;0;7;0;1;0;0;0;0;0;415177,848799999800000;5321254,379400000000000;7,862040920000027;48,038937519000058;1
156638;08201102416200294810;08;4;16;041;2020;11;09;2;3;0;7;0;1;0;0;0;0;0;504364,377399999650000;5374799,800200000400000;9,059110962000034;48,526292251000029;0
156640;08201106212402312260;08;2;12;000;2020;11;17;6;3;2;6;2;1;0;0;0;0;1;456826,071100000290000;5427515,894899999700000;8,409738769000057;48,999030941000058;0
156641;08201105416100299860;08;4;16;006;2020;11;17;5;3;5;3;2;1;1;0;0;0;0;498291,275000000370000;5360210,906999999700000;8,976916673000062;48,395056675000035;0
156642;08201102116200302050;08;1;16;077;2020;11;16;2;3;5;2;1;1;1;0;0;0;0;515870,990299999710000;5389012,933399999500000;9,215498380000042;48,653970883000056;0
156645;08201031317200284550;08;3;17;141;2020;10;22;7;3;8;7;2;1;0;0;0;0;0;419786,701100000180000;5380523,089600000500000;7,912593072000050;48,572661251000056;0
156646;08201102119200300060;08;1;19;020;2020;11;10;2;3;0;1;0;1;0;0;0;0;0;520264,118700000460000;5406736,368100000500000;9,276019613000074;48,813282627000035;0
156648;08201104417300298840;08;4;17;031;2020;11;12;4;3;6;4;0;0;1;1;0;0;0;498401,474600000310000;5354730,510399999100000;8,978426206000052;48,345752006000055;0
156653;08201105226100307950;08;2;26;013;2020;11;11;5;3;5;2;0;1;1;0;0;0;0;499098,323200000450000;5478725,417099999300000;8,987557044000027;49,461182803000042;0
156656;08201104221011297260;08;2;21;000;2020;11;15;4;3;4;2;0;1;1;0;0;0;0;476900,791899999600000;5472337,140699999400000;8,681610354000043;49,403282959000080;0
156658;08201106336300312320;08;3;36;081;2020;11;18;6;2;0;7;2;1;0;0;0;0;0;411494,068400000220000;5278048,932399999400000;7,821468503000062;47,649782299000037;0
156661;08201103222800313900;08;2;22;000;2020;11;16;3;3;5;3;0;1;1;0;0;0;0;462797,855000000450000;5486027,524000000200000;8,485941441000023;49,525722857000062;0
156662;08201102311010374260;08;3;11;000;2020;11;14;2;3;1;5;0;1;0;0;0;0;1;414774,125300000420000;5318518,851399999100000;7,857169928000076;48,014276711000036;0
156663;08201029222014263950;08;2;22;000;2020;10;16;5;2;5;3;0;1;1;0;0;0;0;464363,658800000320000;5484445,156999999700000;8,507719719000022;49,511584401000050;1
156666;08201029221011280950;08;2;26;095;2020;10;14;5;2;6;6;0;0;0;1;0;1;0;474602,817300000230000;5460173,778500000000000;8,650712060000046;49,293783139000027;1
156667;08201104128100298960;08;1;28;007;2020;11;16;4;2;0;1;0;1;0;0;0;0;0;556364,552099999970000;5482644,278400000200000;9,778340016000072;49,493814720000046;0
156671;08201102215302295340;08;2;15;025;2020;11;15;2;3;0;7;0;1;0;0;0;0;0;475177,553999999540000;5434872,824799999600000;8,660178067000061;49,066220242000043;0
156673;08201031116010277040;08;1;16;080;2020;10;08;7;3;6;7;0;0;0;1;0;0;1;519942,592799999750000;5396344,445100000100000;9,271136387000070;48,719808521000061;0
156674;08201105116200309440;08;1;16;080;2020;11;15;5;3;5;3;0;1;1;0;0;0;0;518651,846199999560000;5397596,061499999800000;9,253644399000052;48,731107968000060;0
156675;08201031111500287460;08;1;11;000;2020;10;19;7;3;4;1;2;1;1;0;0;0;0;512431,495099999940000;5408617,527499999900000;9,169388311000034;48,830411352000056;0
156676;08201105211100309540;08;2;11;000;2020;11;09;5;3;6;2;0;0;1;1;0;0;0;442489,656100000250000;5406256,324400000300000;8,216746547000071;48,806633583000064;0
156678;08201104119300314410;08;1;19;067;2020;11;11;4;3;0;7;0;1;0;0;0;0;0;537746,612800000240000;5405956,566999999800000;9,514071022000053;48,805451767000079;0
156681;08201106111500325840;08;1;11;000;2020;11;15;6;3;5;2;0;1;0;0;0;0;0;513184,501299999650000;5402380,003900000800000;9,179448235000052;48,774283792000062;0
156682;08201102128100302100;08;1;28;006;2020;11;16;2;3;0;7;0;1;0;0;0;0;0;550718,867399999870000;5475225,017000000900000;9,699434581000048;49,427582469000072;0
156685;08201104436400296850;08;4;36;082;2020;11;06;4;2;6;4;2;0;1;1;0;0;0;548210,761800000440000;5295839,917099999300000;9,643987024000069;47,814105481000070;1
156686;08201103325202297780;08;3;25;060;2020;11;16;3;3;0;7;2;1;1;0;0;0;0;469562,289499999960000;5339023,150100000200000;8,590347497000039;48,203708922000033;1
156688;08201029121400281790;08;1;25;108;2020;10;20;5;3;0;3;2;1;1;0;0;0;0;494836,387799999680000;5433523,992900000900000;8,929326181000022;49,054565408000030;0
156690;08201103435200298410;08;4;35;066;2020;11;11;3;2;4;2;0;1;1;0;0;0;0;519436,181800000370000;5287510,112500000700000;9,259257787000024;47,740671270000064;1
156691;08201029118300284830;08;1;18;046;2020;10;19;5;3;6;2;2;0;1;1;0;0;0;513219,735600000250000;5411859,471200000500000;9,180233241000053;48,859558997000079;1
156692;08201102425000314580;08;4;25;033;2020;11;18;2;3;5;3;2;1;1;0;0;0;0;554196,686400000010000;5348314,967499999300000;9,730586296000070;48,285714779000045;0
156693;08201029118000271810;08;1;15;021;2020;10;16;5;2;5;3;0;1;1;0;0;0;0;491501,018500000240000;5381340,347699999800000;8,884756644000049;48,585090576000027;0
156695;08201105425000305680;08;4;25;033;2020;11;08;5;3;6;7;0;0;1;1;0;0;0;554167,255199999550000;5348286,942500000800000;9,730185995000056;48,285465186000067;0
156698;08201104335100380100;08;3;35;002;2020;11;13;4;3;5;3;0;1;1;0;0;0;0;507605,064299999740000;5284169,350199999300000;9,101385496000034;47,710860407000041;0
156702;08201105222500298560;08;2;22;000;2020;11;12;5;3;5;7;0;1;1;0;0;0;0;462497,018199999820000;5478059,547399999600000;8,482540657000072;49,454036493000046;0
156706;08201105311010300260;08;3;11;000;2020;11;15;5;3;0;1;0;1;0;0;0;0;0;414075,949000000020000;5315241,153000000900000;7,848466140000028;47,984699101000047;0
156709;08201104316100297310;08;3;16;011;2020;11;13;4;3;4;7;0;1;0;0;0;0;0;414449,907200000250000;5330174,884299999100000;7,850490619000027;48,119082581000043;0
156710;08201103222301299490;08;2;22;000;2020;11;13;3;3;5;3;0;1;1;0;0;0;0;463242,405799999830000;5483168,313100000800000;8,492350209000051;49,500032926000074;0
156712;08201102226700296530;08;2;26;098;2020;11;13;2;3;5;3;0;1;1;0;0;0;0;476640,881299999540000;5459709,407199999300000;8,678768252000054;49,289687432000051;0
156713;08201029111500274640;08;1;11;000;2020;10;18;5;3;6;7;2;0;1;1;0;0;0;511675,203099999580000;5396294,238700000600000;9,158733433000066;48,719566530000066;1
156717;08201104121600317990;08;1;25;102;2020;11;12;4;3;6;4;0;0;1;1;0;0;0;520774,531100000250000;5444068,822399999900000;9,284879518000025;49,149091188000057;0
156718;08201103118600302730;08;1;18;073;2020;11;10;3;3;6;4;0;1;0;1;0;0;0;496956,068599999880000;5420095,541999999400000;8,958438629000057;48,933782241000074;1
156720;08201103135200296770;08;1;35;019;2020;11;17;3;3;6;4;2;1;0;1;0;0;0;583102,736399999820000;5392456,304800000000000;10,128961460000028;48,679617518000043;1
156722;08201102221011381700;08;2;21;000;2020;11;07;2;3;3;2;1;1;0;0;0;0;1;477282,411799999890000;5471488,173699999200000;8,686918905000027;49,395660986000053;0
156724;08201030435200380050;08;4;35;010;2020;10;17;6;3;4;2;1;1;1;0;0;0;0;520450,392500000070000;5283999,710400000200000;9,272621260000051;47,709055005000039;0
156725;08201105121500330850;08;1;25;005;2020;11;06;5;3;6;4;2;0;1;1;0;0;0;515847,717899999580000;5453067,833799999200000;9,217673945000058;49,230186501000048;0
156726;08201101111240294240;08;1;11;000;2020;11;14;1;3;0;7;0;1;0;0;0;0;0;514623,412200000140000;5404052,040300000500000;9,199091960000033;48,789293116000067;0
156727;08201031311400288280;08;3;15;108;2020;10;13;7;3;0;6;0;1;1;0;0;0;0;407072,505300000310000;5301989,093399999700000;7,757488200000068;47,864515237000035;1
156728;08201104111500303410;08;1;11;000;2020;11;11;4;3;5;3;0;1;1;0;0;0;0;508322,878999999720000;5406743,028000000900000;9,113367484000037;48,813617245000046;0
156729;08201031311010286620;08;3;11;000;2020;10;15;7;3;3;6;0;1;1;0;0;0;0;409540,320000000300000;5317118,420700000600000;7,787298806000024;48,000960081000073;0
156730;08201103116500296330;08;1;16;049;2020;11;07;3;2;5;3;1;1;1;0;0;0;0;524809,626000000160000;5387645,162300000000000;9,336784604000059;48,641375400000072;1
156731;08201106226200309130;08;2;26;068;2020;11;13;6;3;0;1;0;1;0;0;0;0;0;468273,107800000350000;5460204,231200000300000;8,563659414000028;49,293761149000034;0
156733;08201102119200302300;08;1;19;020;2020;11;12;2;3;0;1;0;1;0;0;0;0;0;520386,501899999570000;5406662,388299999800000;9,277682911000056;48,812613115000033;0
156734;08201028436500258570;08;4;36;055;2020;10;18;4;1;6;2;2;0;0;1;0;0;1;572459,668300000020000;5295717,875700000700000;9,967837538000026;47,810733713000047;1
156737;08201113226500329830;08;2;26;085;2020;11;13;6;3;5;3;0;1;1;0;0;0;0;492209,709200000390000;5454393,448999999100000;8,892971564000050;49,242266240000049;0
156738;08201109119200333230;08;1;19;020;2020;11;15;2;3;0;7;0;1;0;1;0;0;0;520656,874599999750000;5406736,035599999100000;9,281369297000026;48,813266702000078;0
156739;08201114116010332630;08;1;16;071;2020;11;12;7;2;6;4;0;0;1;1;0;0;0;527766,546500000170000;5390986,812300000300000;9,377147389000072;48,671312397000065;0
156740;08201113226400315720;08;2;26;084;2020;11;11;6;3;5;4;0;0;1;1;0;0;0;469251,916199999860000;5470441,356000000600000;8,576330858000063;49,385892480000052;0
156741;08201114326400331740;08;3;26;074;2020;11;11;7;3;1;5;0;1;1;0;0;0;0;459172,833200000230000;5323419,967700000900000;8,452020214000072;48,062750621000077;0
156743;08201109119010324180;08;1;19;067;2020;11;14;2;2;6;4;0;0;0;1;0;0;1;540301,652999999930000;5408780,141000000800000;9,549143873000048;48,830690765000043;0
156744;08201113221011314680;08;2;26;018;2020;11;16;6;2;6;4;1;1;0;1;0;0;0;473075,759499999690000;5471980,227299999400000;8,628913009000030;49,399915401000044;0
156746;08201113221011313850;08;2;26;098;2020;11;07;6;2;5;3;1;1;1;0;0;0;0;477894,948499999940000;5460415,402000000700000;8,695974717000070;49,296084531000076;1
156747;08201113216100343340;08;2;16;043;2020;11;17;6;3;6;2;2;0;1;1;0;0;0;441221,146399999970000;5412478,551400000200000;8,198579718000076;48,862483812000050;0
156749;08201113216100328570;08;3;17;047;2020;11;12;6;3;0;7;0;1;0;0;0;0;0;419640,536999999550000;5364050,973999999500000;7,913782324000067;48,424479469000062;0
156752;08201113212201326820;08;2;12;000;2020;11;14;6;3;5;2;0;1;0;0;0;0;0;455364,828999999910000;5431639,671000000100000;8,389308635000020;49,036020702000030;0
156753;08201109118200318100;08;1;18;080;2020;11;15;2;3;5;3;0;1;1;0;0;0;0;508313,104000000280000;5408927,728000000100000;9,113278621000063;48,833270666000033;0
156754;08201113212102317270;08;2;15;101;2020;11;16;6;3;6;7;0;0;0;1;1;0;0;466559,152200000360000;5426130,261399999300000;8,542915549000043;48,987170695000032;0
156755;08201115337100339810;08;3;37;096;2020;11;15;1;3;6;4;0;0;1;1;0;0;0;420886,547600000170000;5267371,820699999100000;7,948441128000070;47,554944357000068;0
156756;08201113212102315500;08;2;12;000;2020;11;22;6;2;0;3;2;1;1;0;0;0;0;457866,311599999670000;5430394,473700000000000;8,423661050000021;49,024996044000034;1
156759;08201113136300344830;08;1;36;042;2020;11;17;6;3;5;3;2;1;1;0;0;0;0;546717,844999999740000;5404125,449999999300000;9,636034818000042;48,788370572000076;0
156766;08201109115400304200;08;1;15;045;2020;11;13;2;3;8;1;0;1;0;0;0;0;0;500491,950000000190000;5395338,676000000900000;9,006687315000022;48,711079368000071;0
156767;08201113121500359420;08;1;25;065;2020;11;16;6;3;5;3;0;1;1;0;0;0;0;516322,915400000290000;5449028,721999999100000;9,224036652000052;49,193841337000038;0
156770;08201115311010319120;08;3;15;084;2020;11;11;1;3;0;1;0;1;0;0;0;0;0;423635,265100000430000;5310166,582200000100000;7,977456767000035;47,940262016000077;0
156772;08201109115100332370;08;1;15;048;2020;11;09;2;3;5;3;0;1;1;0;0;0;0;510940,010200000370000;5386946,288100000500000;9,148490586000037;48,635484843000029;0
156773;08201113121200341160;08;1;21;000;2020;11;14;6;3;5;3;0;1;1;0;0;0;0;517031,744300000370000;5441973,702199999200000;9,233466932000056;49,130360122000070;0
156775;08201113119200313330;08;1;19;093;2020;11;05;6;3;6;4;2;0;1;1;0;0;0;525177,572499999780000;5404357,256999999300000;9,342799248000063;48,791701027000045;1
156776;08201109111500307610;08;1;11;000;2020;11;13;2;3;5;3;0;1;0;0;0;0;0;512967,243099999610000;5399295,666099999100000;9,176394064000021;48,746541811000043;0
156778;08201113119100328670;08;1;19;008;2020;11;08;6;3;3;2;0;1;1;0;0;0;0;532104,215300000270000;5420951,179099999400000;9,438406765000025;48,940653662000045;0
156779;08201114425000319950;08;4;25;091;2020;11;16;7;3;6;7;0;0;0;1;0;0;1;552430,655000000260000;5337031,144500000400000;9,705384868000067;48,184352768000053;0
156780;08201113117100316100;08;1;17;049;2020;11;18;6;3;5;3;2;1;1;0;0;0;0;554774,519799999890000;5391643,590500000900000;9,744053909000058;48,675435372000038;0
156781;08201109111500306570;08;1;11;000;2020;11;12;2;3;5;3;0;1;1;0;0;0;0;508684,690999999640000;5406380,755000000800000;9,118288115000041;48,810353324000062;0
156785;08201113111500329120;08;1;11;000;2020;11;10;6;3;5;3;0;1;1;0;0;0;0;508983,891999999990000;5396801,202999999700000;9,122154116000047;48,724171794000029;0
156786;08201109111230319640;08;1;11;000;2020;11;15;2;3;6;7;0;0;1;1;0;0;0;516028,283999999990000;5399810,989000000100000;9,218053330000032;48,751106369000070;0
156788;08201112436200324950;08;4;36;064;2020;11;07;5;3;5;3;0;1;1;0;0;0;0;546261,323099999690000;5292737,083599999500000;9,617617551000024;47,786332479000066;0
156789;08201114311010329790;08;3;11;000;2020;11;19;7;3;0;7;2;1;0;0;0;0;0;411641,320500000380000;5316017,149499999400000;7,815685234000057;47,991347712000049;0
156790;08201112435100337910;08;4;35;016;2020;11;11;5;3;0;2;0;1;1;0;0;0;0;535782,019399999640000;5277964,543299999100000;9,476504513000066;47,654086786000050;0
156791;08201108435200379670;08;4;35;047;2020;11;20;1;3;0;1;2;1;0;0;0;0;0;513164,212000000290000;5295298,743000000700000;9,175833051000041;47,810907952000036;0
156795;08201112415400339930;08;4;15;061;2020;11;16;5;3;5;3;1;1;1;0;0;0;0;515749,372600000350000;5371089,900800000900000;9,213168164000024;48,492734356000028;1
156796;08201108416200327170;08;4;16;041;2020;11;13;1;2;0;5;0;1;1;0;0;0;0;504455,599799999970000;5372028,203099999600000;9,060316871000055;48,501357285000040;0
156798;08201108415200317460;08;4;15;027;2020;11;14;1;3;6;6;0;0;1;1;0;0;0;525850,203999999910000;5359473,874199999500000;9,349164119000022;48,387898408000069;0
156800;08201112337010343270;08;3;37;060;2020;11;17;5;2;4;2;1;1;1;0;0;0;0;467435,075000000190000;5277644,591000000000000;8,566359620000071;47,651377949000050;0
156802;08201112337010313660;08;3;37;002;2020;11;16;5;3;0;7;0;1;0;0;0;0;0;433111,696000000460000;5270557,926000000900000;8,110427843000025;47,584983667000074;0
156804;08201112337010310960;08;3;37;096;2020;11;07;5;2;5;3;0;1;1;0;0;0;0;420433,516300000250000;5267144,842800000700000;7,942461677000040;47,552847022000037;0
156805;08201112335100323970;08;3;35;043;2020;11;09;5;3;0;1;0;1;0;0;0;0;0;511013,991999999620000;5280808,308299999700000;9,146745976000034;47,680569823000042;1
156808;08201115325100330900;08;3;25;057;2020;11;14;1;2;6;6;0;1;0;1;0;0;0;471271,322900000030000;5360293,360500000400000;8,611900564000052;48,395146247000071;0
156809;08201112326200341860;08;3;26;074;2020;11;13;5;2;0;1;0;1;1;0;0;0;0;463531,641999999990000;5322037,573000000800000;8,510639412000046;48,050577644000043;0
156810;08201108325102304870;08;3;25;070;2020;11;14;1;3;1;5;0;1;1;0;0;0;0;457387,757899999620000;5348351,993300000200000;8,425562213000035;48,286933871000031;0
156811;08201112317500336440;08;3;17;096;2020;11;21;5;3;2;4;2;0;1;1;0;0;0;422316,173499999570000;5368579,897099999700000;7,949102246000052;48,465552695000042;0
156812;08201112317300341390;08;3;17;065;2020;11;08;5;3;5;3;0;1;0;0;0;0;1;415767,189100000080000;5352308,403899999300000;7,863789369000074;48,318350987000031;0
156815;08201112226200313600;08;2;26;059;2020;11;16;5;3;6;4;1;0;1;1;0;0;0;465264,476999999960000;5460210,423699999200000;8,522282561000054;49,293653206000045;1
156819;08201112212502349950;08;2;12;000;2020;11;09;5;3;6;1;0;1;0;0;0;0;1;453487,326399999670000;5427920,201400000600000;8,364048971000045;49,002425167000069;0
156820;08201108231202314370;08;2;36;004;2020;11;12;1;2;5;3;0;1;0;0;1;0;0;469415,112200000320000;5412666,856300000100000;8,582960716000059;48,866208786000072;0
156822;08201112212402328290;08;2;12;000;2020;11;14;5;3;5;3;0;1;1;0;0;0;0;455882,749400000090000;5427620,500900000300000;8,396831331000044;48,999905189000060;1
156823;08201112212010337830;08;2;12;000;2020;11;20;5;3;5;3;2;1;1;0;0;0;0;456342,322700000370000;5427704,731399999900000;8,403105179000022;49,000695527000062;0
156825;08201113436000347110;08;4;35;016;2020;11;16;6;2;6;4;0;0;1;1;0;0;0;536738,981900000010000;5278684,175899999200000;9,489308276000031;47,660507974000041;0
156827;08201108211021314050;08;2;11;000;2020;11;15;1;3;6;7;0;0;1;1;0;0;0;445929,190999999640000;5401357,777000000700000;8,264231051000024;48,762878885000077;0
156829;08201112128300447320;08;1;28;039;2020;11;17;5;3;6;6;1;1;0;1;0;0;0;523143,383000000380000;5509895,895400000700000;9,321207778000030;49,741106529000035;0