OBJECTID;UIDENTSTLAE;ULAND;UREGBEZ;UKREIS;UGEMEINDE;UJAHR;UMONAT;USTUNDE;UWOCHENTAG;UKATEGORIE;UART;UTYP1;ULICHTVERH;IstRad;IstPKW;IstFuss;IstKrad;IstGkfz;IstSonstige;LINREFX;LINREFY;XGCSWGS84;YGCSWGS84;STRZUSTAND
156830;08201115111230379150;08;1;11;000;2020;11;13;1;3;0;7;0;1;0;0;0;0;0;512728,253399999810000;5399555,307199999700000;9,173151115000053;48,748882465000065;0
156831;08201112126200336640;08;1;26;011;2020;11;06;5;3;6;4;2;0;1;1;0;0;0;531972,026999999770000;5445761,749700000500000;9,438560435000056;49,163838341000030;0
156833;08201114216300344200;08;2;16;015;2020;11;12;7;2;5;3;0;1;1;0;0;0;0;449855,776700000280000;5405514,151900000900000;8,317150966000042;48,800595522000037;0
156835;08201112117300337970;08;1;17;026;2020;11;07;5;3;6;4;0;0;1;1;0;0;0;547654,152999999930000;5395416,712999999500000;9,647773460000053;48,709960665000040;0
156837;08201108135010302550;08;4;25;072;2020;11;13;1;2;5;2;0;1;1;0;0;0;0;584109,509200000200000;5372953,317399999100000;10,138686808000045;48,504063613000028;0
156838;08201113416010337020;08;4;15;061;2020;11;10;6;3;1;7;0;1;1;0;0;0;0;516882,976800000300000;5374732,512299999600000;9,228658788000075;48,525475000000029;0
156839;08201112116100349910;08;1;16;019;2020;11;06;5;3;1;3;1;1;1;0;0;0;0;522422,881000000050000;5397035,109200000800000;9,304895082000030;48,725937399000031;0
156841;08201114215402335150;08;2;15;009;2020;11;17;7;2;0;7;2;1;0;0;0;0;0;468172,868700000460000;5437239,274499999400000;8,564099536000072;49,087184853000053;0
156842;08201111426200311900;08;4;26;070;2020;11;16;4;3;0;7;2;1;0;0;0;0;0;567561,992600000460000;5340384,452999999700000;9,909467108000058;48,213088990000074;0
156843;08201111426010322250;08;4;21;000;2020;11;12;4;3;1;7;0;1;1;0;0;0;0;570840,326500000430000;5360433,085300000400000;9,956956748000039;48,393078100000025;0
156845;08201114215102333270;08;2;12;000;2020;11;15;7;3;6;4;0;0;1;1;0;0;0;455414,246799999850000;5432606,394099999200000;8,389878361000058;49,044719993000058;0
156847;08201108119010302490;08;1;19;068;2020;11;11;1;2;0;1;0;1;0;0;0;0;0;525657,371899999680000;5413616,691299999100000;9,349911307000070;48,874976601000071;0
156849;08201108111500304760;08;1;11;000;2020;11;12;1;3;0;7;0;1;1;0;0;0;0;512489,911600000230000;5406264,199999999300000;9,170112620000054;48,809239976000072;0
156851;08201111317100308370;08;3;17;089;2020;11;10;4;3;9;1;0;1;0;0;0;0;0;431781,435899999920000;5375191,436400000000000;8,076048585000024;48,526122938000071;1
156852;08201108111210304600;08;1;11;000;2020;11;15;1;3;2;7;0;1;0;0;0;0;0;511079,017400000240000;5397607,685300000000000;9,150663147000046;48,731393198000035;0
156853;08201111311400310440;08;3;15;074;2020;11;15;4;3;5;3;0;1;1;0;0;0;0;396170,312599999830000;5296460,038799999300000;7,613085750000039;47,813112706000027;0
156855;08201111311010337030;08;3;11;000;2020;11;19;4;3;1;5;2;1;1;0;0;0;0;414694,024799999780000;5319074,767899999400000;7,855985415000021;48,019266693000077;0
156856;08201111311010318670;08;3;11;000;2020;11;23;4;3;3;6;2;1;1;0;0;0;0;409194,746100000110000;5318112,315199999100000;7,782456715000024;48,009851311000034;1
156857;08201107426010327120;08;4;21;000;2020;11;11;7;3;5;2;0;1;1;0;0;0;0;572080,202399999830000;5355721,965900000200000;9,972895597000047;48,350559638000050;0
156860;08201107416200302280;08;4;16;025;2020;11;11;7;3;6;7;0;0;1;1;0;0;0;504115,647800000380000;5361612,584899999200000;9,055612407000069;48,407655825000063;0
156861;08201111231000333430;08;2;37;054;2020;11;16;4;3;3;6;1;1;1;0;0;0;0;467898,158300000240000;5375288,617100000400000;8,565182627000070;48,529883869000059;0
156862;08201115426100320440;08;4;26;019;2020;11;13;1;3;1;1;0;1;1;0;0;0;0;580879,450199999850000;5321176,059299999800000;10,085059768000065;48,038744677000068;0
156863;08201111226700337750;08;2;26;095;2020;11;07;4;3;5;3;0;1;1;0;0;0;0;473501,790000000040000;5461637,743000000700000;8,635472812000046;49,306904686000053;0
156866;08201114135010318640;08;1;35;019;2020;11;17;7;2;5;2;2;1;1;0;0;0;0;581337,249599999750000;5392406,184499999500000;10,104971937000073;48,679399239000077;0
156867;08201111222301311120;08;2;22;000;2020;11;06;4;3;4;3;2;1;1;0;0;0;0;465276,427500000220000;5484927,589600000500000;8,520285794000074;49,515976601000034;0
156868;08201111221200312590;08;2;21;000;2020;11;13;4;3;5;3;0;1;1;0;0;0;0;477105,666500000280000;5472788,135199999400000;8,684408213000040;49,407347326000036;0
156870;08201113337010327660;08;3;37;038;2020;11;17;6;2;0;1;2;1;0;0;0;0;0;427612,756500000130000;5278390,614099999900000;8,036011096000038;47,654860118000045;0
156872;08201115135200333680;08;1;35;019;2020;11;15;1;3;5;3;0;1;1;0;0;0;0;583507,380199999550000;5393883,858699999700000;10,134745946000066;48,692403430000070;0
156875;08201111136100337840;08;1;36;088;2020;11;15;4;3;0;3;0;1;1;0;0;0;0;580010,002399999650000;5410342,037399999800000;10,090431390000049;48,840892391000068;0
156876;08201115317100323100;08;3;17;056;2020;11;15;1;3;0;7;0;1;0;0;0;0;0;435876,036999999550000;5381403,911000000300000;8,130541895000022;48,582437590000040;0
156879;08201111127202320380;08;1;27;014;2020;11;07;4;3;5;2;0;1;1;0;0;0;0;575689,766999999990000;5443424,290599999900000;10,037724213000047;49,138981395000030;0
156881;08201111121400338980;08;1;25;058;2020;11;16;4;2;1;7;0;1;1;0;0;0;0;507566,851099999620000;5443671,891699999600000;9,103756764000025;49,145825443000035;0
156884;08201111119300345870;08;1;19;084;2020;11;16;4;3;5;2;0;1;0;0;0;0;1;546284,911000000310000;5413017,121899999700000;9,631144808000045;48,868386557000065;0
156885;08201114435100319450;08;4;35;057;2020;11;12;7;3;0;1;0;1;0;0;0;0;0;544232,636099999770000;5282033,499600000700000;9,589446843000076;47,690173561000051;0
156887;08201111116010308320;08;1;16;019;2020;11;08;4;3;5;3;0;1;1;0;0;0;0;521833,126199999820000;5400967,233200000600000;9,297084419000044;48,761331323000036;0
156889;08201111111500310410;08;1;11;000;2020;11;17;4;2;0;7;2;1;0;0;0;0;0;512330,799999999810000;5403549,786000000300000;9,167864036000026;48,784824568000033;0
156890;08201111111130338970;08;1;11;000;2020;11;19;4;3;3;7;2;1;1;0;0;0;0;512578,684899999760000;5401725,555500000700000;9,171182768000051;48,768408960000045;0
156892;08201110421200307990;08;4;25;008;2020;11;15;3;2;0;1;0;1;0;0;0;0;0;561270,980299999940000;5379464,307800000500000;9,830492973000048;48,565275773000053;1
156893;08201110421200306840;08;4;21;000;2020;11;07;3;3;5;3;0;1;1;0;0;0;0;572651,859799999740000;5360713,866499999500000;9,981472998000072;48,395397673000048;1
156895;08201113326100314730;08;3;26;012;2020;11;08;6;3;5;3;1;1;1;0;0;0;0;462589,822999999860000;5311446,213999999700000;8,498925553000049;47,955234386000029;0
156896;08201110415100334920;08;4;15;078;2020;11;07;3;3;4;6;1;1;1;0;0;0;0;528910,321299999950000;5371576,903599999800000;9,391332318000025;48,496647816000063;0
156897;08201114317600334650;08;3;17;146;2020;11;13;7;3;3;2;0;1;1;0;0;0;0;430619,797799999830000;5355374,517899999400000;8,063599503000035;48,347736612000062;0
156902;08201110317100309550;08;3;17;056;2020;11;13;3;3;0;7;0;1;0;0;0;0;0;435028,332000000400000;5382703,569700000800000;8,118846011000073;48,594040922000033;0
156905;08201110311010326520;08;3;11;000;2020;11;15;3;3;1;5;0;1;1;0;0;0;0;413193,596499999990000;5316983,227099999800000;7,836291251000034;48,000250510000058;0
156906;08201114117100318140;08;1;17;019;2020;11;17;7;3;5;2;2;1;1;0;0;0;0;552762,767599999900000;5394308,354000000300000;9,717068925000035;48,699579242000027;0
156907;08201110311010322670;08;3;15;064;2020;11;17;3;3;5;3;2;1;0;0;1;0;0;422118,847000000070000;5313211,461999999400000;7,956603655000038;47,967470479000042;0
156911;08201110231000331120;08;2;37;019;2020;11;12;3;2;6;4;0;0;1;1;0;0;0;463601,034500000070000;5368421,509600000500000;8,507579169000053;48,467872351000040;0
156912;08201110231000309330;08;2;31;000;2020;11;15;3;3;5;3;0;1;1;0;0;0;0;479928,172299999740000;5414231,381500000100000;8,726232279000044;48,880712163000055;0
156916;08201110222700330860;08;2;22;000;2020;11;09;3;3;5;3;0;1;1;0;0;0;0;462068,713899999860000;5481918,066199999300000;8,476261357000055;49,488715361000061;0
156917;08201107212010436380;08;2;12;000;2020;11;15;7;3;5;3;0;1;1;0;0;0;0;457847,631000000050000;5428672,415999999300000;8,423584428000027;49,009504628000059;0
156918;08201110222600309430;08;2;22;000;2020;11;16;3;3;0;7;1;1;0;0;0;0;0;463512,073800000360000;5484148,186300000200000;8,495983846000058;49,508862657000066;0
156920;08201110222200310060;08;2;22;000;2020;11;11;3;3;5;3;0;1;1;0;0;0;0;461364,278199999590000;5482009,686499999800000;8,466526301000044;49,489494992000061;0
156922;08201110221300306970;08;2;21;000;2020;11;11;3;3;0;1;0;1;0;0;0;0;0;476538,132399999540000;5473658,439799999800000;8,676533616000029;49,415153950000047;0
156923;08201110216300306330;08;2;16;024;2020;11;11;3;3;5;2;0;1;0;0;0;0;0;446758,921400000340000;5408563,140200000300000;8,274586740000075;48,827764212000034;0
156925;08201110215502320170;08;2;15;099;2020;11;16;3;3;1;5;0;1;1;0;0;0;0;463258,417100000200000;5445782,868000000700000;8,496016101000066;49,163761310000041;0
156927;08201110215302309910;08;2;15;059;2020;11;15;3;3;0;7;0;1;0;0;0;0;0;485501,251799999740000;5434910,618300000200000;8,801508031000026;49,066889790000062;0
156928;08201107127100328440;08;1;27;076;2020;11;14;7;3;5;2;0;1;1;0;0;0;0;554307,665300000460000;5442401,691999999800000;9,744463958000040;49,132045992000030;0
156929;08201110215102306040;08;2;12;000;2020;11;15;3;3;0;7;0;1;0;0;0;0;0;455223,685600000430000;5431409,879899999100000;8,387403031000076;49,033943485000066;0
156930;08201114117010380450;08;1;17;026;2020;11;14;7;2;6;4;0;0;0;1;1;0;0;549535,896999999880000;5395411,800000000700000;9,673350025000048;48,709769830000027;0
156931;08201110212402379510;08;2;12;000;2020;11;12;3;3;2;5;0;1;1;0;0;0;0;456880,619599999860000;5427840,520199999200000;8,410450033000075;49,001954804000036;0
156933;08201107121300460890;08;1;21;000;2020;11;17;7;2;6;6;1;0;0;1;1;0;0;512530,370199999770000;5442847,002599999300000;9,171790698000052;49,138324060000059;0
156934;08201113311100317190;08;3;15;015;2020;11;13;6;2;4;2;0;1;0;0;0;0;0;394332,375000000000000;5320985,391000000800000;7,582528016000026;48,033408339000061;0
156937;08201113311010330000;08;3;11;000;2020;11;15;6;3;5;3;0;1;1;0;0;0;0;414306,821999999690000;5319396,371999999500000;7,850729520000073;48,022107811000069;0
156938;08201110136010308420;08;1;36;042;2020;11;06;3;2;6;1;2;0;1;1;0;0;0;553075,097000000070000;5404309,404999999300000;9,722601906000023;48,789515222000034;1
156941;08201110116500333780;08;1;16;049;2020;11;17;3;2;4;2;1;1;1;0;0;0;0;523867,729000000280000;5387325,661000000300000;9,323980393000056;48,638537829000029;0
156943;08201110115100306670;08;1;15;044;2020;11;11;3;3;1;5;0;1;1;0;0;0;0;504848,695899999700000;5389384,006200000600000;9,065840793000064;48,657491871000047;1
156945;08201107119400302140;08;1;19;091;2020;11;13;7;3;4;6;0;1;0;0;0;0;0;528314,104000000280000;5406696,950999999400000;9,385664331000044;48,812613353000074;0
156946;08201113311010328920;08;3;11;000;2020;11;08;6;3;5;3;0;1;0;0;0;0;0;413778,595900000070000;5316076,758600000300000;7,844314102000055;47,992175670000051;0
156948;08201114311010316790;08;3;36;050;2020;11;10;7;3;5;3;0;1;1;0;0;0;0;399259,551900000310000;5274474,101500000800000;7,659421588000043;47,615836732000048;0
156951;08201107119300315070;08;1;19;067;2020;11;14;7;3;5;3;0;1;0;0;0;0;1;539250,313500000160000;5406177,220200000300000;9,534570102000032;48,807343514000081;0
156953;08201107119200302110;08;1;19;020;2020;11;13;7;3;5;3;0;1;1;0;0;0;0;519357,728299999610000;5407002,156099999300000;9,263686256000028;48,815702506000036;0
156957;08201109416010305860;08;4;16;036;2020;11;13;2;3;6;4;0;0;1;1;0;0;0;495471,469499999660000;5369487,238700000600000;8,938723392000043;48,478497201000039;0
156958;08201107116400302210;08;1;16;016;2020;11;15;7;3;5;3;0;1;1;0;0;0;0;533499,833200000230000;5384963,875700000700000;9,454531984000028;48,616849450000075;0
156959;08201109415400327840;08;4;15;061;2020;11;07;2;3;0;7;0;1;0;0;0;0;0;516047,024500000290000;5370523,872099999300000;9,217175115000032;48,487634631000049;1
156961;08201109415100305160;08;4;15;078;2020;11;10;2;3;6;4;0;0;1;1;0;0;0;529502,511099999770000;5370932,487199999400000;9,399302518000070;48,490822992000062;0
156963;08201107116200315330;08;1;16;078;2020;11;15;7;3;4;2;0;1;1;0;0;0;0;512152,411600000230000;5390683,518400000400000;9,165056347000075;48,669083042000068;0
156968;08201109316100305520;08;3;16;011;2020;11;13;2;3;6;4;0;0;0;1;1;0;0;413618,481200000270000;5330508,649900000500000;7,839253737000036;48,121972580000033;0
156971;08201109311100327960;08;3;15;013;2020;11;12;2;3;6;3;0;1;0;1;0;0;0;404620,253499999640000;5325090,851199999500000;7,719581241000071;48,071956010000065;0
156973;08201109311010341300;08;3;11;000;2020;11;07;2;3;6;4;0;0;1;1;0;0;0;413931,065000000410000;5315762,655999999500000;7,846420303000059;47,989370740000027;0
156975;08201109311010319540;08;3;11;000;2020;11;18;2;3;1;7;2;1;1;0;0;0;0;415209,238800000400000;5317591,258899999800000;7,863186777000067;48,005990537000059;0
156976;08201106437200300090;08;4;37;078;2020;11;12;6;3;6;4;0;0;1;1;0;0;0;508562,071600000370000;5315640,518899999600000;9,114766713000051;47,994007173000057;0
156978;08201115212010343470;08;2;12;000;2020;11;09;1;3;0;7;0;1;0;0;0;0;0;454626,389100000260000;5428214,032900000000000;8,379589164000038;49,005152990000056;0
156982;08201109231000304280;08;2;31;000;2020;11;15;2;3;6;4;0;0;1;1;0;0;0;478233,529900000430000;5415273,232499999900000;8,703063199000042;48,890027126000064;0
156983;08201109225200304570;08;2;25;109;2020;11;07;2;3;6;4;0;0;1;1;0;0;0;525896,822999999860000;5492129,359699999900000;9,358246935000068;49,581194844000038;0
156988;08201114435200369310;08;4;35;034;2020;11;15;7;3;0;1;0;1;0;0;0;0;0;529041,890800000170000;5285055,221799999500000;9,387221345000057;47,718222657000069;1
156989;08201109216100315830;08;2;16;043;2020;11;19;2;3;0;1;2;1;0;0;0;0;0;442219,086000000130000;5412229,363600000700000;8,212219949000030;48,860336137000047;0
156990;08201114116500378580;08;1;16;035;2020;11;07;7;3;0;7;1;1;0;0;0;0;0;526215,605800000020000;5392024,962600000200000;9,356147537000027;48,680718586000069;1
156992;08201114116033380890;08;1;16;033;2020;11;15;7;2;0;1;0;1;0;0;0;0;0;531062,366000000390000;5389826,479000000300000;9,421825515000023;48,660718904000078;0
156993;08201109212102304390;08;2;12;000;2020;11;08;2;3;0;1;0;1;0;0;0;0;0;458153,787999999710000;5429065,304500000600000;8,427730269000051;49,013059557000076;0
156994;08201109136300319520;08;1;36;065;2020;11;13;2;3;6;7;0;0;0;1;0;0;1;556666,556400000120000;5404116,775200000000000;9,771467526000038;48,787465594000025;0
156997;08201114221011318890;08;2;22;000;2020;11;13;7;1;5;3;0;1;0;0;0;0;1;465548,587600000200000;5482605,232200000400000;8,524248203000070;49,495103651000079;0
157000;08201117116500354930;08;1;16;049;2020;11;13;3;3;6;6;0;0;1;1;0;0;0;524645,147900000210000;5384614,391400000100000;9,334371717000067;48,614116949000049;0
157004;08201116417010333250;08;4;17;002;2020;11;17;2;3;5;3;2;1;1;0;0;0;0;488867,593899999750000;5345942,224400000600000;8,849988528000040;48,266590563000079;0
157005;08201125115100371620;08;1;15;003;2020;11;14;4;3;5;3;0;1;1;0;0;0;0;500181,938900000420000;5392533,848099999100000;9,002471948000050;48,685847053000032;0
157009;08201119221400381710;08;2;21;000;2020;11;17;5;3;0;7;2;1;0;0;0;0;1;476821,718200000000000;5470469,787100000300000;8,680629377000059;49,386483371000054;0
157010;08201121231000344120;08;2;31;000;2020;11;09;7;3;6;4;0;0;1;1;0;0;0;478106,530600000170000;5415987,403400000200000;8,701292436000074;48,896447092000074;0
157012;08201119221011365910;08;2;21;000;2020;11;15;5;2;3;5;0;1;1;0;0;0;0;474741,583100000400000;5474207,208699999400000;8,651730310000062;49,420018077000066;1
157013;08201124311010358280;08;3;11;000;2020;11;08;3;3;5;3;1;1;1;0;0;0;0;413613,458700000310000;5318812,233799999600000;7,841550207000068;48,016759911000065;0
157016;08201117416200328320;08;4;16;041;2020;11;12;3;2;5;3;0;1;0;0;0;0;0;503449,805200000290000;5375027,142999999200000;9,046725917000060;48,528343201000041;0
157017;08201119216200334620;08;2;16;007;2020;11;13;5;3;5;3;0;1;1;0;0;0;0;436298,598100000060000;5393354,892400000200000;8,134433518000037;48,689981713000066;1
157018;08201121121600353500;08;1;25;094;2020;11;17;7;3;2;2;2;1;0;0;1;0;0;513408,659699999730000;5436478,356300000100000;9,183620402000031;49,081017006000081;0
157019;08201116416010349760;08;4;15;061;2020;11;12;2;2;0;1;0;1;0;1;0;0;0;516267,669599999670000;5370544,688600000000000;9,220162040000048;48,487816231000068;0
157020;08201119215402435270;08;2;15;009;2020;11;12;5;2;6;3;0;0;1;1;0;0;0;470103,240000000220000;5441626,643300000600000;8,590212062000035;49,126747002000059;0
157021;08201124222500368520;08;2;22;000;2020;11;21;3;3;5;3;2;1;1;0;0;0;0;462666,320899999700000;5479611,682000000000000;8,484730200000058;49,468007643000078;0
157025;08201119337010362670;08;3;37;053;2020;11;16;5;3;5;3;0;1;1;0;0;0;0;457186,810999999750000;5268794,076999999600000;8,430762817000073;47,571149803000026;1
157028;08201119215402358370;08;2;15;009;2020;11;12;5;3;5;3;0;1;1;0;0;0;0;470276,954499999990000;5441546,811499999800000;8,592598946000067;49,126037326000073;1
157030;08201117311200350290;08;3;11;000;2020;11;07;3;3;0;7;0;1;0;0;0;0;0;413860,393099999990000;5316085,448300000300000;7,845408513000052;47,992264861000081;0
157031;08201119212502331340;08;2;12;000;2020;11;07;5;3;0;7;1;1;0;0;0;0;0;454584,046799999660000;5429121,211600000000000;8,378908745000047;49,013310015000059;1
157032;08201120425000337170;08;4;25;033;2020;11;13;6;2;5;3;0;1;1;0;0;0;0;553530,437800000420000;5348351,900299999900000;9,721610506000047;48,286103729000047;0
157033;08201116336100325540;08;3;36;050;2020;11;12;2;3;2;6;0;1;1;0;0;0;0;399412,603799999690000;5273356,864700000700000;7,661714173000064;47,605810585000029;0
157035;08201124118400358020;08;1;18;048;2020;11;14;3;3;5;2;0;1;1;0;0;0;0;513421,656999999660000;5415674,014699999200000;9,183111354000062;48,893869393000045;0
157037;08201117118600328780;08;1;18;073;2020;11;13;3;2;0;1;0;1;0;0;0;0;0;497258,195799999870000;5420079,524299999700000;8,962563934000059;48,933639563000042;0
157040;08201120311010346650;08;3;11;000;2020;11;08;6;3;5;3;0;1;0;0;0;0;1;414330,143000000160000;5319393,702999999700000;7,851042757000073;48,022086930000057;0
157042;08201125121400348600;08;1;25;056;2020;11;17;4;3;6;1;1;0;1;1;0;0;0;510510,538499999790000;5435112,047499999400000;9,143897695000021;49,068782724000073;0
157043;08201119212010333950;08;2;12;000;2020;11;07;5;2;6;4;1;0;1;1;0;0;0;457889,992100000380000;5428345,094699999300000;8,424197619000040;49,006563217000064;1
157044;08201123416200367100;08;4;16;041;2020;11;11;2;3;5;2;0;1;1;0;0;0;0;503826,144999999550000;5373245,564999999500000;9,051806906000024;48,512313293000034;0
157045;08201118111500357000;08;1;11;000;2020;11;14;4;3;2;6;0;1;1;0;0;0;0;515309,606499999760000;5406748,555600000500000;9,208534698000051;48,813534097000058;0
157050;08201117116500328530;08;1;16;020;2020;11;16;3;3;5;3;0;1;0;0;0;0;1;526692,814100000080000;5382466,358100000800000;9,362014629000043;48,594709111000043;0
157052;08201119317600358310;08;3;17;040;2020;11;17;5;3;5;2;2;1;1;0;0;0;0;432751,663399999960000;5347608,157199999300000;8,093607015000032;48,278104406000068;1
157054;08201116317100349570;08;3;17;068;2020;11;17;2;3;6;7;2;0;1;1;0;0;0;436846,699199999680000;5388085,692299999300000;8,142684556000063;48,642640280000080;0
157055;08201125111500347960;08;1;11;000;2020;11;23;4;2;6;4;2;0;1;1;0;0;0;515231,536899999720000;5404010,308900000500000;9,207369734000054;48,788903107000067;0
157056;08201119135200359270;08;1;35;019;2020;11;16;5;3;6;7;1;0;0;1;0;0;1;584830,853400000370000;5392658,980100000300000;10,152474840000025;48,681208003000052;1
157059;08201119128200367780;08;1;28;115;2020;11;09;5;3;6;4;0;0;1;1;0;0;0;547587,352199999620000;5496756,600600000500000;9,658849991000068;49,621495010000046;1
157060;08201121215402363040;08;2;15;009;2020;11;18;7;3;5;3;2;1;1;0;0;0;0;470104,576999999580000;5441638,615000000200000;8,590229500000021;49,126854755000068;0
157062;08201119121400357910;08;1;25;086;2020;11;13;5;3;3;6;0;1;0;0;0;0;1;504848,491000000390000;5442807,061000000700000;9,066472202000057;49,138073432000056;0
157063;08201119119300359400;08;1;19;067;2020;11;13;5;3;0;1;0;1;0;0;0;0;0;538959,027900000100000;5405955,828099999600000;9,530582102000039;48,805370303000075;0
157065;08201117111500328650;08;1;11;000;2020;11;13;3;2;6;4;0;1;0;1;0;0;0;512710,623399999920000;5401973,944299999600000;9,172985981000068;48,770640769000067;0
157066;08201119118400334630;08;1;18;048;2020;11;06;5;3;0;7;2;1;0;0;0;0;0;511133,009999999780000;5415362,235999999600000;9,151879027000064;48,891110060000074;1
157069;08201124316200370400;08;3;16;056;2020;11;17;3;3;5;2;2;1;1;0;0;0;0;422429,610999999570000;5327124,321300000000000;7,958246760000066;48,092663496000057;0
157071;08201117327100326780;08;3;27;050;2020;11;15;3;3;1;7;0;1;0;0;0;0;0;486771,365699999970000;5315097,125900000300000;8,822699299000021;47,989038657000037;0
157073;08201121119400353700;08;1;19;079;2020;11;13;7;3;6;4;0;0;1;1;0;0;0;523032,303000000310000;5408898,764000000400000;9,313846212000044;48,832638571000075;0
157075;08201119116010351530;08;1;16;035;2020;11;10;5;1;1;7;0;1;0;0;0;1;0;526464,616299999880000;5391825,196000000500000;9,359517567000069;48,678910990000077;1
157076;08201124215102357290;08;2;12;000;2020;11;07;3;3;0;7;0;1;0;0;0;0;0;458796,846800000410000;5431972,571100000300000;8,436228638000046;49,039254104000065;0
157079;08201117222401329990;08;2;26;038;2020;11;08;3;3;6;2;0;0;1;1;0;0;0;471911,573800000360000;5480072,286499999500000;8,612294517000066;49,472648662000040;0
157080;08201119116010334860;08;1;16;078;2020;11;16;5;3;6;4;0;0;1;1;0;0;0;512320,826000000350000;5393798,663000000600000;9,167436639000073;48,697103816000038;0
157081;08201120415400362420;08;4;15;061;2020;11;15;6;3;0;7;0;1;0;0;0;0;0;515747,245000000110000;5371577,573599999800000;9,213157757000033;48,497121683000046;0
157082;08201116231000324970;08;2;31;000;2020;11;16;2;3;6;7;0;0;1;1;0;0;0;477800,389600000340000;5415523,182000000000000;8,697140832000059;48,892260221000072;0
157083;08201119116010334770;08;1;16;035;2020;11;18;5;3;6;4;2;0;1;1;0;0;0;526484,600200000220000;5391268,320499999400000;9,359753368000042;48,673900520000075;1
157084;08201124118000350150;08;1;18;070;2020;11;16;3;2;5;3;0;1;0;0;0;0;1;520610,268899999560000;5425316,345499999800000;9,281672009000033;48,980410582000047;0
157085;08201122226600357260;08;2;26;082;2020;11;14;1;3;4;3;0;1;1;0;0;0;0;476234,255199999550000;5480332,834400000100000;8,671943858000077;49,475176815000054;0
157086;08201117118000328380;08;1;18;048;2020;11;13;3;2;5;2;0;1;1;0;0;0;0;512251,423600000330000;5416737,080499999200000;9,167177850000030;48,903456699000060;0
157087;08201119111500333010;08;1;11;000;2020;11;18;5;3;6;4;2;0;1;1;0;0;0;513126,826799999920000;5401474,564200000800000;9,178634362000025;48,766139737000060;1
157088;08201119317500344150;08;3;17;151;2020;11;10;5;3;1;5;0;1;0;0;0;0;1;412482,776399999860000;5368429,417400000600000;7,816136581000023;48,462907823000080;1
157090;08201117121400343070;08;1;25;056;2020;11;16;3;3;6;4;1;0;1;1;0;0;0;510307,783300000240000;5435694,255599999800000;9,141136658000050;49,074023392000072;0
157092;08201119317300331650;08;3;17;065;2020;11;09;5;3;0;7;0;1;0;0;0;0;0;415241,034799999560000;5354811,074699999800000;7,856190201000061;48,340791875000036;1
157093;08201120317200364800;08;3;17;057;2020;11;07;6;3;5;3;0;1;1;0;0;0;0;413869,122499999590000;5379444,258500000500000;7,832611914000040;48,562172337000050;0
157095;08201125135100366330;08;1;35;031;2020;11;16;4;3;6;4;2;0;0;1;0;0;1;595542,593500000420000;5377777,584100000600000;10,294536419000053;48,545818417000078;0
157096;08201120221400349660;08;2;26;018;2020;11;07;6;3;4;6;0;1;0;0;0;0;0;473285,377100000160000;5471527,532800000200000;8,631832469000074;49,395852737000041;0
157097;08201124111140460870;08;1;11;000;2020;11;11;3;3;5;3;0;1;1;0;0;0;0;512266,412800000050000;5401210,252000000300000;9,166917726000065;48,763779552000074;0
157099;08201121435200363420;08;4;35;066;2020;11;15;7;3;0;7;0;1;0;0;0;0;0;517289,664699999620000;5285339,450699999900000;9,230539598000064;47,721201766000036;0
157100;08201117116010327760;08;1;16;019;2020;11;15;3;1;6;7;0;0;0;1;0;1;0;522868,845800000240000;5399004,946599999400000;9,311068301000034;48,743641654000044;0
157103;08201120222500380270;08;2;22;000;2020;11;17;6;3;6;4;2;0;1;1;0;0;0;463108,021099999550000;5477979,922499999400000;8,490978228000074;49,453357712000070;1
157105;08201120221400345800;08;2;26;018;2020;11;18;6;3;5;3;2;1;1;0;0;0;0;473467,281000000420000;5472080,653000000900000;8,634302383000033;49,400835903000029;0
157106;08201124435200359820;08;4;35;034;2020;11;15;3;3;5;3;0;1;1;0;0;0;0;529769,843999999580000;5284668,266599999700000;9,396900613000071;47,714707899000075;0
157108;08201116222700348990;08;2;22;000;2020;11;11;2;3;0;7;0;1;0;0;0;0;0;462743,820600000210000;5481243,997500000500000;8,485646056000064;49,482694280000032;1
157109;08201120135200334460;08;1;35;019;2020;11;12;6;3;4;7;0;1;0;0;0;0;0;585184,462000000290000;5392122,814999999500000;10,157167315000038;48,676337429000057;0
157110;08201125115200360580;08;1;15;053;2020;11;12;4;3;6;7;0;0;1;1;0;0;0;482537,942900000140000;5380125,636800000400000;8,763272162000021;48,573977031000027;0
157113;08201118111500329280;08;1;11;000;2020;11;07;4;3;2;6;0;1;1;0;0;0;0;518814,227800000460000;5402714,056700000500000;9,256086479000032;48,777144122000038;0
157115;08201121316200349830;08;3;16;009;2020;11;19;7;3;4;2;2;1;1;0;0;0;0;416729,861200000160000;5324519,439899999600000;7,882222752000075;48,068512335000037;0
157116;08201117111500325900;08;1;11;000;2020;11;08;3;3;5;2;0;1;1;0;0;0;0;513629,814000000250000;5408630,948699999600000;9,185716652000053;48,830506940000078;0
157117;08201118426010327100;08;4;21;000;2020;11;08;4;3;2;6;0;1;1;0;0;0;0;572070,021999999880000;5361910,382999999400000;9,973819419000051;48,406227422000029;0
157118;08201120118500340900;08;1;18;021;2020;11;12;6;3;6;2;0;0;1;1;0;0;0;521208,195600000210000;5427536,885600000600000;9,289959408000073;49,000365247000047;0