OBJECTID;UIDENTSTLAE;ULAND;UREGBEZ;UKREIS;UGEMEINDE;UJAHR;UMONAT;USTUNDE;UWOCHENTAG;UKATEGORIE;UART;UTYP1;ULICHTVERH;IstRad;IstPKW;IstFuss;IstKrad;IstGkfz;IstSonstige;LINREFX;LINREFY;XGCSWGS84;YGCSWGS84;STRZUSTAND
157123;08201123311010343390;08;3;11;000;2020;11;17;2;3;1;7;2;1;1;0;0;0;0;413612,437400000170000;5316907,295199999600000;7,841920243000061;47,999624214000050;0
157124;08201117426200339750;08;4;26;070;2020;11;08;3;3;5;3;0;1;1;0;0;0;0;565474,736800000070000;5342349,329099999700000;9,881677107000030;48,230983381000044;0
157125;08201118415300329130;08;4;15;059;2020;11;07;4;3;6;4;1;0;0;1;0;0;1;516672,639899999830000;5368245,139900000800000;9,225551025000073;48,467118034000066;0
157126;08201121128200353690;08;1;28;115;2020;11;13;7;3;6;4;0;0;1;1;0;0;0;547649,309299999850000;5496909,568800000500000;9,659726308000074;49,622865928000067;0
157132;08201117212010348660;08;2;12;000;2020;11;15;3;3;5;3;0;1;1;0;0;0;0;455695,834800000300000;5428529,601900000100000;8,394176805000029;49,008069263000039;0
157134;08201119311300331660;08;3;11;000;2020;11;09;5;3;0;7;0;1;0;0;0;0;0;413275,738699999640000;5315429,038100000500000;7,837706237000020;47,986281195000061;1
157136;08201116221300346500;08;2;21;000;2020;11;08;2;3;4;6;0;1;1;0;0;0;0;477099,934600000270000;5474713,599300000800000;8,684218106000060;49,424666329000047;0
157137;08201118337010360450;08;3;37;116;2020;11;16;4;3;5;3;1;1;1;0;0;0;0;418024,372800000010000;5270759,671900000400000;7,909772295000039;47,585067189000029;0
157138;08201125215102361130;08;2;12;000;2020;11;18;4;3;1;5;2;1;0;0;0;1;0;453891,705699999820000;5434914,986500000600000;8,368781984000066;49,065373722000061;0
157140;08201116221011330800;08;2;26;041;2020;11;18;2;2;2;2;2;1;1;0;0;0;0;475888,386099999770000;5465549,601399999100000;8,668067381000071;49,342190579000032;0
157141;08201118337010338630;08;3;37;126;2020;11;13;4;2;6;4;0;0;1;1;0;0;0;441971,462399999610000;5274185,638199999900000;8,227765074000047;47,618475420000038;0
157142;08201124125102355210;08;1;25;056;2020;11;17;3;2;6;4;2;0;0;1;1;0;0;511218,453200000340000;5435530,557600000900000;9,153601185000071;49,072534931000064;0
157143;08201123115100355460;08;1;15;024;2020;11;15;2;3;2;6;0;1;1;0;0;0;0;500864,438000000080000;5387297,803999999500000;9,011733915000036;48,638742264000030;1
157145;08201118325000369090;08;3;25;057;2020;11;15;4;2;6;6;0;0;1;1;0;0;0;473076,453700000420000;5355505,890100000400000;8,636592409000059;48,352155830000072;0
157147;08201120311010358110;08;3;11;000;2020;11;08;6;3;5;3;0;1;0;0;0;0;1;413717,570600000210000;5316384,980599999400000;7,843434347000027;47,994940007000025;1
157148;08201116215302377810;08;2;15;007;2020;11;15;2;2;5;3;0;1;1;0;0;0;0;477926,211099999960000;5431674,721500000000000;8,697981206000065;49,037556645000052;0
157149;08201120117100376990;08;1;17;019;2020;11;14;6;3;6;4;0;0;1;1;0;0;0;552334,932699999770000;5394364,988299999400000;9,711262111000053;48,700124730000027;0
157150;08201125127202350360;08;1;27;102;2020;11;17;4;3;6;7;2;0;1;1;0;0;0;588916,864000000060000;5434965,428999999500000;10,217168986000047;49,061135197000056;1
157151;08201120116400359540;08;1;16;072;2020;11;07;6;2;0;7;2;1;0;0;0;0;0;530126,332700000140000;5392358,326400000600000;9,409299010000041;48,683540998000069;1
157152;08201123435100378390;08;4;35;016;2020;11;14;2;3;0;6;0;1;1;0;0;0;0;536841,155199999920000;5278175,500600000800000;9,490626141000064;47,655925410000066;0
157154;08201121426100350100;08;4;26;021;2020;11;18;7;3;8;1;2;1;0;0;0;0;0;557499,662399999800000;5328110,113500000900000;9,772370450000040;48,103659248000042;1
157156;08201124115100344850;08;1;15;003;2020;11;06;3;3;5;3;2;1;1;0;0;0;0;499490,864000000060000;5392331,989099999900000;8,993082774000072;48,684030926000048;0
157157;08201118118300356810;08;1;18;046;2020;11;13;4;3;4;7;0;1;1;0;0;0;0;513498,673399999740000;5411332,226199999500000;9,184018774000037;48,854810002000079;0
157160;08201118317010338650;08;3;17;065;2020;11;15;4;3;6;4;0;0;1;1;0;0;0;414150,754800000230000;5353831,849400000600000;7,841679702000022;48,331836695000050;0
157162;08201120231000361580;08;2;31;000;2020;11;08;6;3;6;4;0;0;1;1;0;0;0;478378,305100000460000;5414858,443000000000000;8,705060132000028;48,886300884000036;1
157163;08201116212010342520;08;2;12;000;2020;11;09;2;2;4;6;0;1;0;0;0;0;0;455795,144600000230000;5426979,962799999900000;8,395703376000029;48,994137205000072;0
157164;08201125111500361890;08;1;11;000;2020;11;05;4;3;6;2;2;0;1;1;0;0;0;511628,997700000180000;5402926,568099999800000;9,158292533000065;48,779231665000054;0
157166;08201123335300357080;08;3;35;075;2020;11;13;2;3;6;3;0;0;1;1;0;0;0;487690,863599999810000;5290072,727099999800000;8,835736279000059;47,763903878000065;0
157167;08201117437100326480;08;4;37;100;2020;11;12;3;3;5;3;0;1;1;0;0;0;0;537766,632600000130000;5318675,485500000400000;9,506484612000065;48,020254166000029;0
157168;08201118311500355260;08;3;15;113;2020;11;12;4;3;0;3;0;1;1;0;0;0;0;440571,530000000260000;5307781,214999999900000;8,204540984000062;47,920597395000073;0
157170;08201116425000333600;08;4;25;081;2020;11;13;2;3;6;4;0;0;1;1;0;0;0;547892,865500000310000;5342571,213700000200000;9,644964678000065;48,234551206000049;0
157171;08201118311300328000;08;3;15;131;2020;11;14;4;3;1;7;0;1;1;0;0;0;0;406052,972599999980000;5308682,093800000800000;7,742402471000048;47,924571705000062;0
157172;08201120115200362270;08;1;15;021;2020;11;18;6;2;6;4;2;0;1;1;0;0;0;488712,602599999870000;5384209,755400000100000;8,846868777000054;48,610860339000055;0
157173;08201118311100329040;08;3;15;015;2020;11;08;4;3;5;3;0;1;1;0;0;0;0;394644,444600000050000;5320430,178799999900000;7,586849496000070;48,028466106000053;0
157175;08201116212010321210;08;2;15;017;2020;11;07;2;2;6;4;0;0;1;1;0;0;0;456554,689000000250000;5421631,781500000500000;8,406657179000035;48,946083265000027;0
157176;08201124317200356640;08;3;17;057;2020;11;17;3;3;5;3;2;1;1;0;0;0;0;412965,111800000070000;5379459,313999999300000;7,820358809000027;48,562182886000073;0
157179;08201118311010373350;08;3;11;000;2020;11;10;4;3;5;3;0;1;1;0;0;0;0;412836,090099999680000;5315341,902899999200000;7,831832943000052;47,985437618000049;0
157181;08201116211000333830;08;2;11;000;2020;11;08;2;3;2;6;0;1;1;0;0;0;0;441900,265999999830000;5403499,282999999800000;8,209110172000067;48,781778954000060;0
157182;08201118311010366690;08;3;11;000;2020;11;08;4;3;5;7;0;1;1;0;0;0;0;415338,951999999580000;5315496,217900000500000;7,865338853000026;47,987161947000061;0
157183;08201124222500344280;08;2;22;000;2020;11;17;3;2;0;7;2;1;0;0;0;0;0;463414,306800000370000;5477911,418700000300000;8,495210398000040;49,452760072000046;0
157184;08201123119100345090;08;1;19;003;2020;11;18;2;2;0;1;2;1;0;0;0;0;0;534852,373999999840000;5417350,916999999400000;9,475625944000058;48,908119040000031;1
157185;08201117121400369970;08;1;25;056;2020;11;13;3;3;5;3;0;1;1;0;0;0;0;510530,195899999700000;5435638,442900000100000;9,144180522000056;49,073517566000078;0
157186;08201118311010357190;08;3;11;000;2020;11;16;4;3;5;3;0;1;1;0;0;0;0;413668,535000000150000;5320494,836999999400000;7,841949609000039;48,031902892000062;0
157188;08201123221400341930;08;2;21;000;2020;11;07;2;3;4;6;1;1;0;0;0;0;0;475333,191100000400000;5473252,670700000600000;8,659946727000033;49,411456472000054;1
157189;08201117311010341670;08;3;11;000;2020;11;16;3;3;6;7;0;1;0;1;0;0;0;413761,973000000230000;5317515,479000000300000;7,843802178000033;48,005115230000058;0
157190;08201118311010330070;08;3;11;000;2020;11;15;4;3;0;6;0;1;0;0;0;0;0;410475,257000000220000;5316656,474999999600000;7,799926080000034;47,996936400000038;0
157191;08201120416200333440;08;4;16;041;2020;11;08;6;3;0;7;0;1;0;0;0;0;0;503978,698900000190000;5375216,246400000500000;9,053891325000052;48,530041311000048;1
157192;08201116136010323750;08;1;36;019;2020;11;08;2;2;6;7;0;0;1;1;0;0;0;583061,743800000290000;5423613,843900000700000;10,134713481000063;48,959858326000074;1
157193;08201118235100328450;08;2;35;029;2020;11;11;4;2;0;1;0;1;0;0;0;0;0;487621,372299999930000;5393269,897700000600000;8,831793702000027;48,692345870000054;0
157195;08201124118400345620;08;1;18;048;2020;11;14;3;3;5;3;0;1;1;0;0;0;0;516804,499900000170000;5415533,217900000500000;9,229257262000033;48,892520310000066;0
157196;08201122311200379750;08;3;11;000;2020;11;14;1;3;1;5;0;1;1;0;0;0;0;413374,468399999660000;5316653,536800000800000;7,838782027000036;47,997309370000039;0
157197;08201117118400328880;08;1;18;048;2020;11;13;3;3;0;7;0;0;1;1;0;0;0;513465,981900000010000;5415471,226500000800000;9,183709390000047;48,892044202000079;0
157198;08201118231102330390;08;2;36;040;2020;11;15;4;3;5;3;0;1;1;0;0;0;0;489377,333999999800000;5422702,302999999400000;8,854892001000053;48,957148109000059;0
157199;08201119237100341000;08;2;37;028;2020;11;12;5;3;3;2;0;1;1;0;0;0;0;456770,730899999850000;5368235,840299999300000;8,415199696000059;48,465769654000042;1
157200;08201120311010333510;08;3;11;000;2020;11;08;6;3;2;6;0;1;1;0;0;0;0;414673,872800000010000;5316344,463700000200000;7,856258416000060;47,994703877000063;0
157201;08201116121400325220;08;1;25;056;2020;11;16;2;3;6;4;2;0;1;1;0;0;0;510371,437500000000000;5435719,477900000300000;9,142008870000041;49,074249209000072;1
157202;08201125118300378690;08;1;18;046;2020;11;20;4;3;6;4;2;1;0;1;0;0;0;514245,593399999660000;5412368,731000000600000;9,194237072000021;48,864117476000047;1
157204;08201120317500363850;08;3;17;096;2020;11;14;6;3;0;3;0;1;1;0;0;0;0;422589,143000000160000;5368903,965800000400000;7,952734322000026;48,468501332000073;0
157206;08201125136010359860;08;1;36;088;2020;11;15;4;2;6;4;0;0;1;1;0;0;0;580723,117999999780000;5410574,922000000300000;10,100194238000029;48,842894680000029;0
157207;08201124111500344210;08;1;11;000;2020;11;12;3;3;2;2;0;1;1;0;0;0;0;513311,307400000280000;5402317,567900000100000;9,181172105000030;48,773719423000045;0
157208;08201118116500330120;08;1;16;049;2020;11;16;4;3;1;5;0;1;1;0;0;0;0;524678,809000000360000;5384478,566199999300000;9,334820324000077;48,612893730000053;0
157209;08201122115100342450;08;1;15;003;2020;11;15;1;3;6;7;0;1;0;1;0;0;0;501061,033200000410000;5392263,047800000800000;9,014415238000026;48,683410028000026;0
157210;08201117116500325890;08;1;16;035;2020;11;10;3;3;6;7;0;0;1;1;0;0;0;526678,047899999660000;5392361,009800000100000;9,362451524000051;48,683722052000064;0
157211;08201118231000380630;08;2;31;000;2020;11;14;4;3;6;7;0;0;1;1;0;0;0;480364,236499999650000;5411691,457000000400000;8,732301779000068;48,857877672000029;0
157212;08201119226700352440;08;2;26;041;2020;11;05;5;3;4;6;2;1;0;0;0;0;0;476399,044099999590000;5463976,715900000200000;8,675190347000068;49,328062531000057;0
157214;08201116121200363740;08;1;21;000;2020;11;17;2;3;1;5;2;1;1;0;0;0;0;516160,295599999840000;5443548,797599999200000;9,221584575000065;49,144552168000075;0
157215;08201124436000352250;08;4;36;012;2020;11;12;3;2;6;4;0;0;1;1;0;0;0;549444,682900000360000;5298892,474800000000000;9,660816837000027;47,841475271000036;0
157216;08201123311010372890;08;3;36;091;2020;11;17;2;3;7;7;2;1;0;0;0;0;1;397150,541299999690000;5272221,017300000400000;7,631893289000061;47,595238342000073;0
157217;08201117436200328080;08;4;36;064;2020;11;12;3;3;3;6;0;1;0;0;0;1;0;545329,061999999920000;5289517,835999999200000;9,604836059000036;47,757435058000056;0
157220;08201123416200343530;08;4;16;041;2020;11;16;2;3;0;7;0;1;0;0;0;0;0;506214,389000000430000;5375241,251000000200000;9,084174007000058;48,530248104000066;1
157222;08201118226400328510;08;2;26;084;2020;11;09;4;3;3;6;0;1;0;0;0;0;1;468653,987399999980000;5470517,516000000800000;8,568086405000031;49,386547038000060;0
157223;08201121335100370820;08;3;35;043;2020;11;08;7;3;0;7;2;1;0;0;0;0;0;514131,502999999560000;5279631,364600000900000;9,188244135000048;47,669919457000049;1
157225;08201118225100368560;08;2;25;058;2020;11;14;4;3;5;3;0;1;0;0;1;0;0;507630,684500000440000;5466501,310200000200000;9,105066907000037;49,351180119000048;0
157228;08201124316100348270;08;3;16;043;2020;11;15;3;2;6;7;0;0;0;1;0;1;0;410966,271999999880000;5331588,903999999200000;7,803397061000055;48,131324059000065;0
157229;08201123226400342710;08;2;26;062;2020;11;16;2;3;0;3;0;1;1;0;0;0;0;470208,942400000060000;5469161,721200000500000;8,589612948000024;49,374430002000054;1
157230;08201117317500325300;08;3;17;096;2020;11;07;3;3;0;7;0;1;0;0;0;0;0;421745,352500000040000;5368466,788499999800000;7,941402774000039;48,464464530000043;0
157234;08201118222014334150;08;2;22;000;2020;11;18;4;3;3;2;2;1;1;0;0;0;0;462322,274100000040000;5481237,738399999200000;8,479827088000036;49,482611960000042;0
157235;08201121215402346710;08;2;15;009;2020;11;07;7;3;5;3;0;1;0;0;0;0;1;469784,353500000200000;5441778,682399999400000;8,585829887000045;49,128099025000040;0
157237;08201118215402357090;08;2;15;009;2020;11;16;4;3;5;2;0;1;0;0;0;0;0;469050,634999999780000;5440694,515000000600000;8,575856170000066;49,118310233000045;0
157238;08201124225200370160;08;2;25;032;2020;11;17;3;3;6;6;2;1;0;1;0;0;0;533863,853000000120000;5495713,623999999800000;9,468765324000060;49,613039492000041;0
157239;08201123212702341880;08;2;15;017;2020;11;18;2;3;0;7;2;1;0;0;0;0;0;455221,841900000350000;5419524,596999999100000;8,388686746000076;48,927033646000041;0
157242;08201120335300333520;08;3;35;075;2020;11;07;6;3;5;2;0;1;1;0;0;0;0;487725,980000000450000;5289978,611800000100000;8,836207559000059;47,763057743000047;1
157244;08201118136100328250;08;1;36;088;2020;11;15;4;3;0;1;0;1;0;0;0;0;0;581120,701600000260000;5412719,521900000100000;10,106036799000037;48,862131744000067;0
157245;08201125216200364210;08;2;16;007;2020;11;07;4;3;6;7;0;0;1;1;0;0;0;435784,146700000390000;5394541,530099999200000;8,127259570000035;48,700602851000042;0
157246;08201124115300346470;08;1;15;028;2020;11;16;3;3;6;4;0;1;0;1;0;0;0;500515,825699999930000;5404295,645899999900000;9,007023090000075;48,791656307000039;0
157247;08201118118500332160;08;1;18;021;2020;11;16;4;3;0;7;0;1;0;0;0;0;0;522118,018199999820000;5428165,680400000900000;9,302432615000043;49,005989632000080;0
157248;08201124212010346310;08;2;12;000;2020;11;18;3;3;3;6;2;1;1;0;0;0;0;453630,936200000350000;5428903,482200000400000;8,365900070000066;49,011280637000027;0
157249;08201123116010346940;08;1;16;019;2020;11;16;2;3;1;5;0;1;1;0;0;0;0;521978,811200000350000;5398136,306800000400000;9,298915645000022;48,735859499000071;1
157251;08201118119400332300;08;1;19;079;2020;11;14;4;3;5;3;0;1;1;0;0;0;0;524297,863199999560000;5409480,573300000300000;9,331125377000035;48,837824132000037;0
157253;08201120317010336210;08;3;17;096;2020;11;17;6;2;5;3;2;1;1;0;0;0;0;421028,363900000230000;5365619,726199999500000;7,932242508000059;48,438765842000066;0
157254;08201116116100350700;08;1;16;019;2020;11;12;2;3;4;2;0;1;1;0;0;0;0;522912,741499999540000;5399802,986999999700000;9,311709771000039;48,750819116000059;1
157259;08201118115400357140;08;1;15;045;2020;11;17;4;2;5;3;2;1;1;0;0;0;0;499679,113300000320000;5395260,756799999600000;8,995638092000036;48,710378513000080;0
157260;08201121435100363130;08;4;35;024;2020;11;17;7;3;0;1;1;1;0;0;0;0;0;528212,427099999970000;5279321,657099999500000;9,375791386000060;47,666671820000033;0
157265;08201128221011370660;08;2;26;065;2020;11;10;7;2;5;3;0;1;1;0;0;0;0;478013,211000000130000;5457856,227000000000000;8,697741974000053;49,273068903000080;0
157266;08201203111230393180;08;1;11;000;2020;12;07;5;3;5;3;1;1;1;0;0;0;0;510775,216799999590000;5396754,570000000300000;9,146509492000064;48,723723888000052;0
157267;08201203311010385710;08;3;15;064;2020;12;13;5;3;6;4;0;0;1;1;0;0;0;422044,447900000030000;5312738,071300000000000;7,955692933000023;47,963202919000025;0
157269;08201128212402384740;08;2;12;000;2020;11;17;7;3;6;4;2;1;0;1;0;0;0;454958,248499999750000;5426563,736899999900000;8,384309522000024;48,990332721000073;0
157270;08201204212010391390;08;2;12;000;2020;12;10;6;3;6;4;0;0;1;1;0;0;0;455976,359799999740000;5428216,905300000700000;8,398046438000051;49,005276599000069;0
157273;08201128119010362570;08;1;19;067;2020;11;15;7;3;5;3;0;1;1;0;0;0;0;538918,564299999740000;5405442,450799999800000;9,529982392000022;48,800754732000030;0
157276;08201205118000413300;08;1;18;048;2020;12;13;7;2;3;1;0;1;0;0;0;0;0;512022,213399999770000;5415727,166500000300000;9,164020428000072;48,894376269000077;1
157277;08201202426100398240;08;4;26;021;2020;12;16;4;3;6;7;0;0;1;1;0;0;0;558999,659400000240000;5327886,061300000200000;9,792486365000059;48,101506459000063;0
157279;08201128111500375440;08;1;11;000;2020;11;15;7;3;6;7;0;0;1;1;0;0;0;512196,645899999890000;5403088,085200000600000;9,166024051000022;48,780673790000037;0
157284;08201127416000375370;08;4;16;025;2020;11;17;6;2;6;7;2;0;1;1;0;0;0;502854,248200000260000;5361480,172700000900000;9,038566936000052;48,406471548000070;0
157285;08201205111120400490;08;1;11;000;2020;12;14;7;3;0;7;0;1;0;0;0;0;0;513960,237900000070000;5404917,086400000400000;9,190092554000046;48,797090218000051;0
157289;08201127335300373690;08;3;35;075;2020;11;07;6;3;5;6;1;1;1;0;0;0;0;489066,558000000190000;5288933,471000000800000;8,854123321000031;47,753678184000080;0
157290;08201202317300385010;08;3;17;065;2020;12;15;4;2;6;4;0;0;1;1;0;0;0;414522,802600000050000;5354625,751700000800000;7,846537408000074;48,339028151000036;0
157294;08201204316200387260;08;3;16;056;2020;12;15;6;2;0;1;0;1;0;0;0;0;0;422949,820700000040000;5327601,236700000200000;7,965145784000072;48,097016737000047;1
157296;08201127335100358820;08;3;35;043;2020;11;17;6;3;0;1;2;1;0;0;0;0;0;515300,941800000150000;5281008,230799999100000;9,203870248000044;47,682281389000082;0
157297;08201202311010402980;08;3;11;000;2020;12;07;4;3;5;2;1;1;1;0;0;0;0;414805,099799999970000;5316554,497700000200000;7,857975370000077;47,996610717000067;0
157298;08201130311010375730;08;3;11;000;2020;11;11;2;3;3;2;0;1;1;0;0;0;0;414616,092000000180000;5317764,122700000200000;7,855201518000058;48,007466547000035;0
157301;08201202311010399130;08;3;11;000;2020;12;09;4;3;5;3;0;1;1;0;0;0;0;414170,541299999690000;5316595,882700000000000;7,849462703000029;47,996898118000047;1
157302;08201128311010357070;08;3;11;000;2020;11;19;7;3;0;7;2;1;0;0;0;0;0;414033,343700000080000;5317325,206199999900000;7,847477829000070;48,003440215000069;0
157303;08201127317000353400;08;3;17;096;2020;11;13;6;3;5;3;0;1;1;0;0;0;0;425510,480999999680000;5368986,412300000000000;7,992234955000072;48,469595751000043;0
157304;08201127311010377740;08;3;11;000;2020;11;10;6;3;5;3;0;1;1;0;0;0;0;412065,300099999640000;5317587,975199999300000;7,821044871000026;48,005536177000067;0
157305;08201202311010384390;08;3;11;000;2020;12;14;4;3;4;6;0;1;1;0;0;0;0;414275,507000000220000;5317012,572699999400000;7,850786216000074;48,000660484000036;0
157307;08201130212010362120;08;2;12;000;2020;11;14;2;3;5;4;0;0;0;1;0;0;1;457863,774699999950000;5428480,300400000100000;8,423825115000057;49,007777623000038;0
157308;08201127311010377080;08;3;36;050;2020;11;14;6;3;6;7;0;1;0;1;0;0;0;399437,435100000350000;5273451,816299999100000;7,662022668000077;47,606668561000049;0
157309;08201204221200386500;08;2;21;000;2020;12;06;6;3;0;4;2;0;1;1;0;0;0;476826,011599999850000;5472481,620999999300000;8,680571200000031;49,404579694000063;1
157310;08201127311010371910;08;3;15;064;2020;11;10;6;3;5;3;0;1;0;0;0;0;1;421383,627399999650000;5314393,347699999800000;7,946539175000055;47,978012485000079;0
157311;08201202311010384060;08;3;11;000;2020;12;11;4;3;0;3;0;1;0;0;0;0;0;412697,783300000240000;5316579,346999999100000;7,829728088000024;47,996549964000053;1
157312;08201127311010365970;08;3;11;000;2020;11;11;6;2;5;3;0;1;1;0;0;0;0;414145,864699999800000;5316932,051999999200000;7,849064720000058;47,999918773000047;0
157313;08201127311010365950;08;3;11;000;2020;11;09;6;3;0;7;0;1;1;0;0;0;0;417484,108400000260000;5314464,576700000100000;7,894281704000036;47,978162152000039;1
157314;08201127311010356130;08;3;11;000;2020;11;13;6;3;3;6;0;1;0;0;0;0;0;412305,775999999610000;5314850,188600000000000;7,824827651000021;47,980942000000027;0
157320;08201204136300386960;08;1;36;065;2020;12;14;6;3;8;1;0;0;1;1;0;0;0;560024,314699999990000;5405082,042899999800000;9,817316884000036;48,795833190000053;1
157323;08201127226600381720;08;2;26;096;2020;11;07;6;2;6;4;1;0;0;1;0;0;1;475189,034300000410000;5487728,509800000100000;8,657051462000027;49,541656581000041;0
157324;08201202222800401460;08;2;22;000;2020;12;15;4;3;1;5;0;1;1;0;0;0;0;463472,951399999670000;5485540,497300000900000;8,495314616000030;49,521383388000061;0
157325;08201127222600366280;08;2;22;000;2020;11;07;6;3;5;3;0;1;1;0;0;0;0;461165,232800000350000;5483312,446300000000000;8,463650019000056;49,501199890000066;0
157327;08201202212010392270;08;2;12;000;2020;12;12;4;3;5;7;0;1;1;0;0;0;0;455073,385800000280000;5428788,434900000700000;8,385637188000032;49,010352487000034;0
157328;08201202211000386060;08;2;16;017;2020;12;13;4;3;6;4;0;0;1;1;0;0;0;451200,844999999740000;5401796,403599999800000;8,335907796000072;48,767260124000074;0
157329;08201127222500354550;08;2;22;000;2020;11;15;6;3;4;2;0;1;1;0;0;0;0;463790,014999999660000;5478093,604499999400000;8,500377352000044;49,454421262000039;0
157332;08201127221200371440;08;2;21;000;2020;11;10;6;3;3;2;0;1;1;0;0;0;0;476176,580599999990000;5471638,554500000600000;8,671670199000062;49,396971369000028;0
157333;08201203437100386180;08;4;37;076;2020;12;16;5;3;5;3;0;1;1;0;0;0;0;525600,781299999920000;5322222,504799999300000;9,343545412000026;48,052770020000025;0
157335;08201127212010374150;08;2;12;000;2020;11;11;6;2;6;4;0;0;0;1;0;0;1;459605,404500000180000;5431686,815199999100000;8,447319845000038;49,036737204000076;0
157340;08201202119200402200;08;1;19;020;2020;12;12;4;3;0;1;0;1;0;0;0;0;0;519323,574799999590000;5407119,717199999800000;9,263226568000050;48,816761126000074;0
157342;08201127121600377400;08;1;25;046;2020;11;10;6;3;6;6;0;0;1;1;0;0;0;517771,185100000350000;5433709,906500000500000;9,243239456000026;49,056003122000050;0
157343;08201129111140358920;08;1;11;000;2020;11;20;1;3;0;7;2;1;0;1;0;0;0;511709,058500000280000;5400587,974999999600000;9,159315740000068;48,758192310000027;0
157345;08201127118100365600;08;1;18;077;2020;11;13;6;3;0;5;0;1;1;0;0;0;0;512993,391900000160000;5423436,573400000100000;9,177515938000056;48,963708056000030;0
157346;08201202119200383570;08;1;19;079;2020;12;12;4;3;0;1;0;1;0;0;0;0;0;523106,893000000160000;5408491,401599999500000;9,314839625000047;48,828971271000057;0
157348;08201127118000374390;08;1;18;003;2020;11;14;6;2;5;3;0;1;1;0;0;0;0;511057,688699999820000;5416065,487099999600000;9,150870516000055;48,897437681000042;0
157351;08201128226400371520;08;2;26;084;2020;11;15;7;3;5;3;0;1;1;0;0;0;1;468719,640300000090000;5469265,135399999100000;8,569089514000041;49,375285544000064;0
157352;08201127116500366080;08;1;16;049;2020;11;12;6;3;4;2;0;1;1;0;0;0;0;524970,031899999830000;5385725,040100000800000;9,338846349000050;48,624095526000076;0
157353;08201127116200354600;08;1;16;080;2020;11;15;6;3;6;4;0;0;1;1;0;0;0;521853,167799999940000;5395824,881200000600000;9,297084395000070;48,715070505000028;0
157355;08201203215402386400;08;2;15;009;2020;12;15;5;3;0;7;0;1;0;0;0;0;0;470620,928299999800000;5441295,709400000100000;8,597331814000029;49,123795153000060;0
157356;08201130121200378270;08;1;21;000;2020;11;06;2;3;6;4;2;0;1;1;0;0;0;515876,253100000320000;5444611,054899999900000;9,217731777000040;49,154114918000062;2
157357;08201127116078380660;08;1;16;078;2020;11;12;6;3;0;7;0;1;1;0;0;0;0;509933,966199999680000;5394304,950999999400000;9,135012156000073;48,701700988000027;0
157358;08201202116400414580;08;1;16;033;2020;12;11;4;3;5;3;0;1;1;0;0;0;0;532185,314799999820000;5388593,609400000400000;9,436978793000037;48,649571288000061;1
157360;08201130221011371840;08;2;21;000;2020;11;09;2;3;4;6;0;1;1;0;0;0;0;474223,098399999550000;5474770,798599999400000;8,644544834000044;49,425065694000068;0
157361;08201127116010367170;08;1;16;019;2020;11;13;6;3;6;4;0;1;0;1;0;0;0;523543,145399999800000;5397997,392699999700000;9,320182590000059;48,734552692000079;0
157362;08201204226400405020;08;2;26;063;2020;12;07;6;3;0;1;2;1;0;0;0;0;0;469510,282899999990000;5471807,916200000800000;8,579785879000042;49,398197352000068;1
157363;08201127115100373540;08;1;15;003;2020;11;16;6;3;5;3;2;1;1;0;0;0;0;500789,134100000370000;5392071,203500000800000;9,010720840000033;48,681684578000045;0
157364;08201203436300393890;08;4;36;049;2020;12;13;5;3;5;3;0;1;1;0;0;0;0;578779,566999999810000;5283736,972999999300000;10,050066760000050;47,702210177000040;1
157366;08201127111230366670;08;1;11;000;2020;11;16;6;3;6;7;0;0;1;1;0;0;0;515746,715699999590000;5398246,620600000000000;9,214163021000047;48,737040566000076;0
157368;08201203212010404640;08;2;12;000;2020;12;13;5;2;5;3;0;1;0;0;0;1;0;459631,602699999700000;5428254,965900000200000;8,448019773000056;49,005868870000029;0
157369;08201130111330362150;08;1;11;000;2020;11;07;2;3;6;7;0;0;1;1;0;0;0;513655,298100000250000;5408423,713800000000000;9,186056988000075;48,828642129000059;0
157372;08201203436200453880;08;4;36;064;2020;12;08;5;3;0;1;0;1;0;0;0;0;0;545282,273900000380000;5290162,732400000100000;9,604278978000025;47,763240520000068;0
157373;08201126436300352480;08;4;36;049;2020;11;10;5;3;6;4;0;0;0;1;0;0;1;578179,828300000170000;5283252,216499999200000;10,041987200000051;47,697922093000045;0
157375;08201204212302386610;08;2;12;000;2020;12;19;6;3;0;7;2;1;0;0;0;0;0;456722,313099999910000;5428844,134700000300000;8,408178729000042;49,010971363000067;1
157377;08201126436200352400;08;4;36;064;2020;11;14;5;3;5;3;0;1;1;0;0;0;0;545041,708599999550000;5291680,650900000700000;9,601226270000041;47,776914170000055;0
157378;08201202116010396450;08;1;16;033;2020;12;15;4;3;2;2;0;1;1;0;0;0;0;533369,476999999960000;5387712,460000000900000;9,452984607000076;48,641582452000080;0
157379;08201126436200349310;08;4;36;064;2020;11;07;5;3;5;3;1;1;1;0;0;0;0;545057,185700000260000;5288232,969900000800000;9,601075424000044;47,745894071000066;0
157382;08201205118300397680;08;1;18;051;2020;12;10;7;3;1;7;0;1;1;0;0;0;0;509625,623700000350000;5415107,507999999400000;9,131308984000043;48,888843837000081;1
157385;08201203415112404750;08;4;15;061;2020;12;16;5;3;5;3;1;1;1;0;0;0;0;515197,977900000290000;5371010,690199999100000;9,205702191000057;48,492035328000043;0