OBJECTID;UIDENTSTLAE;ULAND;UREGBEZ;UKREIS;UGEMEINDE;UJAHR;UMONAT;USTUNDE;UWOCHENTAG;UKATEGORIE;UART;UTYP1;ULICHTVERH;IstRad;IstPKW;IstFuss;IstKrad;IstGkfz;IstSonstige;LINREFX;LINREFY;XGCSWGS84;YGCSWGS84;STRZUSTAND
157386;08201126435200351380;08;4;35;034;2020;11;20;5;2;5;3;2;1;1;0;0;0;0;529011,770200000140000;5284943,025200000000000;9,386812279000026;47,717214531000081;0
157387;08201126426300351200;08;4;26;014;2020;11;20;5;3;6;4;2;0;1;1;0;0;0;549121,616600000300000;5316871,995600000000000;9,658549349000055;48,003256688000079;1
157392;08201130421200375610;08;4;21;000;2020;11;08;2;3;6;4;0;0;1;1;0;0;0;574105,366000000390000;5361900,555999999900000;10,001315204000036;48,405902999000034;0
157393;08201126426010364980;08;4;25;028;2020;11;16;5;3;0;1;2;1;0;0;0;0;0;579880,474499999550000;5339986,459599999700000;10,075186020000046;48,208077758000059;1
157394;08201205111500413210;08;1;11;000;2020;12;16;7;2;6;2;2;0;1;1;0;0;0;515756,595300000160000;5410133,909800000500000;9,214753264000024;48,843976966000071;0
157396;08201128336200374340;08;3;36;069;2020;11;22;7;3;5;3;2;1;1;0;0;0;0;409561,652200000360000;5269837,245400000400000;7,797437510000066;47,575644342000032;0
157397;08201203337010408240;08;3;37;126;2020;12;13;5;2;6;4;0;0;1;1;0;0;0;441700,408999999990000;5274664,962799999900000;8,224094469000022;47,622763546000044;0
157401;08201203212010385670;08;2;12;000;2020;12;13;5;3;1;5;0;1;1;0;0;0;0;455313,980399999770000;5427893,760800000300000;8,389025545000038;49,002322279000055;0
157402;08201130222014378710;08;2;22;000;2020;11;09;2;3;6;4;0;1;0;1;0;0;0;461808,136900000270000;5481628,556600000700000;8,472691553000061;49,486095030000058;0
157403;08201126415400352100;08;4;15;061;2020;11;17;5;3;6;4;2;0;1;1;0;0;0;514306,495000000110000;5370196,611999999700000;9,193608307000034;48,484732511000061;0
157406;08201126336300371970;08;3;36;081;2020;11;14;5;3;5;3;0;1;1;0;0;0;0;411028,128700000230000;5277860,732999999100000;7,815303777000054;47,648025398000073;0
157408;08201204435100403670;08;4;35;035;2020;12;10;6;3;1;5;0;1;1;0;0;0;0;540090,449300000440000;5280085,821200000100000;9,534071523000023;47,672919990000025;0
157412;08201126335100366150;08;3;35;043;2020;11;18;5;2;4;2;2;1;1;0;0;0;0;511135,409500000070000;5281519,679500000600000;9,148381838000034;47,686968415000081;0
157413;08201201317300457420;08;3;17;065;2020;12;08;3;3;3;6;0;1;1;0;0;0;0;415306,268600000070000;5354080,303999999500000;7,857217274000050;48,334227441000053;0
157414;08201203116400402660;08;1;16;033;2020;12;11;5;3;2;6;0;1;1;0;0;0;0;532142,100100000390000;5388828,171299999600000;9,436410296000076;48,651683608000042;0
157415;08201130212010392010;08;2;15;106;2020;11;11;2;2;6;7;0;0;1;1;0;0;0;466441,458100000400000;5454520,811899999200000;8,538946150000072;49,242541472000028;0
157416;08201126327200368850;08;3;27;049;2020;11;15;5;3;5;3;0;1;1;0;0;0;0;472508,523500000130000;5324884,042500000400000;8,630912094000053;48,076636943000040;0
157417;08201204222200409330;08;2;22;000;2020;12;13;6;3;1;6;0;1;1;0;0;0;0;461100,515300000090000;5481575,745899999500000;8,462927188000037;49,485575080000046;1
157418;08201203336200392320;08;3;36;069;2020;12;17;5;3;6;3;2;0;1;1;0;0;0;408510,561400000010000;5267981,093200000000000;7,783850968000024;47,558799328000077;0
157421;08201126317500376360;08;3;17;096;2020;11;11;5;3;5;3;0;1;1;0;0;0;0;422230,910000000150000;5368315,033299999300000;7,947998256000062;48,463159725000025;0
157424;08201126311010354020;08;3;11;000;2020;11;16;5;3;5;3;1;1;1;0;0;0;0;412724,359000000170000;5317412,613500000900000;7,829914749000068;48,004049081000062;0
157427;08201130119400364470;08;1;19;079;2020;11;15;2;3;2;2;0;1;1;0;0;0;0;522638,364000000060000;5408117,599999999600000;9,308435211000074;48,825625900000034;0
157428;08201126311010352630;08;3;36;050;2020;11;11;5;2;6;7;0;0;0;1;0;0;1;399381,276300000030000;5274075,060300000000000;7,661132592000058;47,612266138000052;0
157430;08201126231000377830;08;2;31;000;2020;11;17;5;3;3;6;2;1;0;0;0;0;0;478209,936200000350000;5415961,207599999400000;8,702704647000076;48,896215089000066;0
157436;08201201231302399660;08;2;31;000;2020;12;20;3;2;1;5;2;1;1;0;0;0;0;478075,958499999720000;5416225,186000000700000;8,700862563000044;48,898585020000041;1
157438;08201203325000392190;08;3;26;074;2020;12;17;5;2;6;4;2;0;1;1;0;0;0;465394,577399999830000;5323114,686799999300000;8,535549700000047;48,060371975000066;0
157439;08201201231102401050;08;2;36;040;2020;12;15;3;3;5;3;0;1;1;0;0;0;0;488279,156999999660000;5421743,357999999100000;8,839918317000070;48,948501925000073;1
157441;08201126222500366040;08;2;22;000;2020;11;17;5;2;3;6;2;1;0;0;1;0;0;461587,003800000060000;5480616,161499999500000;8,469736884000042;49,476975108000033;1
157442;08201204111340395840;08;1;11;000;2020;12;13;6;3;6;7;0;0;1;1;0;0;0;511364,935300000010000;5406117,465099999700000;9,154786439000077;48,807941559000028;1
157443;08201126222014373180;08;2;22;000;2020;11;15;5;3;0;4;0;0;0;1;0;0;1;461467,748800000180000;5482027,801000000900000;8,467953170000044;49,489664502000039;1
157444;08201126222014352690;08;2;26;028;2020;11;08;5;3;1;7;0;1;0;0;0;0;1;470487,338499999610000;5483607,310599999500000;8,592372339000065;49,504377315000056;0
157446;08201130416010372880;08;4;17;079;2020;11;17;2;1;6;4;2;0;0;1;0;0;1;499808,680200000290000;5345320,575099999100000;8,997422203000042;48,261095541000032;0
157456;08201201221011399060;08;2;21;000;2020;12;07;3;3;0;7;1;0;1;1;0;0;0;477502,810999999750000;5469702,687500000000000;8,690057324000065;49,379608941000072;1
157458;08201126212010351510;08;2;12;000;2020;11;14;5;2;5;3;0;1;0;0;0;0;0;451667,581899999640000;5426879,864700000700000;8,339293744000031;48,992927505000068;0
157464;08201126135010372230;08;1;35;031;2020;11;17;5;2;5;3;2;1;1;0;0;0;0;595838,815600000320000;5377843,464600000500000;10,298564114000044;48,546365754000078;0
157466;08201203115400418830;08;1;15;045;2020;12;08;5;3;1;5;1;1;0;0;0;0;1;499926,760400000030000;5395283,909000000000000;8,999004428000035;48,710586870000043;0
157467;08201130211100377070;08;2;11;000;2020;11;13;2;3;1;5;0;1;1;0;0;0;0;444458,957399999720000;5399784,903300000400000;8,244438841000033;48,748601092000058;0
157468;08201126126200350550;08;1;26;066;2020;11;07;5;3;6;4;0;0;1;1;0;0;0;536603,032200000250000;5450125,574599999900000;9,502478837000069;49,202832162000050;0
157469;08201204215502386660;08;2;15;099;2020;12;07;6;3;5;3;2;1;1;0;0;0;0;463069,043899999930000;5446326,123099999500000;8,493368723000060;49,168636526000057;1
157471;08201203115300386780;08;1;15;028;2020;12;15;5;2;1;7;0;1;1;0;0;0;0;500384,079699999650000;5404333,464999999900000;9,005229372000031;48,791996621000067;0
157472;08201130221400376660;08;2;21;000;2020;11;08;2;3;0;7;0;1;0;0;0;0;0;475034,504499999810000;5473075,365900000600000;8,655840301000069;49,409849466000026;2
157473;08201126121200372640;08;1;21;000;2020;11;17;5;3;6;3;2;0;1;1;0;0;0;515151,719600000420000;5442701,604599999300000;9,207723564000048;49,136957092000046;0
157474;08201204311010412250;08;3;11;000;2020;12;14;6;2;5;3;0;1;1;0;0;0;0;413871,176900000310000;5320148,247500000500000;7,844736966000028;48,028812577000053;0
157475;08201126118300360870;08;1;18;051;2020;11;20;5;3;0;7;2;0;1;1;0;0;0;509303,848600000140000;5415077,244599999900000;9,126918777000071;48,888576509000075;0
157476;08201126118100365570;08;1;18;079;2020;11;07;5;3;3;6;1;1;0;0;0;0;0;509449,591500000100000;5422846,122999999700000;9,129086922000056;48,958460909000053;0
157477;08201126116500351040;08;1;16;049;2020;11;11;5;2;0;1;0;1;0;0;0;0;0;523793,303000000310000;5387331,216299999500000;9,322970471000076;48,638590642000054;0
157478;08201201215102390710;08;2;15;102;2020;12;16;3;3;6;2;0;0;0;1;0;0;1;458276,172600000170000;5437810,966700000700000;8,428502815000059;49,091735838000034;0
157480;08201130111500376720;08;1;11;000;2020;11;12;2;2;6;7;0;0;1;1;0;0;0;512629,855899999850000;5402327,297299999700000;9,171897627000021;48,773821154000075;0
157485;08201201211000401310;08;2;16;043;2020;12;07;3;2;5;5;2;1;1;0;0;0;0;441226,253899999890000;5412500,895999999700000;8,198646140000051;48,862685285000055;1
157489;08201125436300365080;08;4;36;049;2020;11;07;4;3;0;1;1;1;0;0;0;0;0;578033,936999999920000;5282933,224999999600000;10,039986008000028;47,695070027000043;2
157493;08201125436300350820;08;4;36;049;2020;11;07;4;3;0;1;1;1;0;0;0;0;0;578033,936999999920000;5282933,224999999600000;10,039986008000028;47,695070027000043;2
157494;08201203436400390330;08;4;36;082;2020;12;07;5;3;2;6;0;1;1;0;0;0;0;548097,536799999890000;5294964,915100000800000;9,642377602000067;47,806241632000081;0
157497;08201201118000411710;08;1;15;042;2020;12;17;3;1;6;4;2;0;1;1;0;0;0;496491,200400000440000;5405277,977399999300000;8,952218470000048;48,800483610000072;1
157499;08201125335100369060;08;3;35;043;2020;11;07;4;3;3;2;1;1;1;0;0;0;0;512717,142199999650000;5279873,170399999200000;9,169410727000070;47,672124508000081;0
157500;08201204436100413310;08;4;36;055;2020;12;11;6;3;6;4;0;0;1;1;0;0;0;576170,234500000250000;5296768,385199999400000;10,017576013000053;47,819755635000035;0
157501;08201201117400389010;08;1;17;018;2020;12;07;3;3;6;4;2;0;1;1;0;0;0;538358,752999999560000;5395977,897700000600000;9,521477322000067;48,715649988000052;2
157502;08201128317300357730;08;3;17;065;2020;11;18;7;3;0;1;2;1;0;0;0;0;0;414505,287999999710000;5353953,324999999300000;7,846437579000053;48,332977415000073;0
157505;08201205111500423650;08;1;11;000;2020;12;17;7;2;6;7;2;0;1;1;0;0;0;514711,161700000060000;5403135,940400000700000;9,200253835000069;48,781049905000032;1
157507;08201128425000357270;08;4;25;090;2020;11;18;7;3;6;2;2;0;0;1;1;0;0;542681,963200000110000;5342255,002800000800000;9,574762416000056;48,232078663000038;0
157510;08201201117010385020;08;1;17;026;2020;12;05;3;3;8;1;2;1;0;0;0;0;0;548173,618999999950000;5394133,263000000300000;9,654684429000042;48,698375487000078;2
157511;08201130222800359580;08;2;22;000;2020;11;07;2;3;6;4;0;0;1;1;0;0;0;460416,653699999680000;5487695,461699999900000;8,452872143000036;49,540574053000057;0
157512;08201125311101368860;08;3;15;015;2020;11;08;4;3;1;6;0;1;0;0;0;0;1;394456,134100000370000;5320468,651699999300000;7,584314977000076;48,028781053000046;0
157513;08201204326400395330;08;3;26;074;2020;12;11;6;3;5;3;0;1;1;0;0;0;0;460170,526899999940000;5323929,820599999300000;8,465363086000025;48,067400691000046;1
157515;08201125311010376940;08;3;11;000;2020;11;17;4;3;6;4;2;1;0;1;0;0;0;414241,547199999910000;5316056,273700000700000;7,850522159000036;47,992053657000042;0
157516;08201125311010360750;08;3;15;047;2020;11;16;4;3;0;1;0;1;0;0;0;0;0;415843,145200000140000;5321482,767799999600000;7,870919721000064;48,041080008000051;0
157517;08201125311010348620;08;3;11;000;2020;11;16;4;3;0;7;0;1;0;0;0;0;0;415856,832999999630000;5316740,308900000500000;7,872034410000026;47,998421455000027;1
157520;08201203111500391880;08;1;11;000;2020;12;09;5;3;6;4;0;0;1;1;0;0;0;511144,660899999550000;5409077,699200000600000;9,151866822000045;48,834575415000074;0
157521;08201130221011366810;08;2;26;012;2020;11;20;2;2;0;1;2;1;0;0;0;0;0;476409,300200000410000;5477172,862500000700000;8,674548385000037;49,446760486000073;0
157524;08201203316100403900;08;3;16;011;2020;12;21;5;3;1;5;2;1;1;0;0;0;0;414167,401999999770000;5331078,945000000300000;7,846513404000064;48,127176732000066;0
157525;08201125225200372450;08;2;25;109;2020;11;07;4;3;6;4;1;0;0;1;0;0;1;525861,070899999700000;5492349,986899999900000;9,357766873000060;49,583180811000034;0
157527;08201125222700363870;08;2;22;000;2020;11;15;4;3;3;6;0;1;0;0;0;0;0;462576,589100000450000;5481078,401300000000000;8,483353050000062;49,481194537000079;0
157528;08201125222600362210;08;2;22;000;2020;11;12;4;3;6;4;0;0;1;1;0;0;0;463484,219499999660000;5483063,003200000200000;8,495699433000027;49,499100323000050;0
157529;08201201111370382450;08;1;11;000;2020;12;11;3;3;6;3;0;0;0;1;0;0;1;511842,950899999590000;5406321,885299999300000;9,161302716000023;48,809771573000035;1
157531;08201125221400366870;08;2;21;000;2020;11;05;4;3;0;1;2;1;0;0;0;0;0;476820,504700000400000;5470262,598099999100000;8,680624736000027;49,384619686000065;1
157532;08201204119210389880;08;1;19;020;2020;12;11;6;3;5;3;0;1;1;0;0;0;0;519306,106200000270000;5408604,918500000600000;9,263058527000055;48,830122241000026;0
157535;08201210316200397340;08;3;16;056;2020;12;08;5;3;0;1;0;1;0;0;0;0;0;422051,476999999960000;5326975,862299999200000;7,953196488000060;48,091281882000033;1
157536;08201211221011419830;08;2;21;000;2020;12;08;6;3;4;2;0;1;1;0;0;0;0;475696,390399999920000;5473624,374199999500000;8,664930895000055;49,414814492000062;0
157545;08201210311200410620;08;3;11;000;2020;12;18;5;2;0;7;2;1;0;0;0;0;0;414505,157599999570000;5316119,129699999500000;7,854042252000056;47,992654371000071;0
157546;08201214119100406840;08;1;19;008;2020;12;07;2;3;6;3;0;0;0;1;0;1;0;532531,730000000450000;5419955,536299999800000;9,444165143000021;48,931675075000044;0
157553;08201210311010408220;08;3;11;000;2020;12;14;5;3;0;7;0;1;0;0;0;0;0;411296,556200000460000;5319796,092199999800000;7,810283582000068;48,025292452000031;1
157555;08201211415400398770;08;4;15;061;2020;12;07;6;3;4;6;1;1;1;0;0;0;0;515501,336500000210000;5372516,373199999300000;9,209863977000055;48,505573558000037;0
157558;08201211215202423130;08;2;15;064;2020;12;16;6;3;6;7;2;0;1;1;0;0;0;486369,162999999710000;5448516,646999999900000;8,812930031000064;49,189300847000027;0
157561;08201210226600419400;08;2;26;096;2020;12;19;5;3;0;1;2;1;0;0;0;0;0;476528,714100000450000;5485387,266899999200000;8,675708153000073;49,520651340000029;1
157562;08201207416000390210;08;4;16;025;2020;12;08;2;3;0;7;0;1;0;0;0;0;0;503307,509999999780000;5360473,764000000400000;9,044683530000043;48,397415124000077;2
157564;08201214326400458910;08;3;26;074;2020;12;13;2;3;5;2;0;1;1;0;0;0;0;460181,844800000080000;5324216,386800000400000;8,465488305000065;48,069979545000081;0
157565;08201207117100391050;08;1;17;042;2020;12;09;2;2;0;1;0;1;0;0;0;0;0;554156,498100000430000;5393748,889399999800000;9,735935354000048;48,694427224000037;2
157567;08201213335000411510;08;3;35;081;2020;12;15;1;3;5;3;0;1;1;0;0;0;0;489999,548000000420000;5297131,803999999500000;8,866382523000027;47,827457771000070;1
157569;08201215226300434330;08;2;26;056;2020;12;18;3;3;0;7;2;1;0;0;0;0;0;485642,820500000380000;5470046,414100000600000;8,802188526000066;49,382947003000027;0
157570;08201207231000402370;08;2;31;000;2020;12;06;2;2;6;2;2;0;1;1;0;0;0;474667,150399999690000;5414143,518999999400000;8,654481755000063;48,879729101000066;1
157571;08201210222700416890;08;2;22;000;2020;12;17;5;3;3;2;1;1;1;0;0;0;0;462641,967699999920000;5481037,676999999200000;8,484259440000074;49,480832270000064;0
157572;08201211212010398950;08;2;12;000;2020;12;10;6;3;6;7;0;0;0;1;0;0;1;451628,788700000380000;5431140,581599999200000;8,338255705000051;49,031249605000028;0
157574;08201207117010401400;08;1;17;060;2020;12;09;2;2;0;1;0;1;0;0;0;0;0;542350,042999999600000;5388486,596000000800000;9,574967597000068;48,648002431000066;2
157575;08201212311010415200;08;3;11;000;2020;12;19;7;3;5;3;2;1;1;0;0;0;0;413534,006299999540000;5316403,973400000500000;7,840970469000069;47,995086056000048;1
157577;08201208135100393580;08;1;35;020;2020;12;17;3;3;0;1;2;1;0;0;0;0;0;587270,702499999660000;5386333,357799999400000;10,184280888000046;48,623977539000066;1
157580;08201215221400434630;08;2;21;000;2020;12;10;3;3;0;7;0;1;0;0;0;0;1;477109,798700000160000;5472454,819100000000000;8,684484386000065;49,404349355000079;1
157581;08201207221300427920;08;2;21;000;2020;12;07;2;3;1;5;2;1;1;0;0;0;0;476757,307900000360000;5473721,786499999500000;8,679551606000075;49,415732156000047;0
157582;08201210221200425800;08;2;21;000;2020;12;17;5;3;0;7;2;1;0;0;0;0;0;476050,750500000080000;5472993,363900000200000;8,669854370000053;49,409152720000066;0
157583;08201211121200412690;08;1;21;000;2020;12;07;6;3;5;2;0;1;1;0;0;0;0;515901,292000000370000;5443543,095000000700000;9,218033006000042;49,144507632000057;0
157584;08201214136300420580;08;1;36;065;2020;12;07;2;3;0;1;1;1;0;0;0;0;0;558057,379999999890000;5405528,005000000800000;9,790600005000044;48,800031440000055;2
157585;08201207116500389940;08;1;16;049;2020;12;06;2;3;5;3;1;1;1;0;0;0;0;525461,493999999950000;5384689,085999999200000;9,345451826000044;48,614756218000082;1
157587;08201210215402397490;08;2;15;009;2020;12;06;5;3;5;3;2;1;1;0;0;0;0;471280,272800000380000;5441342,882300000600000;8,606365174000075;49,124250646000064;0
157591;08201207116010411680;08;1;16;019;2020;12;07;2;3;4;2;1;1;1;0;0;0;0;521561,192999999970000;5398226,160000000100000;9,293240744000059;48,736682403000032;1
157592;08201210212010411290;08;2;12;000;2020;12;09;5;3;2;2;0;1;1;0;0;0;0;456761,901200000200000;5427519,846999999100000;8,408861085000069;48,999062000000038;0
157593;08201210212010410450;08;2;12;000;2020;12;07;5;3;5;3;2;1;1;0;0;0;0;453238,233300000430000;5429296,767000000900000;8,360484868000071;49,014788612000075;0
157594;08201215118000417200;08;1;18;007;2020;12;15;3;2;6;2;0;0;1;1;0;0;0;510272,619199999610000;5427255,909000000000000;9,140441328000065;48,998116555000081;1
157595;08201207136300401940;08;1;36;065;2020;12;08;2;3;0;1;0;1;0;0;0;0;0;558412,768000000160000;5405003,227000000000000;9,795364402000075;48,795277734000081;1
157598;08201207115400391270;08;1;15;045;2020;12;16;2;3;6;7;2;0;1;1;0;0;0;500399,558000000190000;5396931,944900000500000;9,005432929000051;48,725412574000075;0
157600;08201207436000408510;08;4;36;064;2020;12;06;2;2;6;4;2;0;1;1;0;0;0;546230,815899999810000;5293495,838600000400000;9,617291119000072;47,793161185000031;1
157601;08201210128100435400;08;1;28;007;2020;12;07;5;2;7;7;2;1;0;0;0;0;1;555932,328200000340000;5483095,647700000600000;9,772435886000039;49,497914346000073;0
157603;08201207115300414120;08;1;15;028;2020;12;17;2;2;6;7;1;0;1;1;0;0;0;501620,721300000320000;5404435,120600000000000;9,022067058000062;48,792909115000043;0
157605;08201214111500407480;08;1;11;000;2020;12;16;2;3;6;4;0;0;1;1;0;0;0;509547,739900000390000;5403306,715399999200000;9,129971613000066;48,782686872000056;0
157609;08201207335300416370;08;3;35;075;2020;12;17;2;3;6;2;2;0;1;1;0;0;0;489299,957100000230000;5289292,006799999600000;8,857228555000063;47,756908041000031;0
157610;08201210118600411590;08;1;18;076;2020;12;15;5;3;6;4;0;0;1;1;0;0;0;505473,707200000060000;5423129,190999999600000;9,074777900000072;48,961055286000033;0
157611;08201214317300405900;08;3;17;031;2020;12;15;2;3;0;1;0;1;0;0;0;0;0;418674,308500000280000;5361524,188999999300000;7,901214183000036;48,401627325000049;1
157614;08201213212102404460;08;2;12;000;2020;12;19;1;3;2;2;2;0;1;1;0;0;0;463587,030899999660000;5428028,075699999900000;8,502122702000065;49,004073982000079;0
157624;08201206436400413030;08;4;36;082;2020;12;19;1;3;5;3;2;1;1;0;0;0;0;547747,856499999760000;5295372,414200000500000;9,637752549000027;47,809933912000076;1
157626;08201211311300402600;08;3;11;000;2020;12;14;6;3;5;3;0;1;0;0;0;0;0;409720,905299999750000;5316786,257300000600000;7,789789062000068;47,997997741000063;1
157630;08201210111250398250;08;1;11;000;2020;12;14;5;3;6;7;0;0;1;1;0;0;0;515177,333200000230000;5403671,711200000700000;9,206619277000073;48,785858444000041;0
157631;08201211116400412520;08;1;16;033;2020;12;08;6;3;3;6;0;1;1;0;0;0;0;533740,499699999580000;5387946,855200000100000;9,458040098000026;48,643671128000051;1
157632;08201214127100425890;08;1;27;059;2020;12;10;2;3;0;1;0;1;0;0;0;0;0;550503,679600000380000;5438986,021400000900000;9,691894570000045;49,101647241000080;2
157634;08201211311010446180;08;3;36;050;2020;12;14;6;3;5;3;0;1;1;0;0;0;0;399991,238499999980000;5275053,709400000100000;7,669023270000025;47,621163869000043;1
157635;08201212121200403090;08;1;21;000;2020;12;15;7;3;6;4;0;0;1;1;0;0;0;516256,217899999580000;5443535,078600000600000;9,222899266000070;49,144426230000079;1
157638;08201211311010424910;08;3;11;000;2020;12;16;6;3;0;7;0;0;1;1;0;0;0;411527,625099999830000;5318122,155300000700000;7,813727569000037;48,010267057000078;0
157640;08201209437200396370;08;4;37;078;2020;12;17;4;3;6;4;2;0;0;1;0;0;1;508466,037200000140000;5315693,998999999800000;9,113480518000074;47,994489621000071;1
157641;08201208121200419030;08;1;21;000;2020;12;18;3;3;6;3;2;0;1;1;0;0;0;515975,177600000050000;5442574,309900000700000;9,219007690000069;49,135791172000040;0
157642;08201209436400457890;08;4;36;082;2020;12;11;4;3;6;2;0;0;1;1;0;0;0;547437,707899999800000;5294595,658399999100000;9,633525269000074;47,802968425000074;0
157644;08201206317500389400;08;3;17;096;2020;12;20;1;3;5;3;2;1;1;0;0;0;0;422841,299100000410000;5373966,005100000600000;7,955209968000077;48,514064951000080;0
157645;08201209436300442950;08;4;36;081;2020;12;12;4;3;6;4;0;0;1;1;0;0;0;562525,256400000300000;5281766,213800000000000;9,833154421000074;47,686257809000040;1
157647;08201211311010423540;08;3;11;000;2020;12;07;6;3;5;3;0;1;1;0;0;0;0;411812,141599999740000;5318969,730299999900000;7,817367287000025;48,017930530000058;0
157648;08201212111500414340;08;1;11;000;2020;12;16;7;3;6;4;1;0;1;1;0;0;0;513169,875699999740000;5403277,041699999900000;9,179277908000074;48,782353782000030;1
157649;08201207416200402290;08;4;16;041;2020;12;10;2;3;3;2;0;1;1;0;0;0;0;502639,325699999930000;5375729,846300000300000;9,035752823000053;48,534668898000064;1
157652;08201208111000408280;08;1;11;000;2020;12;11;3;3;6;7;0;0;0;1;0;0;1;509332,244900000280000;5402914,272399999200000;9,127029218000075;48,779159749000030;0
157655;08201206317010388810;08;3;17;065;2020;12;15;1;3;6;4;0;0;0;1;0;0;1;414460,654000000100000;5354621,888000000300000;7,845699713000045;48,338984986000071;1
157656;08201209415400396200;08;4;15;061;2020;12;17;4;3;6;6;2;1;0;1;0;0;0;516604,733099999840000;5371169,607699999600000;9,224748569000042;48,493429404000040;2
157657;08201214115300419040;08;1;15;041;2020;12;09;2;2;0;7;0;1;0;0;0;0;0;495727,061499999840000;5402525,779799999700000;8,941841335000049;48,775720211000078;2
157659;08201211416200408820;08;4;16;025;2020;12;06;6;3;6;4;2;0;1;1;0;0;0;503593,647699999620000;5361428,241900000700000;9,048557341000048;48,406000568000081;1
157660;08201207335100391640;08;3;35;043;2020;12;06;2;3;0;1;2;1;0;0;0;0;0;513134,730000000450000;5280480,140000000600000;9,174991832000046;47,677577464000080;1
157663;08201214311010426430;08;3;11;000;2020;12;09;2;3;3;2;0;1;1;0;0;0;0;414530,030600000170000;5316019,124600000700000;7,854395490000059;47,991758111000081;0
157665;08201209336400405620;08;3;36;091;2020;12;06;4;3;5;3;2;1;1;0;0;0;0;397789,572100000460000;5271867,125399999300000;7,640473690000022;47,592156036000063;1
157668;08201209327100420120;08;3;27;050;2020;12;09;4;3;5;3;0;1;1;0;0;0;0;486003,616999999620000;5313938,677999999400000;8,812447135000070;47,978599568000050;2
157670;08201211316100422040;08;3;16;017;2020;12;10;6;2;6;7;0;0;1;1;0;0;0;409191,718999999580000;5341696,824999999300000;7,777392812000073;48,221992659000080;0
157671;08201215226600410460;08;2;26;096;2020;12;18;3;3;6;4;2;0;1;1;0;0;0;476254,968600000250000;5489306,383600000300000;8,671689934000028;49,555891668000072;1
157672;08201207311010410510;08;3;11;000;2020;12;18;2;3;0;7;2;1;0;0;0;0;1;414646,257199999880000;5315256,483999999200000;7,856104646000063;47,984913370000072;1
157674;08201211111500424820;08;1;11;000;2020;12;15;6;3;3;7;0;1;1;0;0;0;0;512687,423100000250000;5402404,665300000500000;9,172683524000036;48,774515979000057;0
157676;08201206118300452820;08;1;18;046;2020;12;08;1;3;6;2;0;0;1;1;0;0;0;514592,397699999620000;5411912,386700000600000;9,198949409000022;48,860004242000059;0
157677;08201211311010398520;08;3;11;000;2020;12;07;6;3;0;7;0;1;0;0;0;0;0;414221,029400000350000;5318172,923699999200000;7,849823982000032;48,011090955000043;1
157680;08201208212010394220;08;2;15;084;2020;12;07;3;3;0;7;0;1;0;0;0;0;0;473310,250099999830000;5444889,345499999800000;8,633952717000057;49,156243345000064;2
157682;08201207212302390750;08;2;12;000;2020;12;08;2;3;0;7;0;1;0;0;0;0;0;455635,343000000340000;5428754,121200000900000;8,393325140000059;49,010084490000054;0
157686;08201209311010410770;08;3;11;000;2020;12;17;4;3;6;7;2;0;1;1;0;0;0;413473,344100000340000;5317518,863500000900000;7,839932653000062;48,005106666000074;0
157687;08201211111500424800;08;1;11;000;2020;12;16;6;3;6;4;2;0;1;1;0;0;0;517558,062199999580000;5402444,066199999300000;9,238977040000066;48,774752038000031;1
157691;08201209311010395950;08;3;36;050;2020;12;17;4;3;6;3;2;0;1;1;0;0;0;398853,942699999550000;5273095,920499999100000;7,654343670000060;47,603376363000052;1
157692;08201208119400392520;08;1;19;091;2020;12;11;3;3;0;1;0;1;0;0;0;0;0;528111,428700000050000;5406748,668700000300000;9,382907313000032;48,813087793000079;0
157693;08201209222200393950;08;2;22;000;2020;12;07;4;3;3;6;1;1;1;0;0;0;0;461813,804499999620000;5481625,145800000100000;8,472770130000072;49,486064708000072;0
157697;08201214118200433740;08;1;18;011;2020;12;06;2;3;6;4;2;0;1;1;0;0;0;504704,541299999690000;5407485,750199999700000;9,064089994000028;48,820336632000078;0
157699;08201209212010398990;08;2;12;000;2020;12;10;4;2;6;2;0;0;1;1;0;0;0;452911,228299999610000;5430071,608799999600000;8,355923110000049;49,021733457000039;0
157700;08201214121600406240;08;1;25;102;2020;12;08;2;2;6;4;1;0;1;1;0;0;0;520591,355100000280000;5444243,518100000900000;9,282376602000056;49,150668793000079;1
157702;08201212119100430060;08;1;19;087;2020;12;16;7;3;6;1;0;0;1;1;0;0;0;528474,231200000270000;5424032,096100000700000;9,389053380000064;48,968545739000035;0
157703;08201207436200397200;08;4;36;064;2020;12;13;2;3;5;2;0;1;1;0;0;0;0;545265,293399999850000;5290782,300899999200000;9,604116935000036;47,768816004000030;1
157705;08201214421200407550;08;4;21;000;2020;12;14;2;3;5;3;0;1;1;0;0;0;0;573753,488099999730000;5361109,745500000200000;9,996422403000054;48,398830781000072;0
157708;08201214111500426260;08;1;11;000;2020;12;16;2;2;6;2;0;1;0;1;0;0;0;512828,915000000040000;5408745,832000000400000;9,174807440000052;48,831557475000068;0
157710;08201207317200415430;08;3;17;057;2020;12;19;2;3;5;3;2;1;1;0;0;0;0;413057,046699999830000;5373994,380200000500000;7,822745005000058;48,513041632000068;0
157711;08201209121400404720;08;1;25;056;2020;12;06;4;3;5;4;2;0;1;1;0;0;0;510315,372299999930000;5435222,680299999200000;9,141228543000068;49,069781220000039;1