OBJECTID;UIDENTSTLAE;ULAND;UREGBEZ;UKREIS;UGEMEINDE;UJAHR;UMONAT;USTUNDE;UWOCHENTAG;UKATEGORIE;UART;UTYP1;ULICHTVERH;IstRad;IstPKW;IstFuss;IstKrad;IstGkfz;IstSonstige;LINREFX;LINREFY;XGCSWGS84;YGCSWGS84;STRZUSTAND
157714;08201209121200459470;08;1;21;000;2020;12;14;4;3;0;7;0;0;0;1;0;0;1;516090,279099999930000;5442440,229399999600000;9,220580281000025;49,134582068000043;0
157715;08201214326200406730;08;3;26;074;2020;12;07;2;2;5;2;2;1;1;0;0;0;0;464807,650999999610000;5322954,861600000400000;8,527685803000054;48,058901951000053;0
157717;08201209118400407030;08;1;18;048;2020;12;10;4;3;6;7;0;0;1;1;0;0;0;515363,607800000350000;5415148,578400000900000;9,209585412000024;48,889097601000060;0
157718;08201213311100420210;08;3;15;059;2020;12;19;1;3;0;1;2;1;0;0;0;0;0;399114,901200000200000;5322282,564899999600000;7,646358268000029;48,045849444000055;0
157728;08201205311010409890;08;3;11;000;2020;12;12;7;3;3;2;0;1;1;0;0;0;0;412612,978500000200000;5315668,533700000500000;7,828776976000029;47,988345324000079;0
157731;08201215221300409140;08;2;21;000;2020;12;19;3;3;0;1;2;1;0;0;0;0;0;476780,322399999950000;5475344,247099999300000;8,679773947000058;49,430326766000064;1
157733;08201209118000404830;08;1;15;045;2020;12;17;4;2;6;2;2;0;0;1;0;0;1;500776,759100000370000;5395084,727900000300000;9,010558386000071;48,708794543000067;1
157734;08201210335100422190;08;3;35;043;2020;12;18;5;3;0;7;2;1;0;0;0;0;0;512353,110899999740000;5278966,009800000100000;9,164535670000021;47,663969231000067;0
157735;08201214128200431980;08;1;28;115;2020;12;10;2;3;6;7;0;0;1;1;0;0;0;547864,031000000420000;5496947,852000000000000;9,662703688000022;49,623193270000058;0
157736;08201205311010408320;08;3;11;000;2020;12;18;7;3;0;1;2;1;0;0;0;0;0;412677,015200000260000;5315376,536100000100000;7,829694445000030;47,985727457000053;0
157739;08201209115100403800;08;1;15;003;2020;12;11;4;3;0;7;0;0;1;1;0;0;0;498563,370299999600000;5391951,644899999700000;8,980482977000065;48,680607861000055;0
157740;08201212231000403920;08;2;31;000;2020;12;18;7;3;6;2;2;0;1;1;0;0;0;478273,944699999880000;5415268,552899999500000;8,703614777000041;48,889986448000059;1
157741;08201208437200401700;08;4;37;104;2020;12;12;3;3;6;7;0;0;1;1;0;0;0;516344,972900000400000;5325897,478399999400000;9,219480388000022;48,086138041000027;1
157744;08201215117100441880;08;1;17;019;2020;12;07;3;2;6;4;1;0;1;1;0;0;0;551488,305499999780000;5393576,365800000700000;9,699658542000066;48,693101193000075;0
157745;08201205231000410240;08;2;31;000;2020;12;13;7;3;2;6;0;1;1;0;0;0;0;476120,413900000040000;5416316,865800000700000;8,674175666000053;48,899337442000046;0
157751;08201208436200427520;08;4;36;064;2020;12;07;3;3;0;1;2;1;0;0;0;0;0;546870,588999999690000;5293514,448999999100000;9,625835096000060;47,793282367000074;2
157752;08201214416010407910;08;4;16;036;2020;12;15;2;2;6;4;0;0;1;1;0;0;0;495940,468700000080000;5369639,258500000500000;8,945068050000032;48,479868040000042;0
157753;08201205221400400280;08;2;21;000;2020;12;15;7;3;5;3;0;1;1;0;0;0;0;474385,150100000200000;5474030,119699999700000;8,646827247000033;49,418410294000068;0
157756;08201215115100412800;08;1;15;003;2020;12;14;3;3;5;3;0;1;1;0;0;0;0;500625,718399999660000;5392933,422199999900000;9,008502049000072;48,689441377000037;0
157757;08201205215402400050;08;2;15;009;2020;12;15;7;3;5;3;0;1;1;0;0;0;0;474192,911700000060000;5438687,141699999600000;8,646454988000073;49,100490749000073;0
157758;08201208317500419240;08;3;17;096;2020;12;14;3;3;5;2;0;1;1;0;0;0;0;423339,285299999640000;5369035,453299999200000;7,962856905000024;48,469775947000073;0
157759;08201214116500442040;08;1;16;049;2020;12;13;2;3;4;2;0;1;0;0;0;0;0;526080,134200000200000;5384971,210400000200000;9,353862872000036;48,617268741000032;0
157761;08201207335200429460;08;3;35;063;2020;12;12;2;3;0;7;0;0;0;1;0;0;1;498257,784699999730000;5287567,950799999800000;8,976760366000065;47,741482152000060;0
157762;08201208311010431800;08;3;11;000;2020;12;09;3;2;5;3;0;1;0;0;0;0;0;413717,703300000170000;5316385,705499999200000;7,843435980000038;47,994946546000051;0
157763;08201214311400434210;08;3;15;074;2020;12;14;2;3;3;2;0;1;1;0;0;0;0;397087,239000000060000;5295955,539999999100000;7,625449789000072;47,808722098000032;0
157764;08201205215102388210;08;2;12;000;2020;12;19;7;3;0;1;2;1;0;0;0;0;0;460235,975999999790000;5430738,719300000000000;8,456039923000049;49,028249925000068;1
157767;08201208311010406250;08;3;11;000;2020;12;09;3;3;5;3;0;1;1;0;0;0;0;414801,303799999880000;5319265,170199999600000;7,857385956000030;48,020993748000080;0
157769;08201215226600423670;08;2;26;096;2020;12;16;3;3;2;6;1;1;1;0;0;0;0;476105,032700000330000;5488756,270199999200000;8,669650259000036;49,550937718000057;1
157770;08201207311010418050;08;3;11;000;2020;12;19;2;3;5;2;2;1;1;0;0;0;0;412848,445100000130000;5316160,566600000500000;7,831832292000058;47,992803454000068;0
157771;08201208311010411020;08;3;11;000;2020;12;17;3;3;6;2;2;0;1;1;0;0;0;410839,927000000140000;5316476,234999999400000;7,804850805000058;47,995366059000048;0
157772;08201210326400408800;08;3;26;074;2020;12;17;5;3;6;4;2;0;1;1;0;0;0;459083,188599999990000;5323637,925300000200000;8,450796208000043;48,064705770000046;0
157777;08201211221300424240;08;2;21;000;2020;12;13;6;3;1;5;0;1;1;0;0;0;0;477095,774600000120000;5474653,593000000300000;8,684164207000038;49,424126427000033;0
157778;08201208221300417850;08;2;21;000;2020;12;11;3;3;4;7;0;1;1;0;0;0;0;475910,428000000310000;5474092,921700000800000;8,667853297000022;49,419037502000037;0
157780;08201207212702392360;08;2;15;017;2020;12;12;2;3;5;2;0;1;1;0;0;0;0;456049,523299999540000;5420669,964199999300000;8,399862152000026;48,937395820000063;0
157781;08201208311010411010;08;3;11;000;2020;12;15;3;3;5;3;0;1;1;0;0;0;0;414505,272699999620000;5316614,999900000200000;7,853945011000064;47,997114934000081;0
157782;08201205119500397860;08;1;19;085;2020;12;23;7;3;0;1;2;1;0;0;0;0;0;530023,992600000460000;5413324,877900000700000;9,409439714000030;48,872155487000043;1
157783;08201214127100411090;08;1;27;076;2020;12;09;2;3;5;3;0;1;1;0;0;0;0;551029,351999999960000;5439057,384999999800000;9,699104679000072;49,102245756000059;0
157785;08201229111500445410;08;1;11;000;2020;12;17;3;3;5;7;2;1;1;0;0;0;0;513626,109400000420000;5408655,261800000400000;9,185666982000043;48,830725738000069;0
157786;08201230335100455770;08;3;35;043;2020;12;09;4;2;8;1;0;1;0;0;0;0;0;512157,831000000240000;5278868,528000000900000;9,161931963000029;47,663095821000070;2
157790;08201219121200451650;08;1;21;000;2020;12;18;7;3;2;6;2;1;1;0;0;0;0;517312,880199999550000;5443063,057800000500000;9,237367423000023;49,140151376000063;0
157792;08201220426010434580;08;4;21;000;2020;12;11;1;3;0;1;0;1;0;0;0;0;0;566466,888500000350000;5356044,873299999200000;9,897191495000072;48,354080148000037;0
157794;08201219121200441460;08;1;21;000;2020;12;12;7;2;4;6;0;1;0;0;0;0;0;516077,100599999540000;5443314,942299999300000;9,220434511000065;49,142450747000055;0
157796;08201219119101424250;08;1;19;044;2020;12;11;7;3;0;1;0;1;0;0;0;0;1;541930,330599999990000;5425391,921800000600000;9,573040878000029;48,980011139000055;2
157798;08201222212010430910;08;2;12;000;2020;12;07;3;3;0;7;1;1;0;0;0;0;0;459363,900999999610000;5428234,435000000500000;8,444361569000023;49,005666622000035;1
157799;08201219119010419880;08;1;19;037;2020;12;15;7;2;0;1;0;1;0;0;0;0;0;551000,276499999690000;5418637,873900000000000;9,696140838000076;48,918576033000079;2
157801;08201223119400449390;08;1;19;090;2020;12;15;4;3;5;3;0;1;1;0;0;0;0;530737,044700000440000;5406951,557800000500000;9,418685215000039;48,814788576000069;1
157803;08201222316200447140;08;3;16;009;2020;12;07;3;3;4;2;2;1;1;0;0;0;0;418760,648000000040000;5324828,679999999700000;7,909419071000059;48,071556017000034;1
157804;08201219117200421750;08;1;17;024;2020;12;12;7;3;6;1;0;0;1;1;0;0;0;561802,084800000300000;5385803,468699999200000;9,838634246000027;48,622246219000033;0
157808;08201228335100442750;08;3;35;043;2020;12;16;2;3;0;1;0;1;0;0;0;0;0;513039,306800000370000;5278320,343399999700000;9,173656059000052;47,658146261000070;1
157809;08201218437000439850;08;4;37;053;2020;12;15;6;2;6;4;0;0;1;1;0;0;0;527165,119699999690000;5319569,638900000600000;9,364369012000054;48,028837658000043;0
157810;08201222118200440950;08;1;18;011;2020;12;16;3;3;6;4;0;0;1;1;0;0;0;505783,855600000360000;5408103,999399999200000;9,078802205000045;48,825889218000043;1
157813;08201228327200447630;08;3;27;046;2020;12;07;2;3;2;6;1;1;1;0;0;0;0;479801,125900000330000;5324747,506699999800000;8,728824329000076;48,075681300000042;2
157814;08201230316100455710;08;3;16;017;2020;12;17;4;3;5;3;2;1;1;0;0;0;0;409406,339800000190000;5340969,321300000000000;7,780437157000051;48,215479594000044;0
157815;08201218436000443840;08;4;35;034;2020;12;09;6;2;5;3;0;1;0;0;0;1;0;529010,884200000200000;5284943,470499999800000;9,386800496000035;47,717218577000040;1
157818;08201218421300418280;08;4;25;137;2020;12;09;6;3;0;1;0;1;0;0;0;0;0;575738,424300000070000;5352687,700799999800000;10,021718565000072;48,322837583000080;1
157819;08201228317500449570;08;3;17;096;2020;12;13;2;3;5;3;0;1;1;0;0;0;0;422790,202300000000000;5368673,354699999100000;7,955496488000051;48,466451712000037;1
157821;08201221335100444470;08;3;35;043;2020;12;18;2;3;5;3;2;1;1;0;0;0;0;511072,731100000440000;5280791,062999999200000;9,147528152000064;47,680413652000027;1
157823;08201218416010426290;08;4;16;041;2020;12;15;6;1;4;6;0;1;0;0;0;0;1;502218,867600000460000;5370752,381699999800000;9,030030743000054;48,489891360000058;0
157828;08201222436200450500;08;4;36;064;2020;12;17;3;2;4;2;2;1;0;0;0;0;1;545473,891300000250000;5291740,167400000600000;9,607001036000042;47,777419280000061;1
157830;08201228311400450150;08;3;15;074;2020;12;12;2;3;5;3;0;1;1;0;0;0;0;396891,417500000450000;5295865,894799999900000;7,622856407000029;47,807884405000038;1
157831;08201221136300446280;08;1;36;065;2020;12;21;2;3;5;3;2;1;1;0;0;0;0;558328,149699999950000;5405417,033500000800000;9,794271098000024;48,799007896000035;1
157837;08201218311010416430;08;3;36;050;2020;12;05;6;3;3;6;2;1;1;0;0;0;0;400473,166799999770000;5275495,020700000200000;7,675334988000031;47,625207853000063;1
157839;08201222335100453420;08;3;35;043;2020;12;12;3;3;5;2;0;1;1;0;0;0;0;512031,645800000060000;5280353,791899999600000;9,160292204000029;47,676462098000059;0
157840;08201218235100417830;08;2;35;079;2020;12;05;6;3;0;7;2;1;0;0;0;0;0;466915,180999999870000;5400140,152000000700000;8,549883821000037;48,753394785000069;2
157845;08201228222014453490;08;2;26;084;2020;12;19;2;2;6;4;2;0;1;1;0;0;0;468924,384999999780000;5470866,943000000000000;8,571784760000071;49,389703907000069;1
157847;08201218221400454660;08;2;21;000;2020;12;08;6;3;6;2;0;0;1;1;0;0;0;477401,615399999540000;5469471,345100000500000;8,688676323000038;49,377524295000057;0
157849;08201218221011423950;08;2;21;000;2020;12;16;6;3;5;3;2;1;1;0;0;0;0;473838,764499999580000;5474724,711699999900000;8,639248142000042;49,424634741000034;1
157854;08201219437200419320;08;4;37;059;2020;12;10;7;2;0;1;0;1;0;0;0;0;0;510578,065999999640000;5322772,613500000900000;9,141965293000055;48,058145298000056;1
157855;08201228126200457100;08;1;26;066;2020;12;10;2;3;6;4;0;0;1;1;0;0;0;535428,522900000210000;5451301,198000000800000;9,486459773000036;49,213475870000082;0
157857;08201228121300441500;08;1;21;000;2020;12;17;2;2;6;7;2;0;1;1;0;0;0;507836,889600000340000;5447656,384099999400000;9,107537112000046;49,181663937000053;1
157860;08201218135200420530;08;1;35;032;2020;12;15;6;3;6;4;0;0;1;1;0;0;0;578304,689000000250000;5393786,080700000700000;10,064043421000065;48,692198544000064;0
157861;08201218127100435660;08;1;27;099;2020;12;13;6;2;6;4;0;0;1;1;0;0;0;562672,363699999640000;5446733,209400000100000;9,859790824000072;49,170209016000058;0
157862;08201231416010449910;08;4;15;061;2020;12;17;5;3;6;4;2;0;1;1;0;0;0;514900,885599999690000;5373791,173299999900000;9,201780390000067;48,517056610000054;1
157865;08201219311010442610;08;3;11;000;2020;12;12;7;3;3;7;0;1;1;0;0;0;0;412160,958999999800000;5314605,736300000900000;7,822937404000072;47,978723205000051;0
157870;08201221311100425640;08;3;15;115;2020;12;12;2;3;0;1;0;1;0;0;0;0;0;407652,307500000110000;5321072,400100000200000;7,761142288000031;48,036256380000054;0
157875;08201227437100438300;08;4;37;100;2020;12;12;1;2;0;7;0;1;0;0;0;0;0;540142,955500000160000;5315922,966299999500000;9,538094174000037;47,995345449000069;0
157876;08201230136200458570;08;1;36;010;2020;12;13;4;3;1;1;0;1;1;0;0;0;0;598801,633399999700000;5413415,115399999500000;10,347211215000073;48,865823360000036;0
157877;08201218111230418470;08;1;11;000;2020;12;11;6;3;6;7;0;0;1;1;0;0;0;511010,496100000110000;5395438,542300000800000;9,149673422000035;48,711880754000049;0
157879;08201231215502445970;08;2;15;106;2020;12;06;5;3;0;1;2;1;0;0;0;0;0;464474,692999999970000;5453570,637800000600000;8,512010385000053;49,233883740000067;2
157884;08201217415400423300;08;4;15;061;2020;12;13;5;3;0;7;0;1;1;0;0;0;0;515391,445199999960000;5371081,913599999600000;9,208323347000032;48,492671370000039;0
157887;08201222317010429910;08;3;17;031;2020;12;10;3;3;6;4;0;0;1;1;0;0;0;416981,998200000260000;5358604,971799999500000;7,878930952000076;48,375148798000055;1
157888;08201217415400415180;08;4;15;061;2020;12;10;5;3;0;7;0;1;0;0;0;0;0;514792,202300000000000;5371642,200200000800000;9,200232489000030;48,497726299000078;0
157889;08201217317200436000;08;3;17;057;2020;12;18;5;3;4;6;2;1;0;0;0;0;0;412011,182000000030000;5379056,801000000900000;7,807517585000028;48,558429366000041;1
157890;08201231212010446910;08;2;12;000;2020;12;08;5;3;9;1;0;1;0;0;0;0;0;462759,649199999870000;5428446,165899999400000;8,490771964000032;49,007785440000077;2
157892;08201222415400448200;08;4;15;061;2020;12;12;3;3;4;2;0;1;1;0;0;0;0;514741,489699999800000;5369507,546099999900000;9,199470701000053;48,478523364000068;1
157893;08201217311010426230;08;3;11;000;2020;12;10;5;3;5;3;0;1;1;0;0;0;0;414409,033300000240000;5317393,966600000900000;7,852499788000046;48,004109158000063;1
157896;08201227335200446540;08;3;35;063;2020;12;10;1;3;6;7;0;0;1;1;0;0;0;497771,204699999650000;5287087,684800000900000;8,970272273000035;47,737159414000075;0
157897;08201217311010425100;08;3;11;000;2020;12;06;5;3;5;3;2;1;0;0;0;0;1;410978,944699999880000;5315503,588700000200000;7,806915566000043;47,986636236000038;1
157903;08201217222014426590;08;2;22;000;2020;12;12;5;2;9;7;0;1;1;0;0;0;0;463339,645700000230000;5483053,466600000900000;8,493703766000067;49,499005826000030;0
157906;08201217221400438990;08;2;21;000;2020;12;13;5;3;5;3;0;1;1;0;0;0;0;473923,693900000300000;5472886,541500000300000;8,640540028000032;49,408104439000056;0
157907;08201220221200458710;08;2;21;000;2020;12;12;1;3;0;7;0;1;0;0;0;0;0;475113,207200000060000;5472713,295099999800000;8,656947924000065;49,406595930000037;1
157908;08201227119010442420;08;1;19;086;2020;12;10;1;2;5;2;0;1;1;0;0;0;0;534695,633299999870000;5406247,053099999200000;9,472545834000073;48,808242679000045;1
157909;08201217216200433580;08;2;16;028;2020;12;16;5;3;6;6;1;0;1;1;0;0;0;426502,831699999980000;5396052,287300000000000;8,000869461000036;48,713167203000069;0
157912;08201231127010449730;08;1;27;014;2020;12;17;5;2;6;7;2;0;1;1;0;0;0;576253,662999999710000;5443502,893899999600000;10,045468884000059;49,139618608000035;1
157913;08201231216300447030;08;2;16;059;2020;12;23;5;3;0;1;2;1;0;0;0;0;0;452408,926099999810000;5397172,912499999600000;8,352881322000030;48,725763348000044;1
157914;08201222119200437890;08;1;19;020;2020;12;17;3;2;0;1;2;1;0;0;0;0;0;519391,413999999870000;5407268,122999999700000;9,264157680000039;48,818094042000041;1
157915;08201217212702426660;08;2;15;017;2020;12;07;5;3;5;3;1;1;1;0;0;0;0;454699,831500000320000;5421137,431900000200000;8,381381435000037;48,941503420000060;0
157916;08201219215102422910;08;2;15;109;2020;12;19;7;3;0;7;1;1;0;0;0;0;0;462235,978000000120000;5438814,090299999300000;8,482644624000045;49,101014806000080;0
157917;08201226326400452960;08;3;26;074;2020;12;11;7;3;6;7;0;0;1;1;0;0;0;460409,812400000170000;5323442,826999999600000;8,468620007000027;48,063034257000027;1
157918;08201230115200452930;08;1;15;004;2020;12;18;4;3;6;2;2;0;1;1;0;0;0;488134,086199999790000;5374139,983799999600000;8,839307576000067;48,520259326000030;1
157919;08201217136300415910;08;1;36;065;2020;12;06;5;3;0;1;1;1;0;0;0;0;0;557997,560100000350000;5405639,951400000600000;9,789801295000075;48,801043990000039;2
157921;08201217136100452910;08;1;36;088;2020;12;15;5;3;5;3;0;1;1;0;0;0;0;580614,012799999680000;5410458,038300000100000;10,098684506000041;48,841857583000035;0
157922;08201226226700442460;08;2;26;076;2020;12;16;7;3;5;2;1;1;1;0;0;0;0;474847,454900000240000;5464768,480900000800000;8,653786957000023;49,335122423000030;0
157923;08201217118500451070;08;1;18;049;2020;12;15;5;3;1;7;0;1;1;0;0;0;0;519443,322800000200000;5421222,564400000500000;9,265528456000027;48,943622484000059;0
157926;08201217115400438580;08;1;15;001;2020;12;20;5;3;6;7;2;0;1;1;0;0;0;490411,323599999770000;5392018,348799999800000;8,869733726000050;48,681135942000026;0
157929;08201217115400438560;08;1;15;001;2020;12;20;5;3;6;4;2;0;1;1;0;0;0;490408,465599999760000;5392002,515300000100000;8,869695267000054;48,680993458000046;0
157930;08201231119400445940;08;1;19;079;2020;12;06;5;3;0;1;2;1;0;0;0;0;0;522166,952700000260000;5408652,105399999800000;9,302041483000039;48,830451187000051;1
157933;08201231117300453530;08;1;17;026;2020;12;17;5;3;6;4;2;0;1;1;0;0;0;548269,754700000400000;5394993,190099999300000;9,656091370000070;48,706103524000071;1
157934;08201221212010427130;08;2;12;000;2020;12;06;2;3;8;7;2;1;0;0;0;0;0;461719,657200000250000;5427616,562400000200000;8,476629838000065;49,000259327000038;1
157936;08201221222014443410;08;2;22;000;2020;12;17;2;3;6;2;2;0;1;1;0;0;0;461991,638500000350000;5482784,656800000000000;8,475113839000073;49,496505059000071;1
157940;08201216317600412870;08;3;17;011;2020;12;09;4;3;5;3;0;1;1;0;0;0;0;428762,305599999610000;5354047,462500000400000;8,038757685000064;48,335592450000036;1
157942;08201222337010450840;08;3;37;126;2020;12;16;3;3;5;2;2;1;1;0;0;0;0;445436,109199999830000;5275705,179899999900000;8,273678752000024;47,632447910000053;1
157943;08201216317300413470;08;3;17;065;2020;12;15;4;3;1;5;0;1;1;0;0;0;0;413226,264999999660000;5354200,123999999800000;7,829132874000038;48,335022970000068;1
157944;08201225426010449890;08;4;21;000;2020;12;21;6;3;0;7;2;1;0;0;0;0;0;571366,588399999770000;5360471,676100000700000;9,964071348000061;48,393365891000030;0
157947;08201216311010444210;08;3;11;000;2020;12;11;4;2;6;4;0;0;0;1;0;0;1;414488,655799999830000;5316950,878499999600000;7,853655370000070;48,000134070000058;0
157948;08201225116400451470;08;1;16;033;2020;12;13;6;3;0;1;0;1;0;0;0;0;0;530953,047600000170000;5389499,636499999100000;9,420316572000047;48,657784086000049;1
157950;08201230435200455640;08;4;35;052;2020;12;18;4;3;0;7;2;1;0;0;0;0;0;521880,170099999760000;5290418,955600000900000;9,292003936000072;47,766765192000037;1
157953;08201225115200452700;08;1;15;021;2020;12;18;6;3;6;4;2;0;1;1;0;0;0;489830,889899999830000;5382423,908800000300000;8,862083795000046;48,594813655000053;1
157955;08201223118000448670;08;1;15;028;2020;12;16;4;2;6;4;2;0;1;1;0;0;0;501100,317099999640000;5404766,312699999700000;9,014982341000064;48,795889638000062;1
157957;08201222231000430890;08;2;37;054;2020;12;14;3;3;5;3;0;1;1;0;0;0;0;468056,060999999750000;5375760,876000000200000;8,567285146000074;48,534140412000056;1
157958;08201216222014417750;08;2;22;000;2020;12;17;4;2;6;6;2;1;0;1;0;0;0;462567,270899999890000;5478132,398499999200000;8,483503064000047;49,454696087000059;0
157959;08201220115200443390;08;1;15;021;2020;12;11;1;3;8;1;0;1;0;0;0;0;0;488555,893699999900000;5384808,966800000500000;8,844726255000069;48,616248112000051;1
157960;08201224317300432650;08;3;17;065;2020;12;10;5;3;6;7;0;0;1;1;0;0;0;414152,601200000380000;5355131,166500000300000;7,841439799000057;48,343524063000075;1
157964;08201222117010434520;08;1;17;029;2020;12;08;3;3;0;7;0;0;0;1;0;1;0;542234,192800000310000;5390409,045700000600000;9,573590997000053;48,665304060000039;1
157965;08201216216300428240;08;2;16;017;2020;12;14;4;2;0;1;0;1;0;0;0;0;0;451992,661600000230000;5398454,841199999700000;8,347072257000036;48,737262952000037;1
157966;08201219212502433280;08;2;12;000;2020;12;11;7;3;5;3;0;1;1;0;0;0;0;454047,484199999830000;5428486,506899999500000;8,371643231000064;49,007561080000073;0
157967;08201224311010458400;08;3;15;073;2020;12;13;5;3;6;4;0;0;1;1;0;0;0;412179,158900000150000;5312958,813100000800000;7,823517817000038;47,963911081000049;0
157968;08201216216100411970;08;2;16;043;2020;12;11;4;3;6;7;0;0;1;1;0;0;0;441583,799999999810000;5412065,941700000300000;8,203582707000066;48,858806662000063;1
157969;08201219311010448750;08;3;11;000;2020;12;20;7;3;5;2;2;1;1;0;0;0;0;412543,584400000050000;5317522,724199999100000;7,827469218000033;48,005014850000066;0
157971;08201216212102428650;08;2;12;000;2020;12;17;4;3;5;3;2;1;1;0;0;0;0;463289,779000000100000;5428059,230000000400000;8,498055700000066;49,004336614000067;0
157972;08201224226500448440;08;2;26;085;2020;12;10;5;3;0;7;0;1;0;0;0;0;0;491244,734500000250000;5455471,727399999300000;8,879690535000066;49,251952538000069;1
157973;08201216212010439490;08;2;12;000;2020;12;15;4;2;6;4;0;1;0;0;0;0;1;455577,530100000090000;5427275,437899999300000;8,392696371000056;48,996779419000063;1
157974;08201230415400444830;08;4;15;061;2020;12;15;4;3;5;3;0;1;0;0;0;0;1;515872,452999999750000;5371020,937000000800000;9,214831427000036;48,492110836000052;0
157978;08201229222400455050;08;2;26;038;2020;12;12;3;3;5;3;0;1;1;0;0;0;0;472021,128200000150000;5480104,758300000800000;8,613804368000047;49,472945794000054;0
157982;08201229215402455900;08;2;15;009;2020;12;18;3;3;0;7;2;1;0;0;0;0;0;470002,208899999970000;5442263,345499999800000;8,588779925000040;49,132469331000038;1
157983;08201216136010427330;08;1;36;019;2020;12;19;4;2;6;2;2;0;1;1;0;0;0;585760,923600000330000;5423108,621899999700000;10,171472839000046;48,954945896000027;0
157984;08201216126100435920;08;1;26;047;2020;12;13;4;3;6;3;0;1;0;1;0;0;0;550443,545500000010000;5452530,081800000700000;9,692768135000051;49,223477006000053;0
157986;08201216119400446270;08;1;19;091;2020;12;16;4;3;5;3;1;1;1;0;0;0;0;527082,227599999870000;5403179,925699999600000;9,368653499000061;48,781029992000072;1
157987;08201224215102451770;08;2;12;000;2020;12;13;5;3;0;7;0;1;0;0;0;0;0;459303,552199999800000;5431754,813899999500000;8,443183268000041;49,037329010000064;1
157988;08201229128300444120;08;1;28;131;2020;12;17;3;2;6;4;2;0;1;1;0;0;0;535918,153099999760000;5511997,475199999300000;9,498697170000071;49,759381117000032;1
157992;08201216118200412430;08;1;18;080;2020;12;06;4;3;6;4;1;0;1;1;0;0;0;506748,769999999550000;5411278,110999999600000;9,092000956000049;48,854433332000042;1
157995;08201216116500412590;08;1;16;020;2020;12;12;4;3;4;6;0;1;1;0;0;0;0;526780,798299999910000;5381621,840500000900000;9,363153422000039;48,587108008000030;0
157996;08201223416010432310;08;4;15;061;2020;12;09;4;2;5;3;0;0;1;1;0;0;1;512760,965699999590000;5371685,611099999400000;9,172738418000051;48,498161384000070;1
157998;08201223317500454110;08;3;17;096;2020;12;14;4;3;5;2;0;1;1;0;0;0;0;422600,996799999850000;5374292,542999999600000;7,951896061000070;48,516972541000030;1
158001;08201216115300436350;08;1;15;028;2020;12;14;4;2;0;7;0;1;0;0;0;0;0;500111,163999999870000;5405049,714299999200000;9,001513729000067;48,798440064000033;1
158002;08201223111500440000;08;1;11;000;2020;12;14;4;3;6;4;0;1;1;1;0;0;0;509430,843100000170000;5403152,238399999200000;9,128376779000064;48,781298990000039;1
158004;08201222226200427540;08;2;26;003;2020;12;14;3;3;0;2;0;1;1;0;0;0;0;464497,936599999670000;5460421,475500000600000;8,511721982000040;49,295507520000058;1
158007;08201223311200442960;08;3;11;000;2020;12;13;4;2;0;1;0;1;0;0;0;0;0;413936,002600000240000;5316424,521900000100000;7,846353755000052;47,995325135000030;0
158008;08201216115100435560;08;1;15;024;2020;12;11;4;3;5;2;0;1;1;0;0;0;0;500535,681800000370000;5387017,008300000800000;9,007271003000028;48,636216542000057;0
158010;08201216111340414930;08;1;11;000;2020;12;12;4;3;1;5;0;1;1;0;0;0;0;508194,898099999870000;5405925,817900000100000;9,111607919000051;48,806267408000053;0
158011;08201216111210428150;08;1;11;000;2020;12;14;4;3;1;5;0;1;1;0;0;0;0;509140,685800000090000;5397542,097300000500000;9,124302465000028;48,730834616000038;0
158012;08201223222200449560;08;2;22;000;2020;12;13;4;3;6;4;0;0;1;1;0;0;0;461389,423299999910000;5482110,145500000600000;8,466863671000056;49,490400167000075;0
158014;08201231335200446190;08;3;35;063;2020;12;09;5;2;5;3;0;1;1;0;0;0;0;497303,875000000000000;5287510,986099999400000;8,964036397000029;47,740966325000045;1
158017;08201219311010442150;08;3;11;000;2020;12;18;7;2;5;6;2;1;0;0;0;0;1;412934,024000000210000;5316295,181800000400000;7,832951825000066;47,994026020000035;0
158019;08201215421200421500;08;4;21;000;2020;12;09;3;3;1;7;0;1;1;0;0;0;0;573038,912299999970000;5360365,762800000600000;9,986640440000031;48,392221680000034;0
158021;08201215417100409610;08;4;17;079;2020;12;22;3;3;6;7;2;0;1;1;0;0;0;497032,393299999650000;5339878,912399999800000;8,960053312000071;48,212130997000031;1
158026;08201223128100449460;08;1;28;007;2020;12;17;4;3;3;6;2;1;1;0;0;0;0;555754,315999999640000;5482265,809000000400000;9,769860660000063;49,490467140000078;1
158028;08201215335100437480;08;3;35;066;2020;12;13;3;2;5;3;0;1;1;0;0;0;0;508658,075000000190000;5282370,070000000300000;9,115387753000050;47,694657875000075;0
158029;08201230335300455600;08;3;35;075;2020;12;19;4;3;6;2;2;0;1;1;0;0;0;488118,390599999580000;5290007,367100000400000;8,841443332000040;47,763323823000064;1
158030;08201215317300413010;08;3;17;065;2020;12;15;3;3;3;2;0;1;0;0;1;0;0;415378,580900000410000;5354092,511399999300000;7,858190339000032;48,334346934000052;1
158031;08201230335300451970;08;3;35;075;2020;12;14;4;3;5;2;0;1;1;0;0;0;0;488280,417600000280000;5290183,628599999500000;8,843600774000038;47,764912707000065;1
158033;08201215311100425600;08;3;15;015;2020;12;18;3;3;0;1;2;1;0;0;0;0;0;394509,980999999680000;5321476,717100000000000;7,584788712000034;48,037856881000039;1